Unit_size_log10,Year,Total_Variables,Variable_Diversity_Score
1,0.047959443736421976,0.0750848789670675,NA
0.047959443736421976,1,0.18462457908996857,NA
0.0750848789670675,0.18462457908996857,1,NA
NA,NA,NA,1
