Unit_size_km2,Unit_size_log10,Year,Total_Variables
1,0.6261737155934196,-0.014854976740240245,-0.07685020412859167
0.6261737155934196,1,0.047959443736421976,0.0750848789670675
-0.014854976740240245,0.047959443736421976,1,0.18462457908996857
-0.07685020412859167,0.0750848789670675,0.18462457908996857,1
