Size_group,n_studies,mean_total_vars,mean_distance,mean_infrastructure,mean_economic,mean_land_use,mean_social,mean_environmental,mean_demographic
very small,3,6.666666666666667,1.3333333333333333,2,0.3333333333333333,1.6666666666666667,0.6666666666666666,0.3333333333333333,0
small,22,9.636363636363637,1.5454545454545454,0.5909090909090909,0.7272727272727273,0.7272727272727273,0.8181818181818182,0.18181818181818182,2.227272727272727
medium,8,11.875,1.5,0.25,0.375,2.625,0.375,0.375,1.5
large,15,7.785714285714286,1.2142857142857142,0.5,0.5714285714285714,0.7142857142857143,1.2857142857142858,0.35714285714285715,1.4285714285714286
very large,3,10,2.5,2,2,0,0,0,3.5
