Title,Study_Period,Data_Collection_Period,Data_Sources,Data_Availability,Population_per_Unit,Quoted_Rationale,Rationale_Category,Justification_Summary,Country,City_Region,Study_Area_Size,Crime_Type,Crime_Types_All,Sample_Size,Number_of_Crimes_Analyzed,Number_of_Offenders,Sampling_Approach,Choice_Set_Definition,Alternative_Selection,Sample_Restrictions,Sample_Limitations,Study_Design,Discrete_Choice_Model,Estimation_Method,Model_Comparison,Sample_Size_Effects,Robustness_Checks,Significant_Predictors,Effect_Directions,Data_Quality_Issues,Missing_Data_Issues,Data_Source_Limitations,Measurement_Issues,Temporal_Limitations,Generalizability,Context_Specificity,Comparative_Limitations,Spatial_Scale_Recommendations,Data_Collection_Suggestions,Methodological_Improvements,Demographic_Variables,Demographic_Count,Economic_Variables,Economic_Count,Environmental_Variables,Environmental_Count,Distance_Variables,Distance_Count,Temporal_Variables,Temporal_Count,Uncategorized_Variables,Uncategorized_Count,Total_Variables,All_Variables
"""Location, Location, Location"": Effects of Neighborhood and House Attributes on Burglars' Target Selection",2005-2014,"Not explicitly mentioned, but data was available up to 2011","Police-recorded information on burglars and residential burglaries; Census information on residences and neighborhoods in Ghent, Belgium",Limited to cleared burglaries; potential biases in selection of burglars and burglaries,Average of 1287 residents,"""The neighborhoods in this study are similarly constructed to the areas used in most previous discrete spatial choice studies and are comparable or smaller in size.""",Prior research / Theory–method,The spatial units were chosen for their comparability to previous studies and their suitability for analyzing burglary target choice at the residence level.,Belgium,Ghent,approximately 156 km²,Burglary,NA,679 burglaries.,679 burglaries.,577 unique burglars.,"Combining data on burglaries with data on residences and neighborhoods in Ghent, Belgium, using a discrete spatial choice approach.",'Residence' as the main unit of analysis.,Discrete choice framework evaluating neighborhood and residence attributes.,"Six criteria including cleared burglaries, residence in Ghent, available home addresses, one burglar per burglary, linked Census addresses, and prior offense records.",NA,Cross-sectional,Conditional logit,Not mentioned (typically maximum likelihood),Integrated main effects model has smallest AIC and BIC values,NA,NA,"Residential density, prior burglary activity, building construction type, number of residential units, rental status, distance from the offender's home.","Lower residential density, prior burglary activity, detached or single-unit buildings, renter-occupied residences, and proximity to the offender's home increase choice probability.",Potential selectivity in the sample due to selection criteria.,Lack of personal data on burglars; absence of certain residential features and situational cues.,Census data lacks relevant variables for burglary target selection.,Neighborhood and residence data not measured at the same time as burglaries.,"Neighborhood and residence data only from 2011, not matching burglary period.","Findings may not be generalizable to other contexts or cities beyond Ghent, Belgium.","Findings are specific to the context of Ghent, Belgium.",Data collection at different times for burglary and neighborhood/residence data limits comparisons across time periods.,Not explicitly mentioned.,Not explicitly mentioned.,Not explicitly mentioned.,1. Population | Number; 2. Ethnic Heterogeneity | Percentage; 3. Household Size | Number; 4. Household Composition | Number; 5. Higher population turnover rates | Rate,5,1. Rental Units | Percentage; 2. Rental Status | Binary; 3. Median income | Number; 4. Proportion rental units | Percentage; 5. Higher real estate values | Number,5,1. Building Type | Binary; 2. Housing Characteristics | Binary,2,1. Residential density | Distance; 2. Residential Density | Distance; 3. Distance | Distance; 4. Distance from offender's home | Distance,4,1. Prior burglary in neighborhood | Binary,1,NA,0,17,1. Population | Number; 2. Ethnic Heterogeneity | Percentage; 3. Rental Units | Percentage; 4. Household Size | Number; 5. Household Composition | Number; 6. Rental Status | Binary; 7. Median income | Number; 8. Residential density | Distance; 9. Proportion rental units | Percentage; 10. Higher real estate values | Number; 11. Higher population turnover rates | Rate; 12. Residential Density | Distance; 13. Building Type | Binary; 14. Housing Characteristics | Binary; 15. Distance | Distance; 16. Prior burglary in neighborhood | Binary; 17. Distance from offender's home | Distance
A SENTIMENTAL JOURNEY TO CRIME: EFFECTS OF RESIDENTIAL HISTORY ON CRIME LOCATION CHOICE*,2004-2005,"Not explicitly mentioned, but inferred as during or after 2005","Police information system; population registration data (GBA); national database of demographic, social, and economic information on postal code areas",Reliable records of previous addresses; 85% of sample tracked back more than 5 years; 50% tracked back more than 10 years,"average population size of 4,900","""In terms of their size, shape, and topography, the postal code area is a useful approximation of the area one would expect people to be familiar with if they lived within it.""",Data availability / Admin convenience,Postal code areas are used because they are a practical and data-rich scale that reflects local familiarity and travel patterns,Netherlands,Greater The Hague,NA,Multiple,NA,"3,784 offenders","7,179 offenses","3,784 unique offenders",Random sample from police records,"Each of the 4,000 postal code areas as potential alternatives for each offense",Based on offender's residential history and crime location,Restricted to Dutch citizens with valid current residence,NA,Cross-sectional,Conditional logit (multinomial logit),Maximum likelihood,Not explicitly discussed,"Not directly addressed, but large sample size suggests robust findings",NA,"Current and former residential areas, duration of residence, recency of moving, proximity to these areas.",Living in an area increases the likelihood of committing a crime there; current residence has a stronger effect than former residence.,Missing information on past home addresses could lead to conservative estimates.,Residential histories for some offenders could only be reconstructed for the last 2 years; exclusions due to missing data on past addresses.,Reliable records of previous addresses are a strength but not common in other countries.,Use of postal code areas as a proxy for familiarity.,Data availability limited to 1994 onward.,Limited to the Netherlands; may not generalize to other countries or contexts.,Findings specific to the Netherlands.,No direct comparisons across contexts or time periods.,Use more detailed data on activity patterns.,"Incorporate locations of schools, workplaces, and other anchor points.",Incorporate detailed spatial data and activity patterns into analysis.,1. Population size | Number; 2. Population Size | Number,2,1. Poverty level | Number; 2. Poverty Level | Number,2,1. Residential addresses | Percentage,1,1. Distance from home to crime location | Distance; 2. Proximity Hypothesis | Distance,2,1. Time Since Moved Out of the Area | Binary,1,1. Percentage of single-person households | Percentage; 2. Level of urbanization | Index; 3. Birth | Percentage; 4. Death | Percentage; 5. Nationality | Percentage; 6. Marriage | Percentage; 7. Divorce | Percentage; 8. Childbirth | Percentage; 9. Home Hypothesis | Binary; 10. History Hypothesis | Binary; 11. Recency Hypothesis | Binary; 12. Duration Hypothesis | Percentage; 13. Percentage of Single-Person Households | Percentage; 14. Level of Urbanization | Number; 15. Whether Offender Lives in the Area | Binary; 16. Whether Offender Has Lived in the Area Before | Binary; 17. Duration of Residence | Percentage; 18. 1111/j.  1745-9125.2010.00190.x | Number,18,26,1. Population size | Number; 2. Percentage of single-person households | Percentage; 3. Level of urbanization | Index; 4. Birth | Percentage; 5. Death | Percentage; 6. Nationality | Percentage; 7. Marriage | Percentage; 8. Divorce | Percentage; 9. Childbirth | Percentage; 10. Residential addresses | Percentage; 11. Poverty level | Number; 12. Distance from home to crime location | Distance; 13. Home Hypothesis | Binary; 14. History Hypothesis | Binary; 15. Recency Hypothesis | Binary; 16. Duration Hypothesis | Percentage; 17. Proximity Hypothesis | Distance; 18. Population Size | Number; 19. Percentage of Single-Person Households | Percentage; 20. Poverty Level | Number; 21. Level of Urbanization | Number; 22. Whether Offender Lives in the Area | Binary; 23. Whether Offender Has Lived in the Area Before | Binary; 24. Duration of Residence | Percentage; 25. Time Since Moved Out of the Area | Binary; 26. 1111/j.  1745-9125.2010.00190.x | Number
A Time for a Crime: Temporal Aspects of Repeat Offenders' Crime Location Choices,2006 to 2009,2006 to 2009,Dutch Suspect Identification System (HKS); nationwide citizen information system (BRP); Statistics Netherlands; LISA database,"Limited by reliance on police data, which may introduce detection bias","Approximately 7,000 residents","""In previous studies, it was argued that four-digit postal code areas are well-suited for crime location choice research, as these administrative areas were constructed in such a way to have minimal travel restrictions for postal delivery services that usually travel on foot or bicycle.""",Practical constraint / Prior research,"Four-digit postal code areas were chosen because they are well-suited for crime location choice research, providing a practical and familiar scale for analysis.",Netherlands,The greater The Hague area,2.96 km² (average area size per postal code),Not specified (multiple types analyzed),NA,"12,639 choice observations.","12,639 offenses.","3,666 repeat offenders.","Random sample of 10,000 suspects from The Hague Police Service registration data.",142 four-digit postal code areas in the greater The Hague area.,Postal code areas used as alternatives for each offense.,Repeat offenders with at least two crimes in three years and living in the study area.,NA,Cross-sectional,Conditional logit,Maximum likelihood (implied),Comparison between models with and without time-specific effects,Cluster-corrected standard errors used to account for nested data,NA,Timing of previous offenses within the week and day.,Offenders are more likely to return to previously targeted areas at similar times and days.,Detection bias due to reliance on police data.,Data on nonarrested offenders.,Police data may not capture all crimes.,Assumption of learning from previous experiences not explicitly tested.,Potential issues with temporal resolution of crime timing.,The findings may not generalize to nonarrested offenders due to potential differences in the probability of arrest.,"The study's findings are based on data from the Netherlands, which may have specific cultural, legal, or environmental factors.",The study does not provide direct comparisons across different contexts or time periods.,NA,Systematic observations of time-varying target attractiveness.,Incorporate cyclic time effects into predictive models.,1. Proportion of residents with a non-Western background | Percentage; 2. Population density | Distance,2,NA,0,NA,0,1. Euclidean distance | Distance; 2. Distance within same postal code area | Distance; 3. Accessibility based on distance | Distance; 4. Transportation network accessibility | Distance; 5. Distance from current residential area to the target area | Distance,5,1. Previous crime location on same weekday | Binary; 2. Previous crime location on different weekday | Binary; 3. Previous crime location on same weekend day | Binary; 4. Previous crime location on different weekend day | Binary; 5. Previous crime location on different week part | Binary; 6. Previous crime location with a . . . hour difference | Binary,6,1. Proportion of single-person households | Percentage; 2. Number of employees | Number; 3. Presence of facilities | Number; 4. Facilities | Number; 5. Spatial boundaries | Number; 6. Offender's current or former residence | Binary,6,19,1. Proportion of residents with a non-Western background | Percentage; 2. Proportion of single-person households | Percentage; 3. Population density | Distance; 4. Number of employees | Number; 5. Presence of facilities | Number; 6. Facilities | Number; 7. Euclidean distance | Distance; 8. Distance within same postal code area | Distance; 9. Accessibility based on distance | Distance; 10. Spatial boundaries | Number; 11. Transportation network accessibility | Distance; 12. Previous crime location on same weekday | Binary; 13. Previous crime location on different weekday | Binary; 14. Previous crime location on same weekend day | Binary; 15. Previous crime location on different weekend day | Binary; 16. Previous crime location on different week part | Binary; 17. Previous crime location with a . . . hour difference | Binary; 18. Offender's current or former residence | Binary; 19. Distance from current residential area to the target area | Distance
a_discrete_spatial_choice_model_of_burglary_target.pdf,2006-2012,Up to 2012,Belgian Federal Police; Belgian Land Registry,NA,Not specified,"""The use of fine-grained spatial units of analysis such as the house that is burglarized has the advantage that it addresses the modifiable areal unit problem and reduces the risk of aggregation bias.""",Theory–method,Using houses as the spatial unit addresses methodological issues and aligns with the nature of burglary.,Belgium,East Flanders,"nearly 3,000 km²",residential burglaries,NA,650,650,650,Simple random sampling,"Every burglar can choose among 503,589 residential properties in East Flanders",Simple random sampling,Only burglaries committed by offenders with a legal address in East Flanders; excluding multiple offenders and apartment buildings,NA,Cross-sectional,Conditional logit,Maximum likelihood,NA,NA,NA,"Type of house (terraced vs. semi-detached), presence of a garage, presence of central heating or air-conditioning, distance from the offender's home.","Terraced houses, houses without a garage, houses without central heating or air-conditioning increase choice probability; distance from the offender's home decreases choice probability.",Selection effects in recorded crime data may overrepresent local burglars and underestimate remote targets.,Police files lack information on additional reference points or actual locations from which offenders left to commit offenses.,"Registry data lacks information on apartments, limiting analyses to house burglaries.","Variables for rewards, efforts, and risks may not be effective indicators.",NA,Limited to the Belgian province of East Flanders; focus on houses rather than apartments.,"Findings specific to East Flanders, Belgium.",No direct comparisons across different contexts or time periods.,Use finer spatial units like the house level.,Explore additional house-level data sources like land registers or insurance companies.,Use variations of the nested logit model.,1. Population size | Number; 2. Age of burglars | Number; 3. Gender of burglars | Percentage; 4. 5 million inhabitants | Number,4,NA,0,NA,0,1. Journey-to-crime distance | Distance; 2. Average journey-to-crime distance | Distance; 3. Shortest travel path | Distance; 4. Temporally optimized distance | Distance,4,NA,0,1. Construction Type | Binary; 2. Central Heating and/or Air-Conditioning System | Binary; 3. Number of Floors | Number; 4. Presence of Rooftop Living Floor | Binary; 5. Date of Belgian Land Registry data | Number; 6. Bootstrapping procedure | Percentage,6,14,1. Population size | Number; 2. Age of burglars | Number; 3. Gender of burglars | Percentage; 4. Construction Type | Binary; 5. Central Heating and/or Air-Conditioning System | Binary; 6. Number of Floors | Number; 7. Presence of Rooftop Living Floor | Binary; 8. Journey-to-crime distance | Distance; 9. Average journey-to-crime distance | Distance; 10. Shortest travel path | Distance; 11. Temporally optimized distance | Distance; 12. Date of Belgian Land Registry data | Number; 13. Bootstrapping procedure | Percentage; 14. 5 million inhabitants | Number
Adolescent offenders' current whereabouts predict locations of their future crimes,Approximately 4 years,"October 2008 - May 2009 (first wave), November 2010 - June 2011 (second wave)",Space-time budget interviews; Police records from HKS information system; Points of interest data from LISA,Limited due to underreporting and low clearance rates in police data,NA,NA,Prior research / Practical constraint,The grid cell system was likely chosen for consistency with prior research and practical constraints.,Netherlands,The Hague,NA,Not specified (multiple types),NA,843 adolescents.,165.,70.,"Cohort study of adolescents in The Hague, collecting hourly whereabouts over four days.",Grid of 4558 locations (67 × 67 = 5092 grid cells minus 544 on the North Sea).,Spatial choice model where offenders choose from the grid.,Focus on adolescents in The Hague; only first crime in a location on a given day considered.,NA,Panel study,Conditional logit,Maximum likelihood (inferred),Predictive accuracy of different models (most comprehensive model: P = .95; parsimonious model: P = .94),NA,NA,Activity space and prior crime locations.,Increase choice probability.,Police data are incomplete due to underreporting and low clearance rates.,Unreported crimes and offenders not apprehended are missing from police data.,Space-time budget data is limited by high fieldwork costs and participants' memory limitations.,"Measurement of whereabouts was limited to October-May, missing seasonal variations.",Short observation period of four days and fixed one-hour slots.,Findings may not generalize due to focus on adolescents and incomplete police data.,Findings specific to The Hague context.,No basis for comparison across contexts or time periods.,Not mentioned.,Not mentioned.,Not mentioned.,1. Gender | Binary; 2. Ethnic background | Binary; 3. Age structure | Binary,3,NA,0,NA,0,1. Distance from Activity Space | Distance; 2. Distance from Prior Crime | Distance; 3. Contiguity Order | Distance,3,1. Prior crime locations | Binary; 2. Day-of-week weighting | Number; 3. Time elapsed since interview | Number,3,1. Educational level | Binary; 2. Educational Qualifications | Percentage; 3. Points of Interest | Number; 4. Catering Businesses | Binary; 5. Retail Businesses | Binary; 6. Schools | Binary; 7. Presence of catering businesses | Binary; 8. Presence of retail businesses | Binary; 9. Presence of schools | Binary; 10. Radius of Gyration | Percentage; 11. Seasonal measurement period | Number; 12. Underreporting of crimes | Percentage; 13. 1371/journal.pone.0210733 | Number,13,22,1. Gender | Binary; 2. Ethnic background | Binary; 3. Age structure | Binary; 4. Educational level | Binary; 5. Educational Qualifications | Percentage; 6. Points of Interest | Number; 7. Catering Businesses | Binary; 8. Retail Businesses | Binary; 9. Schools | Binary; 10. Presence of catering businesses | Binary; 11. Presence of retail businesses | Binary; 12. Presence of schools | Binary; 13. Prior crime locations | Binary; 14. Radius of Gyration | Percentage; 15. Distance from Activity Space | Distance; 16. Distance from Prior Crime | Distance; 17. Contiguity Order | Distance; 18. Day-of-week weighting | Number; 19. Seasonal measurement period | Number; 20. Time elapsed since interview | Number; 21. Underreporting of crimes | Percentage; 22. 1371/journal.pone.0210733 | Number
Ambient population and surveillance cameras: The guardianship role in street robbers' crime location choice,2012-2016,12-18 May 2016 (for mobile phone data),Crime data from ZG Municipal Public Security Bureau; mobile phone data; neighborhood characteristics data from ZG City; sixth census of China,"11,455 arrest records; only 7860 records have a home address in the city",Not specified,Not explicitly stated,Admin convenience / Data availability,Communities are used as spatial units likely due to administrative relevance and data availability.,China,ZG City,"1971 communities, average size of 1.62 km²",Street robbery,NA,4358 street robbers.,"Implied to be related to 11,455 arrest records.",7124 unique robbers.,"Arrested street robbers and their offenses from 2012 to 2016 in ZG City, China.",1971 communities in ZG City.,One community chosen out of 1971.,Arrested street robbers with a home address in the city; one robber per robbery if multiple involved.,NA,Cross-sectional,Conditional logit,Maximum likelihood,"Model 4 has the highest explanatory power, with a 10% increase over Model 1",NA,NA,Ambient population and surveillance cameras.,Negative for both ambient population and surveillance cameras.,"Only 7860 out of 11,455 arrest records had a home address in the city.",Random selection of one robber to represent multiple robbers in some cases.,Relies on arrest records from the ZG Municipal Public Security Bureau.,Use of mobile phone data to measure ambient population.,Data from 2012 to 2016.,The study's findings are specific to ZG City and may not generalize to other urban areas.,The study is conducted in a specific urban context in China with unique characteristics such as rapid urbanization.,The study does not provide a direct comparison with other cities or regions.,"The study uses community-level data, suggesting that future research should consider similar spatial scales for analyzing crime location choice.","The use of mobile phone data for ambient population measurement is highlighted, suggesting its potential for future studies.",The study suggests integrating ambient population and surveillance cameras into discrete spatial choice models to improve explanatory power.,1. Ambient population | Number,1,1. Economic Inequality | Number,1,1. Types of housing | Binary; 2. Density of Road Network | Percentage; 3. Density of road network | Percentage,3,1. Distance of Journey to Crime | Distance; 2. Bus Stops | Distance; 3. Transportation Hubs | Distance; 4. Subway Stations | Distance; 5. Distance of journey to crime | Distance; 6. Logged distance of journey to crime | Distance,6,NA,0,1. Hukou status | Binary; 2. Proportion of migrants | Percentage; 3. Proportion of youngsters | Percentage; 4. Socioeconomic heterogeneity | Index; 5. Social cohesion | Index; 6. Collective efficacy | Index; 7. GDP | Number; 8. Annual Increase Rate | Percentage; 9. Proportion of Youngsters | Percentage; 10. Malls and supermarkets | Number; 11. Grocers and terminal markets | Number; 12. Bars and clubs | Number; 13. Cybercafés and sports stadiums | Number; 14. High schools | Number; 15. ATMs and banks | Number; 16. Car parks | Number; 17. Surveillance cameras | Number; 18. Crime generators and attractors | Number; 19. Social disorganization | Percentage,19,30,1. Hukou status | Binary; 2. Proportion of migrants | Percentage; 3. Proportion of youngsters | Percentage; 4. Socioeconomic heterogeneity | Index; 5. Social cohesion | Index; 6. Collective efficacy | Index; 7. Types of housing | Binary; 8. GDP | Number; 9. Annual Increase Rate | Percentage; 10. Economic Inequality | Number; 11. Proportion of Youngsters | Percentage; 12. Malls and supermarkets | Number; 13. Grocers and terminal markets | Number; 14. Bars and clubs | Number; 15. Cybercafés and sports stadiums | Number; 16. High schools | Number; 17. ATMs and banks | Number; 18. Car parks | Number; 19. Surveillance cameras | Number; 20. Ambient population | Number; 21. Distance of Journey to Crime | Distance; 22. Density of Road Network | Percentage; 23. Bus Stops | Distance; 24. Transportation Hubs | Distance; 25. Subway Stations | Distance; 26. Crime generators and attractors | Number; 27. Density of road network | Percentage; 28. Distance of journey to crime | Distance; 29. Social disorganization | Percentage; 30. Logged distance of journey to crime | Distance
"Assessing the Influence of Prior on Subsequent Street Robbery Location Choices: A Case Study in ZG City, China",2016,"Not explicitly mentioned, but likely around 2016",ZG City Public Security Bureau; POI data from a navigation data company in China,Empirical crime research based on official police data is rare in China due to difficulty in accessing crime data,Not directly provided,Not explicitly provided,Admin convenience / Data availability,Administrative convenience and data availability,China,ZG City,Average size of 1.62 km² per community,Street robbery,NA,1262 street robberies.,1262.,527.,Detected robberies from the ZG City Public Security Bureau.,Pairs of prior and subsequent robberies for each repeat offender.,Prior and subsequent robbery locations for each offender.,Excludes robberies by offenders outside the study area and those with unknown residences.,NA,Panel,Mixed logit,NA,Models show significant improvement over simpler models,NA,NA,"Time interval between robberies, not being arrested in the act of a prior robbery.",Shorter time intervals and not being arrested increase the likelihood of returning to the same location.,Difficulty in accessing crime data in China.,Omission of un-arrested robbers.,Reliance on official police data.,None explicitly mentioned.,None mentioned.,Findings may not be fully generalizable to other contexts due to unique Chinese social structure and spatial form.,"Findings are specific to ZG City, China, and may not apply universally due to differences in social cohesion and policing strategies.","The study's context is specific to China, limiting comparisons with Western countries due to differences in social structure and policing.",Not explicitly mentioned.,Incorporate data from un-arrested robbers to improve model accuracy.,Address the nesting issue and incorporate data from un-arrested robbers.,1. Gender | Percentage; 2. Age | Percentage,2,NA,0,NA,0,1. Distance of Journey to Prior Robbery | Distance; 2. Distance of Journey to Subsequent Robbery | Distance,2,1. Time Interval Between Two Robberies | Number; 2. Not Arrested in the Act of Prior Robbery | Binary,2,1. Hukou Status | Percentage; 2. Social Cohesion | Number; 3. Collective Efficacy | Number; 4. GDP | Number; 5. Socioeconomic Heterogeneity | Index; 6. Amount of Lost Property or Money | Number; 7. High schools | Number; 8. Shopping malls | Number; 9. Transportation hubs | Number; 10. Bars and clubs | Number; 11. Cybercafés | Number; 12. Grocery stores | Number; 13. Hotels | Number; 14. Restaurants | Number; 15. ATMs | Number; 16. Banks | Number; 17. Subway stations | Number; 18. Bus stations | Number; 19. Surveillance cameras | Number; 20. Daily human mobility | Number; 21. Transportation Hubs | Binary; 22. Subway Stations | Binary; 23. Bus Stations | Binary; 24. Bars and Clubs | Binary; 25. Cybercafés | Binary; 26. Malls and Supermarkets | Binary; 27. High Schools | Binary; 28. Surveillance Cameras | Binary; 29. Daily Human Mobility | Number; 30. Socioeconomic Heterogeneity | Number,30,36,1. Gender | Percentage; 2. Age | Percentage; 3. Hukou Status | Percentage; 4. Social Cohesion | Number; 5. Collective Efficacy | Number; 6. GDP | Number; 7. Socioeconomic Heterogeneity | Index; 8. Amount of Lost Property or Money | Number; 9. High schools | Number; 10. Shopping malls | Number; 11. Transportation hubs | Number; 12. Bars and clubs | Number; 13. Cybercafés | Number; 14. Grocery stores | Number; 15. Hotels | Number; 16. Restaurants | Number; 17. ATMs | Number; 18. Banks | Number; 19. Subway stations | Number; 20. Bus stations | Number; 21. Surveillance cameras | Number; 22. Daily human mobility | Number; 23. Distance of Journey to Prior Robbery | Distance; 24. Distance of Journey to Subsequent Robbery | Distance; 25. Time Interval Between Two Robberies | Number; 26. Not Arrested in the Act of Prior Robbery | Binary; 27. Transportation Hubs | Binary; 28. Subway Stations | Binary; 29. Bus Stations | Binary; 30. Bars and Clubs | Binary; 31. Cybercafés | Binary; 32. Malls and Supermarkets | Binary; 33. High Schools | Binary; 34. Surveillance Cameras | Binary; 35. Daily Human Mobility | Number; 36. Socioeconomic Heterogeneity | Number
AWARENESS × OPPORTUNITY: TESTING INTERACTIONS BETWEEN ACTIVITY NODES AND CRIMINAL OPPORTUNITY IN PREDICTING CRIME LOCATION CHOICE,2006-2009,2009,Police information system; Population registration data (BRP); LISA data; Community survey (SPAN project),3696 questionnaires returned; Postal codes with sufficient residents included,Average population size of around 7700,"""These postal codes are therefore well suited for a crime location choice study, because most people will be familiar with these areas when living there or (frequently) visiting the area.""",Theory–method,"Four-digit postal code areas were chosen because they are familiar to residents and visitors, making them suitable for analyzing crime location choice.",Netherlands,"The Hague, Rijswijk, and Leidschendam-Voorburg",1.68 km² (average area size),Any-crime-type offences,NA,"13,088 choice observations.","13,088 crime incidents.","5,377 unique offenders.",Random sampling of offenders with at least one registered crime incident in 2009.,76 postal code areas as alternatives for each crime incident.,Alternatives selected based on availability of community survey data.,Restricted to offenders with at least one registered crime incident in 2009 and to postal code areas with available community survey data.,NA,Cross-sectional,Conditional logit,Maximum likelihood,NA,NA,NA,"Residential areas of offenders and family, number of bars/restaurants/hotels, collective efficacy.",Residential areas increase targeting likelihood; high collective efficacy decreases it; bars/restaurants/hotels increase targeting in non-residential areas.,Not explicitly mentioned.,No data available to precisely map awareness spaces of individual offenders.,Use of four-digit postal codes may be too large for theoretical models.,Study did not include other types of criminal opportunity.,Not explicitly mentioned.,"Limited to three municipalities in the greater The Hague area in the Netherlands; may not be representative of other areas, especially rural ones.",Findings may not be applicable to rural areas.,"Mechanisms may differ between countries, indicating a potential limitation in comparative validity across different national contexts.",Smaller spatial units may better fit theoretical models.,More precise data collection is needed to map individual offenders' awareness spaces.,Use more complete and precise measures for awareness and opportunity.,1. Population size | Number; 2. Proportion of residents with a non-western background | Percentage; 3. Age of offenders | Number; 4. Gender of offenders | Percentage,4,NA,0,NA,0,1. Euclidean Distance | Distance; 2. Average Distance Replacement | Distance; 3. Travel Restrictions | Number; 4. Distance between the offender's residential area and the crime location | Distance,4,1. Previous crime location | Binary,1,"1. Collective efficacy | Index; 2. Proportion of single-person households | Percentage; 3. Number_of_Employees | Number; 4. Number of bars/restaurants/hotels | Rate; 5. Postal Code Areas | Number; 6. Crime year specific numbers of retail facilities, schools, cultural, health care, and sports/leisure facilities | Number; 7. Number of employees | Number; 8. Neighbourhood disorder | Index",8,17,"1. Population size | Number; 2. Collective efficacy | Index; 3. Proportion of single-person households | Percentage; 4. Proportion of residents with a non-western background | Percentage; 5. Age of offenders | Number; 6. Gender of offenders | Percentage; 7. Number_of_Employees | Number; 8. Number of bars/restaurants/hotels | Rate; 9. Euclidean Distance | Distance; 10. Average Distance Replacement | Distance; 11. Postal Code Areas | Number; 12. Travel Restrictions | Number; 13. Distance between the offender's residential area and the crime location | Distance; 14. Previous crime location | Binary; 15. Crime year specific numbers of retail facilities, schools, cultural, health care, and sports/leisure facilities | Number; 16. Number of employees | Number; 17. Neighbourhood disorder | Index"
"BITING ONCE, TWICE: THE INFLUENCE OF PRIOR ON SUBSEQUENT CRIME LOCATION CHOICE *",2006-2009,"Not explicitly mentioned, but implied to be after the offenses were committed",Police information system used by the greater The Hague Police Service,"Limited to cleared offense data from police records, which might suffer from detection bias","Approximately 7,000","""A four-digit postal code area is a useful and plausible indication of the area people are expected to be familiar with when for instance living in or (regularly) visiting that area because 1) Dutch postal code areas are designed to have minimal travel restrictions for postal delivery services usually traveling on foot or bicycle, and 2) the size of a postal code area is inversely related to its level of urbanization that matches the geographic coverage of residents.""",Theory–method,"Four-digit postal code areas are used because they are considered a familiar scale for individuals and match urbanization patterns, making them appropriate for studying crime location choices.",Netherlands,The greater The Hague area,2.96 km² (average size of each postal code area),Multiple types,NA,"12,639 choice observations or events.","12,639 offenses.","3,666 unique offenders.","Random sample of 10,000 offenders from a police information system, with 3,666 included after exclusions.",Geographical set of alternatives from 142 four-digit postal code areas in the greater The Hague area.,Offender's choice of area for committing a crime.,Excluded offenders with only one offense in the period and those without a known residential address in the study area.,NA,Longitudinal,Conditional logit,Maximum likelihood (assumed),Pseudo R-squared values compared across different model specifications.,Not mentioned.,NA,"Prior crime locations, distance to prior crime locations, recency of prior crimes, frequency of crimes in an area, type of crime.",Prior crime locations increase choice probability; distance to prior crime locations decreases choice probability.,Detection bias due to reliance on cleared offense data.,Crimes committed outside the study area not accounted for.,"Limited to greater The Hague area, largely urban.",Four-digit postal code areas may be too large.,Not explicitly mentioned.,"Findings might not generalize to other regions, especially rural areas.",Findings are specific to the greater The Hague area.,No basis for comparison across different contexts or time periods.,The study suggests using larger areas to increase generalizability.,The authors recommend collecting data on offenders' daily routines and locations.,The study suggests using offender-based research methods to gather more detailed data.,1. Proportion of Residents with a Non-Western Ethnic Background | Percentage; 2. Proportion of residents with a non-Western ethnic background | Percentage; 3. Population Density | Distance; 4. Proportion of Non-Western Residents | Percentage,4,NA,0,1. Residential Area Variables | Percentage,1,1. Distance to Prior Crime Location | Distance; 2. Distance from Residential Area to Target Areas | Distance,2,NA,0,"1. Proportion of Single-Person Households | Percentage; 2. Proportion of single-person households | Percentage; 3. Number of retail stores | Number; 4. Number of hotels, restaurants, and bars | Number; 5. Number of people working | Number; 6. Retail stores | Number; 7. Hotels, restaurants, and bars | Number; 8. Schools | Number; 9. Culture | Number; 10. Health care | Number; 11. Sports and leisure facilities | Number; 12. Recency Variables | Binary",12,19,"1. Proportion of Single-Person Households | Percentage; 2. Proportion of Residents with a Non-Western Ethnic Background | Percentage; 3. Proportion of single-person households | Percentage; 4. Proportion of residents with a non-Western ethnic background | Percentage; 5. Number of retail stores | Number; 6. Number of hotels, restaurants, and bars | Number; 7. Number of people working | Number; 8. Retail stores | Number; 9. Hotels, restaurants, and bars | Number; 10. Schools | Number; 11. Culture | Number; 12. Health care | Number; 13. Sports and leisure facilities | Number; 14. Distance to Prior Crime Location | Distance; 15. Distance from Residential Area to Target Areas | Distance; 16. Recency Variables | Binary; 17. Residential Area Variables | Percentage; 18. Population Density | Distance; 19. Proportion of Non-Western Residents | Percentage"
Burglar Target Selection: Australia Study (Brisbane),NA,NA,Australian Bureau of Statistics; Queensland Police Service,Limited by inconsistency in measuring residential real estate value across regions,NA,"""Study regions and their associated choice set geographies (NL-neighborhoods, UK-Super Output Areas [medium layer], AU-Statistical Local Areas) were selected based on equivalence in size of the known burglar population, number of targets (households) within each area, and total number of areas in a study region. (Australia context - Statistical Local Areas)""",Data availability / Admin convenience,"Spatial units chosen based on equivalence in size of burglar population and number of targets for Australia context, likely due to data availability and administrative convenience.",Australia,Brisbane,NA,Residential burglary,NA,Not explicitly mentioned.,"Not explicitly mentioned, but incidents involving multiple offenders were removed (276, 94, and 247 crimes in The Hague, Birmingham, and Brisbane, respectively).","Not explicitly mentioned, but focus on solo offenders.",Discrete spatial choice approach involving geographical units such as neighborhoods or suburbs.,Geographical units such as neighborhoods or suburbs selected based on equivalence in size and number of targets.,Based on geographical characteristics and presence of targets.,"Removal of incidents involving multiple offenders, focus on cleared burglaries attributed to local offenders.",NA,Cross-sectional,Conditional logit,Maximum likelihood,Pooled vs. expanded models compared using bivariate Wald tests,NA,NA,"Proximity to home, proportion of single-family dwellings, number of households.",Positive for all significant predictors.,"Relies solely on cleared offense data, which may not accurately represent all criminal activity.",Indicator of ethnic heterogeneity unavailable for UK and Australia.,Police-recorded crime data may have nonprobabilistic sampling issues.,Assumption that crime trips originate from an offender's residence may not always be accurate.,NA,Limited by reliance on cleared offense data and assumptions about crime trip origins; need for more study regions.,"Findings specific to Brisbane, Australia context due to differences in target densities and Statistical Local Area characteristics.",Differences in measurement precision and data availability limit comparative analyses; constrained by lowest common denominator of data.,Use consolidated models for statistical comparisons across different environments.,Use administrative and census data to estimate the consolidated model.,Relax assumptions in the conditional logit model and use more complex models.,NA,0,1. Residential Real Estate Value | Number,1,1. Residential Mobility | Number; 2. Residential mobility | Percentage,2,1. Proximity | Distance; 2. Proximity to City Center | Distance,2,NA,0,1. Social Cohesion | Number; 2. Number of households | Number; 3. Proportion of single-family dwellings | Percentage; 4. Availability of potential targets | Number; 5. Proportion of Single-Family Dwellings | Percentage; 6. Number of Households | Number; 7. Jurisdictional Dummies | Binary; 8. Robust Standard Errors | Number; 9. Wald Tests | Number,9,14,1. Residential Mobility | Number; 2. Social Cohesion | Number; 3. Residential Real Estate Value | Number; 4. Number of households | Number; 5. Proportion of single-family dwellings | Percentage; 6. Residential mobility | Percentage; 7. Availability of potential targets | Number; 8. Proximity | Distance; 9. Proximity to City Center | Distance; 10. Proportion of Single-Family Dwellings | Percentage; 11. Number of Households | Number; 12. Jurisdictional Dummies | Binary; 13. Robust Standard Errors | Number; 14. Wald Tests | Number
Burglar Target Selection: Netherlands Study (The Hague),NA,NA,"Municipal Agency for Urban Development (The Hague, Netherlands)",Limited by inconsistency in measuring residential real estate value across regions,NA,"""Study regions and their associated choice set geographies (NL-neighborhoods, UK-Super Output Areas [medium layer], AU-Statistical Local Areas) were selected based on equivalence in size of the known burglar population, number of targets (households) within each area, and total number of areas in a study region. (Netherlands context - Neighborhoods)""",Data availability / Admin convenience,"Spatial units chosen based on equivalence in size of burglar population and number of targets for Netherlands context, likely due to data availability and administrative convenience.",Netherlands,The Hague,NA,Residential burglary,NA,Not explicitly mentioned.,"Not explicitly mentioned, but incidents involving multiple offenders were removed (276, 94, and 247 crimes in The Hague, Birmingham, and Brisbane, respectively).","Not explicitly mentioned, but focus on solo offenders.",Discrete spatial choice approach involving geographical units such as neighborhoods or suburbs.,Geographical units such as neighborhoods or suburbs selected based on equivalence in size and number of targets.,Based on geographical characteristics and presence of targets.,"Removal of incidents involving multiple offenders, focus on cleared burglaries attributed to local offenders.",NA,Cross-sectional,Conditional logit,Maximum likelihood,Pooled vs. expanded models compared using bivariate Wald tests,NA,NA,"Proximity to home, proportion of single-family dwellings, number of households.",Positive for all significant predictors.,"Relies solely on cleared offense data, which may not accurately represent all criminal activity.",Indicator of ethnic heterogeneity unavailable for UK and Australia.,Police-recorded crime data may have nonprobabilistic sampling issues.,Assumption that crime trips originate from an offender's residence may not always be accurate.,NA,Limited by reliance on cleared offense data and assumptions about crime trip origins; need for more study regions.,"Findings specific to The Hague, Netherlands context due to differences in target densities and urban neighborhood structure.",Differences in measurement precision and data availability limit comparative analyses; constrained by lowest common denominator of data.,Use consolidated models for statistical comparisons across different environments.,Use administrative and census data to estimate the consolidated model.,Relax assumptions in the conditional logit model and use more complex models.,NA,0,1. Residential Real Estate Value | Number,1,1. Residential Mobility | Number; 2. Residential mobility | Percentage,2,1. Proximity | Distance; 2. Proximity to City Center | Distance,2,NA,0,1. Social Cohesion | Number; 2. Number of households | Number; 3. Proportion of single-family dwellings | Percentage; 4. Availability of potential targets | Number; 5. Proportion of Single-Family Dwellings | Percentage; 6. Number of Households | Number; 7. Jurisdictional Dummies | Binary; 8. Robust Standard Errors | Number; 9. Wald Tests | Number,9,14,1. Residential Mobility | Number; 2. Social Cohesion | Number; 3. Residential Real Estate Value | Number; 4. Number of households | Number; 5. Proportion of single-family dwellings | Percentage; 6. Residential mobility | Percentage; 7. Availability of potential targets | Number; 8. Proximity | Distance; 9. Proximity to City Center | Distance; 10. Proportion of Single-Family Dwellings | Percentage; 11. Number of Households | Number; 12. Jurisdictional Dummies | Binary; 13. Robust Standard Errors | Number; 14. Wald Tests | Number
Burglar Target Selection: United Kingdom Study (Birmingham),NA,NA,ONS (United Kingdom),Limited by inconsistency in measuring residential real estate value across regions,NA,"""Study regions and their associated choice set geographies (NL-neighborhoods, UK-Super Output Areas [medium layer], AU-Statistical Local Areas) were selected based on equivalence in size of the known burglar population, number of targets (households) within each area, and total number of areas in a study region. (UK context - Super Output Areas)""",Data availability / Admin convenience,"Spatial units chosen based on equivalence in size of burglar population and number of targets for UK context, likely due to data availability and administrative convenience.",United Kingdom,Birmingham,NA,Residential burglary,NA,Not explicitly mentioned.,"Not explicitly mentioned, but incidents involving multiple offenders were removed (276, 94, and 247 crimes in The Hague, Birmingham, and Brisbane, respectively).","Not explicitly mentioned, but focus on solo offenders.",Discrete spatial choice approach involving geographical units such as neighborhoods or suburbs.,Geographical units such as neighborhoods or suburbs selected based on equivalence in size and number of targets.,Based on geographical characteristics and presence of targets.,"Removal of incidents involving multiple offenders, focus on cleared burglaries attributed to local offenders.",NA,Cross-sectional,Conditional logit,Maximum likelihood,Pooled vs. expanded models compared using bivariate Wald tests,NA,NA,"Proximity to home, proportion of single-family dwellings, number of households.",Positive for all significant predictors.,"Relies solely on cleared offense data, which may not accurately represent all criminal activity.",Indicator of ethnic heterogeneity unavailable for UK and Australia.,Police-recorded crime data may have nonprobabilistic sampling issues.,Assumption that crime trips originate from an offender's residence may not always be accurate.,NA,Limited by reliance on cleared offense data and assumptions about crime trip origins; need for more study regions.,"Findings specific to Birmingham, UK context due to differences in target densities and Super Output Area characteristics.",Differences in measurement precision and data availability limit comparative analyses; constrained by lowest common denominator of data.,Use consolidated models for statistical comparisons across different environments.,Use administrative and census data to estimate the consolidated model.,Relax assumptions in the conditional logit model and use more complex models.,NA,0,1. Residential Real Estate Value | Number,1,1. Residential Mobility | Number; 2. Residential mobility | Percentage,2,1. Proximity | Distance; 2. Proximity to City Center | Distance,2,NA,0,1. Social Cohesion | Number; 2. Number of households | Number; 3. Proportion of single-family dwellings | Percentage; 4. Availability of potential targets | Number; 5. Proportion of Single-Family Dwellings | Percentage; 6. Number of Households | Number; 7. Jurisdictional Dummies | Binary; 8. Robust Standard Errors | Number; 9. Wald Tests | Number,9,14,1. Residential Mobility | Number; 2. Social Cohesion | Number; 3. Residential Real Estate Value | Number; 4. Number of households | Number; 5. Proportion of single-family dwellings | Percentage; 6. Residential mobility | Percentage; 7. Availability of potential targets | Number; 8. Proximity | Distance; 9. Proximity to City Center | Distance; 10. Proportion of Single-Family Dwellings | Percentage; 11. Number of Households | Number; 12. Jurisdictional Dummies | Binary; 13. Robust Standard Errors | Number; 14. Wald Tests | Number
Burglars blocked by barriers? The impact of physical and social barriers on residential burglars' target location choices in China,January 2012 to June 2016,January 2012 to June 2016,The Municipal Public Security Bureau of ZG city; census data from 2010,Limited to arrested burglars; data from non-arrested burglars not included,NA,"""Communities have a relatively homogeneous population and their average size is 2.74 km-sq., which closely resembles the size of the units of analysis in many other crime location choice studies (e.g., Menting et al., 2016).""",Prior research / Data availability,Communities were chosen due to their homogeneous population and consistency with other studies.,China,ZG city,Average community size is 2.74 km-sq,Residential burglary,NA,3860 choice observations or events.,3860 residential burglaries.,3772 unique offenders.,"The study used data on 3860 residential burglaries committed by 3772 burglars, focusing on arrested offenders only.",Choice sets were constructed by considering physical barriers between the centroid of a burglar's residential community and potential target communities.,Alternatives were selected based on physical barriers between origin and destination.,Limited to arrested offenders only; excluded burglars with unknown Hukou status and those living outside of ZG city or whose home locations could not be geocoded.,NA,Cross-sectional,Conditional logit,Weighted exogenous sample maximum likelihood (WESML),Model 4 has the highest goodness of fit compared to models 2 and 3.,Not mentioned.,NA,"Distance from home, physical barriers (rivers and major roads), social barriers (local vs. nonlocal communities).",Physical barriers decrease targeting likelihood; being closer to home increases targeting likelihood.,"Limited to arrested burglars, which may not represent all burglars.",Lack of direct income level data; substituted with indirect measures.,Temporal mismatch between census data (2010) and burglary data (2012-2016).,NA,Temporal mismatch affects social barrier and control variables.,The findings are specific to arrested burglars in ZG city and may not generalize to all burglars in the city or to other contexts.,"The study's findings are specific to the Chinese context, particularly the distinction between local residents and domestic migrant workers.","The study uses census data from 2010 for analysis of data from 2012 to 2016, introducing a temporal mismatch that limits comparisons across time periods.",Consider the impact of physical and social barriers at various scales.,Include more direct measures of wealth and address temporal mismatches in data collection.,Improve analytical approaches by including non-arrested burglars and addressing data limitations.,"1. Proportion of local residents with ZG city Hukou status | Percentage; 2. Community categorization by majority population type (local, domestic migrant, mixed) | Binary",2,"1. Average rent price | Number; 2. Rent categories (no rent, low, medium, high) | Binary",2,1. Physical Barriers | Number; 2. Building Type | Percentage,2,1. Distance Measure | Distance; 2. Accessibility Measure | Distance; 3. Distance | Distance,3,NA,0,1. Social barriers based on Hukou status | Binary; 2. Limited social network overlap | Number; 3. Number of households in a community | Number; 4. Proportion of houses built after 2000 | Percentage; 5. Number of households | Number; 6. Proportion of high-rise buildings | Percentage; 7. Natural log of the number of households | Number; 8. Affluence Measures | Percentage; 9. Affluence Measures | Number; 10. Household Count | Number,10,19,"1. Proportion of local residents with ZG city Hukou status | Percentage; 2. Community categorization by majority population type (local, domestic migrant, mixed) | Binary; 3. Social barriers based on Hukou status | Binary; 4. Limited social network overlap | Number; 5. Number of households in a community | Number; 6. Proportion of houses built after 2000 | Percentage; 7. Average rent price | Number; 8. Rent categories (no rent, low, medium, high) | Binary; 9. Number of households | Number; 10. Proportion of high-rise buildings | Percentage; 11. Natural log of the number of households | Number; 12. Physical Barriers | Number; 13. Distance Measure | Distance; 14. Accessibility Measure | Distance; 15. Distance | Distance; 16. Affluence Measures | Percentage; 17. Affluence Measures | Number; 18. Building Type | Percentage; 19. Household Count | Number"
CO-OFFENDERS' CRIME LOCATION CHOICE: DO CO-OFFENDING GROUPS COMMIT CRIMES IN THEIR SHARED AWARENESS SPACE?,2006-2009,2006-2009 (inferred from study period),Police information system of the greater The Hague Police Service; population registration data (BRP); LISA database; Statistics Netherlands,Data not specifically sampled for co-offending; only police arrest data on cleared offences used; potential issues with incomplete data on offender groups,"Average population size of 7,000","""Since the four-digit postal code areas were designed to have minimal travel restrictions for postal delivery services travelling by bike or foot (Bernasco 2010b), it is plausible that those living in or frequently visiting such an area will be familiar with it.""",Admin convenience / Practical constraint,"Chosen due to design for minimal travel restrictions, making them practical and convenient for analysis.",The Netherlands,The greater The Hague region,2.96 km² (average size of four-digit postal code areas),"Various (most common: burglary, theft, public disorder crimes, assault)",NA,"2,926 groups of offenders.","6,283 crimes, with 3,612 co-offended.","4,654 offenders.","Started with a sample of 10,000 offenders from previous reports and excluded those not meeting specific criteria.",142 four-digit postal code areas of the greater The Hague region.,Geographical set of postal code areas.,"Excluded non-felony crimes, offenders under 12, those without valid addresses in the study area or at the time of the offense.",NA,Cross-sectional,Conditional logit,Maximum likelihood,NA,NA,NA,"Current home location, previous home locations, previous crime locations.",Areas known to multiple offenders are more likely to be targeted.,Police arrest data may over-represent co-offending; data biased due to differences between arrested and non-arrested offenders.,Lack of data on non-arrested offenders; potential overestimation of shared awareness space.,Reliance on police arrest data; only includes cleared offenses.,Awareness space measured using only home and crime locations; misses other areas like work or school.,Study limited to crimes between 2006 and 2009.,"Limited to the greater The Hague region, which restricts generalizability to other areas.",Findings are specific to the greater The Hague region and may not apply elsewhere.,No direct comparisons across different contexts or time periods.,Study larger areas to generalize findings.,Interview offenders to gather more detailed information about their awareness spaces and co-offending networks.,Use more detailed spatial units or incorporate additional data sources.,1. Total number of residents | Number; 2. Number of residents with a non-Western ethnic background | Number; 3. Population density | Number,3,NA,0,NA,0,NA,0,1. Previous Home Location | Percentage; 2. Previous Crime Location | Number; 3. Previous Crime Location | Binary,3,"1. Number of single-person households | Number; 2. Number of retail stores | Number; 3. Number of hotels, restaurants, bars, schools, cultural facilities, health care institutions, and sport and leisure facilities | Number; 4. Retail stores | Number; 5. Hotels | Number; 6. Restaurants | Number; 7. Bars | Number; 8. Schools | Number; 9. Cultural facilities | Number; 10. Health care institutions | Number; 11. Sport and leisure facilities | Number; 12. Home Location | Percentage; 13. Area Characteristics | Number; 14. Shared Awareness Space | Percentage",14,20,"1. Total number of residents | Number; 2. Number of residents with a non-Western ethnic background | Number; 3. Number of single-person households | Number; 4. Population density | Number; 5. Number of retail stores | Number; 6. Number of hotels, restaurants, bars, schools, cultural facilities, health care institutions, and sport and leisure facilities | Number; 7. Retail stores | Number; 8. Hotels | Number; 9. Restaurants | Number; 10. Bars | Number; 11. Schools | Number; 12. Cultural facilities | Number; 13. Health care institutions | Number; 14. Sport and leisure facilities | Number; 15. Home Location | Percentage; 16. Previous Home Location | Percentage; 17. Previous Crime Location | Number; 18. Area Characteristics | Number; 19. Previous Crime Location | Binary; 20. Shared Awareness Space | Percentage"
Co-offending and the Choice of Target Areas in Burglary,1996-2004,1996-2004,Police force that services the greater The Hague area,Limited by a low detection rate of 7%,4952 residents,NA,Not specified,"The use of residential neighborhoods as spatial units is likely due to data availability and administrative convenience, although not explicitly justified in the paper.",Netherlands,The Hague,89 neighborhoods with an average area of 0.65 square kilometers each,Residential burglary,NA,1174 residential burglaries.,1174 residential burglaries.,750 unique offenders.,Comprehensive sampling of detected residential burglaries in The Hague from 1996 to 2004.,Neighborhoods as potential target areas based on distance from offender's home.,Based on distance and neighborhood characteristics like physical accessibility and social disorganization.,Detected residential burglaries by offenders living in The Hague; detection rate of 7%.,NA,Cross-sectional,Conditional logit,Maximum likelihood,Not mentioned (no comparisons between different model specifications),Not mentioned (no discussion on how sample size affected model performance),NA,"Physical accessibility, proximity to the home neighbourhood.",Increase choice probability.,Low detection rate (7%) could bias results if related to location choice criteria.,Potential incompleteness of police data on number of offenders involved.,Reliance on police data with low detection rate and potential incompleteness.,Potential underestimation of co-offenders due to incomplete data.,"Study covers 1996-2004, but no specific temporal issues mentioned.",Findings may not be generalizable to other cities or contexts.,Findings are specific to The Hague and may not apply to other cities or regions.,The study does not provide a basis for comparison across different cities or contexts.,Focus on neighborhood-level analysis.,Improve data on co-offending dynamics and non-arrested accomplices.,Address low detection rates and their impact.,1. Ethnic Heterogeneity | Percentage; 2. Number of Residents | Number,2,1. Mean Income per Resident | Number,1,1. Residential Mobility | Percentage; 2. Average Value of Residential Properties | Percentage,2,1. [Social_Accessibility | Distance; 2. Home-to-crime distance | Distance; 3. Distance to city centre | Distance; 4. Physical accessibility | Percentage,4,NA,0,1. Number of Properties | Percentage; 2. Percentage of Owner-Occupied Properties | Percentage; 3. [Architectural_Features | Percentage; 4. [Public_Facilities | Percentage; 5. [Residential_Units | Number; 6. [Physical_Accessibility | Percentage; 7. Number of properties in a neighbourhood | Number,7,16,1. Residential Mobility | Percentage; 2. Ethnic Heterogeneity | Percentage; 3. Number of Properties | Percentage; 4. Number of Residents | Number; 5. Average Value of Residential Properties | Percentage; 6. Percentage of Owner-Occupied Properties | Percentage; 7. Mean Income per Resident | Number; 8. [Architectural_Features | Percentage; 9. [Public_Facilities | Percentage; 10. [Residential_Units | Number; 11. [Physical_Accessibility | Percentage; 12. [Social_Accessibility | Distance; 13. Home-to-crime distance | Distance; 14. Distance to city centre | Distance; 15. Physical accessibility | Percentage; 16. Number of properties in a neighbourhood | Number
Crime Feeds on Legal Activities: Daily Mobility Flows Help to Explain Thieves' Target Location Choices,"June 1st, 2014 to May 30th, 2016","Wednesday, December 28, 2016 (for mobile phone data)",Crime data from police authorities of ZG City; Mobile phone location data from a major mobile phone service provider in China,Limited by exclusion of cases due to lack of geographic detail; Only 4G users' data from one mobile phone network provider,"Average 5956, range 245-51,450","""because census units have a size similar to those in comparable studies, because census units are approximately equally sized, and because in the study area they are relatively homogenous in terms of population composition.""",Prior research / Theory–method,"Census units were chosen for their similarity in size to previous studies, equal size, and homogeneity in population composition, aligning with theoretical and methodological considerations.",China,ZG City,More than 3000 km²,Theft from the person (TFP),NA,3436 cases of TFP.,3436.,"Not explicitly mentioned, but originally 12,670 offenders.","Census units were used as spatial units; initially 1891 units, but 275 were excluded due to limited mobility data, leaving 1616 units.",1616 census units as alternatives.,Based on crime generators and mobility flows.,"Solitary offenders, weekdays, valid location information.",NA,Cross-sectional,Conditional logit,Not mentioned (likely maximum likelihood),Distance outperforms mobility flow; both outperform crime generators,NA,NA,"Distance, mobility flows, subway stations, cinemas, hospitals, proportion of non-locals.",Stronger mobility flows increase targeting probability; distance remains significant despite reduced effect.,Exclusion of cases due to lack of geographic detail.,Exclusion of February data due to Chinese Spring Festival.,Use of data from only one mobile phone network provider.,Exclusion of co-offending groups.,Analysis only on weekdays; ignoring temporal variation.,"The findings might be applicable to other countries, but this is tentative and requires further research.","The study is conducted in a specific Chinese context, which might not be directly comparable to other settings.",The study is limited to theft from the person and does not explore other types of crimes.,Not explicitly mentioned.,Use cell phone data to measure population mobility and potentially incorporate time use data.,Incorporate temporal variation and additional data types to improve analytical approaches.,1. Population size | Number; 2. Mean population | Number,2,NA,0,NA,0,1. Median Distance | Distance; 2. Average Crime Trip Distance | Distance; 3. Euclidean Distance | Distance; 4. Euclidean distances between census units | Distance,4,NA,0,1. Proportion of non-locals | Percentage; 2. Hukou status | Percentage; 3. Primary schools | Number; 4. Middle schools | Number; 5. Hospitals | Number; 6. Basic stores | Number; 7. Markets | Number; 8. Supermarkets | Number; 9. Restaurants | Number; 10. Cinemas | Number; 11. Bars | Number; 12. Banks | Number; 13. Subway stations | Number; 14. Bus stops | Number; 15. Relative Mobility | Percentage; 16. Exclusion of February | Number; 17. Selection of weekdays | Number; 18. Clearance rate of theft from the person | Percentage; 19. Geographical location of study area | Number; 20. Exclusion of census units due to limited mobility data | Number,20,26,1. Population size | Number; 2. Proportion of non-locals | Percentage; 3. Hukou status | Percentage; 4. Primary schools | Number; 5. Middle schools | Number; 6. Hospitals | Number; 7. Basic stores | Number; 8. Markets | Number; 9. Supermarkets | Number; 10. Restaurants | Number; 11. Cinemas | Number; 12. Bars | Number; 13. Banks | Number; 14. Subway stations | Number; 15. Bus stops | Number; 16. Median Distance | Distance; 17. Average Crime Trip Distance | Distance; 18. Euclidean Distance | Distance; 19. Relative Mobility | Percentage; 20. Exclusion of February | Number; 21. Selection of weekdays | Number; 22. Clearance rate of theft from the person | Percentage; 23. Geographical location of study area | Number; 24. Mean population | Number; 25. Exclusion of census units due to limited mobility data | Number; 26. Euclidean distances between census units | Distance
Discrete choice analysis of spatial attack sites,Third quarter of 1997,"Not explicitly mentioned, but implied to be from existing records for 1997",Richmond City Records Management Center; publicly available GIS layers; census information,NA,NA,"""The resolution of the grid used must be fine enough to capture the variance of spatial features.""",Practical constraint / Scale optimization,Practical consideration for capturing spatial feature variance,United States,"Richmond, Virginia",NA,Breaking and entering,NA,Training set: 425 crime events; Test set: 212 crime events.,637 distinct spatial selections.,Not mentioned.,"All reported breaking and entering crimes in Richmond, VA, for the year 1997, with a focus on the third quarter.","Grid over Richmond with 4,895 centroids as alternatives.",Crimes mapped to nearest grid cell centroid.,Only residential breaking and entering crimes from the third quarter of 1997.,NA,Cross-sectional,Multinomial logit,Maximum likelihood,Paired t test to evaluate relative effectiveness,NA,NA,"Proximity measures (u30), density measurements (u66).","Proximity (u30) is attractive (negative coefficient), density (u66) is positively associated with selection likelihood.",Potential for multicollinearity among features.,Limited dataset to residential breaking and entering crimes in the third quarter of 1997.,"Limited to City of Richmond, VA, for the year 1997.",Use of grid system and aggregated demographic variables.,Limited to third quarter of 1997.,Limited to urban crime dataset; may not generalize to other contexts.,"Findings specific to breaking and entering crimes in Richmond, VA, 1997.",No direct comparison across contexts or time periods.,Not mentioned.,Not mentioned.,Refine spatial hierarchy models to reduce complexity while maintaining interpretability.,1. Demographic Profile Variables | Number,1,NA,0,1. u66 | Density,1,1. u30 | Distance; 2. u 26 | Distance; 3. u 27 | Distance; 4. u 30 | Distance,4,NA,0,NA,0,6,1. Demographic Profile Variables | Number; 2. u30 | Distance; 3. u66 | Density; 4. u 26 | Distance; 5. u 27 | Distance; 6. u 30 | Distance
Divergent Decision-Making in Context: Neighborhood Context Shapes Effects of Physical Disorder and Spatial Knowledge on Burglars' Location Choice,2017-2018,October 2019 (for mobility flows),Police arrest records; Mobile phone mobility data; Point of interest data; Community-level socio-demographic data; Street view images from Baidu Map,NA,"Average population of 5,957","""These communities with relatively high resident homogeneity are comparable to prior studies in terms of geographic and population sizes.""",Prior research / Data availability,The communities were chosen due to their role as the smallest administrative units for data collection and their comparability to prior studies.,China,ZG (city in southeast China),Average community size of 0.958km²,Burglary,NA,"1,972 burglary cases","1,972 burglary cases",NA,Focus on central urban area with available street view images,Conditional logit model evaluating utility of target neighborhoods based on attributes,Based on characteristics of residential and target neighborhoods,Exclusion of communities without street view images,NA,Cross-sectional,Conditional logit,Maximum likelihood (implied),NA,NA,NA,"Physical disorder, distance from home, population size, presence of newer buildings, transportation facilities like subway stations.","Physical disorder in non-disadvantaged neighborhoods increases likelihood for disadvantaged burglars, decreases it for non-disadvantaged burglars. Distance from home reduces likelihood more for non-disadvantaged burglars. Population size increases likelihood for both groups. Newer buildings and subway stations increase risk.","Lack of consideration of other neighborhood structural conditions such as social cohesion, ecological networks, and collective efficacy.",Difficulty in obtaining the history of criminals' activity space locations.,NA,Use of log(mobility flow+1) and reliance on robust standard errors for confidence intervals.,Not explicitly mentioned.,"The study is conducted in a specific city in China, which may not be representative of other urban or rural areas. The findings might not generalize to different cultural or socioeconomic contexts.","The study is specific to the city of ZG in southeast China, and the findings may be influenced by local factors such as urban planning, policing strategies, and cultural norms.","The study does not provide a direct comparison with other cities or countries, which limits the ability to generalize findings across different contexts.",Not explicitly mentioned.,Not explicitly mentioned.,Not explicitly mentioned.,1. Population (log) | Number; 2. Population size | Number,2,NA,0,1. Proportion of high-rise residential buildings | Percentage; 2. Physical Disorder | Number,2,1. Subway Stations | Distance; 2. Bus Stops | Distance; 3. Distance from home | Distance,3,NA,0,1. Proportion of buildings built after 2000 | Percentage; 2. Low educational attainment | Percentage; 3. Newer Buildings | Binary; 4. Parks | Binary; 5. Entertainment Venues | Number; 6. Newer buildings | Number; 7. Subway stations | Number; 8. Bus stops | Number; 9. Parks | Number; 10. Entertainment venues | Number,10,17,1. Population (log) | Number; 2. Proportion of high-rise residential buildings | Percentage; 3. Proportion of buildings built after 2000 | Percentage; 4. Low educational attainment | Percentage; 5. Physical Disorder | Number; 6. Newer Buildings | Binary; 7. Parks | Binary; 8. Entertainment Venues | Number; 9. Subway Stations | Distance; 10. Bus Stops | Distance; 11. Distance from home | Distance; 12. Population size | Number; 13. Newer buildings | Number; 14. Subway stations | Number; 15. Bus stops | Number; 16. Parks | Number; 17. Entertainment venues | Number
"Do juvenile, young adult, and adult offenders target different places in the Chinese context?",2012-2016,2012-2016,ZG City Public Security Bureau,Confidential,NA,Not specified,Not specified,"Neighborhood units used as spatial scale, but specific reasons not detailed.",China,ZG city,1971 neighborhood units with an average area of 1.62 km²,Street robbery,NA,7860 choice observations (street robberies).,7860 street robberies.,4358 unique offenders.,"Spatial sampling using neighborhood units in ZG city, China.",Each robbery geocoded into one of 1971 neighborhood units.,Neighborhoods where robberies occurred serve as alternatives.,"Street robberies between 2012 and 2016 in ZG city, China.",NA,Cross-sectional,Conditional logit,NA,NA,NA,NA,"Cybercafés, transportation hubs, schools, distance of journey to crime.",Cybercafés increase choice probability for juvenile and young adult robbers; transportation hubs increase it for young adult and adult robbers; schools have a positive effect on all age groups with a marginal age decay effect; distance of journey to crime decreases choice probability.,Confidentiality of data may limit verification or sharing.,"Additional attributes of offenders (e.g., household registration, socioeconomic status) are not included.",Confidential data may restrict access or sharing.,Odds ratios in models are not as high as desired.,NA,Limited to a large Chinese city; may not generalize to other contexts or countries.,"Findings are specific to the Chinese context, particularly in terms of social disorganization and routine activity nodes.",Focus on street robbery in a specific Chinese context; not directly comparable to other crime types or contexts.,NA,NA,Include additional attributes of offenders in future studies.,"1. Age groups (juvenile, young adult, adult) | Percentage",1,NA,0,NA,0,1. Distance of Journey to Crime | Distance,1,NA,0,1. Proportion of migrants | Percentage; 2. Proportion of young adults | Percentage; 3. Social cohesion | Number; 4. Cybercafés | Number; 5. Schools | Number; 6. Wholesale markets | Number; 7. Bars and clubs | Number; 8. Routine activity nodes | Number; 9. Bus Stops | Number; 10. Subway Stations | Number; 11. Bus stops | Number; 12. Subway stations | Number; 13. Malls and supermarkets | Number; 14. Car parks | Number,14,16,"1. Proportion of migrants | Percentage; 2. Proportion of young adults | Percentage; 3. Age groups (juvenile, young adult, adult) | Percentage; 4. Social cohesion | Number; 5. Cybercafés | Number; 6. Schools | Number; 7. Wholesale markets | Number; 8. Bars and clubs | Number; 9. Routine activity nodes | Number; 10. Distance of Journey to Crime | Distance; 11. Bus Stops | Number; 12. Subway Stations | Number; 13. Bus stops | Number; 14. Subway stations | Number; 15. Malls and supermarkets | Number; 16. Car parks | Number"
Do Migrant and Native Robbers Target Different Places?,2012 to 2016,Arrest data: 2012 to 2016; POI data: 2014; Traffic road network vector map data: 2014; Bus stop data: 2015; Mobile phone data: May 2016; Census data: 2010,Arrest data from ZG City's Public Security Department; POI data from Daodaotong Map; Traffic road network vector map data from Daodaotong Map; Bus stop data from Baidu API; Mobile phone data (source not disclosed); Social and economic data from the National Bureau of Statistics of China,Limited due to agreement restrictions on crime data and mobile phone data,NA,NA,Not specified,"The spatial units are neighborhoods, likely chosen due to data availability and administrative convenience.",China,ZG City,1971 neighborhoods with an average area of 1.62 square kilometers,Street robbery,NA,4358 street robbers (708 randomly selected migrant robbers and 708 native robbers).,7860 records involving 7124 unique offenders.,"7124 unique offenders (3650 migrant robbers, 708 native robbers).","Arrest data from 2012 to 2016, focusing on street robbers within ZG City.","Neighborhood characteristics data including POI, traffic road network, and mobile phone data.",Based on domicile attributes and household registration attributes.,Excluded records of robbers outside the study area or with no fixed residence.,NA,Cross-sectional,Conditional logit,Maximum likelihood,NA,NA,NA,"Wholesale markets, sports stadiums, transportation hubs, subway stations.",Wholesale markets increase choice probability for migrant robbers; sports stadiums decrease choice probability for migrant robbers; transportation hubs and subway stations increase choice probability for migrant robbers.,Exclusion of data due to residence outside the study area or unknown residence.,Unavailability of data on family disruption and poverty.,Use of 'pinyin' codes for place names due to confidentiality agreements.,Potential oversimplification in measuring journey to crime distances.,Data limited to 2012-2016.,The study is specific to ZG City and may not be representative of other cities or countries.,Findings are specific to the context of ZG City and the Hukou system.,The study does not provide comparisons across different cities or regions.,Not explicitly mentioned.,Improve data collection to address underreporting issues.,Not explicitly mentioned.,1. Gender | Binary; 2. Ethnicity | Binary; 3. Ambient population | Number,3,NA,0,1. Density of road network | Density,1,1. Distance of Journey to Crime | Distance; 2. Distance of journey to crime | Distance,2,NA,0,1. Education level | Binary; 2. Proportion of migrants | Percentage; 3. Proportion of youngsters | Percentage; 4. Socioeconomic heterogeneity | Index; 5. Daily human mobility | Index; 6. Migration status | Percentage; 7. Wholesale markets | Number; 8. Labor-intensive industrial cluster | Number; 9. Old urban areas and urban villages | Number; 10. Sports stadiums | Number; 11. Malls and supermarkets | Number; 12. Grocers | Number; 13. Bars and clubs | Number; 14. High schools | Number; 15. ATMs and banks | Number; 16. Carparks | Number; 17. Bus stops | Number; 18. Arrest data | Number; 19. POI data | Number; 20. Traffic road network vector map data | Number; 21. Bus stop data | Number; 22. Mobile phone data | Number; 23. Crime prevention | Percentage,23,29,1. Gender | Binary; 2. Ethnicity | Binary; 3. Education level | Binary; 4. Proportion of migrants | Percentage; 5. Proportion of youngsters | Percentage; 6. Socioeconomic heterogeneity | Index; 7. Daily human mobility | Index; 8. Migration status | Percentage; 9. Wholesale markets | Number; 10. Labor-intensive industrial cluster | Number; 11. Old urban areas and urban villages | Number; 12. Sports stadiums | Number; 13. Malls and supermarkets | Number; 14. Grocers | Number; 15. Bars and clubs | Number; 16. High schools | Number; 17. ATMs and banks | Number; 18. Carparks | Number; 19. Bus stops | Number; 20. Density of road network | Density; 21. Distance of Journey to Crime | Distance; 22. Arrest data | Number; 23. POI data | Number; 24. Traffic road network vector map data | Number; 25. Bus stop data | Number; 26. Mobile phone data | Number; 27. Distance of journey to crime | Distance; 28. Ambient population | Number; 29. Crime prevention | Percentage
Do Street Robbery Location Choices Vary Over Time of Day or Day of Week? A Test in Chicago,1996 to 1998,1996 to 1998,Chicago Police Department; U.S. Census; marketing research firm,NA,Not specified,Not explicitly stated,Prior research / Scale optimization,Census blocks are used due to their appropriateness for detailed spatial analysis and data availability,United States,Chicago,Approximately 483.62 km²,Street robbery,NA,"11,999 (daily variation), 7,999 (weekly variation)","12,938",NA,Sampling of alternatives technique,Chosen census block plus a random sample of other census blocks,Random sampling of census blocks,Limited to cleared robberies by Chicago residents within the city,NA,Cross-sectional,Conditional logit,Maximum likelihood,NA,NA,NA,"Cash economies, illegal markets, accessibility, restaurants and fast-food outlets, liquor stores.","Generally positive, increasing the likelihood of robbery.",The data did not allow for the identification of offenders across multiple robberies.,The data excluded robberies committed by non-residents and those on expressways or college campuses.,The business data lacked information on opening and closing hours.,Time was used as a proxy for physical presence and business hours.,The study did not measure actual business hours or human presence.,Findings may not be generalizable to other cities or contexts.,Findings are specific to Chicago's context.,Focus on Chicago limits comparisons with other studies or contexts.,The study suggests using fine-grained spatial units like census blocks.,Utilize new technologies for data collection on human presence.,Conduct sensitivity analyses for temporal bandwidth.,1. Gender | Percentage; 2. Racial and Ethnic Background | Percentage; 3. Age | Number; 4. Total Population | Number; 5. Racial and Ethnic Composition | Percentage; 6. Ethnic Diversity | Binary; 7. Block population | Number; 8. Racial/ethnic composition | Binary,8,NA,0,1. Business density | Binary; 2. Non-residential census blocks | Number,2,1. Accessibility | Binary; 2. Distance between offender homes and robbery locations within census block | Distance; 3. Euclidean distances between offender homes and census block midpoints | Distance; 4. Accessibility: Block on main street | Binary; 5. Accessibility: Block with El station | Binary; 6. Home-crime distance distribution | Distance; 7. Negative log of distance | Distance; 8. Distance from Home | Distance,8,1. Time of Day | Number; 2. Day of Week | Number,2,"1. Presence of High Schools | Binary; 2. Presence of legal cash economies | Binary; 3. Presence of illegal cash economies | Binary; 4. Presence of legal cash economies | Number; 5. Presence of illegal cash economies | Number; 6. High schools | Number; 7. Bars and clubs | Number; 8. Restaurants, fast-food outlets, and food stands | Number; 9. Barber shops and beauty salons | Number; 10. Liquor stores | Number; 11. Grocery stores | Number; 12. General merchandise shops | Number; 13. Gas stations | Number; 14. Laundromats | Number; 15. Pawnshops, currency exchange, and check-cashing services | Number; 16. Random Sampling | Number",16,36,"1. Gender | Percentage; 2. Racial and Ethnic Background | Percentage; 3. Age | Number; 4. Total Population | Number; 5. Racial and Ethnic Composition | Percentage; 6. Ethnic Diversity | Binary; 7. Presence of High Schools | Binary; 8. Presence of legal cash economies | Binary; 9. Presence of illegal cash economies | Binary; 10. Business density | Binary; 11. Accessibility | Binary; 12. Block population | Number; 13. Racial/ethnic composition | Binary; 14. Presence of legal cash economies | Number; 15. Presence of illegal cash economies | Number; 16. High schools | Number; 17. Bars and clubs | Number; 18. Restaurants, fast-food outlets, and food stands | Number; 19. Barber shops and beauty salons | Number; 20. Liquor stores | Number; 21. Grocery stores | Number; 22. General merchandise shops | Number; 23. Gas stations | Number; 24. Laundromats | Number; 25. Pawnshops, currency exchange, and check-cashing services | Number; 26. Non-residential census blocks | Number; 27. Distance between offender homes and robbery locations within census block | Distance; 28. Euclidean distances between offender homes and census block midpoints | Distance; 29. Accessibility: Block on main street | Binary; 30. Accessibility: Block with El station | Binary; 31. Home-crime distance distribution | Distance; 32. Negative log of distance | Distance; 33. Time of Day | Number; 34. Day of Week | Number; 35. Distance from Home | Distance; 36. Random Sampling | Number"
"EFFECTS OF ATTRACTIVENESS, OPPORTUNITY AND ACCESSIBILITY TO BURGLARS ON RESIDENTIAL BURGLARY RATES OF URBAN NEIGHBORHOODS",1996-2001,1996-2001,"Statistical publication of the municipality of The Hague (DSO, 2001); Police records from the police force of Haaglanden; Real estate tax administration data",Limited by a residential burglary clearance rate of about 6 percent,4950,"Not explicitly stated, but implied by data source",Data availability,Neighborhoods were used as spatial units because they are the administrative divisions for which data was readily available from the municipality of The Hague,Netherlands,The Hague,Not explicitly provided; average neighborhood size is 0.65 square kilometers,Residential burglary,NA,89 neighborhoods.,"Approximately 26,000 residential burglaries.",Not explicitly mentioned.,Data from police records and focus on neighborhoods within The Hague.,Spatially weighted measure of proximity to potential burglars and their homes.,Not explicitly mentioned.,Excluded non-residential neighborhoods; low clearance rate might affect representativeness.,NA,Cross-sectional,NA,NA,Comparison of explained variance between models,NA,NA,"Proximity to burglars' homes, proximity to the CBD, lack of territoriality, and affluence.",These variables increase the likelihood of burglary in neighborhoods.,SWEBER measure does not link offenders' homes to crime locations; low clearance rate might make apprehended burglars unrepresentative.,No mobility data available for 2000 and 2001.,Police-recorded data limited by low clearance rate.,Operationalization of ethnic heterogeneity and residential mobility.,Data from 1996 to 2001; might not capture changes outside this period.,"The study's findings are based on data from a single city, which may not generalize to other urban environments or contexts.","The study's findings are specific to The Hague, Netherlands, and may not apply to other cities with different demographic, economic, or spatial characteristics.","The study is limited to a specific time period and location, making it difficult to compare findings across different contexts or time periods.",Use spatially weighted measures for optimal spatial units.,Collect data on accessibility and spatial dynamics.,Use spatially weighted measures for better analysis.,1. Ethnic Heterogeneity | Number,1,1. Average real estate value of residential units | Percentage; 2. Real Estate Value | Percentage,2,1. Residential units' visible cues | Number; 2. Residential Mobility | Rate,2,1. Journey-to-crime | Distance; 2. Distance decay pattern | Rate; 3. Proximity to CBD | Distance; 4. Concentric zone model | Distance; 5. Proximity to Central Business District | Distance,5,NA,0,1. Percentage of owner-occupied dwellings | Percentage; 2. Home ownership | Percentage; 3. Public facilities in the central business district | Percentage; 4. Likelihood of successful completion | Number; 5. Social cohesion and collective efficacy | Number; 6. Mobility of burglars | Number; 7. SWEBER (spatially weighted burglar exposition rate) | Rate; 8. Home Ownership | Percentage; 9. Moran's I Statistic | Number,9,19,1. Percentage of owner-occupied dwellings | Percentage; 2. Average real estate value of residential units | Percentage; 3. Home ownership | Percentage; 4. Residential units' visible cues | Number; 5. Public facilities in the central business district | Percentage; 6. Likelihood of successful completion | Number; 7. Social cohesion and collective efficacy | Number; 8. Mobility of burglars | Number; 9. Journey-to-crime | Distance; 10. Distance decay pattern | Rate; 11. SWEBER (spatially weighted burglar exposition rate) | Rate; 12. Proximity to CBD | Distance; 13. Concentric zone model | Distance; 14. Ethnic Heterogeneity | Number; 15. Residential Mobility | Rate; 16. Real Estate Value | Percentage; 17. Home Ownership | Percentage; 18. Proximity to Central Business District | Distance; 19. Moran's I Statistic | Number
Effects of residential history on commercial robbers' crime location choices,2004-2005,2004,"National Commercial Robbery Registration System (LORS); Nationwide Citizen Information System (GBA); Database containing demographic, social, and economic information on postal code areas",Limited by reliability of residential addresses in GBA system,"Average population size of 4900, average number of households of 2100","""In terms of size, shape and topography, the postal code area is a useful spatial unit of analysis because it approximates the area one would expect people to be familiar with if they lived within it.""",Theory–method,"Postal code areas are chosen because they represent familiar areas for residents, consistent with crime pattern theory.",Netherlands,Nationwide,4006 postal code areas,Commercial robbery,NA,276 robberies used for hypothesis testing.,4657 initial robberies; 398 solitary offender robberies; 276 used for analysis.,"Not explicitly mentioned, but each robbery is associated with one solitary offender.","Selected all commercial robberies in 2004 and 2005, then filtered for solitary offenders with available residential histories.",Compared targeted postal code areas with alternative areas not targeted by offenders.,Postal code areas not targeted by offenders were used as alternatives.,"Limited to commercial robberies in 2004 and 2005, solitary offenders, and those with available residential histories.",NA,Cross-sectional,Conditional logit,NA,Not mentioned (no comparisons between different model specifications),"The limited sample size affected model performance, leading to weak or absent statistical significance for some effects.",NA,"Duration of residence in current and former areas, recency of residence in former areas.",Longer durations and more recent residences increase choice probability.,Inaccuracies in residential addresses in the GBA system; data unreliability masking real effects.,Limited sample size.,GBA system inaccuracies in reflecting current residences.,Approximation of 'awareness space' by residential experience.,Focus on 2004 and 2005.,Findings may not generalize to other types of crimes or geographical contexts.,Findings are specific to commercial robberies in the Netherlands.,No direct comparisons across different contexts or time periods.,Explore other spatial scales or units for analysis.,Consider direct measurements of awareness space by contacting offenders for their recollections of past spatial behavior.,Improve the reliability of residential histories by assessing their accuracy through offender accounts.,"1. Population density | Distance; 2. Population size | Number; 3. Population percentages of 15-25-year-old | Percentage; 4. Foreign-born residents | Percentage; 5. Single residents | Percentage; 6. Population percentages of 15-25-year-old, foreign-born, and single residents | Percentage",6,NA,0,1. Mean value of residential property | Number,1,1. Distance to the nearest highway ramp | Distance; 2. Distance between current residence and crime location | Distance; 3. Distance decay | Percentage,3,NA,0,1. Postal code area characteristics | Number; 2. Duration of residence | Percentage,2,12,"1. Population density | Distance; 2. Population size | Number; 3. Population percentages of 15-25-year-old | Percentage; 4. Foreign-born residents | Percentage; 5. Single residents | Percentage; 6. Mean value of residential property | Number; 7. Postal code area characteristics | Number; 8. Distance to the nearest highway ramp | Distance; 9. Distance between current residence and crime location | Distance; 10. Population percentages of 15-25-year-old, foreign-born, and single residents | Percentage; 11. Distance decay | Percentage; 12. Duration of residence | Percentage"
Familiar Locations and Similar Activities: Examining the Contributions of Reliable and Relevant Knowledge in Offenders' Crime Location Choices,2009-2018,2009-2018 (inferred from study period),New Zealand Police National Intelligence Application (NIA); NZ Statistics Census and Business Demography data,NA,"Typically 2,000-4,000 residents","""Consistent with previous studies (e.g., Clare et al., 2009; Townsley et al., 2015), we use SA2s as the spatial unit to examine meso-level spatial choices.""",Prior research / Theory–method,SA2s were chosen for consistency with previous studies and to balance spatial spill-over and heterogeneity considerations.,New Zealand,Not specified,Median of 1.2 km² (range: 0.84 to 2.2 km² for 50% of areas),Residential burglaries,NA,NA,"17,054 residential burglaries, 10,353 non-residential burglaries, 1,977 commercial robberies, 4,315 personal robberies, 4,421 extra-familial sex offenses",NA,Stratified importance sampling,Neighborhoods (SA2s) as alternatives,"Chosen SA2, SA2s with activity nodes within 5 km, and 10 randomly selected SA2s",Random sample of 50% of reference offenses per crime type,NA,Cross-sectional,Conditional logit,Maximum likelihood (implied),Not mentioned.,Not mentioned.,NA,Presence of H f H s nodes.,H f H s nodes increase choice probability.,Data does not capture all pre-offense activity locations; imprecision in filling missing data; overestimation of frequency for certain activity locations.,Not all pre-offense activity locations captured; missing data required imputation.,Police administrative data may not capture all relevant activity locations.,Reliability and relevance measures are proxies; frequency overestimation for certain activity locations.,Not mentioned.,"Findings likely generalize beyond included crimes, but further research is needed; the study supports generalizability across contexts.","Findings are based on New Zealand data, which may have unique characteristics; further testing is needed for other contexts.",The study does not compare across different contexts or time periods; future research should explore these aspects.,Not mentioned.,Future research should consider using time-use surveys and in-depth interviews for more detailed data.,The study suggests using complementary methods to improve data completeness and detail.,1. Gender | Percentage; 2. Age | Number,2,NA,0,NA,0,1. Distance decay | Percentage; 2. Distance Bands | Distance,2,NA,0,1. Number of premises per SA2 | Number; 2. Number of business units in commercial or public industries | Number; 3. Number of households | Number; 4. Number of business units in any industry | Number; 5. Number of business units in commercial industries | Number; 6. Opportunity Variables | Number,6,10,1. Gender | Percentage; 2. Age | Number; 3. Number of premises per SA2 | Number; 4. Number of business units in commercial or public industries | Number; 5. Number of households | Number; 6. Number of business units in any industry | Number; 7. Number of business units in commercial industries | Number; 8. Distance decay | Percentage; 9. Opportunity Variables | Number; 10. Distance Bands | Distance
FAMILY MATTERS: EFFECTS OF FAMILY MEMBERS' RESIDENTIAL AREAS ON CRIME LOCATION CHOICE *,2006-2009,2006-2009 (inferred from study period),Police information system; Population registration data (BRP); LISA data; Census-like statistics from Statistics Netherlands,NA,"Average population size of around 7,000","""The four-digit postal areas are therefore perfectly suited for a crime location choice study because most people will be familiar with these areas when living there or (frequently) visiting the area.""",Theory–method,"The spatial units were chosen because they are familiar to residents and visitors, aligning with the study's focus on awareness spaces.",Netherlands,Greater The Hague area,2.96 km²,Not specified,NA,"19,420 offenses.","19,420.","7,910.",Data from the police information system was used to sample offenders and their offenses.,"Four-digit postal code areas in the greater The Hague area, totaling 142 alternative areas.",Alternatives were selected based on the four-digit postal code areas.,"Excluded non-felony offenses, offenders under 12 years old, and those without a known residential address in the area.",NA,Cross-sectional,Conditional logit,Not explicitly mentioned (implied maximum likelihood),NA,NA,NA,Current and former residential areas of family members.,Current familial residential areas increase the probability of being targeted more than former familial residential areas.,Indirect measurement of awareness spaces based on family visits.,No direct data on offenders' time spent in family members' areas.,Reliance on register data without direct activity measures.,Awareness spaces not directly measured.,No consideration of changes in awareness spaces over time.,Findings may not generalize to other geographical areas or populations due to the specific urban context.,Findings are specific to the urban context of The Hague.,The study does not allow for comparisons across different crime types or contexts.,Research should be conducted in larger geographical areas.,Direct measurement of awareness spaces is recommended.,Future studies should improve data collection by directly measuring awareness spaces.,1. Population density | Number; 2. Proportion of residents with a non-Western background | Percentage; 3. Average population size | Number; 4. Ethnic diversity | Number; 5. Population Density | Distance; 6. Proportion of Residents with a Non-Western Background | Percentage,6,NA,0,NA,0,1. Euclidean Distance | Distance; 2. Distance | Distance,2,1. Previous Crime Location | Binary,1,"1. Proportion of single-person households | Percentage; 2. Urban nature of the study area | Number; 3. Proportion of Single-Person Households | Percentage; 4. Number of Retail Stores | Number; 5. Number of Hotels Restaurants Bars | Number; 6. Number of Schools | Number; 7. Number of Culture, Health-Care, and Sports/Leisure Facilities | Number; 8. Number of People Working | Number; 9. Retail stores | Number; 10. Bars/nightlife | Number; 11. Schools | Number; 12. Culture, health-care, and sports/leisure facilities | Number; 13. Guardianship | Index; 14. Single-Person Households | Percentage; 15. Non-Western Background | Percentage; 16. Retail Stores | Number; 17. Hotels Restaurants Bars | Number; 18. Culture, Health-Care, and Sports/Leisure Facilities | Number; 19. People Working | Number",19,28,"1. Population density | Number; 2. Proportion of single-person households | Percentage; 3. Proportion of residents with a non-Western background | Percentage; 4. Average population size | Number; 5. Urban nature of the study area | Number; 6. Ethnic diversity | Number; 7. Population Density | Distance; 8. Proportion of Single-Person Households | Percentage; 9. Proportion of Residents with a Non-Western Background | Percentage; 10. Number of Retail Stores | Number; 11. Number of Hotels Restaurants Bars | Number; 12. Number of Schools | Number; 13. Number of Culture, Health-Care, and Sports/Leisure Facilities | Number; 14. Number of People Working | Number; 15. Retail stores | Number; 16. Bars/nightlife | Number; 17. Schools | Number; 18. Culture, health-care, and sports/leisure facilities | Number; 19. Guardianship | Index; 20. Euclidean Distance | Distance; 21. Previous Crime Location | Binary; 22. Distance | Distance; 23. Single-Person Households | Percentage; 24. Non-Western Background | Percentage; 25. Retail Stores | Number; 26. Hotels Restaurants Bars | Number; 27. Culture, Health-Care, and Sports/Leisure Facilities | Number; 28. People Working | Number"
Formal Evaluation of the Impact of Barriers and Connectors on Residential Burglars' Macro-Level Offending Location Choices,"January 1, 2001, to December 31, 2002",2001 and 2002,Western Australian Police; Australian Bureau of Statistics (ABS),Limited by low identification rate of offenders; only 49.7% of identified cases were included in the final dataset,"Average of 4,669 residents","Not explicitly stated, but implied due to administrative convenience and data availability",Data availability / Admin convenience,Suburbs were chosen due to their alignment with administrative units and available data in Western Australia,Australia,Perth,6.76 km² (average size of suburbs),Residential burglary,NA,"1,761 single-offender burglary incidents.","1,761.","At least 1,761 unique offenders.",Data from Western Australian Police on residential burglary incidents.,291 residential suburbs selected as potential targets.,Suburbs included as part of the choice set for each offender.,Excluded cases with multiple offenders per incident; excluded offenders residing outside Perth metropolitan area.,NA,Cross-sectional,Conditional logit,Maximum likelihood,NA,Clustering of cases considered to ensure robust standard errors,NA,"Physical barriers (rivers and major roads), connectors (train lines), distance, and age.","Barriers decrease choice probability; connectors increase it. Distance decreases choice probability, with a greater effect for juveniles.",Low detection rate may have influenced outcomes in a nonrandom way.,Unique identification of offenders was not possible.,Exclusion of suburbs outside Perth metropolitan area.,Model may not fully account for unconscious routine behaviors.,NA,Exclusion of suburbs outside Perth metropolitan area limits generalizability.,"Findings are specific to Perth, Western Australia.",Spatial scale selection may not be applicable across different cities.,Use more uniform areas for analysis.,Not mentioned.,Consider the role of unconscious routine in offender behavior.,1. Age | Number; 2. Sex | Binary; 3. Population Size | Number; 4. Population Density | Distance; 5. Ethnic Heterogeneity | Percentage; 6. Land Use - Population Density | Number,6,1. Victim Suburb Weekly Income | Number; 2. Socio-Economic Index for Areas (SEIFA) | Index; 3. Median Weekly Income Bracket | Number,3,1. Residential Mobility Rates | Rate; 2. Physical Barriers - Swan River | Binary; 3. Physical Barriers - Major Roads | Binary,3,1. Total Residential Units | Distance; 2. Land Use - Suburb Size | Distance; 3. D ij | Distance,3,NA,0,1. Indigenous Status | Binary; 2. Connectors - Train Network | Binary; 3. W ij | Binary; 4. F ij | Binary; 5. T ij | Binary; 6. A i/J i | Binary; 7. pdf | Number; 8. 7% of identified cases were included in the final dataset | Percentage,8,23,1. Age | Number; 2. Indigenous Status | Binary; 3. Sex | Binary; 4. Population Size | Number; 5. Population Density | Distance; 6. Ethnic Heterogeneity | Percentage; 7. Residential Mobility Rates | Rate; 8. Total Residential Units | Distance; 9. Victim Suburb Weekly Income | Number; 10. Socio-Economic Index for Areas (SEIFA) | Index; 11. Median Weekly Income Bracket | Number; 12. Physical Barriers - Swan River | Binary; 13. Physical Barriers - Major Roads | Binary; 14. Connectors - Train Network | Binary; 15. Land Use - Suburb Size | Distance; 16. Land Use - Population Density | Number; 17. W ij | Binary; 18. F ij | Binary; 19. T ij | Binary; 20. D ij | Distance; 21. A i/J i | Binary; 22. pdf | Number; 23. 7% of identified cases were included in the final dataset | Percentage
Go where the money is: modeling street robbers' location choices,1996-1998,1996-1998,"Chicago Police Department records; detailed information on land use, population, and activities in census blocks",Limited by lack of arrest in most cases; no information on prior crimes or past residential addresses,118 residents,"""To improve our understanding of the fine-grained spatial decisions of street robbers, we zoom in to the level of census blocks""",Theory–method / Scale optimization,Census blocks were chosen for detailed analysis of robbery locations,United States,Chicago,Not explicitly mentioned in km² or other units,Street robbery,NA,6000 robberies,"12,938 cleared cases","18,114",Simple random sampling,Random sample of 6000 robberies with 6000 potential target blocks for each,Simple random sampling,Cleared cases with at least one arrested offender who is a Chicago resident,NA,Cross-sectional,"Multinomial logit, Universal logit","Weighted exogenous sample maximum likelihood (WESML), Bootstrapping",Multinomial vs. universal logit models discussed in terms of spatial spillover effects,Sampling and bootstrapping used to improve estimation efficiency,NA,"Presence of legal businesses (e.g., pawn shops, grocery stores), illegal businesses (e.g., drug dealing), accessibility (e.g., main streets, El stations), racial/ethnic composition matching the robber's background.",These predictors increase the probability of a block being chosen for robbery.,Inability to identify offenders across multiple robberies.,Lack of information on prior crimes or past residential addresses of offenders.,No localized measures of deterrent factors.,Assumption that robbers have detailed knowledge of all census blocks.,Neglect of temporal variations and constraints.,The study's findings might not generalize to other cities or contexts.,The findings are specific to the context of Chicago.,The study does not provide direct comparisons across different contexts or time periods.,Use smaller spatial units like census blocks for detailed analysis.,Gather more detailed information on offenders' spatial awareness and prior experiences.,Incorporate spatial spillover effects and temporal considerations into models.,1. Total number of residents in the census block | Number; 2. Racial and ethnic composition of the population | Binary; 3. Age of offenders | Number; 4. Gender of offenders | Percentage; 5. Racial and ethnic background of offenders | Binary; 6. Racial and ethnic segregation | Binary; 7. Racial/Ethnic Composition | Number,7,NA,0,1. Land use and activities | Number,1,1. Accessibility of a block | Binary; 2. Euclidean Distance | Distance; 3. Accessibility Along Main Streets | Binary; 4. Proximity to El Stations | Binary; 5. Accessibility | Distance,5,NA,0,1. Presence of legal cash economies | Number; 2. Presence of illegal cash economies | Number; 3. Presence of high schools | Number; 4. Presence of El stations | Binary; 5. Social Barriers | Number; 6. Spatial Lags | Number; 7. pdf | Number,7,20,1. Total number of residents in the census block | Number; 2. Racial and ethnic composition of the population | Binary; 3. Age of offenders | Number; 4. Gender of offenders | Percentage; 5. Racial and ethnic background of offenders | Binary; 6. Presence of legal cash economies | Number; 7. Presence of illegal cash economies | Number; 8. Accessibility of a block | Binary; 9. Racial and ethnic segregation | Binary; 10. Presence of high schools | Number; 11. Presence of El stations | Binary; 12. Land use and activities | Number; 13. Euclidean Distance | Distance; 14. Accessibility Along Main Streets | Binary; 15. Proximity to El Stations | Binary; 16. Social Barriers | Number; 17. Accessibility | Distance; 18. Spatial Lags | Number; 19. Racial/Ethnic Composition | Number; 20. pdf | Number
Graffiti Writers Choose Locations That Optimize Exposure,NA,November 2017,Systematic Social Observation (SSO),Data and scripts available on https://github.com/KKural/SSO_graffiti,NA,"""We adopted street segments as our spatial unit of analysis, aligning with recent research advocating the use of street segments or similarly sized spatial units for analyzing crime and disorder.""",Theory–method,Street segments were chosen because they align with human observational limitations and are suitable for measuring exposure.,Belgium,Ghent,NA,Graffiti writing,NA,"12,655 graffiti instances across 2,233 street segments","12,655 graffiti instances",NA,Systematic Social Observation (SSO),Street segments as spatial units of analysis,Based on crowd-attracting facilities and exposure characteristics,"Restricted to Ghent city center, publicly accessible or visible locations",NA,Cross-sectional,Conditional logit,Maximum likelihood (implied),Model 2 has a lower AIC value compared to Model 1,NA,NA,"Presence of bars, night shops, residential units, schools, and street network centrality.","Increased probability for bars, night shops, residential units, schools, and street network centrality; decreased probability for trees.",Focus primarily on exposure; exclusion of variables due to inter-rater reliability issues.,Graffiti along railway tracks and in inaccessible locations.,Specific urban context; limited to Ghent city center.,Factors examined may not cover all motivations for graffiti writers.,NA,The findings are specific to the urban context of Ghent and may not generalize to other cities or contexts due to differences in graffiti culture and public perceptions.,"The findings are highly context-specific, as they are derived from a specific urban environment and may not apply to other settings.","The study does not provide a basis for comparison across different contexts or time periods, as it is focused on a specific urban environment.",Not mentioned.,Not mentioned.,Use qualitative research methods.,NA,0,NA,0,1. Residential Units | Number,1,1. Bridges | Distance; 2. Intersections | Distance; 3. Betweenness | Distance,3,NA,0,1. Presence of Schools | Number; 2. Bars | Number; 3. Night Shops | Number; 4. Nightclubs | Number; 5. Restaurants | Number; 6. Schools | Number; 7. Trees | Number; 8. Broken Windows | Number; 9. Street Segment Type | Binary; 10. Street Segments | Number; 11. Trams and Buses | Number; 12. Type of Street Segment | Binary; 13. Presence of Bars | Binary; 14. Presence of Night Shops | Binary; 15. Presence of Nightclubs | Binary; 16. Presence of Restaurants | Binary; 17. Presence of Schools | Binary; 18. Presence of Trees | Binary,18,22,1. Presence of Schools | Number; 2. Residential Units | Number; 3. Bars | Number; 4. Night Shops | Number; 5. Nightclubs | Number; 6. Restaurants | Number; 7. Schools | Number; 8. Trees | Number; 9. Broken Windows | Number; 10. Street Segment Type | Binary; 11. Street Segments | Number; 12. Bridges | Distance; 13. Intersections | Distance; 14. Trams and Buses | Number; 15. Betweenness | Distance; 16. Type of Street Segment | Binary; 17. Presence of Bars | Binary; 18. Presence of Night Shops | Binary; 19. Presence of Nightclubs | Binary; 20. Presence of Restaurants | Binary; 21. Presence of Schools | Binary; 22. Presence of Trees | Binary
HOW DO RESIDENTIAL BURGLARS SELECT TARGET AREAS? A New Approach to the Analysis of Criminal Location Choice,1996-2001,1996-2001,Haaglanden police force; statistical publications of the municipality of The Hague,Limited by a low detection rate of 7%,"4,952 residents",Not explicitly quoted,Data availability / Admin convenience,Chosen based on administrative boundaries and data availability from the municipality of The Hague,Netherlands,The Hague,Approximately 57.85 square kilometers,Residential burglary,NA,548 single-offender burglaries.,548.,290.,"Data on residential burglaries from police records in The Hague, 1996-2001.",Each burglary associated with all 89 neighbourhoods in The Hague.,All 89 neighbourhoods considered as potential alternatives for each burglary.,Excluded burglaries outside The Hague and multiple-offender burglaries.,NA,Cross-sectional,Conditional logit,Maximum likelihood,Not mentioned (no comparisons between different model specifications),Not mentioned (no discussion on how sample size affected model performance),NA,"Ethnic heterogeneity, percentage of single-family dwellings, proximity to the offender's home, number of residential units.","Increased ethnic heterogeneity and percentage of single-family dwellings increase the likelihood of selection. Proximity to the offender's home increases the likelihood, while proximity to the city center decreases it.",Low detection rate could bias results if related to location choice criteria; no systematic relationship found between neighbourhood characteristics and clearance rates.,Burglaries outside The Hague excluded due to lack of data on neighbourhood characteristics.,Limited to The Hague due to unavailability of data on other areas.,Assumption that all choice criteria are equally important for all burglars.,Not mentioned.,Limited to the city of The Hague; findings may not be generalizable to other cities due to differences in urban social structures.,Findings specific to The Hague; results may be influenced by unique city characteristics.,No comparison across different contexts or time periods.,The study suggests using neighborhood-level data for analysis.,The study implies the need for detailed data on neighborhood characteristics and offender attributes.,The use of the conditional logit model is recommended for its ease of estimation and interpretation.,1. Age of Burglar | Number; 2. Ethnic Origin of Burglar | Number; 3. Ethnic Heterogeneity | Index; 4. Ethnic Origin of Burglar | Binary,4,1. Average Residential Real Estate Value | Percentage; 2. Real Estate Value | Percentage,2,1. Residential Mobility | Number; 2. Number of residential units | Number; 3. Residential Mobility | Rate; 4. Number of Residential Units | Number,4,1. Proximity to Offender's Home | Distance; 2. Proximity to City Centre | Distance; 3. Distance Between Neighbourhoods | Distance; 4. Proximity to Burglar's Home | Distance,4,NA,0,1. Percentage of single-family dwellings | Percentage,1,15,1. Residential Mobility | Number; 2. Age of Burglar | Number; 3. Ethnic Origin of Burglar | Number; 4. Average Residential Real Estate Value | Percentage; 5. Percentage of single-family dwellings | Percentage; 6. Number of residential units | Number; 7. Proximity to Offender's Home | Distance; 8. Proximity to City Centre | Distance; 9. Distance Between Neighbourhoods | Distance; 10. Proximity to Burglar's Home | Distance; 11. Ethnic Heterogeneity | Index; 12. Residential Mobility | Rate; 13. Real Estate Value | Percentage; 14. Number of Residential Units | Number; 15. Ethnic Origin of Burglar | Binary
Investigating the effect of people on the street and streetscape physical environment on the location choice of street theft crime offenders using street view images and a discrete spatial choice model,2017-2018,"2016, 2017, 2019",Baidu Street View images; crime data from the police department of ZG city,Data is reasonably matched in time; no significant changes expected in the built environment,Not specified,Not explicitly stated,Not specified,Communities are used as spatial units likely due to their relevance for socioeconomic analysis and residence-crime proximity.,China,"ZG city, southeast China",NA,Street theft crime,NA,"2,519,440 observations.",1540 street theft crimes.,At least 1540 unique offenders.,Communities in ZG city serve as spatial units or alternatives.,"Communities are potential locations for crimes, with a dichotomous dependent variable.","Alternatives are communities that can be chosen for committing a crime, with the number varying by offender.",Excludes co-offending crimes and crimes by non-residents of ZG city.,NA,Cross-sectional,Conditional logit,Maximum likelihood,"Model 2 has a better fit than Model 1 based on log-likelihood, AIC, and pseudo R-squared values",NA,NA,"Number of people on the street, fences, plants, grasses, sidewalks, and proximity to the offender's residence.","More people on the street, fences, and plants increase choice probability; more grasses and sidewalks decrease it.",SVIs are static and cannot capture dynamic changes in on-street population.,"Small objects like broken windows, litter, and graffiti are not accounted for.",SVIs are limited by their static nature.,Uniform alternative set for offenders may not reflect individual preferences.,SVIs cannot capture temporal changes in on-street population.,"The findings are generally aligned with previous studies, but the study's focus on a specific city in China may limit generalizability to other contexts.","The study's findings are specific to the context of ZG city, and the use of Baidu Street View images may not be applicable in other regions where such data is not available or is less detailed.","The study does not compare across different cities or time periods, which could provide insights into how findings vary in different contexts.",Focus on community-level analysis.,Use SVIs and deep learning techniques for more accurate data.,Integrate image classification and object detection techniques.,NA,0,1. Percent lowly-rent houses | Percentage,1,NA,0,1. Offender Residence-Crime Proximity | Distance; 2. Residence-crime proximity | Distance,2,NA,0,1. Percent migrants | Percentage; 2. Number of people on the street | Number; 3. Fences | Percentage; 4. Walls | Percentage; 5. Windows | Percentage; 6. Grass | Percentage; 7. Sidewalks | Percentage; 8. Plants | Percentage; 9. Commercial interfaces | Percentage; 10. Shops facing the street | Number; 11. Buildings along the street | Number; 12. Streetlights | Number; 13. Surveillance cameras | Number; 14. Trees | Number; 15. Lawns | Number; 16. ATMs | Number; 17. Banks | Number; 18. Subway stations | Number; 19. Bus stops | Number; 20. Schools | Number; 21. Hospitals | Number; 22. Crime attractors | Number; 23. Crime generators | Rate; 24. Crime detractors | Number,24,27,1. Percent migrants | Percentage; 2. Number of people on the street | Number; 3. Percent lowly-rent houses | Percentage; 4. Fences | Percentage; 5. Walls | Percentage; 6. Windows | Percentage; 7. Grass | Percentage; 8. Sidewalks | Percentage; 9. Plants | Percentage; 10. Commercial interfaces | Percentage; 11. Shops facing the street | Number; 12. Buildings along the street | Number; 13. Streetlights | Number; 14. Surveillance cameras | Number; 15. Trees | Number; 16. Lawns | Number; 17. ATMs | Number; 18. Banks | Number; 19. Subway stations | Number; 20. Bus stops | Number; 21. Schools | Number; 22. Hospitals | Number; 23. Offender Residence-Crime Proximity | Distance; 24. Residence-crime proximity | Distance; 25. Crime attractors | Number; 26. Crime generators | Rate; 27. Crime detractors | Number
LEARNING WHERE TO OFFEND EFFECTS OF PAST ON FUTURE BURGLARY LOCATIONS,January 2007 to December 2012,First two years (2007-2008) for past burglaries; remaining years (2009-2012) for subsequent choices,Police-recorded burglary data from West Midlands police force; UK Land Registry; Department for Transport; 2001 UK census,NA,"Approximately 1,500 residents","""As a compromise, we decided to use the UK Census Lower Level Super Output Area (LSOA) geography as the basic spatial unit of analysis.""",Scale optimization / Prior research,"LSOAs were chosen for their balance in size and their alignment with social homogeneity measures, allowing for effective analysis of crime location choice and spillover effects.",United Kingdom,West Midlands,Not explicitly mentioned in km²; described in terms of population and households within LSOAs,Residential burglary,NA,"3,337 detected burglaries.","3,337 detected burglaries.",Not explicitly mentioned.,"Data from 3,337 detected burglaries in the West Midlands, UK, between 2007 and 2012.",UK Census Lower Level Super Output Area (LSOA) as the basic spatial unit of analysis.,"Each burglary is a discrete choice among 1,687 LSOAs.",Exclusion of burglaries committed by multiple offenders.,NA,Longitudinal,Multinomial logit,Maximum likelihood (implied),NA,NA,NA,"Recency of prior burglaries, spatial proximity to previous targets, distance from burglar's residence, number of households, house price, ethnic diversity, population turnover.",Recent prior burglaries and proximity increase choice probability; distance from residence decreases it.,Detected burglaries only; considered unsuccessful due to arrests.,Success of previous burglaries; prior home locations.,Police-recorded data; may not capture all burglaries.,Success/failure of previous burglaries not accounted for.,Fixed period for past burglaries; may not capture long-term patterns.,The study's findings might not generalize to other types of crimes or to different geographical contexts.,The findings are specific to the context of the West Midlands in the UK and may not apply to other regions or countries.,The study is limited to a specific time period (2007-2012) and does not allow for comparisons across different time periods or contexts.,Not explicitly mentioned.,Offender-based research to measure same-offender involvement.,Address potential unobserved heterogeneity.,1. Population Turnover | Percentage; 2. Ethnic Diversity | Index; 3. Population Turnover | Number; 4. Ethnic diversity | Number; 5. Population turnover | Number; 6. Population Turnover | Rate,6,NA,0,1. Accessible residential properties | Number,1,1. Distance to city center | Distance; 2. Distance to Offender's Residence | Distance; 3. Distance to City Center | Distance; 4. Distance to Residence | Distance,4,1. Temporal Categories | Number,1,"1. Total Number of Households | Number; 2. Average House Price | Number; 3. Connectors (e.g., transit lines) | Number; 4. Barriers (e.g., wide rivers) | Number; 5. Street permeability | Number; 6. Higher altitude | Number; 7. Train stations | Number; 8. Total number of households | Number; 9. Average house price | Number; 10. Presence of Train Stations | Binary; 11. Presence of Bus Stations | Binary",11,23,"1. Population Turnover | Percentage; 2. Ethnic Diversity | Index; 3. Total Number of Households | Number; 4. Average House Price | Number; 5. Population Turnover | Number; 6. Accessible residential properties | Number; 7. Connectors (e.g., transit lines) | Number; 8. Barriers (e.g., wide rivers) | Number; 9. Street permeability | Number; 10. Higher altitude | Number; 11. Train stations | Number; 12. Total number of households | Number; 13. Average house price | Number; 14. Ethnic diversity | Number; 15. Population turnover | Number; 16. Distance to city center | Distance; 17. Distance to Offender's Residence | Distance; 18. Distance to City Center | Distance; 19. Presence of Train Stations | Binary; 20. Presence of Bus Stations | Binary; 21. Temporal Categories | Number; 22. Distance to Residence | Distance; 23. Population Turnover | Rate"
Location Choice of Snatching Offenders in Chennai City,August 2010 to July 2017,"Not explicitly mentioned, but implied to be during the study period","State Crime Records Bureau, Tamil Nadu, India","Limited due to underreporting; only about 6-8% of theft victims report to the police, and only about one-third of reported snatching offenses are detected","Average population of 33,195 (range: 21,451 to 43,622)","""In terms of surface area, the wards are similar in size to neighborhoods or census tracts that have been used in crime location studies elsewhere""",Prior research,Wards were used as they are comparable to units used in other crime location studies.,India,Chennai City,2.18 km² (average surface area of 201 wards),Snatching (snatch theft),NA,1573 snatching offenses.,1573.,1152.,"Police-recorded snatching offenses from the State Crime Records Bureau, Tamil Nadu, India.",201 wards of Chennai City.,Each ward is a potential location for a snatching offense.,Data reflects only a small fraction of actual snatching offenses due to underreporting; focuses on detected offenses committed by offenders who lived in the study area.,NA,Cross-sectional,Conditional logit,Maximum likelihood,Model with logarithmic distance specification compared to model with untransformed distance.,Not mentioned.,NA,"Distance from home, prior offending locations.",Shorter distances and prior offending locations increase choice probability.,Police-recorded thefts grossly underestimate real numbers due to low reporting rates.,Data on snatching offenses only reflect a small fraction of actual offenses due to underreporting.,Police-recorded data may not accurately represent true crime situation.,Google Earth data do not differentiate facilities by size.,Study does not account for temporal variations in crime frequencies or location preferences.,High underreporting and potential selectivity jeopardize generalizations; findings may not be representative of all snatching incidents.,Findings are specific to Chennai City; need for replication in other contexts.,Need for replication in other contexts; operationalization of crime generators and attractors in non-western cultures is a challenge.,Analyze the impact of spatial units on findings systematically.,Collect detailed data on facilities and their sizes.,Use granular spatial units and analyze temporal variations.,1. Population size | Number; 2. Average population per ward | Number; 3. Age structure of offenders | Number; 4. Gender ratio of offenders | Percentage; 5. Ward Population | Number,5,NA,0,NA,0,1. Home-to-crime distance | Distance; 2. Journey to crime | Distance; 3. Distance to ward centroids | Distance; 4. Transport hubs | Number; 5. Public transport usage | Percentage,5,NA,0,"1. Retail businesses | Percentage; 2. Religious facilities (temples, churches, mosques) | Percentage; 3. Educational institutions (schools, colleges) | Percentage; 4. Marriage halls | Percentage; 5. Jewelry shops | Number; 6. Personal care facilities (barbershops, beauty parlors) | Number; 7. Restaurants | Number; 8. Medical facilities (hospitals, medical services) | Number; 9. Ward Area | Percentage; 10. 6 million | Number",10,20,"1. Population size | Number; 2. Average population per ward | Number; 3. Age structure of offenders | Number; 4. Gender ratio of offenders | Percentage; 5. Retail businesses | Percentage; 6. Religious facilities (temples, churches, mosques) | Percentage; 7. Educational institutions (schools, colleges) | Percentage; 8. Marriage halls | Percentage; 9. Jewelry shops | Number; 10. Personal care facilities (barbershops, beauty parlors) | Number; 11. Restaurants | Number; 12. Medical facilities (hospitals, medical services) | Number; 13. Home-to-crime distance | Distance; 14. Journey to crime | Distance; 15. Distance to ward centroids | Distance; 16. Transport hubs | Number; 17. Public transport usage | Percentage; 18. Ward Area | Percentage; 19. Ward Population | Number; 20. 6 million | Number"
Modeling Micro-Level Crime Location Choice: Application of the Discrete Choice Framework to Crime at Places,2002-2007,2002-2007 (inferred from study period),Police files from Haaglanden police force; public access data file from Statistics Netherlands,"Limited to cleared cases, which may introduce bias",18 residential units and 40 residents on average,"""The main criterion for choosing a particular unit of analysis is the theory to be tested. The unit of analysis should match the theory.""",Theory–method / Prior research,The spatial units were chosen to match the theory being tested and to follow recommendations for smaller units to better understand constituting elements and their relationships.,Netherlands,Greater The Hague Area,400 sq. km,Residential burglary,NA,"1,871 journey-to-burglary trips","1,311 burglaries","1,023 offenders",Random sampling,"Constructed from 23,984 postal code areas","Random sample of 1,499 alternatives from the full choice set",Cleared cases only,NA,Cross-sectional,Multinomial logit,Maximum likelihood,NA,Computational limitations due to large dataset size,NA,"Number of residential properties, proximity (negative log distance), ethnic composition.",Proximity increases choice probability; native Dutch burglars avoid ethnically mixed areas.,Selective sample of cleared cases may introduce bias.,Uncleared cases are not included in the analysis.,Limited data on postal code attributes.,Spatial competition model limitations in capturing environmental impacts.,Data from 2002-2007 may not reflect current trends.,Limited by geographic specificity to the Greater The Hague area.,Findings specific to the Greater The Hague area and its spatial dynamics.,Inability to compare across different contexts or time periods.,Use small spatial units like postal code areas for future research.,Implies need for detailed data at small spatial scales.,Suggests using models accounting for spatial competition and hierarchical decision-making.,1. Number of Residents | Number; 2. Age Composition | Percentage; 3. Ethnic Composition | Percentage; 4. Ethnic composition of population in postal code areas | Percentage,4,NA,0,1. Number of Residential Properties | Number; 2. Residential Units | Number; 3. Physical Barriers | Number; 4. Number of residential units in postal code areas | Number,4,1. Euclidean Distance | Distance; 2. Journey-to-Crime Distance | Distance; 3. Home-to-Target Distance | Distance; 4. Distance between burglar's home and target address | Distance,4,NA,0,1. Average Value of Properties | Number; 2. Spatial Competition | Percentage; 3. Spatial Competition Variable | Number; 4. Spatial competition variable | Number,4,16,1. Number of Residents | Number; 2. Age Composition | Percentage; 3. Ethnic Composition | Percentage; 4. Average Value of Properties | Number; 5. Number of Residential Properties | Number; 6. Residential Units | Number; 7. Spatial Competition | Percentage; 8. Euclidean Distance | Distance; 9. Physical Barriers | Number; 10. Journey-to-Crime Distance | Distance; 11. Spatial Competition Variable | Number; 12. Home-to-Target Distance | Distance; 13. Distance between burglar's home and target address | Distance; 14. Number of residential units in postal code areas | Number; 15. Ethnic composition of population in postal code areas | Percentage; 16. Spatial competition variable | Number
Modelling taste heterogeneity regarding offence location choices,April 2008 to March 2012,April 2008 to March 2012,Revealed preference data for SAC; 2011 UK Census; UK Land Registry,Limited to detected crimes within the study period; ignores undetected crimes or those before April 2008,NA,"""The alternatives in this analysis are output areas, herein referred to as neighbourhoods, which are the smallest units for which the variables in this study are available.""",Data availability / Theory–method,Chosen based on data availability and preference for finer spatial granularity,United Kingdom,York,270km²,Serious Acquisitive Crime (SAC),NA,"1,105 offence location choices.","1,105 SAC incidents.",498 unique offenders.,"Revealed preference data collection for SAC in York, UK.",Restricted to output areas (neighbourhoods) within York.,Output areas as smallest units for analysis.,Limited to city of York; one offender randomly selected from multiple-offender crimes.,NA,Cross-sectional,"Latent class logit (LCL), Mixed logit (ML), Conditional logit (CL)","Expectation-maximization (EM) for LCL, Maximum likelihood for CL, Hierarchical Bayes for ML",LCL and ML fit the data better than CL by a factor of around 4.5.,Not mentioned.,NA,"Distance from home, distance to city centre, socioeconomic heterogeneity, and previous offence locations.",Distance and distance to city centre generally have negative effects; socioeconomic heterogeneity and previous offence locations have positive effects.,"The data analyzed are reported, recorded, and detected crimes, which may not represent all crimes.",The analysis assumes offenders with one offence in the time period are not repeat offenders.,"The study relies on revealed preference data, which may not fully capture the decision-making process.","The study groups different types of offenders together, which may mask differences in behavior.",The study is limited to data from April 2008 to March 2012.,Grouping different offense types together may limit generalizability to specific types of offenders.,"Findings may be specific to the study context (York, UK).",The study's context specificity and dataset may limit comparisons across different contexts or time periods.,Use smaller spatial units for more accurate insights into social organization.,Use stated preference analyses to support findings.,Consider alternative decision rules like regret minimization.,1. Ethnic heterogeneity | Index; 2. Gender | Binary; 3. Age group | Binary,3,NA,0,1. Residential Churn | Index,1,1. Distance from the offender's home | Distance; 2. Distance from the city centre | Distance; 3. Road network data | Distance,3,NA,0,1. Affluence | Number; 2. Number of potential targets | Number,2,9,1. Ethnic heterogeneity | Index; 2. Residential Churn | Index; 3. Gender | Binary; 4. Age group | Binary; 5. Affluence | Number; 6. Number of potential targets | Number; 7. Distance from the offender's home | Distance; 8. Distance from the city centre | Distance; 9. Road network data | Distance
Modelling the spatial decision making of terrorists: the discrete choice approach,1969-1989,1970-1989,Existing dataset from social network analysis of PIRA's active core members; The Irish Times newspaper archives; NISRA; Conflict and Politics in Northern Ireland web service (CAIN),Limited by inability to attribute some attacks to specific individuals; smaller sample size compared to other studies,Not specified,"""As no sociodemographic variables were included in the analysis, it was deemed that SAs would be appropriate to use""",Data availability / Admin convenience,"SAs were chosen due to their suitability for statistical analysis and the lack of sociodemographic data, aligning with data availability and administrative convenience.",Northern Ireland,Belfast,NA,Terrorist attacks by the Provisional Irish Republican Army (PIRA),NA,150 attacks.,150 attacks.,127 PIRA members.,Retrospective sampling using existing datasets and newspaper archives.,"Constructed using 4537 ""small areas"" (SAs) in Belfast.",Based on geographical boundary data from NISRA.,"Restricted to PIRA members in Belfast, 1970-1989; excluded cases without accurate home locations or outside the study area.",NA,Cross-sectional,Conditional logit,Maximum likelihood estimation,NA,Sample size was sufficient but larger sample size would have been preferable,NA,"Distance from home, presence of major roads, presence of military bases or police stations.","Increased distance from home decreases choice probability; presence of major roads, military bases, or police stations increases choice probability.",Difficulties due to historical nature of records.,Unavailability of data on affluence levels and residential segregation.,Historical nature of records; unavailability of certain data.,Arbitrary areal unit boundaries; potential inaccuracy in characteristic data.,Retrospective nature limited data availability at small area level.,Limited to Belfast and PIRA members; replication needed in other cities and with different groups.,Findings specific to Belfast and PIRA context.,Restricted to one city and one terrorist group; difficult to compare across contexts or time periods.,Use smaller areal units to capture more detailed social context factors.,Gather more comprehensive data on terrorist activities and use mixed logit or latent class models for analysis.,Use spatiotemporal models and consider repeat victimization patterns.,NA,0,NA,0,1. Residential segregation | Percentage,1,1. Home-to-crime distance | Distance; 2. Distance to city center | Distance; 3. Euclidean distance | Distance; 4. Ghosh distance | Distance,4,NA,0,1. Number of PIRA members | Number; 2. Recognition as strangers | Binary; 3. Major Road | Binary; 4. Police Station | Binary; 5. Military Base | Binary; 6. River | Binary; 7. Major thoroughfares | Binary; 8. River as barrier | Binary,8,13,1. Number of PIRA members | Number; 2. Residential segregation | Percentage; 3. Recognition as strangers | Binary; 4. Major Road | Binary; 5. Police Station | Binary; 6. Military Base | Binary; 7. River | Binary; 8. Home-to-crime distance | Distance; 9. Distance to city center | Distance; 10. Euclidean distance | Distance; 11. Ghosh distance | Distance; 12. Major thoroughfares | Binary; 13. River as barrier | Binary
Relationships Between Offenders' Crime Locations and Different Prior Activity Locations as Recorded in Police Data,2009-2018,"Not explicitly mentioned, but inferred to be during the study period",New Zealand Police National Intelligence Application (NIA),Not publicly available; obtained with approval from the New Zealand Police Research Panel,"2000-4000 residents in urban areas, 1000-3000 residents in rural areas","""SA2s are comparable to the units used in other neighbourhood level DSCM studies (e.g., Clare et al. 2009;Townsley et al. 2015).""",Prior research / Practical constraint,"SA2s were chosen for their comparability to units used in other studies and to balance theoretical relevance, spatial spill-over, spatial heterogeneity, and computational processing.",New Zealand,Not specified (national scope),Median land area of SA2s = 1.2 km²,Residential burglaries,NA,"38,120","38,120","Approximately 60,000",Stratified importance sampling,"Included chosen SA2, SA2s with activity nodes within 5 km, and 10 randomly selected SA2s from those more than 5 km away",Stratified importance sampling,Nodes dated within 5 years of the reference offence; excluded certain types of offenses and records,NA,Cross-sectional,Conditional logit,Maximum likelihood,NA,NA,NA,"Proximity to activity nodes, frequency of visits, type of activity node (e.g., home vs. family homes).",Positive for proximity to activity nodes; offenders more likely to commit crimes closer to these locations.,"The data is a sample of each offender's true population of activity locations, indicating potential issues with data completeness and reliability.","Not all family members' addresses are recorded, and employment and education records are rare.","Crime and victimization locations depend on police reporting, which may not be comprehensive.",Lack of association between certain nodes and crimes suggests measurement issues or limitations in how these variables were defined or measured.,Not mentioned.,The results are likely to generalize to low population density jurisdictions but may not apply to other contexts.,The findings are specific to New Zealand's low population density context.,"The study does not compare across different contexts or time periods, limiting its ability to generalize findings.",Use of SA2s as spatial units.,Supplement police data with other administrative datasets.,Use mixed logit models to examine individual differences.,1. Population Density | Distance; 2. Household Size/Composition | Number; 3. Demographic Characteristics of Offenders | Number,3,NA,0,NA,0,1. Median Nearest Neighbor Distance | Distance,1,1. Prior crimes | Number; 2. Temporal Filter | Number; 3. Recency of Prior Crimes | Number,3,1. Number of dwellings | Number; 2. Total number of business units | Number; 3. Number of business units in industry categories | Number; 4. Number of business units in commercial or public industries | Number; 5. Schools | Number; 6. Spatial Unit | Number; 7. Opportunity | Number; 8. 1007/ s11896-022-09540-8 | Number,8,15,1. Population Density | Distance; 2. Household Size/Composition | Number; 3. Demographic Characteristics of Offenders | Number; 4. Number of dwellings | Number; 5. Total number of business units | Number; 6. Number of business units in industry categories | Number; 7. Number of business units in commercial or public industries | Number; 8. Schools | Number; 9. Prior crimes | Number; 10. Median Nearest Neighbor Distance | Distance; 11. Temporal Filter | Number; 12. Recency of Prior Crimes | Number; 13. Spatial Unit | Number; 14. Opportunity | Number; 15. 1007/ s11896-022-09540-8 | Number
Relative Difference and Burglary Location: Can Ecological Characteristics of a Burglar's Home Neighborhood Predict Offense Location?,January 2000 through September 2012,January 2000 through September 2012,Tampa Police Department; U.S. Census data,Limited to cleared burglaries; no information on 80% of burglaries not cleared,Not specified,"""We rely on block groups in order to minimize within neighborhood heterogeneity while also ensuring that there is neighborhood contextual data available.""",Practical constraint / Data availability,Block groups were chosen to reduce internal variability and ensure data availability.,United States,"Tampa, Florida",NA,Burglary,NA,"5,182 incidents.","7,124 burglary arrests.","6,846 unique suspects.","Comprehensive collection of all arrests for burglaries in Tampa, Florida, from January 2000 to September 2012.",Selecting a neighborhood out of 334 possible neighborhoods in Tampa.,Discrete choice model where each suspect selects a neighborhood from available options.,"Exclusion of cases with unknown or incorrect addresses, P.O. boxes, correctional facilities, and incidents where the suspect resides outside Tampa city limits; elimination of two outliers more than 20 miles from the suspect's home.",NA,Cross-sectional,Conditional logit,Maximum likelihood,"Implicit in the description of three models, but no explicit comparison of performance metrics","Large sample size (5,182 incidents, 6,846 suspects), likely sufficient for model estimation",NA,"Percentage of Black residents, concentrated disadvantage, residential stability, ethnic heterogeneity, distance from home.","Neighborhoods with more Black residents, higher disadvantage, lower residential stability are more likely to be targeted.",Lack of information on 80% of burglaries not cleared; potential bias in arrest data.,Age and criminal history of suspects; distinction between residential and commercial burglaries.,Arrest data only includes cleared burglaries.,No temporal variation or land use variations captured.,No temporal variation in neighborhood target attractiveness captured.,"The study is limited to the City of Tampa, Florida, which may not be representative of other cities or contexts.","The study's focus on Tampa, Florida, makes findings context-specific and not easily applicable to other areas.","The study does not account for variations in land use or temporal variations, affecting comparability.",Use block groups as a spatial unit for analysis.,Include information on unreported burglaries and detailed offender characteristics.,Incorporate additional variables and use advanced statistical models.,1. Percentage of Black Residents | Percentage; 2. Percentage of Latino Residents | Percentage; 3. Percentage of Residents Below Poverty | Percentage; 4. Racial/Ethnic Heterogeneity | Number,4,1. Median Income | Number,1,1. Residential Stability | Percentage; 2. Residential Instability | Number,2,1. Home-to-crime distance | Distance; 2. Euclidean distance | Distance; 3. Distance squared | Distance; 4. Distance Squared | Distance; 5. Centering of Distance Measures | Distance,5,NA,0,1. Single-Parent Households | Percentage; 2. Social Disorganization | Index; 3. Social Cohesion | Index; 4. Concentrated Disadvantage Index | Rate; 5. Median Home Value | Number; 6. Percentage of Unemployed | Percentage; 7. Percentage of Occupied Units | Percentage; 8. Routine Activities | Number; 9. Social Cohesion | Number; 10. Anonymity | Number; 11. Normalization of Data | Number; 12. Series of Models | Number,12,24,1. Residential Stability | Percentage; 2. Single-Parent Households | Percentage; 3. Percentage of Black Residents | Percentage; 4. Percentage of Latino Residents | Percentage; 5. Social Disorganization | Index; 6. Social Cohesion | Index; 7. Concentrated Disadvantage Index | Rate; 8. Median Income | Number; 9. Median Home Value | Number; 10. Percentage of Residents Below Poverty | Percentage; 11. Percentage of Unemployed | Percentage; 12. Percentage of Occupied Units | Percentage; 13. Routine Activities | Number; 14. Social Cohesion | Number; 15. Residential Instability | Number; 16. Racial/Ethnic Heterogeneity | Number; 17. Anonymity | Number; 18. Home-to-crime distance | Distance; 19. Euclidean distance | Distance; 20. Distance squared | Distance; 21. Normalization of Data | Number; 22. Distance Squared | Distance; 23. Centering of Distance Measures | Distance; 24. Series of Models | Number
Residential burglary target selection: An analysis at the property-level using Google Street View,2009,Around 2009,The Hague Police Force; Google Maps; Google Street View; Community survey by Bruinsma et al.,Limited by inability to capture isolated properties,Not specified,"Not explicitly quoted, but implied in the methodology",Theory–method,"The study focuses on property-level attributes, using a case-control design to isolate property-level effects from neighborhood-level effects.",Netherlands,The Hague,NA,Residential burglary,NA,"300 single houses (150 burglarized, 150 non-burglarized)",221 break and enter events during daylight hours,NA,Case-control design,Paired burglarized and non-burglarized properties within the same neighborhood,Random sampling from BAG single houses dataset,"Single-family homes, daylight hours only",NA,Cross-sectional (case-control design),Conditional logistic regression,Conditional maximum likelihood,NA,"Sample size is noted as ""rather low""",NA,"Surveillability, accessibility, ease of escape.",Increased surveillability decreases burglary likelihood; increased accessibility and ease of escape increase burglary likelihood.,"The study acknowledges limitations in capturing isolated properties due to Google Street View's inability to access these areas, leading to a biased sample.",Isolated properties cannot be coded due to Google Car limitations.,Google Street View cannot capture isolated properties.,Measurements may not capture all nuances from one-on-one interviews; equal importance assumption for items within constructs may not hold.,"Behavior may vary depending on the time of day, not explored in this study.",Limited generalizability due to non-representative sample and context-specific data collection methods.,"Findings may be specific to The Hague, Netherlands, and single-family homes.",No direct comparisons across different contexts or time periods.,Focus on micro-spatial scales.,Use GSV and address the limitation of capturing isolated properties.,Refine data collection techniques to reduce bias.,NA,0,1. Wealth | Distance,1,NA,0,1. Surveillability | Distance; 2. Accessibility | Distance; 3. Ease of Escape | Distance; 4. Distance to nearest main road | Distance; 5. Distance to nearest street corner | Distance,5,NA,0,1. Collective Efficacy | Number; 2. Social Trust | Number; 3. Informal Social Control | Number; 4. Number of escape routes | Number; 5. Property at end of row | Binary; 6. Number of boundaries shared with public areas | Number; 7. Property setback from street | Binary; 8. Presence of business | Binary; 9. Mixed land-use | Binary; 10. House type | Binary; 11. Fixed effects analysis | Number; 12. 1016/j.apgeog.2017.06.014 | Number,12,18,1. Collective Efficacy | Number; 2. Social Trust | Number; 3. Informal Social Control | Number; 4. Wealth | Distance; 5. Surveillability | Distance; 6. Accessibility | Distance; 7. Ease of Escape | Distance; 8. Distance to nearest main road | Distance; 9. Distance to nearest street corner | Distance; 10. Number of escape routes | Number; 11. Property at end of row | Binary; 12. Number of boundaries shared with public areas | Number; 13. Property setback from street | Binary; 14. Presence of business | Binary; 15. Mixed land-use | Binary; 16. House type | Binary; 17. Fixed effects analysis | Number; 18. 1016/j.apgeog.2017.06.014 | Number
"Right place, right time? Making crime pattern theory time-specific",2017,May to August 2019,Dutch police regions The Hague and North-Holland; online survey,Not shared due to privacy reasons,NA,"Not explicitly quoted, but implied by spatial accuracy and data availability",Data availability / Theory–method,"Neighbourhoods were chosen due to spatial accuracy and data availability, aligning with the study's theoretical framework",Netherlands,The Hague and North-Holland,"Median area of neighbourhoods: 3.37 km², 14.5 km², 55.6 km²",Multiple types,NA,71 crimes.,71 unique crimes.,30 unique offenders.,Online survey using police data on suspects from specific regions in the Netherlands.,"13,305 neighbourhoods in the Netherlands.",Based on regular visitation at same or different time of day as crime event.,"Offenders with at least one recorded offence in 2017, aged 18 or older, valid home address in the Netherlands, and only minor offences.",NA,Cross-sectional,Conditional logit,Bootstrapped standard errors,NA,Small sample size affected statistical significance,NA,Neighborhoods routinely visited at the same time of day as the crime event.,Increased likelihood of committing crimes in neighborhoods visited at the same time of day.,Uncertainty in recall accuracy from respondents' memory.,Small sample size of 71 offences.,"Data sourced from police register data, potentially not representative of broader offender population.",Retrospective survey with potential memory recall issues.,Tentative conclusions due to small sample size and potential selection bias.,Findings may not generalize to broader offender population or other regions.,Findings specific to minor offences and offenders in western Netherlands.,Limited to specific context; no comparison across different contexts or time periods.,Use detailed spatial scales such as neighborhoods to analyze crime patterns.,Utilize online survey instruments and consider smartphone applications or GPS-tracking data for future studies.,Enhance data collection by using more detailed temporal granularity and spatial accuracy.,NA,0,NA,0,1. Home occupancy in residential neighbourhoods | Number,1,1. Spatial Lags | Distance; 2. Neighbourhood Proximity | Distance,2,1. Neighbourhood routinely visited at same time of day as crime event | Binary; 2. Neighbourhood routinely visited at different time of day as crime event | Binary; 3. Time of day | Binary,3,1. Number of cars parked on a parking lot | Number; 2. Presence of locks and escape routes | Number; 3. Residences | Number; 4. Schools | Number; 5. Jobs | Number; 6. Sports activities | Number; 7. Shopping | Number; 8. Going out | Number; 9. Neighbourhoods of offenders' activity nodes | Number; 10. Geocoded Neighbourhoods | Number; 11. Crime committed in neighbourhood | Binary; 12. Pseudo-R 2 | Number,12,18,1. Home occupancy in residential neighbourhoods | Number; 2. Number of cars parked on a parking lot | Number; 3. Presence of locks and escape routes | Number; 4. Residences | Number; 5. Schools | Number; 6. Jobs | Number; 7. Sports activities | Number; 8. Shopping | Number; 9. Going out | Number; 10. Neighbourhoods of offenders' activity nodes | Number; 11. Spatial Lags | Distance; 12. Neighbourhood Proximity | Distance; 13. Geocoded Neighbourhoods | Number; 14. Neighbourhood routinely visited at same time of day as crime event | Binary; 15. Neighbourhood routinely visited at different time of day as crime event | Binary; 16. Time of day | Binary; 17. Crime committed in neighbourhood | Binary; 18. Pseudo-R 2 | Number
ROLE OF THE STREET NETWORK IN BURGLARS' SPATIAL DECISION-MAKING *,04/01/2004 to 03/31/2014,2011,Thames Valley Police; Ordnance Survey (OS); U.K. Land Registry; 2011 U.K. census,Limited by police recording and clearance; may not apply to all offenders,Not specified,"""For example, people do not navigate from one large area to another; they navigate along the road network. As such, a spatial resolution at this scale (e.g., street segment) should better capture the spatial logic of offender decision-making.""",Theory–method,"The choice of street segments is based on the theoretical understanding that offenders navigate along road networks, and this scale captures their decision-making logic better.",United Kingdom,"High Wycombe, Beaconsfield, Marlow",approximately 150 km²,Residential burglary,NA,459 choice observations (residential burglaries).,459 residential burglaries.,207 unique offenders.,"Data from residential burglaries in specific UK towns, focusing on street segments.","Roads and paths accessible to residential properties, excluding certain types.",Street segments within the study area meeting specific criteria.,Excluded offenses outside the study area or committed by individuals living outside.,NA,Cross-sectional,Mixed logit,Hierarchical Bayes (HB),ML models fit better than CL models based on RLH.,Not explicitly discussed.,NA,"Idiosyncratic betweenness, idiosyncratic farness, nonlocal pedestrian traffic, local pedestrian traffic, vehicular traffic.",Increased travel time decreases choice probability; increased familiarity increases choice probability; nonlocal pedestrian traffic increases burglary risk; local pedestrian traffic decreases burglary risk; vehicular traffic decreases choice probability.,Not all crimes are recorded or cleared by the police.,Estimates of social disorganization through systematic social observation were not collected.,Police data may only represent offenders who came to the attention of the police.,Simplified binary scale for local and nonlocal areas.,Data from a 10-year period may have temporal resolution issues.,Replication is needed to establish external validity.,The study's focus on a specific geographic area and time period may make the findings context-specific.,The study does not provide direct comparisons across different contexts or time periods.,Use finer spatial scales like street segments for more accurate analysis.,Use more diverse data sources to validate findings.,Use mixed logit models to capture individual variation.,1. Ethnic-heterogeneity | Index; 2. Population turnover | Number; 3. Ethnic heterogeneity | Index,3,NA,0,1. Residential mobility | Index,1,1. Estimated Travel Time | Number; 2. Euclidean Distance | Distance; 3. Network Distance | Distance; 4. Pedestrian Travel Time | Number; 5. Vehicular Travel Time | Number,5,NA,0,1. Socioeconomic heterogeneity | Index; 2. Affluence | Number; 3. Ambient Guardianship | Number; 4. Movement Potential | Number; 5. Through Movement | Number; 6. Activity Nodes | Number; 7. Road Network Configuration | Percentage; 8. Idiosyncratic Farness | Number; 9. Closeness Centrality | Number; 10. Number of dwellings | Number,10,19,1. Ethnic-heterogeneity | Index; 2. Socioeconomic heterogeneity | Index; 3. Population turnover | Number; 4. Residential mobility | Index; 5. Affluence | Number; 6. Ambient Guardianship | Number; 7. Movement Potential | Number; 8. Through Movement | Number; 9. Activity Nodes | Number; 10. Estimated Travel Time | Number; 11. Euclidean Distance | Distance; 12. Network Distance | Distance; 13. Road Network Configuration | Percentage; 14. Idiosyncratic Farness | Number; 15. Closeness Centrality | Number; 16. Pedestrian Travel Time | Number; 17. Vehicular Travel Time | Number; 18. Ethnic heterogeneity | Index; 19. Number of dwellings | Number
Situating Crime Pattern Theory Into The Explanation Of Co-Offending: Considering Area-Level Convergence Spaces,2013-2016,Not explicitly mentioned (inferred to be during or shortly after 2013-2016),Environmental Protection Agency; Baltimore City Police Department; Baltimore City Open Data Portal; U.S. Census Bureau; American Community Survey,Limitations include exclusion of crimes not reported to the police and potential incomplete geocoding of arrests,Average of 953 residents,"""Importantly, in a city context (as opposed to suburban or rural locales), a census block is generally a small area (typically a street-bounded block) and using this unit is consistent with prior work on the relationship between co-offending and neighbourhood context, which has relied on census tracts or blocks.""",Prior research,The choice of census block groups is based on their appropriateness for studying neighborhood-level phenomena and consistency with prior research.,United States,"Baltimore City, Maryland",.14 square miles (average size of a census block group),Group crime,NA,"68,393","6,249 incidents","14,222 arrested individuals involved in group crimes",Publicly available arrest data from Baltimore City (2013-16),Census block groups,All available arrest data within the specified time frame,Publicly available data; excludes crimes not leading to an arrest,NA,Cross-sectional,Not applicable (uses spatially lagged negative binomial regression),Maximum likelihood (implied),NA,NA,NA,"Number of bars, pedestrian-oriented street density, poverty, racial/ethnic heterogeneity.",Number of bars and pedestrian-oriented street density increase group crime rates; poverty increases group crime rates; racial/ethnic heterogeneity decreases group crime rates.,Undercounting of crime due to reliance on arrest data; potential for incorrect coding of solo crimes.,Incomplete geocoding due to missing or problematic location information.,Publicly available arrest data may not capture all criminal events.,Potential for incorrect coding of incidents as solo crimes.,Data limited to 2013-2016.,Findings are limited by focus on a single city and may not generalize to other contexts.,Findings may be specific to Baltimore City's unique design and connectivity.,No basis for comparison across different locales or time periods.,Use smaller microunits than census block groups.,Collect qualitative data on co-offending motivations and processes.,Use alternative data sources to overcome official records limitations.,1. Population Density | Number; 2. Ethnic Heterogeneity | Index; 3. Population Turnover | Percentage; 4. Population density | Number; 5. Ethnic heterogeneity | Index; 6. Racial/Ethnic Heterogeneity | Index,6,1. Poverty | Percentage,1,NA,0,1. Pedestrian-Oriented Street Density | Distance; 2. Auto-Oriented Street Density | Distance; 3. Auto-oriented street density | Distance; 4. Pedestrian-oriented street density | Distance,4,1. Spatial Lag Operator | Number,1,1. Schools | Number; 2. Bars | Number; 3. Transit Stations | Number; 4. Shopping Centers | Number; 5. Solo Crime Rate | Rate,5,17,1. Population Density | Number; 2. Ethnic Heterogeneity | Index; 3. Population Turnover | Percentage; 4. Schools | Number; 5. Poverty | Percentage; 6. Population density | Number; 7. Ethnic heterogeneity | Index; 8. Bars | Number; 9. Transit Stations | Number; 10. Shopping Centers | Number; 11. Pedestrian-Oriented Street Density | Distance; 12. Auto-Oriented Street Density | Distance; 13. Auto-oriented street density | Distance; 14. Pedestrian-oriented street density | Distance; 15. Spatial Lag Operator | Number; 16. Solo Crime Rate | Rate; 17. Racial/Ethnic Heterogeneity | Index
Spatial analysis with preference specification of latent decision makers for criminal event prediction,"July 1, 1997 to October 31, 1997","July 1, 1997 to October 31, 1997",Regional Crime Analysis Program (ReCAP); criminal incident reporting mainframe system (RAMS); census data; calculated distance values,NA,NA,"""The sub regions shown in Fig. 1 are block groups, which are the smallest areas, for which census counts are recorded.""",Data availability / Admin convenience,Block groups were used due to their alignment with census data availability and their suitability for representing spatial alternatives within the study area.,United States,"Richmond, VA",NA,Residential Breaking and Entering (B & E),NA,Over 1200 crime observations,Over 1200,NA,Importance sampling technique,Aggregated into 2517 regular grids,Aggregated into grids and importance sampling,"Focus on B & E incidents from July 1, 1997, to October 31, 1997, in Richmond, VA",NA,NA,Multinomial logit,Not explicitly mentioned (typically maximum likelihood for multinomial logit),Uniform spatial choice model and distinct spatial choice model outperform hot spot model,NA,NA,Feature values attached to spatial alternatives and specified preferences of decision makers.,Increase probability of correct location choice.,Limited toolsets for analysis.,Characteristics of individuals and choice sets are not directly observed.,Attributes derived from census data and distance values may be correlated.,Large number of alternatives and attributes makes measurement challenging.,Focus on past data for prediction may imply temporal resolution issues.,"Models developed using data from a specific context, limiting applicability to other areas.","Findings specific to Richmond, VA; may not generalize to other areas.",Limited comparison to hot spot methods; no comprehensive comparison across contexts or time periods.,The paper suggests focusing on finer spatial scales to better capture criminal decision-making processes.,Future research should improve data collection and analytical methods to better capture criminal decision-making processes.,The study suggests improving analytical approaches by refining the models and incorporating more detailed spatial data.,NA,0,NA,0,1. FAM.DENSITY | Density,1,1. D.HIGHWAY | Distance; 2. D.HOSPITAL | Distance; 3. Distance Values | Distance,3,1. Time | Number,1,1. P.CARE.PH | Number; 2. Location | Number; 3. Census Data | Number,3,8,1. P.CARE.PH | Number; 2. FAM.DENSITY | Density; 3. D.HIGHWAY | Distance; 4. D.HOSPITAL | Distance; 5. Time | Number; 6. Location | Number; 7. Census Data | Number; 8. Distance Values | Distance
TARGET CHOICE DURING EXTREME EVENTS: A DISCRETE SPATIAL CHOICE MODEL OF THE 2011 LONDON RIOTS *,August 2011,August 2011 (implied),Metropolitan Police Service; 2001 U.K. Census; Index of Multiple Deprivation (IMD) 2010; U.K. Office for National Statistics,Data regarding police activity was unavailable for analysis,"Approximately 1,500 residents","""The advantage of smaller sized units of analysis in the discrete choice approach is that the explanatory variables are more representative of the population and characteristics of each area.""",Data availability / Practical constraint,LSOAs were chosen due to their availability in the UK census data and their suitability for representing detailed population characteristics.,United Kingdom,London,Not explicitly mentioned in km²,Riot-related incidents,NA,"2,299 records with both residential and offense locations.","3,914 total riot-related incidents.","Not explicitly mentioned, but each offender appears only once in the data.",Comprehensive collection of all riot-related incidents detected by the police in London during August 2011.,U.K. census Lower Super Output Areas (LSOA) as alternatives.,LSOAs within Greater London as spatial units for analysis.,"Focus on riot-related incidents detected by the police, data from August 6-11, 2011.",NA,Cross-sectional,Conditional logit,Maximum likelihood,Results are robust to inclusion of additional variables,NA,NA,"Proximity to home, schools, transport hubs, retail facilities, previous rioting activity, deprivation, population churn.","Increased likelihood for areas close to home, with schools, transport hubs, retail facilities, and previous rioting; decreased likelihood for crossing the Thames River.",Use of 2001 census data for estimating ethnic diversity and population churn.,Unavailability of data on police activity.,Reliance on 2001 census data for social demographics.,Potential for unobserved heterogeneity in measuring recent activity.,"Focus on August 6-11, 2011.",The findings are based on a specific event and may not generalize to other contexts or types of civil disorders.,The findings are specific to the 2011 London riots and may not apply to other riots due to unique contextual factors.,The study does not compare findings across different riots or contexts.,Use smaller spatial units like LSOAs for more representative data.,Include data on police resource allocation and social media influence.,Use discrete choice approaches for analyzing offender spatial decision making.,1. Population Churn Rates | Rate; 2. Ethnic Heterogeneity | Index; 3. Age Distribution | Number; 4. Population Density | Number,4,NA,0,NA,0,1. Propinquity | Distance; 2. Transport Hubs | Number; 3. Home-to-crime distance | Distance; 4. Distance to city center | Distance,4,1. Prior Offenses | Number,1,1. Number of Schools | Number; 2. Social Disorganization | Number; 3. Index of Multiple Deprivation (IMD) | Index; 4. Routine Activity Nodes | Number; 5. Retail Centers | Number; 6. Schools | Number; 7. River Thames | Number; 8. Presence of underground station | Binary; 9. Thames River barrier | Binary; 10. Contagion measure | Number; 11. Contagion | Number; 12. Discrete Choice Approach | Number; 13. Deprivation | Index; 14. McFadden Pseudo R-squared | Number; 15. 1111/1745-9125.12004 | Number,15,24,1. Population Churn Rates | Rate; 2. Ethnic Heterogeneity | Index; 3. Number of Schools | Number; 4. Age Distribution | Number; 5. Propinquity | Distance; 6. Social Disorganization | Number; 7. Index of Multiple Deprivation (IMD) | Index; 8. Routine Activity Nodes | Number; 9. Transport Hubs | Number; 10. Retail Centers | Number; 11. Schools | Number; 12. River Thames | Number; 13. Home-to-crime distance | Distance; 14. Distance to city center | Distance; 15. Presence of underground station | Binary; 16. Thames River barrier | Binary; 17. Contagion measure | Number; 18. Prior Offenses | Number; 19. Contagion | Number; 20. Discrete Choice Approach | Number; 21. Deprivation | Index; 22. Population Density | Number; 23. McFadden Pseudo R-squared | Number; 24. 1111/1745-9125.12004 | Number
Target Selection Models with Preference Variation Between Offenders,2006-2009,2006-2009,"Recorded crime data from Brisbane, Australia; Australian Bureau of Statistics (ABS) 2006 Census",Data represents 22% of all recorded burglaries during this period,Not specified,Not explicitly stated,Data availability,SLAs were used due to data availability from the ABS census.,Australia,Brisbane,158 Statistical Local Areas (SLAs),Residential burglary,NA,2844 detected residential burglaries,2844,873,Random effects variant of the discrete spatial choice model,158 Statistical Local Areas (SLAs) in the Brisbane Local Government Area,Characteristics sourced from the Australian Bureau of Statistics (ABS) 2006 Census,Data represents 22% of all recorded burglaries; focuses on detected residential burglaries,NA,Cross-sectional,Mixed logit,Hierarchical Bayes,Mixed logit model provides a superior fit compared to the conditional logit model,NA,NA,Affluence was statistically significant in the mixed logit model. Residential mobility had different effects in the two models.,Proximity variables increased choice probability. Affluence increased choice probability in the mixed logit model. Residential mobility decreased choice probability in the mixed logit model.,Recorded crime data only reflects cleared residential burglaries.,Assumption that all offending trips originate from an offender's home location due to lack of nuanced data.,Measures of affluence and social cohesion derived from secondary data sources.,Use of median housing repayment and residential turnover as proxies.,No account for changes over time in offender preferences or behavioral rules.,Specific to Brisbane; use of secondary data sources may limit generalizability.,"Findings specific to Brisbane, Australia, during the study period.",Limited to Brisbane; mixed logit model may not be directly comparable to other studies.,Smaller spatial units or scales might be more effective in future work.,More nuanced data collection is needed to capture the environmental backcloth and individual preferences.,Use of mixed logit models over traditional conditional logit models.,1. Ethnicity/race | Number,1,NA,0,1. Residential mobility | Percentage; 2. Mean housing repayment | Number,2,1. City Center Proximity | Distance; 2. Proximity to city center | Distance; 3. Proximity | Distance; 4. Distance to crime | Distance,4,NA,0,1. Social cohesion | Number; 2. Collective efficacy | Number; 3. Number of households | Number; 4. Target Vulnerability | Percentage,4,11,1. Residential mobility | Percentage; 2. Social cohesion | Number; 3. Ethnicity/race | Number; 4. Collective efficacy | Number; 5. Mean housing repayment | Number; 6. Number of households | Number; 7. Target Vulnerability | Percentage; 8. City Center Proximity | Distance; 9. Proximity to city center | Distance; 10. Proximity | Distance; 11. Distance to crime | Distance
Testing Ecological Theories of Offender Spatial Decision Making Using a Discrete Choice Model,"January 1, 2001, to December 31, 2005","January 1, 2001, to December 31, 2005",Police data for detected crimes; GIS data for origin-destination flows,Crimes committed by offenders living outside the study area were excluded,"Approximately 1,524 people and 662 households","Not explicitly quoted, but implied due to data availability and administrative convenience",Data availability / Admin convenience,"LSOAs were likely chosen due to their standard use in UK census data and administrative convenience, although not explicitly justified in the paper.",United Kingdom,County of Dorset,Not explicitly mentioned in terms of square kilometers,Theft from vehicles (TFV),NA,721 choice observations or events.,721.,263 unique offenders.,"Data from detected incidents of theft from vehicles (TFV) in Dorset, UK.",U.K. census Lower Super Output Areas (LSOAs) as the unit of analysis.,Based on availability of geographical coordinates for offense and offender home locations.,Excluded crimes committed by offenders living outside the study area; randomly selected one offender's data when multiple offenders were involved.,NA,Cross-sectional,Conditional logit,Maximum likelihood estimation,NA,NA,NA,"Distance, presence of schools, proximity to city center, presence of train stations, connectivity via major roads, population turnover, and social heterogeneity.","Offenders prefer areas closer to home, with schools (for younger offenders), closer to city centers (for adult offenders), with train stations, and with higher connectivity. They also prefer areas with higher population turnover and social heterogeneity.",Dependency in data due to reoffending could lead to errors in statistical inference.,Crimes committed by offenders living outside the study area were excluded.,Indirect measures of socioeconomic heterogeneity and population turnover.,Number of registered vehicles and car parks may not reflect actual abundance.,Focus on a 5-year period.,"Study extends external validity by examining a new crime type and location, but exclusion of external crimes and focus on TFV may limit generalizability.","Findings specific to TFV in Dorset, UK; may not apply to other crimes or locations.",No direct comparisons across different contexts or time periods.,The study suggests using smaller spatial units like Lower Super Output Areas (LSOAs) for analysis.,Future research should collect data on routine activity nodes beyond home locations.,The study suggests using the discrete choice approach to examine offender decision-making.,1. Population density | Number; 2. Household size/composition | Number; 3. Population turnover | Percentage,3,NA,0,NA,0,1. City Centers | Distance; 2. Home-to-crime distance | Distance; 3. Distance to city center | Distance,3,NA,0,1. Socioeconomic Heterogeneity | Index; 2. Schools | Number; 3. Major Roads | Binary; 4. Train Stations | Binary; 5. Connectivity via major roads | Binary; 6. Adjacency | Binary; 7. Robust Standard Errors | Number; 8. Unit of Analysis | Number; 9. Random Utility Model | Number; 10. Interaction Terms | Number,10,16,1. Population density | Number; 2. Household size/composition | Number; 3. Population turnover | Percentage; 4. Socioeconomic Heterogeneity | Index; 5. Schools | Number; 6. City Centers | Distance; 7. Major Roads | Binary; 8. Train Stations | Binary; 9. Home-to-crime distance | Distance; 10. Distance to city center | Distance; 11. Connectivity via major roads | Binary; 12. Adjacency | Binary; 13. Robust Standard Errors | Number; 14. Unit of Analysis | Number; 15. Random Utility Model | Number; 16. Interaction Terms | Number
The Importance of Importance Sampling,2009-2018,"Not explicitly mentioned, but implied to be during the study period",New Zealand Police; Statistics NZ Census and Business Demography data,Data may not generalize to all offenders due to selection bias; not all activity nodes are recorded,"2000-4000 (metropolitan), 1000-5000 (rural)","""SA2s are comparable to the units used in other crime location choice studies""",Prior research,"SA2s were chosen because they are comparable to units used in other crime location choice studies, indicating a basis in prior research and methodological consistency.",New Zealand,National,Not explicitly given,Non-residential burglary and sexual offenses,NA,Random samples of 50% of the offenders within each offense type,NA,NA,"Distance importance sampling (DIS), simple importance sampling (SIS), and simple random sampling (SRS)",NZ Census Statistical Area 2 (SA2) as the set of locations from which an offense location could be chosen,DIS: all SA2s within 5 km of the offender's activity nodes and additional strata at increasing distances; SIS: all SA2s within 5 km and increased number of additional SA2s; SRS: random sampling based on smallest and largest sample sizes,Random samples of 50% of the offenders within each offense type,NA,Cross-sectional,Conditional logit,Maximum likelihood estimation,Importance sampling strategies compared to simple random sampling and full model.,"Not quantitatively measured, but discussed in terms of strategy impact.",NA,"Presence of activity nodes near potential crime locations, number of households in an area for residential burglary.",Presence of activity nodes increases choice probability.,Results may only generalize to identified offenders; data from solved cases may not represent all offenders.,Not all activity nodes of all offenders are included.,Data only includes solved cases.,None explicitly mentioned.,None mentioned.,"The findings may only apply to offenders who have been identified and proceeded against, and are limited by a single data source and country.",The findings are specific to the New Zealand context.,The study does not provide direct comparisons across different contexts or time periods.,Use larger datasets with more variables and granular spatial units.,Collect data that includes a wide array of activity nodes and opportunity variables.,Use importance sampling and explore new sampling methods for other models.,NA,0,NA,0,NA,0,NA,0,1. Day-of-week effects | Binary; 2. Time-of-day effects | Binary,2,1. Number of households in the SA2 | Number; 2. Number of business units in any industry | Number; 3. Number of business units for industries targeted in commercial robbery | Number; 4. Number of commercial or public business units | Number; 5. Number of households in SA2 | Number; 6. Number of business units for targeted industries | Number; 7. Presence of activity nodes in SA2 | Binary; 8. Year dummies | Binary; 9. Opportunity measures | Number,9,11,1. Number of households in the SA2 | Number; 2. Number of business units in any industry | Number; 3. Number of business units for industries targeted in commercial robbery | Number; 4. Number of commercial or public business units | Number; 5. Number of households in SA2 | Number; 6. Number of business units for targeted industries | Number; 7. Presence of activity nodes in SA2 | Binary; 8. Day-of-week effects | Binary; 9. Time-of-day effects | Binary; 10. Year dummies | Binary; 11. Opportunity measures | Number
THE INFLUENCE OF ACTIVITY SPACE AND VISITING FREQUENCY ON CRIME LOCATION CHOICE: FINDINGS FROM AN ONLINE SELF-REPORT SURVEY,2013-2016,"May, June, and September 2016",Police suspect information system; Online Activity Space Inventory Survey (OASIS),Limited by small sample size and low response rate; concentrated in urban areas in the western part of the Netherlands,"Median residential population of 675 (range: 0-28,120)","""Dutch neighbourhoods are the smallest statistical units for which Statistics Netherlands provides detailed information on structural and socio-economic features.""",Data availability / Theory–method,"Neighbourhoods were chosen due to data availability from Statistics Netherlands and their homogeneous character, which aligns with the theoretical framework.",Netherlands,Not specified (entire country),Not explicitly given (median neighbourhood size: 0.68 km²),"Multiple types (violent offences, thefts, vandalism, etc.)",NA,140 offences,140,78,Random sample from police suspect information system,"All 12,821 neighbourhoods in the Netherlands",Offence locations geocoded to neighbourhoods,"Recorded suspects of an offence in 2014, aged 18-26, valid home address in the Netherlands",NA,Cross-sectional,Conditional logit,Maximum likelihood,Model 2 fits better than Model 1,Not explicitly discussed,NA,Presence of any activity node and frequency of visits to these nodes.,Probability of targeting an area increases with presence of an activity node and frequency of visits.,Accuracy of reported information not always certain; difficulties in remembering details.,Online survey may not have captured all activity nodes; less important or less frequently visited nodes underreported.,Online survey limitations in capturing all relevant data.,Average visiting frequencies may not accurately reflect the time of the offence.,Concerns about accuracy of recalled information over a three-year period.,Limited to young adults and those known to the police; findings may not apply to all offenders.,Findings specific to young adult offenders in urban areas in the western part of the Netherlands.,No direct comparisons across different contexts or time periods.,The study suggests using more detailed spatial units to capture awareness spaces and travel paths.,The authors recommend using continuous GPS-tracking to gather detailed data on activity nodes and travel routes.,Future studies should aim to increase the quality and integrality of data on awareness spaces and offense locations.,1. Gender | Percentage; 2. Age | Number; 3. Residential Population Density | Distance; 4. Median Residential Population | Number; 5. Residential population density | Percentage,5,NA,0,1. Employee density | Percentage; 2. Dominant land use function | Binary,2,1. Employee Density | Distance; 2. Proximity to Residential Area | Binary; 3. Proximity to Activity Nodes | Binary,3,1. Time of Offense | Number; 2. Spatial Lag | Binary,2,1. Crime attractors | Binary; 2. Visiting frequency | Rate; 3. Neighbourhood Boundaries | Number,3,15,1. Gender | Percentage; 2. Age | Number; 3. Residential Population Density | Distance; 4. Employee Density | Distance; 5. Median Residential Population | Number; 6. Residential population density | Percentage; 7. Employee density | Percentage; 8. Dominant land use function | Binary; 9. Crime attractors | Binary; 10. Visiting frequency | Rate; 11. Proximity to Residential Area | Binary; 12. Proximity to Activity Nodes | Binary; 13. Neighbourhood Boundaries | Number; 14. Time of Offense | Number; 15. Spatial Lag | Binary
The usefulness of past crime data as an attractiveness index for residential burglars,2007-2015,2004-2006 (for past residential burglaries),Japanese national police register; 2010 Japanese national census data,Real estate value data not readily available,Not specified,"""Using grid cells as alternatives in the conditional logit model allows the unbiased comparison of alternatives, because the grid cells are equal in size.""",Data availability / Theory–method,"Grid cells were chosen for their equal size, allowing unbiased comparison in the model, and because physical boundaries do not significantly impact offender movement.",Japan,Sendai City,786 km²,Residential burglary,NA,369 solved cases,369,70,Spatial sampling using 500 m grid cells,"1,134 grid cells as alternatives",Grid cells with residential units,"Solved cases by solitary burglars starting after 2007, excluding duplicates and non-study area crimes",NA,Cross-sectional,Conditional logit,Maximum likelihood,NA,NA,NA,"Distance from offender's residence, number of residential units, proportion of single-family dwellings, number of past residential burglaries, past residential burglary rate.","Distance from residence decreases choice probability; number of residential units, proportion of single-family dwellings, number of past residential burglaries, and past residential burglary rate increase choice probability.",Errors in national census data due to blank returns or mistakes by respondents.,Real estate value of residences in Japan not readily available.,Difficulty defining a single city centre point in Japan.,Overestimation of past residential burglary rate in grid cells with few residential units.,Limited to Sendai City in Japan; may not be applicable to other areas or times.,The findings may not be applicable to all countries and cities due to differences in factors influencing crime.,"The findings are specific to Japan and Sendai City, which may limit their applicability to other contexts.",The study does not provide a basis for comparison across different contexts or time periods.,Consider optimal spatial units or scales.,Collect data on past crime rates and neighborhood characteristics.,Incorporate past crime data into geographic profiling models.,NA,0,1. Real Estate Value of Residences | Index,1,1. Number of residential units | Number; 2. Number of Residential Units | Number; 3. Road Structure | Rate; 4. Number of past residential burglaries | Number; 5. Past residential burglary rate | Rate,5,1. Distance from offender's residence | Distance; 2. Distance from city center | Distance,2,NA,0,1. Proportion of foreigners | Percentage; 2. Proportion of newcomers | Percentage; 3. Proportion of single-family dwellings | Percentage; 4. Proportion of Single-Family Dwellings | Percentage; 5. Crime Attractors | Number,5,13,1. Proportion of foreigners | Percentage; 2. Proportion of newcomers | Percentage; 3. Number of residential units | Number; 4. Proportion of single-family dwellings | Percentage; 5. Real Estate Value of Residences | Index; 6. Number of Residential Units | Number; 7. Proportion of Single-Family Dwellings | Percentage; 8. Crime Attractors | Number; 9. Road Structure | Rate; 10. Distance from offender's residence | Distance; 11. Distance from city center | Distance; 12. Number of past residential burglaries | Number; 13. Past residential burglary rate | Rate
Traveling Alone or Together? Neighborhood Context on Individual and Group Juvenile and Adult Burglary Decisions,January 2000 to September 2012,January 2000 to September 2012,Cleared burglaries; demographic and economic data from the US Census; arrest data for burglaries from the city police department,Limited by a clearance rate of around 20% in Tampa; may underestimate burglars who target locations further away,NA,"""because these are the smallest unit available where meaningful sociodemographic data are available""",Data availability,Block groups were chosen as the spatial unit of analysis because they are the smallest units available for meaningful sociodemographic data.,United States,"Tampa, Florida",NA,Burglary,NA,"4,920 burglary arrests.","7,124 burglary incidents.","9,288 unique suspects.",Discrete choice modeling framework using cleared burglaries over a 13-year period.,334 neighborhoods available for targeting.,Geocoded incident and home addresses.,"Excluded incidents with unknown addresses, outside city boundaries, and mixed adult/juvenile groups.",NA,Cross-sectional,Conditional logit,Maximum likelihood,Wald tests used for comparing groups,NA,NA,"Residence-to-crime distance, neighborhood characteristics related to social disorganization, racial/ethnic heterogeneity.",Adults target neighborhoods with higher concentrated disadvantage and racial/ethnic heterogeneity; juveniles target neighborhoods with higher Black population.,Reliance on arrest data with low clearance rates may lead to underestimation of burglars targeting distant locations.,"Lack of individual characteristics (race, criminal history), land use data, and residential/commercial target distinction.",Arrest data limited by low clearance rates.,No accounting for temporal variation in target attractiveness.,No consideration of temporal variation in target attractiveness.,"Findings may not generalize to other contexts or populations due to the specific focus on Tampa, Florida, and reliance on arrest data.","Findings are specific to the context of Tampa, Florida, and may not apply to other cities or regions.",Inability to account for different land uses or temporal variations limits comparisons across contexts or time periods.,Focus on small-scale urban planning using block groups as neighborhoods.,Detailed neighborhood data is important.,Use advanced statistical techniques like discrete choice modeling.,1. Racial/Ethnic Heterogeneity | Index; 2. Percent Black Residents | Percentage; 3. Percent Latino Residents | Percentage,3,NA,0,1. Percent Occupied Housing Units | Percentage; 2. Residential Stability | Percentage; 3. Residential Stability | Index,3,1. Euclidean Distance | Distance; 2. Average Distance Traveled | Distance; 3. Distance Squared | Distance,3,NA,0,1. Concentrated Disadvantage | Percentage; 2. Gini Coefficient | Index; 3. Activity spaces | Number; 4. Structural elements | Number; 5. Socially organized areas | Number; 6. Routine activities | Number; 7. Hangouts and loitering hotspots | Number; 8. Concentrated Disadvantage | Rate; 9. Racial Composition | Percentage; 10. Discrete Choice Modeling Framework | Number; 11. Seemingly Unrelated Estimation | Number,11,20,1. Racial/Ethnic Heterogeneity | Index; 2. Percent Occupied Housing Units | Percentage; 3. Percent Black Residents | Percentage; 4. Percent Latino Residents | Percentage; 5. Residential Stability | Percentage; 6. Concentrated Disadvantage | Percentage; 7. Gini Coefficient | Index; 8. Activity spaces | Number; 9. Structural elements | Number; 10. Socially organized areas | Number; 11. Routine activities | Number; 12. Hangouts and loitering hotspots | Number; 13. Euclidean Distance | Distance; 14. Average Distance Traveled | Distance; 15. Distance Squared | Distance; 16. Concentrated Disadvantage | Rate; 17. Residential Stability | Index; 18. Racial Composition | Percentage; 19. Discrete Choice Modeling Framework | Number; 20. Seemingly Unrelated Estimation | Number
Where Do Dealers Solicit Customers and Sell Them Drugs? A Micro-Level Multiple Method Study,NA,"April 2009 to May 2010 (interviews), April 23, 2009 to May 28, 2009 (systematic observations)",Interviews with dealers; systematic observations of street segments; supplement to interview for spatial aspects,NA,NA,"""The rationale was that for decision making in dealing situations, what matters are the characteristics of a place that can be seen or heard, and it seemed that street segments ('street blocks,' 'face blocks') are small enough to assure that from any point in the street segment, relevant attributes of any other point in the same segment could be seen and heard.""",Theory–method,Street segments were chosen because they are small enough to capture relevant environmental characteristics that influence drug dealing decisions.,Netherlands,"Amsterdam, Red Light District and neighboring area",Approximately 1 km²,Illicit drug dealing,NA,50 dealers interviewed.,"Not explicitly mentioned, but focuses on location choices of 50 dealers.",50 dealers.,Systematic observations of 262 street segments in downtown Amsterdam.,Street segments where dealers solicited customers and sold drugs.,Dealers' choices of street segments for soliciting and selling.,Focus on mobile dealers selling to strangers/tourists; exclusion of dealers selling through local networks.,NA,Cross-sectional,Multinomial logit,Maximum likelihood (likely),NA,NA,NA,"Potential customer density, social control.",Potential customer density increases choice probability; social control does not decrease it.,Small sample size affects statistical inference.,Limited access to certain types of dealers.,Study area and recruitment method limited access to certain dealers.,Street segments too coarse for stable characteristics.,Partial overlap of observation and interview periods.,Findings may not generalize well to other contexts or cities due to the specific characteristics of the Amsterdam Red Light District.,Highly specific to the Amsterdam Red Light District.,No basis for comparison across different contexts or time periods.,Use smaller spatial units than street segments.,More detailed data collection is recommended.,Use multiple methods to understand dealer behavior.,1. Gender | Percentage; 2. Age | Number; 3. Population Size | Number; 4. Population Distribution | Percentage,4,NA,0,1. Physical disorder | Number,1,1. Potential Customer Density | Distance; 2. Accessibility | Distance; 3. Accessibility of the location | Distance; 4. Average length of street segments | Distance,4,1. Time of Day | Number; 2. Day of Week | Number,2,"1. Marital Status | Percentage; 2. Birthplace | Percentage; 3. Education Level | Percentage; 4. Presence of Retail and Entertainment Businesses | Number; 5. Activity Level | Number; 6. Presence of retail and entertainment businesses | Number; 7. General activity level | Number; 8. Bars, clubs, coffeeshops, and smartshops | Number; 9. CCTV cameras | Number; 10. Territoriality | Number; 11. General activity level of the location | Number; 12. Social Control | Number; 13. Social Disorder | Number",13,24,"1. Gender | Percentage; 2. Age | Number; 3. Marital Status | Percentage; 4. Birthplace | Percentage; 5. Education Level | Percentage; 6. Population Size | Number; 7. Population Distribution | Percentage; 8. Potential Customer Density | Distance; 9. Presence of Retail and Entertainment Businesses | Number; 10. Accessibility | Distance; 11. Activity Level | Number; 12. Presence of retail and entertainment businesses | Number; 13. General activity level | Number; 14. Bars, clubs, coffeeshops, and smartshops | Number; 15. CCTV cameras | Number; 16. Territoriality | Number; 17. Physical disorder | Number; 18. Accessibility of the location | Distance; 19. General activity level of the location | Number; 20. Average length of street segments | Distance; 21. Time of Day | Number; 22. Day of Week | Number; 23. Social Control | Number; 24. Social Disorder | Number"
WHERE OFFENDERS CHOOSE TO ATTACK: A DISCRETE CHOICE MODEL OF ROBBERIES IN CHICAGO*,1996-1998,1996-1998,CPD records; U.S. Census Bureau; Chicago Police Department; Chicago Public Schools; Claritas; Sampson et al.,Excluded tracts with a population below 100; unable to identify repeat offenders across incidents,Excluded tracts with population below 100,"""the census tract was chosen as the spatial unit of analysis because it was the lowest level of aggregation for which the 'collective efficacy' measure was available and because computationally the use of the resource-intensive discrete choice model with smaller spatial units of analysis would have required a drastic reduction in sample size.""",Data availability / Practical constraint,Chosen due to data availability for collective efficacy measures and computational limitations with smaller units,United States,Chicago,NA,Robbery,NA,"9,000 (3,000 for development + 6,000 for testing).","75,078 incidents.","Not explicitly mentioned, but 18,017 offender-offense pairs.","Random sampling of 3,000 robbery cases for model development and another 6,000 cases for testing.",Based on 844 census tracts in Chicago.,"Based on characteristics of census tracts such as distance, racial and ethnic dissimilarity, and gang territorial dissimilarity.","Excluded cases where the robber was not non-Hispanic white, African American, or Hispanic, and excluded cases where the age of the offender was not recorded.",NA,Cross-sectional,Conditional logit,Maximum likelihood,Not mentioned (no comparisons between different model specifications),Not mentioned (no specific effects of sample size on model performance discussed),NA,"Distance from home, racial and ethnic dissimilarity, gang territorial dissimilarity, presence of drug markets, prostitution markets, high schools, retail activities, and collective efficacy.","Distance from home decreases choice probability; similarity in racial and ethnic composition, presence of drug markets, prostitution markets, high schools, and retail activities increase choice probability; collective efficacy decreases choice probability.",Exclusion of unreported robberies may underestimate the attraction value of illegal markets.,Unable to identify repeat offenders across multiple incidents.,Collective efficacy measure has greater error due to aggregation from survey data.,Collective efficacy measure's aggregation may introduce measurement errors.,Neglects temporal variation in robbery patterns.,Limited to Chicago; use of census tracts may affect generalizability.,Findings specific to Chicago's demographic and spatial context.,No direct comparisons across contexts or time periods.,Use smaller units of spatial aggregation.,Incorporate temporal data to improve understanding of spatial target selection.,Integrate journey to crime research with geographic distribution of criminal opportunities.,1. Population size | Number; 2. Racial and ethnic composition | Percentage; 3. Age of offenders | Number; 4. Sex of offenders | Number; 5. Racial and ethnic dissimilarity | Number,5,1. Retail employment | Density,1,NA,0,1. Home-to-crime distance | Distance; 2. Euclidean distance | Distance,2,1. Time and Place of Incident | Number,1,"1. Collective efficacy | Index; 2. Presence of illegal markets | Number; 3. Cash-intensive businesses (check-cashing outlets, ATMs, pawn shops, bars) | Number; 4. Deprived areas/cash economies | Number; 5. Check-cashing outlets | Number; 6. Automatic teller machines (ATMs) | Number; 7. Pawn shops | Number; 8. Bars and taverns | Number; 9. Drug markets | Number; 10. Prostitution markets | Number; 11. High schools | Number; 12. Retail activities | Number; 13. Collective efficacy | Number; 14. Adjacency | Binary; 15. Gang territorial dissimilarity | Number; 16. Cross-Validation | Number; 17. Collective Efficacy | Number; 18. Social Barriers | Index; 19. Attractive Targets | Number; 20. 1111/j.  1745-9125.2009.00140.x | Number; 21. pdf | Number",21,30,"1. Population size | Number; 2. Racial and ethnic composition | Percentage; 3. Collective efficacy | Index; 4. Age of offenders | Number; 5. Sex of offenders | Number; 6. Presence of illegal markets | Number; 7. Cash-intensive businesses (check-cashing outlets, ATMs, pawn shops, bars) | Number; 8. Deprived areas/cash economies | Number; 9. Retail employment | Density; 10. Check-cashing outlets | Number; 11. Automatic teller machines (ATMs) | Number; 12. Pawn shops | Number; 13. Bars and taverns | Number; 14. Drug markets | Number; 15. Prostitution markets | Number; 16. High schools | Number; 17. Retail activities | Number; 18. Collective efficacy | Number; 19. Home-to-crime distance | Distance; 20. Euclidean distance | Distance; 21. Adjacency | Binary; 22. Racial and ethnic dissimilarity | Number; 23. Gang territorial dissimilarity | Number; 24. Time and Place of Incident | Number; 25. Cross-Validation | Number; 26. Collective Efficacy | Number; 27. Social Barriers | Index; 28. Attractive Targets | Number; 29. 1111/j.  1745-9125.2009.00140.x | Number; 30. pdf | Number"
