"Title","Data_Collection_Period","Study_Period","Country","City_Region","Study_Area_Size_km2","Elicit_Study_Area_km2","Total_Units_Region","Average_Unit_Size_km2","Area_Calculation_Method","Area_Source","Population_per_Unit_Numeric","Crime_Type","Sample_Size_Numeric","Number_of_Crimes_Numeric","Number_of_Offenders_Numeric","Rationale_Category","Study_Design","Discrete_Choice_Model","Estimation_Method","Model_Comparison_Status","Sample_Size_Effects_Status","Robustness_Checks_Status","Scale_Recommendations_Status","Scale_Limitations_Status","Cross_Scale_Comparisons_Status","Quoted_Rationale","Justification_Summary","Sampling_Approach","Choice_Set_Definition","Alternative_Selection","Significant_Predictors","Effect_Directions","Data_Sources","Data_Availability","Data_Quality_Issues","Missing_Data_Issues","Data_Source_Limitations","Measurement_Issues","Temporal_Limitations","Generalizability","Context_Specificity","Comparative_Limitations","Spatial_Scale_Recommendations","Data_Collection_Suggestions","Methodological_Improvements","Demographic_Variables","Demographic_Count","Economic_Variables","Economic_Count","Environmental_Variables","Environmental_Count","Distance_Variables","Distance_Count","Temporal_Variables","Temporal_Count","Total_Variables"
"""Location, Location, Location"": Effects of Neighborhood and House Attributes on Burglars' Target Selection",NA,"2005-2014","Belgium","Ghent",156,NA,NA,NA,NA,NA,1287,"Burglary",679,679,577,"Theory-Method","Cross-sectional","Conditional Logit","Maximum Likelihood","Specified","Not Specified","Not Specified","Not Specified","Not Specified","Not Specified","""The neighborhoods in this study are similarly constructed to the areas used in most previous discrete spatial choice studies and are comparable or smaller in size.""","The spatial units were chosen for their comparability to previous studies and their suitability for analyzing burglary target choice at the residence level.","Combining data on burglaries with data on residences and neighborhoods in Ghent, Belgium, using a discrete spatial choice approach.","'Residence' as the main unit of analysis.","Discrete choice framework evaluating neighborhood and residence attributes.","Residential density, prior burglary activity, building construction type, number of residential units, rental status, distance from the offender's home.","Lower residential density, prior burglary activity, detached or single-unit buildings, renter-occupied residences, and proximity to the offender's home increase choice probability.","Police-recorded information on burglars and residential burglaries; Census information on residences and neighborhoods in Ghent, Belgium","Limited to cleared burglaries; potential biases in selection of burglars and burglaries","Potential selectivity in the sample due to selection criteria.","Lack of personal data on burglars; absence of certain residential features and situational cues.","Census data lacks relevant variables for burglary target selection.","Neighborhood and residence data not measured at the same time as burglaries.","Neighborhood and residence data only from 2011, not matching burglary period.","Findings may not be generalizable to other contexts or cities beyond Ghent, Belgium.","Findings are specific to the context of Ghent, Belgium.","Data collection at different times for burglary and neighborhood/residence data limits comparisons across time periods.","Not explicitly mentioned.","Not explicitly mentioned.","Not explicitly mentioned.","1. Population | Number; 2. Ethnic Heterogeneity | Percentage; 3. Household Size | Number; 4. Household Composition | Number; 5. Higher population turnover rates | Rate",5,"1. Rental Units | Percentage; 2. Rental Status | Binary; 3. Median income | Number; 4. Proportion rental units | Percentage; 5. Higher real estate values | Number",5,"1. Building Type | Binary; 2. Housing Characteristics | Binary",2,"1. Residential density | Distance; 2. Residential Density | Distance; 3. Distance | Distance; 4. Distance from offender's home | Distance",4,"1. Prior burglary in neighborhood | Binary",1,17
"A SENTIMENTAL JOURNEY TO CRIME: EFFECTS OF RESIDENTIAL HISTORY ON CRIME LOCATION CHOICE*",NA,"2004-2005","Netherlands","The Hague (Greater Area)",NA,NA,NA,NA,NA,NA,4900,"Multiple Types",3784,7179,3784,"Data Availability","Cross-sectional","Conditional Logit","Maximum Likelihood","Specified","Specified","Not Specified","Not Specified","Not Specified","Not Specified","""In terms of their size, shape, and topography, the postal code area is a useful approximation of the area one would expect people to be familiar with if they lived within it.""","Postal code areas are used because they are a practical and data-rich scale that reflects local familiarity and travel patterns","Random sample from police records","Each of the 4,000 postal code areas as potential alternatives for each offense","Based on offender's residential history and crime location","Current and former residential areas, duration of residence, recency of moving, proximity to these areas.","Living in an area increases the likelihood of committing a crime there; current residence has a stronger effect than former residence.","Police information system; population registration data (GBA); national database of demographic, social, and economic information on postal code areas","Reliable records of previous addresses; 85% of sample tracked back more than 5 years; 50% tracked back more than 10 years","Missing information on past home addresses could lead to conservative estimates.","Residential histories for some offenders could only be reconstructed for the last 2 years; exclusions due to missing data on past addresses.","Reliable records of previous addresses are a strength but not common in other countries.","Use of postal code areas as a proxy for familiarity.","Data availability limited to 1994 onward.","Limited to the Netherlands; may not generalize to other countries or contexts.","Findings specific to the Netherlands.","No direct comparisons across contexts or time periods.","Use more detailed data on activity patterns.","Incorporate locations of schools, workplaces, and other anchor points.","Incorporate detailed spatial data and activity patterns into analysis.","1. Population size | Number; 2. Population Size | Number",2,"1. Poverty level | Number; 2. Poverty Level | Number",2,"1. Residential addresses | Percentage",1,"1. Distance from home to crime location | Distance; 2. Proximity Hypothesis | Distance",2,"1. Time Since Moved Out of the Area | Binary",1,26
"A Time for a Crime: Temporal Aspects of Repeat Offenders' Crime Location Choices","2006-2009","2006-2009","Netherlands","The Hague (Greater Area)",2.96,NA,NA,NA,NA,NA,7000,"Multiple Types",12639,12639,3666,"Practical Constraint","Cross-sectional","Conditional Logit","Maximum Likelihood","Specified","Specified","Not Specified","Not Specified","Not Specified","Not Specified","""In previous studies, it was argued that four-digit postal code areas are well-suited for crime location choice research, as these administrative areas were constructed in such a way to have minimal travel restrictions for postal delivery services that usually travel on foot or bicycle.""","Four-digit postal code areas were chosen because they are well-suited for crime location choice research, providing a practical and familiar scale for analysis.","Random sample of 10,000 suspects from The Hague Police Service registration data.","142 four-digit postal code areas in the greater The Hague area.","Postal code areas used as alternatives for each offense.","Timing of previous offenses within the week and day.","Offenders are more likely to return to previously targeted areas at similar times and days.","Dutch Suspect Identification System (HKS); nationwide citizen information system (BRP); Statistics Netherlands; LISA database","Limited by reliance on police data, which may introduce detection bias","Detection bias due to reliance on police data.","Data on nonarrested offenders.","Police data may not capture all crimes.","Assumption of learning from previous experiences not explicitly tested.","Potential issues with temporal resolution of crime timing.","The findings may not generalize to nonarrested offenders due to potential differences in the probability of arrest.","The study's findings are based on data from the Netherlands, which may have specific cultural, legal, or environmental factors.","The study does not provide direct comparisons across different contexts or time periods.",NA,"Systematic observations of time-varying target attractiveness.","Incorporate cyclic time effects into predictive models.","1. Proportion of residents with a non-Western background | Percentage; 2. Population density | Distance",2,NA,0,NA,0,"1. Euclidean distance | Distance; 2. Distance within same postal code area | Distance; 3. Accessibility based on distance | Distance; 4. Transportation network accessibility | Distance; 5. Distance from current residential area to the target area | Distance",5,"1. Previous crime location on same weekday | Binary; 2. Previous crime location on different weekday | Binary; 3. Previous crime location on same weekend day | Binary; 4. Previous crime location on different weekend day | Binary; 5. Previous crime location on different week part | Binary; 6. Previous crime location with a . . . hour difference | Binary",6,19
"a_discrete_spatial_choice_model_of_burglary_target.pdf","2012","2006-2012","Belgium","East Flanders",3000,NA,NA,NA,NA,NA,NA,"Burglary",650,650,650,"Theory-Method","Cross-sectional","Conditional Logit","Maximum Likelihood","Not Specified","Not Specified","Not Specified","Not Specified","Not Specified","Not Specified","""The use of fine-grained spatial units of analysis such as the house that is burglarized has the advantage that it addresses the modifiable areal unit problem and reduces the risk of aggregation bias.""","Using houses as the spatial unit addresses methodological issues and aligns with the nature of burglary.","Simple random sampling","Every burglar can choose among 503,589 residential properties in East Flanders","Simple random sampling","Type of house (terraced vs. semi-detached), presence of a garage, presence of central heating or air-conditioning, distance from the offender's home.","Terraced houses, houses without a garage, houses without central heating or air-conditioning increase choice probability; distance from the offender's home decreases choice probability.","Belgian Federal Police; Belgian Land Registry",NA,"Selection effects in recorded crime data may overrepresent local burglars and underestimate remote targets.","Police files lack information on additional reference points or actual locations from which offenders left to commit offenses.","Registry data lacks information on apartments, limiting analyses to house burglaries.","Variables for rewards, efforts, and risks may not be effective indicators.",NA,"Limited to the Belgian province of East Flanders; focus on houses rather than apartments.","Findings specific to East Flanders, Belgium.","No direct comparisons across different contexts or time periods.","Use finer spatial units like the house level.","Explore additional house-level data sources like land registers or insurance companies.","Use variations of the nested logit model.","1. Population size | Number; 2. Age of burglars | Number; 3. Gender of burglars | Percentage; 4. 5 million inhabitants | Number",4,NA,0,NA,0,"1. Journey-to-crime distance | Distance; 2. Average journey-to-crime distance | Distance; 3. Shortest travel path | Distance; 4. Temporally optimized distance | Distance",4,NA,0,14
"Adolescent offenders' current whereabouts predict locations of their future crimes","2008-2011","Approximately 4 years","Netherlands","The Hague",NA,NA,NA,NA,NA,NA,NA,"Multiple Types",843,165,70,"Practical Constraint","Panel","Conditional Logit","Maximum Likelihood","Specified","Not Specified","Not Specified","Not Specified","Not Specified","Not Specified",NA,"The grid cell system was likely chosen for consistency with prior research and practical constraints.","Cohort study of adolescents in The Hague, collecting hourly whereabouts over four days.","Grid of 4558 locations (67 × 67 = 5092 grid cells minus 544 on the North Sea).","Spatial choice model where offenders choose from the grid.","Activity space and prior crime locations.","Increase choice probability.","Space-time budget interviews; Police records from HKS information system; Points of interest data from LISA","Limited due to underreporting and low clearance rates in police data","Police data are incomplete due to underreporting and low clearance rates.","Unreported crimes and offenders not apprehended are missing from police data.","Space-time budget data is limited by high fieldwork costs and participants' memory limitations.","Measurement of whereabouts was limited to October-May, missing seasonal variations.","Short observation period of four days and fixed one-hour slots.","Findings may not generalize due to focus on adolescents and incomplete police data.","Findings specific to The Hague context.","No basis for comparison across contexts or time periods.","Not mentioned.","Not mentioned.","Not mentioned.","1. Gender | Binary; 2. Ethnic background | Binary; 3. Age structure | Binary",3,NA,0,NA,0,"1. Distance from Activity Space | Distance; 2. Distance from Prior Crime | Distance; 3. Contiguity Order | Distance",3,"1. Prior crime locations | Binary; 2. Day-of-week weighting | Number; 3. Time elapsed since interview | Number",3,22
"Ambient population and surveillance cameras: The guardianship role in street robbers' crime location choice","12-18 May 2016 (for mobile phone data)","2012-2016","China","Zg City",1971,NA,NA,NA,NA,NA,NA,"Robbery",4358,11455,7124,"Data Availability","Cross-sectional","Conditional Logit","Maximum Likelihood","Not Specified","Not Specified","Not Specified","Not Specified","Not Specified","Not Specified","Not explicitly stated","Communities are used as spatial units likely due to administrative relevance and data availability.","Arrested street robbers and their offenses from 2012 to 2016 in ZG City, China.","1971 communities in ZG City.","One community chosen out of 1971.","Ambient population and surveillance cameras.","Negative for both ambient population and surveillance cameras.","Crime data from ZG Municipal Public Security Bureau; mobile phone data; neighborhood characteristics data from ZG City; sixth census of China","11,455 arrest records; only 7860 records have a home address in the city","Only 7860 out of 11,455 arrest records had a home address in the city.","Random selection of one robber to represent multiple robbers in some cases.","Relies on arrest records from the ZG Municipal Public Security Bureau.","Use of mobile phone data to measure ambient population.","Data from 2012 to 2016.","The study's findings are specific to ZG City and may not generalize to other urban areas.","The study is conducted in a specific urban context in China with unique characteristics such as rapid urbanization.","The study does not provide a direct comparison with other cities or regions.","The study uses community-level data, suggesting that future research should consider similar spatial scales for analyzing crime location choice.","The use of mobile phone data for ambient population measurement is highlighted, suggesting its potential for future studies.","The study suggests integrating ambient population and surveillance cameras into discrete spatial choice models to improve explanatory power.","1. Ambient population | Number",1,"1. Economic Inequality | Number",1,"1. Types of housing | Binary; 2. Density of Road Network | Percentage; 3. Density of road network | Percentage",3,"1. Distance of Journey to Crime | Distance; 2. Bus Stops | Distance; 3. Transportation Hubs | Distance; 4. Subway Stations | Distance; 5. Distance of journey to crime | Distance; 6. Logged distance of journey to crime | Distance",6,NA,0,30
"Assessing the Influence of Prior on Subsequent Street Robbery Location Choices: A Case Study in ZG City, China",NA,"2016","China","Zg City",1.62,NA,NA,NA,NA,NA,NA,"Robbery",1262,1262,527,"Data Availability","Panel","Mixed Logit",NA,"Specified","Not Specified","Not Specified","Not Specified","Not Specified","Not Specified","Not explicitly provided","Administrative convenience and data availability","Detected robberies from the ZG City Public Security Bureau.","Pairs of prior and subsequent robberies for each repeat offender.","Prior and subsequent robbery locations for each offender.","Time interval between robberies, not being arrested in the act of a prior robbery.","Shorter time intervals and not being arrested increase the likelihood of returning to the same location.","ZG City Public Security Bureau; POI data from a navigation data company in China","Empirical crime research based on official police data is rare in China due to difficulty in accessing crime data","Difficulty in accessing crime data in China.","Omission of un-arrested robbers.","Reliance on official police data.","None explicitly mentioned.","None mentioned.","Findings may not be fully generalizable to other contexts due to unique Chinese social structure and spatial form.","Findings are specific to ZG City, China, and may not apply universally due to differences in social cohesion and policing strategies.","The study's context is specific to China, limiting comparisons with Western countries due to differences in social structure and policing.","Not explicitly mentioned.","Incorporate data from un-arrested robbers to improve model accuracy.","Address the nesting issue and incorporate data from un-arrested robbers.","1. Gender | Percentage; 2. Age | Percentage",2,NA,0,NA,0,"1. Distance of Journey to Prior Robbery | Distance; 2. Distance of Journey to Subsequent Robbery | Distance",2,"1. Time Interval Between Two Robberies | Number; 2. Not Arrested in the Act of Prior Robbery | Binary",2,36
"AWARENESS × OPPORTUNITY: TESTING INTERACTIONS BETWEEN ACTIVITY NODES AND CRIMINAL OPPORTUNITY IN PREDICTING CRIME LOCATION CHOICE","2009","2006-2009","Netherlands","The Hague, Rijswijk, And Leidschendam-Voorburg",1.68,NA,NA,NA,NA,NA,7700,"Any-Crime-Type Offences",13088,13088,5377,"Theory-Method","Cross-sectional","Conditional Logit","Maximum Likelihood","Not Specified","Not Specified","Not Specified","Not Specified","Not Specified","Not Specified","""These postal codes are therefore well suited for a crime location choice study, because most people will be familiar with these areas when living there or (frequently) visiting the area.""","Four-digit postal code areas were chosen because they are familiar to residents and visitors, making them suitable for analyzing crime location choice.","Random sampling of offenders with at least one registered crime incident in 2009.","76 postal code areas as alternatives for each crime incident.","Alternatives selected based on availability of community survey data.","Residential areas of offenders and family, number of bars/restaurants/hotels, collective efficacy.","Residential areas increase targeting likelihood; high collective efficacy decreases it; bars/restaurants/hotels increase targeting in non-residential areas.","Police information system; Population registration data (BRP); LISA data; Community survey (SPAN project)","3696 questionnaires returned; Postal codes with sufficient residents included","Not explicitly mentioned.","No data available to precisely map awareness spaces of individual offenders.","Use of four-digit postal codes may be too large for theoretical models.","Study did not include other types of criminal opportunity.","Not explicitly mentioned.","Limited to three municipalities in the greater The Hague area in the Netherlands; may not be representative of other areas, especially rural ones.","Findings may not be applicable to rural areas.","Mechanisms may differ between countries, indicating a potential limitation in comparative validity across different national contexts.","Smaller spatial units may better fit theoretical models.","More precise data collection is needed to map individual offenders' awareness spaces.","Use more complete and precise measures for awareness and opportunity.","1. Population size | Number; 2. Proportion of residents with a non-western background | Percentage; 3. Age of offenders | Number; 4. Gender of offenders | Percentage",4,NA,0,NA,0,"1. Euclidean Distance | Distance; 2. Average Distance Replacement | Distance; 3. Travel Restrictions | Number; 4. Distance between the offender's residential area and the crime location | Distance",4,"1. Previous crime location | Binary",1,17
"BITING ONCE, TWICE: THE INFLUENCE OF PRIOR ON SUBSEQUENT CRIME LOCATION CHOICE *",NA,"2006-2009","Netherlands","The Hague (Greater Area)",2.96,NA,NA,NA,NA,NA,7000,"Multiple Types",12639,12639,3666,"Theory-Method","Longitudinal","Conditional Logit","Maximum Likelihood","Specified","Not Specified","Not Specified","Not Specified","Not Specified","Not Specified","""A four-digit postal code area is a useful and plausible indication of the area people are expected to be familiar with when for instance living in or (regularly) visiting that area because 1) Dutch postal code areas are designed to have minimal travel restrictions for postal delivery services usually traveling on foot or bicycle, and 2) the size of a postal code area is inversely related to its level of urbanization that matches the geographic coverage of residents.""","Four-digit postal code areas are used because they are considered a familiar scale for individuals and match urbanization patterns, making them appropriate for studying crime location choices.","Random sample of 10,000 offenders from a police information system, with 3,666 included after exclusions.","Geographical set of alternatives from 142 four-digit postal code areas in the greater The Hague area.","Offender's choice of area for committing a crime.","Prior crime locations, distance to prior crime locations, recency of prior crimes, frequency of crimes in an area, type of crime.","Prior crime locations increase choice probability; distance to prior crime locations decreases choice probability.","Police information system used by the greater The Hague Police Service","Limited to cleared offense data from police records, which might suffer from detection bias","Detection bias due to reliance on cleared offense data.","Crimes committed outside the study area not accounted for.","Limited to greater The Hague area, largely urban.","Four-digit postal code areas may be too large.","Not explicitly mentioned.","Findings might not generalize to other regions, especially rural areas.","Findings are specific to the greater The Hague area.","No basis for comparison across different contexts or time periods.","The study suggests using larger areas to increase generalizability.","The authors recommend collecting data on offenders' daily routines and locations.","The study suggests using offender-based research methods to gather more detailed data.","1. Proportion of Residents with a Non-Western Ethnic Background | Percentage; 2. Proportion of residents with a non-Western ethnic background | Percentage; 3. Population Density | Distance; 4. Proportion of Non-Western Residents | Percentage",4,NA,0,"1. Residential Area Variables | Percentage",1,"1. Distance to Prior Crime Location | Distance; 2. Distance from Residential Area to Target Areas | Distance",2,NA,0,19
"Burglar Target Selection: Australia Study (Brisbane)",NA,NA,"Australia","Brisbane",NA,NA,NA,NA,NA,NA,NA,"Burglary",NA,276,NA,"Data Availability","Cross-sectional","Conditional Logit","Maximum Likelihood","Specified","Not Specified","Not Specified","Not Specified","Not Specified","Not Specified","""Study regions and their associated choice set geographies (NL-neighborhoods, UK-Super Output Areas [medium layer], AU-Statistical Local Areas) were selected based on equivalence in size of the known burglar population, number of targets (households) within each area, and total number of areas in a study region. (Australia context - Statistical Local Areas)""","Spatial units chosen based on equivalence in size of burglar population and number of targets for Australia context, likely due to data availability and administrative convenience.","Discrete spatial choice approach involving geographical units such as neighborhoods or suburbs.","Geographical units such as neighborhoods or suburbs selected based on equivalence in size and number of targets.","Based on geographical characteristics and presence of targets.","Proximity to home, proportion of single-family dwellings, number of households.","Positive for all significant predictors.","Australian Bureau of Statistics; Queensland Police Service","Limited by inconsistency in measuring residential real estate value across regions","Relies solely on cleared offense data, which may not accurately represent all criminal activity.","Indicator of ethnic heterogeneity unavailable for UK and Australia.","Police-recorded crime data may have nonprobabilistic sampling issues.","Assumption that crime trips originate from an offender's residence may not always be accurate.",NA,"Limited by reliance on cleared offense data and assumptions about crime trip origins; need for more study regions.","Findings specific to Brisbane, Australia context due to differences in target densities and Statistical Local Area characteristics.","Differences in measurement precision and data availability limit comparative analyses; constrained by lowest common denominator of data.","Use consolidated models for statistical comparisons across different environments.","Use administrative and census data to estimate the consolidated model.","Relax assumptions in the conditional logit model and use more complex models.",NA,0,"1. Residential Real Estate Value | Number",1,"1. Residential Mobility | Number; 2. Residential mobility | Percentage",2,"1. Proximity | Distance; 2. Proximity to City Center | Distance",2,NA,0,14
"Burglar Target Selection: Netherlands Study (The Hague)",NA,NA,"Netherlands","The Hague",NA,NA,NA,NA,NA,NA,NA,"Burglary",NA,276,NA,"Data Availability","Cross-sectional","Conditional Logit","Maximum Likelihood","Specified","Not Specified","Not Specified","Not Specified","Not Specified","Not Specified","""Study regions and their associated choice set geographies (NL-neighborhoods, UK-Super Output Areas [medium layer], AU-Statistical Local Areas) were selected based on equivalence in size of the known burglar population, number of targets (households) within each area, and total number of areas in a study region. (Netherlands context - Neighborhoods)""","Spatial units chosen based on equivalence in size of burglar population and number of targets for Netherlands context, likely due to data availability and administrative convenience.","Discrete spatial choice approach involving geographical units such as neighborhoods or suburbs.","Geographical units such as neighborhoods or suburbs selected based on equivalence in size and number of targets.","Based on geographical characteristics and presence of targets.","Proximity to home, proportion of single-family dwellings, number of households.","Positive for all significant predictors.","Municipal Agency for Urban Development (The Hague, Netherlands)","Limited by inconsistency in measuring residential real estate value across regions","Relies solely on cleared offense data, which may not accurately represent all criminal activity.","Indicator of ethnic heterogeneity unavailable for UK and Australia.","Police-recorded crime data may have nonprobabilistic sampling issues.","Assumption that crime trips originate from an offender's residence may not always be accurate.",NA,"Limited by reliance on cleared offense data and assumptions about crime trip origins; need for more study regions.","Findings specific to The Hague, Netherlands context due to differences in target densities and urban neighborhood structure.","Differences in measurement precision and data availability limit comparative analyses; constrained by lowest common denominator of data.","Use consolidated models for statistical comparisons across different environments.","Use administrative and census data to estimate the consolidated model.","Relax assumptions in the conditional logit model and use more complex models.",NA,0,"1. Residential Real Estate Value | Number",1,"1. Residential Mobility | Number; 2. Residential mobility | Percentage",2,"1. Proximity | Distance; 2. Proximity to City Center | Distance",2,NA,0,14
"Burglar Target Selection: United Kingdom Study (Birmingham)",NA,NA,"United Kingdom","Birmingham",NA,NA,NA,NA,NA,NA,NA,"Burglary",NA,276,NA,"Data Availability","Cross-sectional","Conditional Logit","Maximum Likelihood","Specified","Not Specified","Not Specified","Not Specified","Not Specified","Not Specified","""Study regions and their associated choice set geographies (NL-neighborhoods, UK-Super Output Areas [medium layer], AU-Statistical Local Areas) were selected based on equivalence in size of the known burglar population, number of targets (households) within each area, and total number of areas in a study region. (UK context - Super Output Areas)""","Spatial units chosen based on equivalence in size of burglar population and number of targets for UK context, likely due to data availability and administrative convenience.","Discrete spatial choice approach involving geographical units such as neighborhoods or suburbs.","Geographical units such as neighborhoods or suburbs selected based on equivalence in size and number of targets.","Based on geographical characteristics and presence of targets.","Proximity to home, proportion of single-family dwellings, number of households.","Positive for all significant predictors.","ONS (United Kingdom)","Limited by inconsistency in measuring residential real estate value across regions","Relies solely on cleared offense data, which may not accurately represent all criminal activity.","Indicator of ethnic heterogeneity unavailable for UK and Australia.","Police-recorded crime data may have nonprobabilistic sampling issues.","Assumption that crime trips originate from an offender's residence may not always be accurate.",NA,"Limited by reliance on cleared offense data and assumptions about crime trip origins; need for more study regions.","Findings specific to Birmingham, UK context due to differences in target densities and Super Output Area characteristics.","Differences in measurement precision and data availability limit comparative analyses; constrained by lowest common denominator of data.","Use consolidated models for statistical comparisons across different environments.","Use administrative and census data to estimate the consolidated model.","Relax assumptions in the conditional logit model and use more complex models.",NA,0,"1. Residential Real Estate Value | Number",1,"1. Residential Mobility | Number; 2. Residential mobility | Percentage",2,"1. Proximity | Distance; 2. Proximity to City Center | Distance",2,NA,0,14
"Burglars blocked by barriers? The impact of physical and social barriers on residential burglars' target location choices in China","2012-2016","2012-2016","China","Zg City",2.74,NA,NA,NA,NA,NA,NA,"Burglary",3860,3860,3772,"Data Availability","Cross-sectional","Conditional Logit","Maximum Likelihood","Specified","Not Specified","Not Specified","Not Specified","Not Specified","Not Specified","""Communities have a relatively homogeneous population and their average size is 2.74 km-sq., which closely resembles the size of the units of analysis in many other crime location choice studies (e.g., Menting et al., 2016).""","Communities were chosen due to their homogeneous population and consistency with other studies.","The study used data on 3860 residential burglaries committed by 3772 burglars, focusing on arrested offenders only.","Choice sets were constructed by considering physical barriers between the centroid of a burglar's residential community and potential target communities.","Alternatives were selected based on physical barriers between origin and destination.","Distance from home, physical barriers (rivers and major roads), social barriers (local vs. nonlocal communities).","Physical barriers decrease targeting likelihood; being closer to home increases targeting likelihood.","The Municipal Public Security Bureau of ZG city; census data from 2010","Limited to arrested burglars; data from non-arrested burglars not included","Limited to arrested burglars, which may not represent all burglars.","Lack of direct income level data; substituted with indirect measures.","Temporal mismatch between census data (2010) and burglary data (2012-2016).",NA,"Temporal mismatch affects social barrier and control variables.","The findings are specific to arrested burglars in ZG city and may not generalize to all burglars in the city or to other contexts.","The study's findings are specific to the Chinese context, particularly the distinction between local residents and domestic migrant workers.","The study uses census data from 2010 for analysis of data from 2012 to 2016, introducing a temporal mismatch that limits comparisons across time periods.","Consider the impact of physical and social barriers at various scales.","Include more direct measures of wealth and address temporal mismatches in data collection.","Improve analytical approaches by including non-arrested burglars and addressing data limitations.","1. Proportion of local residents with ZG city Hukou status | Percentage; 2. Community categorization by majority population type (local, domestic migrant, mixed) | Binary",2,"1. Average rent price | Number; 2. Rent categories (no rent, low, medium, high) | Binary",2,"1. Physical Barriers | Number; 2. Building Type | Percentage",2,"1. Distance Measure | Distance; 2. Accessibility Measure | Distance; 3. Distance | Distance",3,NA,0,19
"CO-OFFENDERS' CRIME LOCATION CHOICE: DO CO-OFFENDING GROUPS COMMIT CRIMES IN THEIR SHARED AWARENESS SPACE?","2006-2009","2006-2009","Netherlands","The Hague (Greater Area)",2.96,NA,NA,NA,NA,NA,7000,"Burglary",2926,6283,4654,"Data Availability","Cross-sectional","Conditional Logit","Maximum Likelihood","Not Specified","Not Specified","Not Specified","Not Specified","Not Specified","Not Specified","""Since the four-digit postal code areas were designed to have minimal travel restrictions for postal delivery services travelling by bike or foot (Bernasco 2010b), it is plausible that those living in or frequently visiting such an area will be familiar with it.""","Chosen due to design for minimal travel restrictions, making them practical and convenient for analysis.","Started with a sample of 10,000 offenders from previous reports and excluded those not meeting specific criteria.","142 four-digit postal code areas of the greater The Hague region.","Geographical set of postal code areas.","Current home location, previous home locations, previous crime locations.","Areas known to multiple offenders are more likely to be targeted.","Police information system of the greater The Hague Police Service; population registration data (BRP); LISA database; Statistics Netherlands","Data not specifically sampled for co-offending; only police arrest data on cleared offences used; potential issues with incomplete data on offender groups","Police arrest data may over-represent co-offending; data biased due to differences between arrested and non-arrested offenders.","Lack of data on non-arrested offenders; potential overestimation of shared awareness space.","Reliance on police arrest data; only includes cleared offenses.","Awareness space measured using only home and crime locations; misses other areas like work or school.","Study limited to crimes between 2006 and 2009.","Limited to the greater The Hague region, which restricts generalizability to other areas.","Findings are specific to the greater The Hague region and may not apply elsewhere.","No direct comparisons across different contexts or time periods.","Study larger areas to generalize findings.","Interview offenders to gather more detailed information about their awareness spaces and co-offending networks.","Use more detailed spatial units or incorporate additional data sources.","1. Total number of residents | Number; 2. Number of residents with a non-Western ethnic background | Number; 3. Population density | Number",3,NA,0,NA,0,NA,0,"1. Previous Home Location | Percentage; 2. Previous Crime Location | Number; 3. Previous Crime Location | Binary",3,20
"Co-offending and the Choice of Target Areas in Burglary","1996-2004","1996-2004","Netherlands","The Hague",89,NA,NA,NA,NA,NA,4952,"Burglary",1174,1174,750,"Not specified","Cross-sectional","Conditional Logit","Maximum Likelihood","Not Specified","Not Specified","Not Specified","Not Specified","Not Specified","Not Specified",NA,"The use of residential neighborhoods as spatial units is likely due to data availability and administrative convenience, although not explicitly justified in the paper.","Comprehensive sampling of detected residential burglaries in The Hague from 1996 to 2004.","Neighborhoods as potential target areas based on distance from offender's home.","Based on distance and neighborhood characteristics like physical accessibility and social disorganization.","Physical accessibility, proximity to the home neighbourhood.","Increase choice probability.","Police force that services the greater The Hague area","Limited by a low detection rate of 7%","Low detection rate (7%) could bias results if related to location choice criteria.","Potential incompleteness of police data on number of offenders involved.","Reliance on police data with low detection rate and potential incompleteness.","Potential underestimation of co-offenders due to incomplete data.","Study covers 1996-2004, but no specific temporal issues mentioned.","Findings may not be generalizable to other cities or contexts.","Findings are specific to The Hague and may not apply to other cities or regions.","The study does not provide a basis for comparison across different cities or contexts.","Focus on neighborhood-level analysis.","Improve data on co-offending dynamics and non-arrested accomplices.","Address low detection rates and their impact.","1. Ethnic Heterogeneity | Percentage; 2. Number of Residents | Number",2,"1. Mean Income per Resident | Number",1,"1. Residential Mobility | Percentage; 2. Average Value of Residential Properties | Percentage",2,"1. [Social_Accessibility | Distance; 2. Home-to-crime distance | Distance; 3. Distance to city centre | Distance; 4. Physical accessibility | Percentage",4,NA,0,16
"Crime Feeds on Legal Activities: Daily Mobility Flows Help to Explain Thieves' Target Location Choices","Wednesday, December 28, 2016 (for mobile phone data)","2014-2016","China","Zg City",3000,NA,NA,NA,NA,NA,5956,"Theft",3436,3436,12670,"Theory-Method","Cross-sectional","Conditional Logit","Maximum Likelihood","Specified","Not Specified","Not Specified","Not Specified","Not Specified","Not Specified","""because census units have a size similar to those in comparable studies, because census units are approximately equally sized, and because in the study area they are relatively homogenous in terms of population composition.""","Census units were chosen for their similarity in size to previous studies, equal size, and homogeneity in population composition, aligning with theoretical and methodological considerations.","Census units were used as spatial units; initially 1891 units, but 275 were excluded due to limited mobility data, leaving 1616 units.","1616 census units as alternatives.","Based on crime generators and mobility flows.","Distance, mobility flows, subway stations, cinemas, hospitals, proportion of non-locals.","Stronger mobility flows increase targeting probability; distance remains significant despite reduced effect.","Crime data from police authorities of ZG City; Mobile phone location data from a major mobile phone service provider in China","Limited by exclusion of cases due to lack of geographic detail; Only 4G users' data from one mobile phone network provider","Exclusion of cases due to lack of geographic detail.","Exclusion of February data due to Chinese Spring Festival.","Use of data from only one mobile phone network provider.","Exclusion of co-offending groups.","Analysis only on weekdays; ignoring temporal variation.","The findings might be applicable to other countries, but this is tentative and requires further research.","The study is conducted in a specific Chinese context, which might not be directly comparable to other settings.","The study is limited to theft from the person and does not explore other types of crimes.","Not explicitly mentioned.","Use cell phone data to measure population mobility and potentially incorporate time use data.","Incorporate temporal variation and additional data types to improve analytical approaches.","1. Population size | Number; 2. Mean population | Number",2,NA,0,NA,0,"1. Median Distance | Distance; 2. Average Crime Trip Distance | Distance; 3. Euclidean Distance | Distance; 4. Euclidean distances between census units | Distance",4,NA,0,26
"Discrete choice analysis of spatial attack sites",NA,"1997","United States","Richmond, Virginia",NA,NA,NA,NA,NA,NA,NA,"Breaking And Entering",425,637,NA,"Practical Constraint","Cross-sectional","Multinomial Logit","Maximum Likelihood","Specified","Not Specified","Not Specified","Not Specified","Not Specified","Not Specified","""The resolution of the grid used must be fine enough to capture the variance of spatial features.""","Practical consideration for capturing spatial feature variance","All reported breaking and entering crimes in Richmond, VA, for the year 1997, with a focus on the third quarter.","Grid over Richmond with 4,895 centroids as alternatives.","Crimes mapped to nearest grid cell centroid.","Proximity measures (u30), density measurements (u66).","Proximity (u30) is attractive (negative coefficient), density (u66) is positively associated with selection likelihood.","Richmond City Records Management Center; publicly available GIS layers; census information",NA,"Potential for multicollinearity among features.","Limited dataset to residential breaking and entering crimes in the third quarter of 1997.","Limited to City of Richmond, VA, for the year 1997.","Use of grid system and aggregated demographic variables.","Limited to third quarter of 1997.","Limited to urban crime dataset; may not generalize to other contexts.","Findings specific to breaking and entering crimes in Richmond, VA, 1997.","No direct comparison across contexts or time periods.","Not mentioned.","Not mentioned.","Refine spatial hierarchy models to reduce complexity while maintaining interpretability.","1. Demographic Profile Variables | Number",1,NA,0,"1. u66 | Density",1,"1. u30 | Distance; 2. u 26 | Distance; 3. u 27 | Distance; 4. u 30 | Distance",4,NA,0,6
"Divergent Decision-Making in Context: Neighborhood Context Shapes Effects of Physical Disorder and Spatial Knowledge on Burglars' Location Choice","October 2019 (for mobility flows)","2017-2018","China","Zg (City In Southeast China)",0.958,NA,NA,NA,NA,NA,5957,"Burglary",1972,1972,NA,"Data Availability","Cross-sectional","Conditional Logit","Maximum Likelihood","Not Specified","Not Specified","Not Specified","Not Specified","Not Specified","Not Specified","""These communities with relatively high resident homogeneity are comparable to prior studies in terms of geographic and population sizes.""","The communities were chosen due to their role as the smallest administrative units for data collection and their comparability to prior studies.","Focus on central urban area with available street view images","Conditional logit model evaluating utility of target neighborhoods based on attributes","Based on characteristics of residential and target neighborhoods","Physical disorder, distance from home, population size, presence of newer buildings, transportation facilities like subway stations.","Physical disorder in non-disadvantaged neighborhoods increases likelihood for disadvantaged burglars, decreases it for non-disadvantaged burglars. Distance from home reduces likelihood more for non-disadvantaged burglars. Population size increases likelihood for both groups. Newer buildings and subway stations increase risk.","Police arrest records; Mobile phone mobility data; Point of interest data; Community-level socio-demographic data; Street view images from Baidu Map",NA,"Lack of consideration of other neighborhood structural conditions such as social cohesion, ecological networks, and collective efficacy.","Difficulty in obtaining the history of criminals' activity space locations.",NA,"Use of log(mobility flow+1) and reliance on robust standard errors for confidence intervals.","Not explicitly mentioned.","The study is conducted in a specific city in China, which may not be representative of other urban or rural areas. The findings might not generalize to different cultural or socioeconomic contexts.","The study is specific to the city of ZG in southeast China, and the findings may be influenced by local factors such as urban planning, policing strategies, and cultural norms.","The study does not provide a direct comparison with other cities or countries, which limits the ability to generalize findings across different contexts.","Not explicitly mentioned.","Not explicitly mentioned.","Not explicitly mentioned.","1. Population (log) | Number; 2. Population size | Number",2,NA,0,"1. Proportion of high-rise residential buildings | Percentage; 2. Physical Disorder | Number",2,"1. Subway Stations | Distance; 2. Bus Stops | Distance; 3. Distance from home | Distance",3,NA,0,17
"Do juvenile, young adult, and adult offenders target different places in the Chinese context?","2012-2016","2012-2016","China","Zg City",1971,NA,NA,NA,NA,NA,NA,"Robbery",7860,7860,4358,"Not specified","Cross-sectional","Conditional Logit",NA,"Not Specified","Not Specified","Not Specified","Not Specified","Not Specified","Not Specified","Not specified","Neighborhood units used as spatial scale, but specific reasons not detailed.","Spatial sampling using neighborhood units in ZG city, China.","Each robbery geocoded into one of 1971 neighborhood units.","Neighborhoods where robberies occurred serve as alternatives.","Cybercafés, transportation hubs, schools, distance of journey to crime.","Cybercafés increase choice probability for juvenile and young adult robbers; transportation hubs increase it for young adult and adult robbers; schools have a positive effect on all age groups with a marginal age decay effect; distance of journey to crime decreases choice probability.","ZG City Public Security Bureau","Confidential","Confidentiality of data may limit verification or sharing.","Additional attributes of offenders (e.g., household registration, socioeconomic status) are not included.","Confidential data may restrict access or sharing.","Odds ratios in models are not as high as desired.",NA,"Limited to a large Chinese city; may not generalize to other contexts or countries.","Findings are specific to the Chinese context, particularly in terms of social disorganization and routine activity nodes.","Focus on street robbery in a specific Chinese context; not directly comparable to other crime types or contexts.",NA,NA,"Include additional attributes of offenders in future studies.","1. Age groups (juvenile, young adult, adult) | Percentage",1,NA,0,NA,0,"1. Distance of Journey to Crime | Distance",1,NA,0,16
"Do Migrant and Native Robbers Target Different Places?","2010-2016","2012-2016","China","Zg City",1971,NA,NA,NA,NA,NA,NA,"Robbery",4358,7860,7124,"Not specified","Cross-sectional","Conditional Logit","Maximum Likelihood","Not Specified","Not Specified","Not Specified","Not Specified","Not Specified","Not Specified",NA,"The spatial units are neighborhoods, likely chosen due to data availability and administrative convenience.","Arrest data from 2012 to 2016, focusing on street robbers within ZG City.","Neighborhood characteristics data including POI, traffic road network, and mobile phone data.","Based on domicile attributes and household registration attributes.","Wholesale markets, sports stadiums, transportation hubs, subway stations.","Wholesale markets increase choice probability for migrant robbers; sports stadiums decrease choice probability for migrant robbers; transportation hubs and subway stations increase choice probability for migrant robbers.","Arrest data from ZG City's Public Security Department; POI data from Daodaotong Map; Traffic road network vector map data from Daodaotong Map; Bus stop data from Baidu API; Mobile phone data (source not disclosed); Social and economic data from the National Bureau of Statistics of China","Limited due to agreement restrictions on crime data and mobile phone data","Exclusion of data due to residence outside the study area or unknown residence.","Unavailability of data on family disruption and poverty.","Use of 'pinyin' codes for place names due to confidentiality agreements.","Potential oversimplification in measuring journey to crime distances.","Data limited to 2012-2016.","The study is specific to ZG City and may not be representative of other cities or countries.","Findings are specific to the context of ZG City and the Hukou system.","The study does not provide comparisons across different cities or regions.","Not explicitly mentioned.","Improve data collection to address underreporting issues.","Not explicitly mentioned.","1. Gender | Binary; 2. Ethnicity | Binary; 3. Ambient population | Number",3,NA,0,"1. Density of road network | Density",1,"1. Distance of Journey to Crime | Distance; 2. Distance of journey to crime | Distance",2,NA,0,29
"Do Street Robbery Location Choices Vary Over Time of Day or Day of Week? A Test in Chicago","1996-1998","1996-1998","United States","Chicago",483.62,NA,NA,NA,NA,NA,NA,"Robbery",11999,12938,NA,"Prior Research","Cross-sectional","Conditional Logit","Maximum Likelihood","Not Specified","Not Specified","Not Specified","Not Specified","Not Specified","Not Specified","Not explicitly stated","Census blocks are used due to their appropriateness for detailed spatial analysis and data availability","Sampling of alternatives technique","Chosen census block plus a random sample of other census blocks","Random sampling of census blocks","Cash economies, illegal markets, accessibility, restaurants and fast-food outlets, liquor stores.","Generally positive, increasing the likelihood of robbery.","Chicago Police Department; U.S. Census; marketing research firm",NA,"The data did not allow for the identification of offenders across multiple robberies.","The data excluded robberies committed by non-residents and those on expressways or college campuses.","The business data lacked information on opening and closing hours.","Time was used as a proxy for physical presence and business hours.","The study did not measure actual business hours or human presence.","Findings may not be generalizable to other cities or contexts.","Findings are specific to Chicago's context.","Focus on Chicago limits comparisons with other studies or contexts.","The study suggests using fine-grained spatial units like census blocks.","Utilize new technologies for data collection on human presence.","Conduct sensitivity analyses for temporal bandwidth.","1. Gender | Percentage; 2. Racial and Ethnic Background | Percentage; 3. Age | Number; 4. Total Population | Number; 5. Racial and Ethnic Composition | Percentage; 6. Ethnic Diversity | Binary; 7. Block population | Number; 8. Racial/ethnic composition | Binary",8,NA,0,"1. Business density | Binary; 2. Non-residential census blocks | Number",2,"1. Accessibility | Binary; 2. Distance between offender homes and robbery locations within census block | Distance; 3. Euclidean distances between offender homes and census block midpoints | Distance; 4. Accessibility: Block on main street | Binary; 5. Accessibility: Block with El station | Binary; 6. Home-crime distance distribution | Distance; 7. Negative log of distance | Distance; 8. Distance from Home | Distance",8,"1. Time of Day | Number; 2. Day of Week | Number",2,36
"EFFECTS OF ATTRACTIVENESS, OPPORTUNITY AND ACCESSIBILITY TO BURGLARS ON RESIDENTIAL BURGLARY RATES OF URBAN NEIGHBORHOODS","1996-2001","1996-2001","Netherlands","The Hague",0.65,NA,NA,NA,NA,NA,4950,"Burglary",89,26000,NA,"Data Availability","Cross-sectional",NA,NA,"Specified","Not Specified","Not Specified","Not Specified","Not Specified","Not Specified","Not explicitly stated, but implied by data source","Neighborhoods were used as spatial units because they are the administrative divisions for which data was readily available from the municipality of The Hague","Data from police records and focus on neighborhoods within The Hague.","Spatially weighted measure of proximity to potential burglars and their homes.","Not explicitly mentioned.","Proximity to burglars' homes, proximity to the CBD, lack of territoriality, and affluence.","These variables increase the likelihood of burglary in neighborhoods.","Statistical publication of the municipality of The Hague (DSO, 2001); Police records from the police force of Haaglanden; Real estate tax administration data","Limited by a residential burglary clearance rate of about 6 percent","SWEBER measure does not link offenders' homes to crime locations; low clearance rate might make apprehended burglars unrepresentative.","No mobility data available for 2000 and 2001.","Police-recorded data limited by low clearance rate.","Operationalization of ethnic heterogeneity and residential mobility.","Data from 1996 to 2001; might not capture changes outside this period.","The study's findings are based on data from a single city, which may not generalize to other urban environments or contexts.","The study's findings are specific to The Hague, Netherlands, and may not apply to other cities with different demographic, economic, or spatial characteristics.","The study is limited to a specific time period and location, making it difficult to compare findings across different contexts or time periods.","Use spatially weighted measures for optimal spatial units.","Collect data on accessibility and spatial dynamics.","Use spatially weighted measures for better analysis.","1. Ethnic Heterogeneity | Number",1,"1. Average real estate value of residential units | Percentage; 2. Real Estate Value | Percentage",2,"1. Residential units' visible cues | Number; 2. Residential Mobility | Rate",2,"1. Journey-to-crime | Distance; 2. Distance decay pattern | Rate; 3. Proximity to CBD | Distance; 4. Concentric zone model | Distance; 5. Proximity to Central Business District | Distance",5,NA,0,19
"Effects of residential history on commercial robbers' crime location choices","2004","2004-2005","Netherlands","Nationwide",4006,NA,NA,NA,NA,NA,4900,"Robbery",276,4657,NA,"Theory-Method","Cross-sectional","Conditional Logit",NA,"Not Specified","Specified","Not Specified","Not Specified","Not Specified","Not Specified","""In terms of size, shape and topography, the postal code area is a useful spatial unit of analysis because it approximates the area one would expect people to be familiar with if they lived within it.""","Postal code areas are chosen because they represent familiar areas for residents, consistent with crime pattern theory.","Selected all commercial robberies in 2004 and 2005, then filtered for solitary offenders with available residential histories.","Compared targeted postal code areas with alternative areas not targeted by offenders.","Postal code areas not targeted by offenders were used as alternatives.","Duration of residence in current and former areas, recency of residence in former areas.","Longer durations and more recent residences increase choice probability.","National Commercial Robbery Registration System (LORS); Nationwide Citizen Information System (GBA); Database containing demographic, social, and economic information on postal code areas","Limited by reliability of residential addresses in GBA system","Inaccuracies in residential addresses in the GBA system; data unreliability masking real effects.","Limited sample size.","GBA system inaccuracies in reflecting current residences.","Approximation of 'awareness space' by residential experience.","Focus on 2004 and 2005.","Findings may not generalize to other types of crimes or geographical contexts.","Findings are specific to commercial robberies in the Netherlands.","No direct comparisons across different contexts or time periods.","Explore other spatial scales or units for analysis.","Consider direct measurements of awareness space by contacting offenders for their recollections of past spatial behavior.","Improve the reliability of residential histories by assessing their accuracy through offender accounts.","1. Population density | Distance; 2. Population size | Number; 3. Population percentages of 15-25-year-old | Percentage; 4. Foreign-born residents | Percentage; 5. Single residents | Percentage; 6. Population percentages of 15-25-year-old, foreign-born, and single residents | Percentage",6,NA,0,"1. Mean value of residential property | Number",1,"1. Distance to the nearest highway ramp | Distance; 2. Distance between current residence and crime location | Distance; 3. Distance decay | Percentage",3,NA,0,12
"Familiar Locations and Similar Activities: Examining the Contributions of Reliable and Relevant Knowledge in Offenders' Crime Location Choices","2009-2018","2009-2018","New Zealand","Not Specified",1.2,NA,NA,NA,NA,NA,2000,"Burglary",NA,17054,NA,"Theory-Method","Cross-sectional","Conditional Logit","Maximum Likelihood","Not Specified","Not Specified","Not Specified","Not Specified","Not Specified","Not Specified","""Consistent with previous studies (e.g., Clare et al., 2009; Townsley et al., 2015), we use SA2s as the spatial unit to examine meso-level spatial choices.""","SA2s were chosen for consistency with previous studies and to balance spatial spill-over and heterogeneity considerations.","Stratified importance sampling","Neighborhoods (SA2s) as alternatives","Chosen SA2, SA2s with activity nodes within 5 km, and 10 randomly selected SA2s","Presence of H f H s nodes.","H f H s nodes increase choice probability.","New Zealand Police National Intelligence Application (NIA); NZ Statistics Census and Business Demography data",NA,"Data does not capture all pre-offense activity locations; imprecision in filling missing data; overestimation of frequency for certain activity locations.","Not all pre-offense activity locations captured; missing data required imputation.","Police administrative data may not capture all relevant activity locations.","Reliability and relevance measures are proxies; frequency overestimation for certain activity locations.","Not mentioned.","Findings likely generalize beyond included crimes, but further research is needed; the study supports generalizability across contexts.","Findings are based on New Zealand data, which may have unique characteristics; further testing is needed for other contexts.","The study does not compare across different contexts or time periods; future research should explore these aspects.","Not mentioned.","Future research should consider using time-use surveys and in-depth interviews for more detailed data.","The study suggests using complementary methods to improve data completeness and detail.","1. Gender | Percentage; 2. Age | Number",2,NA,0,NA,0,"1. Distance decay | Percentage; 2. Distance Bands | Distance",2,NA,0,10
"FAMILY MATTERS: EFFECTS OF FAMILY MEMBERS' RESIDENTIAL AREAS ON CRIME LOCATION CHOICE *","2006-2009","2006-2009","Netherlands","The Hague (Greater Area)",2.96,NA,NA,NA,NA,NA,7000,"Not Specified",19420,19420,7910,"Theory-Method","Cross-sectional","Conditional Logit","Maximum Likelihood","Not Specified","Not Specified","Not Specified","Not Specified","Not Specified","Not Specified","""The four-digit postal areas are therefore perfectly suited for a crime location choice study because most people will be familiar with these areas when living there or (frequently) visiting the area.""","The spatial units were chosen because they are familiar to residents and visitors, aligning with the study's focus on awareness spaces.","Data from the police information system was used to sample offenders and their offenses.","Four-digit postal code areas in the greater The Hague area, totaling 142 alternative areas.","Alternatives were selected based on the four-digit postal code areas.","Current and former residential areas of family members.","Current familial residential areas increase the probability of being targeted more than former familial residential areas.","Police information system; Population registration data (BRP); LISA data; Census-like statistics from Statistics Netherlands",NA,"Indirect measurement of awareness spaces based on family visits.","No direct data on offenders' time spent in family members' areas.","Reliance on register data without direct activity measures.","Awareness spaces not directly measured.","No consideration of changes in awareness spaces over time.","Findings may not generalize to other geographical areas or populations due to the specific urban context.","Findings are specific to the urban context of The Hague.","The study does not allow for comparisons across different crime types or contexts.","Research should be conducted in larger geographical areas.","Direct measurement of awareness spaces is recommended.","Future studies should improve data collection by directly measuring awareness spaces.","1. Population density | Number; 2. Proportion of residents with a non-Western background | Percentage; 3. Average population size | Number; 4. Ethnic diversity | Number; 5. Population Density | Distance; 6. Proportion of Residents with a Non-Western Background | Percentage",6,NA,0,NA,0,"1. Euclidean Distance | Distance; 2. Distance | Distance",2,"1. Previous Crime Location | Binary",1,28
"Formal Evaluation of the Impact of Barriers and Connectors on Residential Burglars' Macro-Level Offending Location Choices","2001-2002","2001-2002","Australia","Perth",6.76,NA,NA,NA,NA,NA,4669,"Burglary",1761,1761,1761,"Data Availability","Cross-sectional","Conditional Logit","Maximum Likelihood","Not Specified","Specified","Not Specified","Not Specified","Not Specified","Not Specified","Not explicitly stated, but implied due to administrative convenience and data availability","Suburbs were chosen due to their alignment with administrative units and available data in Western Australia","Data from Western Australian Police on residential burglary incidents.","291 residential suburbs selected as potential targets.","Suburbs included as part of the choice set for each offender.","Physical barriers (rivers and major roads), connectors (train lines), distance, and age.","Barriers decrease choice probability; connectors increase it. Distance decreases choice probability, with a greater effect for juveniles.","Western Australian Police; Australian Bureau of Statistics (ABS)","Limited by low identification rate of offenders; only 49.7% of identified cases were included in the final dataset","Low detection rate may have influenced outcomes in a nonrandom way.","Unique identification of offenders was not possible.","Exclusion of suburbs outside Perth metropolitan area.","Model may not fully account for unconscious routine behaviors.",NA,"Exclusion of suburbs outside Perth metropolitan area limits generalizability.","Findings are specific to Perth, Western Australia.","Spatial scale selection may not be applicable across different cities.","Use more uniform areas for analysis.","Not mentioned.","Consider the role of unconscious routine in offender behavior.","1. Age | Number; 2. Sex | Binary; 3. Population Size | Number; 4. Population Density | Distance; 5. Ethnic Heterogeneity | Percentage; 6. Land Use - Population Density | Number",6,"1. Victim Suburb Weekly Income | Number; 2. Socio-Economic Index for Areas (SEIFA) | Index; 3. Median Weekly Income Bracket | Number",3,"1. Residential Mobility Rates | Rate; 2. Physical Barriers - Swan River | Binary; 3. Physical Barriers - Major Roads | Binary",3,"1. Total Residential Units | Distance; 2. Land Use - Suburb Size | Distance; 3. D ij | Distance",3,NA,0,23
"Go where the money is: modeling street robbers' location choices","1996-1998","1996-1998","United States","Chicago",NA,NA,NA,NA,NA,NA,118,"Robbery",6000,12938,18114,"Theory-Method","Cross-sectional","Multinomial Logit","Maximum Likelihood","Specified","Specified","Not Specified","Not Specified","Not Specified","Not Specified","""To improve our understanding of the fine-grained spatial decisions of street robbers, we zoom in to the level of census blocks""","Census blocks were chosen for detailed analysis of robbery locations","Simple random sampling","Random sample of 6000 robberies with 6000 potential target blocks for each","Simple random sampling","Presence of legal businesses (e.g., pawn shops, grocery stores), illegal businesses (e.g., drug dealing), accessibility (e.g., main streets, El stations), racial/ethnic composition matching the robber's background.","These predictors increase the probability of a block being chosen for robbery.","Chicago Police Department records; detailed information on land use, population, and activities in census blocks","Limited by lack of arrest in most cases; no information on prior crimes or past residential addresses","Inability to identify offenders across multiple robberies.","Lack of information on prior crimes or past residential addresses of offenders.","No localized measures of deterrent factors.","Assumption that robbers have detailed knowledge of all census blocks.","Neglect of temporal variations and constraints.","The study's findings might not generalize to other cities or contexts.","The findings are specific to the context of Chicago.","The study does not provide direct comparisons across different contexts or time periods.","Use smaller spatial units like census blocks for detailed analysis.","Gather more detailed information on offenders' spatial awareness and prior experiences.","Incorporate spatial spillover effects and temporal considerations into models.","1. Total number of residents in the census block | Number; 2. Racial and ethnic composition of the population | Binary; 3. Age of offenders | Number; 4. Gender of offenders | Percentage; 5. Racial and ethnic background of offenders | Binary; 6. Racial and ethnic segregation | Binary; 7. Racial/Ethnic Composition | Number",7,NA,0,"1. Land use and activities | Number",1,"1. Accessibility of a block | Binary; 2. Euclidean Distance | Distance; 3. Accessibility Along Main Streets | Binary; 4. Proximity to El Stations | Binary; 5. Accessibility | Distance",5,NA,0,20
"Graffiti Writers Choose Locations That Optimize Exposure","November 2017",NA,"Belgium","Ghent",NA,NA,NA,NA,NA,NA,NA,"Graffiti/Vandalism",12655,12655,NA,"Theory-Method","Cross-sectional","Conditional Logit","Maximum Likelihood","Specified","Not Specified","Not Specified","Not Specified","Not Specified","Not Specified","""We adopted street segments as our spatial unit of analysis, aligning with recent research advocating the use of street segments or similarly sized spatial units for analyzing crime and disorder.""","Street segments were chosen because they align with human observational limitations and are suitable for measuring exposure.","Systematic Social Observation (SSO)","Street segments as spatial units of analysis","Based on crowd-attracting facilities and exposure characteristics","Presence of bars, night shops, residential units, schools, and street network centrality.","Increased probability for bars, night shops, residential units, schools, and street network centrality; decreased probability for trees.","Systematic Social Observation (SSO)","Data and scripts available on https://github.com/KKural/SSO_graffiti","Focus primarily on exposure; exclusion of variables due to inter-rater reliability issues.","Graffiti along railway tracks and in inaccessible locations.","Specific urban context; limited to Ghent city center.","Factors examined may not cover all motivations for graffiti writers.",NA,"The findings are specific to the urban context of Ghent and may not generalize to other cities or contexts due to differences in graffiti culture and public perceptions.","The findings are highly context-specific, as they are derived from a specific urban environment and may not apply to other settings.","The study does not provide a basis for comparison across different contexts or time periods, as it is focused on a specific urban environment.","Not mentioned.","Not mentioned.","Use qualitative research methods.",NA,0,NA,0,"1. Residential Units | Number",1,"1. Bridges | Distance; 2. Intersections | Distance; 3. Betweenness | Distance",3,NA,0,22
"HOW DO RESIDENTIAL BURGLARS SELECT TARGET AREAS? A New Approach to the Analysis of Criminal Location Choice","1996-2001","1996-2001","Netherlands","The Hague",57.85,NA,NA,NA,NA,NA,4952,"Burglary",548,548,290,"Data Availability","Cross-sectional","Conditional Logit","Maximum Likelihood","Not Specified","Not Specified","Not Specified","Not Specified","Not Specified","Not Specified","Not explicitly quoted","Chosen based on administrative boundaries and data availability from the municipality of The Hague","Data on residential burglaries from police records in The Hague, 1996-2001.","Each burglary associated with all 89 neighbourhoods in The Hague.","All 89 neighbourhoods considered as potential alternatives for each burglary.","Ethnic heterogeneity, percentage of single-family dwellings, proximity to the offender's home, number of residential units.","Increased ethnic heterogeneity and percentage of single-family dwellings increase the likelihood of selection. Proximity to the offender's home increases the likelihood, while proximity to the city center decreases it.","Haaglanden police force; statistical publications of the municipality of The Hague","Limited by a low detection rate of 7%","Low detection rate could bias results if related to location choice criteria; no systematic relationship found between neighbourhood characteristics and clearance rates.","Burglaries outside The Hague excluded due to lack of data on neighbourhood characteristics.","Limited to The Hague due to unavailability of data on other areas.","Assumption that all choice criteria are equally important for all burglars.","Not mentioned.","Limited to the city of The Hague; findings may not be generalizable to other cities due to differences in urban social structures.","Findings specific to The Hague; results may be influenced by unique city characteristics.","No comparison across different contexts or time periods.","The study suggests using neighborhood-level data for analysis.","The study implies the need for detailed data on neighborhood characteristics and offender attributes.","The use of the conditional logit model is recommended for its ease of estimation and interpretation.","1. Age of Burglar | Number; 2. Ethnic Origin of Burglar | Number; 3. Ethnic Heterogeneity | Index; 4. Ethnic Origin of Burglar | Binary",4,"1. Average Residential Real Estate Value | Percentage; 2. Real Estate Value | Percentage",2,"1. Residential Mobility | Number; 2. Number of residential units | Number; 3. Residential Mobility | Rate; 4. Number of Residential Units | Number",4,"1. Proximity to Offender's Home | Distance; 2. Proximity to City Centre | Distance; 3. Distance Between Neighbourhoods | Distance; 4. Proximity to Burglar's Home | Distance",4,NA,0,15
"Investigating the effect of people on the street and streetscape physical environment on the location choice of street theft crime offenders using street view images and a discrete spatial choice model","2016-2019","2017-2018","China","Zg City, Southeast China",NA,NA,NA,NA,NA,NA,NA,"Theft",2519,1540,1540,"Not specified","Cross-sectional","Conditional Logit","Maximum Likelihood","Specified","Not Specified","Not Specified","Not Specified","Not Specified","Not Specified","Not explicitly stated","Communities are used as spatial units likely due to their relevance for socioeconomic analysis and residence-crime proximity.","Communities in ZG city serve as spatial units or alternatives.","Communities are potential locations for crimes, with a dichotomous dependent variable.","Alternatives are communities that can be chosen for committing a crime, with the number varying by offender.","Number of people on the street, fences, plants, grasses, sidewalks, and proximity to the offender's residence.","More people on the street, fences, and plants increase choice probability; more grasses and sidewalks decrease it.","Baidu Street View images; crime data from the police department of ZG city","Data is reasonably matched in time; no significant changes expected in the built environment","SVIs are static and cannot capture dynamic changes in on-street population.","Small objects like broken windows, litter, and graffiti are not accounted for.","SVIs are limited by their static nature.","Uniform alternative set for offenders may not reflect individual preferences.","SVIs cannot capture temporal changes in on-street population.","The findings are generally aligned with previous studies, but the study's focus on a specific city in China may limit generalizability to other contexts.","The study's findings are specific to the context of ZG city, and the use of Baidu Street View images may not be applicable in other regions where such data is not available or is less detailed.","The study does not compare across different cities or time periods, which could provide insights into how findings vary in different contexts.","Focus on community-level analysis.","Use SVIs and deep learning techniques for more accurate data.","Integrate image classification and object detection techniques.",NA,0,"1. Percent lowly-rent houses | Percentage",1,NA,0,"1. Offender Residence-Crime Proximity | Distance; 2. Residence-crime proximity | Distance",2,NA,0,27
"LEARNING WHERE TO OFFEND EFFECTS OF PAST ON FUTURE BURGLARY LOCATIONS","2007-2012","2007-2012","United Kingdom","West Midlands",NA,NA,NA,NA,NA,NA,1500,"Burglary",3337,3337,NA,"Prior Research","Longitudinal","Multinomial Logit","Maximum Likelihood","Not Specified","Not Specified","Not Specified","Not Specified","Not Specified","Not Specified","""As a compromise, we decided to use the UK Census Lower Level Super Output Area (LSOA) geography as the basic spatial unit of analysis.""","LSOAs were chosen for their balance in size and their alignment with social homogeneity measures, allowing for effective analysis of crime location choice and spillover effects.","Data from 3,337 detected burglaries in the West Midlands, UK, between 2007 and 2012.","UK Census Lower Level Super Output Area (LSOA) as the basic spatial unit of analysis.","Each burglary is a discrete choice among 1,687 LSOAs.","Recency of prior burglaries, spatial proximity to previous targets, distance from burglar's residence, number of households, house price, ethnic diversity, population turnover.","Recent prior burglaries and proximity increase choice probability; distance from residence decreases it.","Police-recorded burglary data from West Midlands police force; UK Land Registry; Department for Transport; 2001 UK census",NA,"Detected burglaries only; considered unsuccessful due to arrests.","Success of previous burglaries; prior home locations.","Police-recorded data; may not capture all burglaries.","Success/failure of previous burglaries not accounted for.","Fixed period for past burglaries; may not capture long-term patterns.","The study's findings might not generalize to other types of crimes or to different geographical contexts.","The findings are specific to the context of the West Midlands in the UK and may not apply to other regions or countries.","The study is limited to a specific time period (2007-2012) and does not allow for comparisons across different time periods or contexts.","Not explicitly mentioned.","Offender-based research to measure same-offender involvement.","Address potential unobserved heterogeneity.","1. Population Turnover | Percentage; 2. Ethnic Diversity | Index; 3. Population Turnover | Number; 4. Ethnic diversity | Number; 5. Population turnover | Number; 6. Population Turnover | Rate",6,NA,0,"1. Accessible residential properties | Number",1,"1. Distance to city center | Distance; 2. Distance to Offender's Residence | Distance; 3. Distance to City Center | Distance; 4. Distance to Residence | Distance",4,"1. Temporal Categories | Number",1,23
"Location Choice of Snatching Offenders in Chennai City",NA,"2010-2017","India","Chennai City",2.18,NA,NA,NA,NA,NA,33195,"Theft",1573,1573,1152,"Prior Research","Cross-sectional","Conditional Logit","Maximum Likelihood","Specified","Not Specified","Not Specified","Not Specified","Not Specified","Not Specified","""In terms of surface area, the wards are similar in size to neighborhoods or census tracts that have been used in crime location studies elsewhere""","Wards were used as they are comparable to units used in other crime location studies.","Police-recorded snatching offenses from the State Crime Records Bureau, Tamil Nadu, India.","201 wards of Chennai City.","Each ward is a potential location for a snatching offense.","Distance from home, prior offending locations.","Shorter distances and prior offending locations increase choice probability.","State Crime Records Bureau, Tamil Nadu, India","Limited due to underreporting; only about 6-8% of theft victims report to the police, and only about one-third of reported snatching offenses are detected","Police-recorded thefts grossly underestimate real numbers due to low reporting rates.","Data on snatching offenses only reflect a small fraction of actual offenses due to underreporting.","Police-recorded data may not accurately represent true crime situation.","Google Earth data do not differentiate facilities by size.","Study does not account for temporal variations in crime frequencies or location preferences.","High underreporting and potential selectivity jeopardize generalizations; findings may not be representative of all snatching incidents.","Findings are specific to Chennai City; need for replication in other contexts.","Need for replication in other contexts; operationalization of crime generators and attractors in non-western cultures is a challenge.","Analyze the impact of spatial units on findings systematically.","Collect detailed data on facilities and their sizes.","Use granular spatial units and analyze temporal variations.","1. Population size | Number; 2. Average population per ward | Number; 3. Age structure of offenders | Number; 4. Gender ratio of offenders | Percentage; 5. Ward Population | Number",5,NA,0,NA,0,"1. Home-to-crime distance | Distance; 2. Journey to crime | Distance; 3. Distance to ward centroids | Distance; 4. Transport hubs | Number; 5. Public transport usage | Percentage",5,NA,0,20
"Modeling Micro-Level Crime Location Choice: Application of the Discrete Choice Framework to Crime at Places","2002-2007","2002-2007","Netherlands","The Hague (Greater Area)",400,NA,NA,NA,NA,NA,18,"Burglary",1871,1311,1023,"Theory-Method","Cross-sectional","Multinomial Logit","Maximum Likelihood","Not Specified","Not Specified","Not Specified","Not Specified","Not Specified","Not Specified","""The main criterion for choosing a particular unit of analysis is the theory to be tested. The unit of analysis should match the theory.""","The spatial units were chosen to match the theory being tested and to follow recommendations for smaller units to better understand constituting elements and their relationships.","Random sampling","Constructed from 23,984 postal code areas","Random sample of 1,499 alternatives from the full choice set","Number of residential properties, proximity (negative log distance), ethnic composition.","Proximity increases choice probability; native Dutch burglars avoid ethnically mixed areas.","Police files from Haaglanden police force; public access data file from Statistics Netherlands","Limited to cleared cases, which may introduce bias","Selective sample of cleared cases may introduce bias.","Uncleared cases are not included in the analysis.","Limited data on postal code attributes.","Spatial competition model limitations in capturing environmental impacts.","Data from 2002-2007 may not reflect current trends.","Limited by geographic specificity to the Greater The Hague area.","Findings specific to the Greater The Hague area and its spatial dynamics.","Inability to compare across different contexts or time periods.","Use small spatial units like postal code areas for future research.","Implies need for detailed data at small spatial scales.","Suggests using models accounting for spatial competition and hierarchical decision-making.","1. Number of Residents | Number; 2. Age Composition | Percentage; 3. Ethnic Composition | Percentage; 4. Ethnic composition of population in postal code areas | Percentage",4,NA,0,"1. Number of Residential Properties | Number; 2. Residential Units | Number; 3. Physical Barriers | Number; 4. Number of residential units in postal code areas | Number",4,"1. Euclidean Distance | Distance; 2. Journey-to-Crime Distance | Distance; 3. Home-to-Target Distance | Distance; 4. Distance between burglar's home and target address | Distance",4,NA,0,16
"Modelling taste heterogeneity regarding offence location choices","2008-2012","2008-2012","United Kingdom","York",270,NA,NA,NA,NA,NA,NA,"Serious Acquisitive Crime (Sac)",1105,1105,498,"Theory-Method","Cross-sectional","Conditional Logit","Maximum Likelihood","Specified","Not Specified","Not Specified","Not Specified","Not Specified","Not Specified","""The alternatives in this analysis are output areas, herein referred to as neighbourhoods, which are the smallest units for which the variables in this study are available.""","Chosen based on data availability and preference for finer spatial granularity","Revealed preference data collection for SAC in York, UK.","Restricted to output areas (neighbourhoods) within York.","Output areas as smallest units for analysis.","Distance from home, distance to city centre, socioeconomic heterogeneity, and previous offence locations.","Distance and distance to city centre generally have negative effects; socioeconomic heterogeneity and previous offence locations have positive effects.","Revealed preference data for SAC; 2011 UK Census; UK Land Registry","Limited to detected crimes within the study period; ignores undetected crimes or those before April 2008","The data analyzed are reported, recorded, and detected crimes, which may not represent all crimes.","The analysis assumes offenders with one offence in the time period are not repeat offenders.","The study relies on revealed preference data, which may not fully capture the decision-making process.","The study groups different types of offenders together, which may mask differences in behavior.","The study is limited to data from April 2008 to March 2012.","Grouping different offense types together may limit generalizability to specific types of offenders.","Findings may be specific to the study context (York, UK).","The study's context specificity and dataset may limit comparisons across different contexts or time periods.","Use smaller spatial units for more accurate insights into social organization.","Use stated preference analyses to support findings.","Consider alternative decision rules like regret minimization.","1. Ethnic heterogeneity | Index; 2. Gender | Binary; 3. Age group | Binary",3,NA,0,"1. Residential Churn | Index",1,"1. Distance from the offender's home | Distance; 2. Distance from the city centre | Distance; 3. Road network data | Distance",3,NA,0,9
"Modelling the spatial decision making of terrorists: the discrete choice approach","1970-1989","1969-1989","Northern Ireland","Belfast",NA,NA,NA,NA,NA,NA,NA,"Terrorist Attacks By The Provisional Irish Republican Army (Pira)",150,150,127,"Data Availability","Cross-sectional","Conditional Logit","Maximum Likelihood","Not Specified","Specified","Not Specified","Not Specified","Not Specified","Not Specified","""As no sociodemographic variables were included in the analysis, it was deemed that SAs would be appropriate to use""","SAs were chosen due to their suitability for statistical analysis and the lack of sociodemographic data, aligning with data availability and administrative convenience.","Retrospective sampling using existing datasets and newspaper archives.","Constructed using 4537 ""small areas"" (SAs) in Belfast.","Based on geographical boundary data from NISRA.","Distance from home, presence of major roads, presence of military bases or police stations.","Increased distance from home decreases choice probability; presence of major roads, military bases, or police stations increases choice probability.","Existing dataset from social network analysis of PIRA's active core members; The Irish Times newspaper archives; NISRA; Conflict and Politics in Northern Ireland web service (CAIN)","Limited by inability to attribute some attacks to specific individuals; smaller sample size compared to other studies","Difficulties due to historical nature of records.","Unavailability of data on affluence levels and residential segregation.","Historical nature of records; unavailability of certain data.","Arbitrary areal unit boundaries; potential inaccuracy in characteristic data.","Retrospective nature limited data availability at small area level.","Limited to Belfast and PIRA members; replication needed in other cities and with different groups.","Findings specific to Belfast and PIRA context.","Restricted to one city and one terrorist group; difficult to compare across contexts or time periods.","Use smaller areal units to capture more detailed social context factors.","Gather more comprehensive data on terrorist activities and use mixed logit or latent class models for analysis.","Use spatiotemporal models and consider repeat victimization patterns.",NA,0,NA,0,"1. Residential segregation | Percentage",1,"1. Home-to-crime distance | Distance; 2. Distance to city center | Distance; 3. Euclidean distance | Distance; 4. Ghosh distance | Distance",4,NA,0,13
"Relationships Between Offenders' Crime Locations and Different Prior Activity Locations as Recorded in Police Data",NA,"2009-2018","New Zealand","Not Specified (National Scope)",2,NA,NA,NA,NA,NA,2000,"Burglary",38120,38120,60000,"Practical Constraint","Cross-sectional","Conditional Logit","Maximum Likelihood","Not Specified","Not Specified","Not Specified","Not Specified","Not Specified","Not Specified","""SA2s are comparable to the units used in other neighbourhood level DSCM studies (e.g., Clare et al. 2009;Townsley et al. 2015).""","SA2s were chosen for their comparability to units used in other studies and to balance theoretical relevance, spatial spill-over, spatial heterogeneity, and computational processing.","Stratified importance sampling","Included chosen SA2, SA2s with activity nodes within 5 km, and 10 randomly selected SA2s from those more than 5 km away","Stratified importance sampling","Proximity to activity nodes, frequency of visits, type of activity node (e.g., home vs. family homes).","Positive for proximity to activity nodes; offenders more likely to commit crimes closer to these locations.","New Zealand Police National Intelligence Application (NIA)","Not publicly available; obtained with approval from the New Zealand Police Research Panel","The data is a sample of each offender's true population of activity locations, indicating potential issues with data completeness and reliability.","Not all family members' addresses are recorded, and employment and education records are rare.","Crime and victimization locations depend on police reporting, which may not be comprehensive.","Lack of association between certain nodes and crimes suggests measurement issues or limitations in how these variables were defined or measured.","Not mentioned.","The results are likely to generalize to low population density jurisdictions but may not apply to other contexts.","The findings are specific to New Zealand's low population density context.","The study does not compare across different contexts or time periods, limiting its ability to generalize findings.","Use of SA2s as spatial units.","Supplement police data with other administrative datasets.","Use mixed logit models to examine individual differences.","1. Population Density | Distance; 2. Household Size/Composition | Number; 3. Demographic Characteristics of Offenders | Number",3,NA,0,NA,0,"1. Median Nearest Neighbor Distance | Distance",1,"1. Prior crimes | Number; 2. Temporal Filter | Number; 3. Recency of Prior Crimes | Number",3,15
"Relative Difference and Burglary Location: Can Ecological Characteristics of a Burglar's Home Neighborhood Predict Offense Location?","2000-2012","2000-2012","United States","Tampa, Florida",NA,NA,NA,NA,NA,NA,NA,"Burglary",5182,7124,6846,"Data Availability","Cross-sectional","Conditional Logit","Maximum Likelihood","Specified","Specified","Not Specified","Not Specified","Not Specified","Not Specified","""We rely on block groups in order to minimize within neighborhood heterogeneity while also ensuring that there is neighborhood contextual data available.""","Block groups were chosen to reduce internal variability and ensure data availability.","Comprehensive collection of all arrests for burglaries in Tampa, Florida, from January 2000 to September 2012.","Selecting a neighborhood out of 334 possible neighborhoods in Tampa.","Discrete choice model where each suspect selects a neighborhood from available options.","Percentage of Black residents, concentrated disadvantage, residential stability, ethnic heterogeneity, distance from home.","Neighborhoods with more Black residents, higher disadvantage, lower residential stability are more likely to be targeted.","Tampa Police Department; U.S. Census data","Limited to cleared burglaries; no information on 80% of burglaries not cleared","Lack of information on 80% of burglaries not cleared; potential bias in arrest data.","Age and criminal history of suspects; distinction between residential and commercial burglaries.","Arrest data only includes cleared burglaries.","No temporal variation or land use variations captured.","No temporal variation in neighborhood target attractiveness captured.","The study is limited to the City of Tampa, Florida, which may not be representative of other cities or contexts.","The study's focus on Tampa, Florida, makes findings context-specific and not easily applicable to other areas.","The study does not account for variations in land use or temporal variations, affecting comparability.","Use block groups as a spatial unit for analysis.","Include information on unreported burglaries and detailed offender characteristics.","Incorporate additional variables and use advanced statistical models.","1. Percentage of Black Residents | Percentage; 2. Percentage of Latino Residents | Percentage; 3. Percentage of Residents Below Poverty | Percentage; 4. Racial/Ethnic Heterogeneity | Number",4,"1. Median Income | Number",1,"1. Residential Stability | Percentage; 2. Residential Instability | Number",2,"1. Home-to-crime distance | Distance; 2. Euclidean distance | Distance; 3. Distance squared | Distance; 4. Distance Squared | Distance; 5. Centering of Distance Measures | Distance",5,NA,0,24
"Residential burglary target selection: An analysis at the property-level using Google Street View","2009","2009","Netherlands","The Hague",NA,NA,NA,NA,NA,NA,NA,"Burglary",300,221,NA,"Theory-Method","Cross-sectional","Conditional logistic regression","Maximum Likelihood","Not Specified","Specified","Not Specified","Not Specified","Not Specified","Not Specified","Not explicitly quoted, but implied in the methodology","The study focuses on property-level attributes, using a case-control design to isolate property-level effects from neighborhood-level effects.","Case-control design","Paired burglarized and non-burglarized properties within the same neighborhood","Random sampling from BAG single houses dataset","Surveillability, accessibility, ease of escape.","Increased surveillability decreases burglary likelihood; increased accessibility and ease of escape increase burglary likelihood.","The Hague Police Force; Google Maps; Google Street View; Community survey by Bruinsma et al.","Limited by inability to capture isolated properties","The study acknowledges limitations in capturing isolated properties due to Google Street View's inability to access these areas, leading to a biased sample.","Isolated properties cannot be coded due to Google Car limitations.","Google Street View cannot capture isolated properties.","Measurements may not capture all nuances from one-on-one interviews; equal importance assumption for items within constructs may not hold.","Behavior may vary depending on the time of day, not explored in this study.","Limited generalizability due to non-representative sample and context-specific data collection methods.","Findings may be specific to The Hague, Netherlands, and single-family homes.","No direct comparisons across different contexts or time periods.","Focus on micro-spatial scales.","Use GSV and address the limitation of capturing isolated properties.","Refine data collection techniques to reduce bias.",NA,0,"1. Wealth | Distance",1,NA,0,"1. Surveillability | Distance; 2. Accessibility | Distance; 3. Ease of Escape | Distance; 4. Distance to nearest main road | Distance; 5. Distance to nearest street corner | Distance",5,NA,0,18
"Right place, right time? Making crime pattern theory time-specific","May to August 2019","2017","Netherlands","The Hague And North-Holland",3.37,NA,NA,NA,NA,NA,NA,"Multiple Types",71,71,30,"Theory-Method","Cross-sectional","Conditional Logit","Bootstrapped Standard Errors","Not Specified","Specified","Not Specified","Not Specified","Not Specified","Not Specified","Not explicitly quoted, but implied by spatial accuracy and data availability","Neighbourhoods were chosen due to spatial accuracy and data availability, aligning with the study's theoretical framework","Online survey using police data on suspects from specific regions in the Netherlands.","13,305 neighbourhoods in the Netherlands.","Based on regular visitation at same or different time of day as crime event.","Neighborhoods routinely visited at the same time of day as the crime event.","Increased likelihood of committing crimes in neighborhoods visited at the same time of day.","Dutch police regions The Hague and North-Holland; online survey","Not shared due to privacy reasons","Uncertainty in recall accuracy from respondents' memory.","Small sample size of 71 offences.","Data sourced from police register data, potentially not representative of broader offender population.","Retrospective survey with potential memory recall issues.","Tentative conclusions due to small sample size and potential selection bias.","Findings may not generalize to broader offender population or other regions.","Findings specific to minor offences and offenders in western Netherlands.","Limited to specific context; no comparison across different contexts or time periods.","Use detailed spatial scales such as neighborhoods to analyze crime patterns.","Utilize online survey instruments and consider smartphone applications or GPS-tracking data for future studies.","Enhance data collection by using more detailed temporal granularity and spatial accuracy.",NA,0,NA,0,"1. Home occupancy in residential neighbourhoods | Number",1,"1. Spatial Lags | Distance; 2. Neighbourhood Proximity | Distance",2,"1. Neighbourhood routinely visited at same time of day as crime event | Binary; 2. Neighbourhood routinely visited at different time of day as crime event | Binary; 3. Time of day | Binary",3,18
"ROLE OF THE STREET NETWORK IN BURGLARS' SPATIAL DECISION-MAKING *","2011","2004-2014","United Kingdom","High Wycombe, Beaconsfield, Marlow",150,NA,NA,NA,NA,NA,NA,"Burglary",459,459,207,"Theory-Method","Cross-sectional","Mixed Logit","Hierarchical Bayes (Hb)","Specified","Specified","Not Specified","Not Specified","Not Specified","Not Specified","""For example, people do not navigate from one large area to another; they navigate along the road network. As such, a spatial resolution at this scale (e.g., street segment) should better capture the spatial logic of offender decision-making.""","The choice of street segments is based on the theoretical understanding that offenders navigate along road networks, and this scale captures their decision-making logic better.","Data from residential burglaries in specific UK towns, focusing on street segments.","Roads and paths accessible to residential properties, excluding certain types.","Street segments within the study area meeting specific criteria.","Idiosyncratic betweenness, idiosyncratic farness, nonlocal pedestrian traffic, local pedestrian traffic, vehicular traffic.","Increased travel time decreases choice probability; increased familiarity increases choice probability; nonlocal pedestrian traffic increases burglary risk; local pedestrian traffic decreases burglary risk; vehicular traffic decreases choice probability.","Thames Valley Police; Ordnance Survey (OS); U.K. Land Registry; 2011 U.K. census","Limited by police recording and clearance; may not apply to all offenders","Not all crimes are recorded or cleared by the police.","Estimates of social disorganization through systematic social observation were not collected.","Police data may only represent offenders who came to the attention of the police.","Simplified binary scale for local and nonlocal areas.","Data from a 10-year period may have temporal resolution issues.","Replication is needed to establish external validity.","The study's focus on a specific geographic area and time period may make the findings context-specific.","The study does not provide direct comparisons across different contexts or time periods.","Use finer spatial scales like street segments for more accurate analysis.","Use more diverse data sources to validate findings.","Use mixed logit models to capture individual variation.","1. Ethnic-heterogeneity | Index; 2. Population turnover | Number; 3. Ethnic heterogeneity | Index",3,NA,0,"1. Residential mobility | Index",1,"1. Estimated Travel Time | Number; 2. Euclidean Distance | Distance; 3. Network Distance | Distance; 4. Pedestrian Travel Time | Number; 5. Vehicular Travel Time | Number",5,NA,0,19
"Situating Crime Pattern Theory Into The Explanation Of Co-Offending: Considering Area-Level Convergence Spaces",NA,"2013-2016","United States","Baltimore City, Maryland",1.4e-05,NA,NA,NA,NA,NA,953,"Group Crime",68393,6249,14222,"Prior Research","Cross-sectional","Not applicable (uses spatially lagged negative binomial regression)","Maximum Likelihood","Not Specified","Not Specified","Not Specified","Not Specified","Not Specified","Not Specified","""Importantly, in a city context (as opposed to suburban or rural locales), a census block is generally a small area (typically a street-bounded block) and using this unit is consistent with prior work on the relationship between co-offending and neighbourhood context, which has relied on census tracts or blocks.""","The choice of census block groups is based on their appropriateness for studying neighborhood-level phenomena and consistency with prior research.","Publicly available arrest data from Baltimore City (2013-16)","Census block groups","All available arrest data within the specified time frame","Number of bars, pedestrian-oriented street density, poverty, racial/ethnic heterogeneity.","Number of bars and pedestrian-oriented street density increase group crime rates; poverty increases group crime rates; racial/ethnic heterogeneity decreases group crime rates.","Environmental Protection Agency; Baltimore City Police Department; Baltimore City Open Data Portal; U.S. Census Bureau; American Community Survey","Limitations include exclusion of crimes not reported to the police and potential incomplete geocoding of arrests","Undercounting of crime due to reliance on arrest data; potential for incorrect coding of solo crimes.","Incomplete geocoding due to missing or problematic location information.","Publicly available arrest data may not capture all criminal events.","Potential for incorrect coding of incidents as solo crimes.","Data limited to 2013-2016.","Findings are limited by focus on a single city and may not generalize to other contexts.","Findings may be specific to Baltimore City's unique design and connectivity.","No basis for comparison across different locales or time periods.","Use smaller microunits than census block groups.","Collect qualitative data on co-offending motivations and processes.","Use alternative data sources to overcome official records limitations.","1. Population Density | Number; 2. Ethnic Heterogeneity | Index; 3. Population Turnover | Percentage; 4. Population density | Number; 5. Ethnic heterogeneity | Index; 6. Racial/Ethnic Heterogeneity | Index",6,"1. Poverty | Percentage",1,NA,0,"1. Pedestrian-Oriented Street Density | Distance; 2. Auto-Oriented Street Density | Distance; 3. Auto-oriented street density | Distance; 4. Pedestrian-oriented street density | Distance",4,"1. Spatial Lag Operator | Number",1,17
"Spatial analysis with preference specification of latent decision makers for criminal event prediction","1997-1997","1997-1997","United States","Richmond, Va",NA,NA,NA,NA,NA,NA,NA,"Residential Breaking And Entering (B & E)",1200,1200,NA,"Data Availability",NA,"Multinomial Logit","Maximum Likelihood","Specified","Not Specified","Not Specified","Not Specified","Not Specified","Not Specified","""The sub regions shown in Fig. 1 are block groups, which are the smallest areas, for which census counts are recorded.""","Block groups were used due to their alignment with census data availability and their suitability for representing spatial alternatives within the study area.","Importance sampling technique","Aggregated into 2517 regular grids","Aggregated into grids and importance sampling","Feature values attached to spatial alternatives and specified preferences of decision makers.","Increase probability of correct location choice.","Regional Crime Analysis Program (ReCAP); criminal incident reporting mainframe system (RAMS); census data; calculated distance values",NA,"Limited toolsets for analysis.","Characteristics of individuals and choice sets are not directly observed.","Attributes derived from census data and distance values may be correlated.","Large number of alternatives and attributes makes measurement challenging.","Focus on past data for prediction may imply temporal resolution issues.","Models developed using data from a specific context, limiting applicability to other areas.","Findings specific to Richmond, VA; may not generalize to other areas.","Limited comparison to hot spot methods; no comprehensive comparison across contexts or time periods.","The paper suggests focusing on finer spatial scales to better capture criminal decision-making processes.","Future research should improve data collection and analytical methods to better capture criminal decision-making processes.","The study suggests improving analytical approaches by refining the models and incorporating more detailed spatial data.",NA,0,NA,0,"1. FAM.DENSITY | Density",1,"1. D.HIGHWAY | Distance; 2. D.HOSPITAL | Distance; 3. Distance Values | Distance",3,"1. Time | Number",1,8
"TARGET CHOICE DURING EXTREME EVENTS: A DISCRETE SPATIAL CHOICE MODEL OF THE 2011 LONDON RIOTS *","August 2011 (implied)","August 2011","United Kingdom","London",NA,NA,NA,NA,NA,NA,1500,"Riot-Related Incidents",2299,3914,NA,"Data Availability","Cross-sectional","Conditional Logit","Maximum Likelihood","Not Specified","Not Specified","Not Specified","Not Specified","Not Specified","Not Specified","""The advantage of smaller sized units of analysis in the discrete choice approach is that the explanatory variables are more representative of the population and characteristics of each area.""","LSOAs were chosen due to their availability in the UK census data and their suitability for representing detailed population characteristics.","Comprehensive collection of all riot-related incidents detected by the police in London during August 2011.","U.K. census Lower Super Output Areas (LSOA) as alternatives.","LSOAs within Greater London as spatial units for analysis.","Proximity to home, schools, transport hubs, retail facilities, previous rioting activity, deprivation, population churn.","Increased likelihood for areas close to home, with schools, transport hubs, retail facilities, and previous rioting; decreased likelihood for crossing the Thames River.","Metropolitan Police Service; 2001 U.K. Census; Index of Multiple Deprivation (IMD) 2010; U.K. Office for National Statistics","Data regarding police activity was unavailable for analysis","Use of 2001 census data for estimating ethnic diversity and population churn.","Unavailability of data on police activity.","Reliance on 2001 census data for social demographics.","Potential for unobserved heterogeneity in measuring recent activity.","Focus on August 6-11, 2011.","The findings are based on a specific event and may not generalize to other contexts or types of civil disorders.","The findings are specific to the 2011 London riots and may not apply to other riots due to unique contextual factors.","The study does not compare findings across different riots or contexts.","Use smaller spatial units like LSOAs for more representative data.","Include data on police resource allocation and social media influence.","Use discrete choice approaches for analyzing offender spatial decision making.","1. Population Churn Rates | Rate; 2. Ethnic Heterogeneity | Index; 3. Age Distribution | Number; 4. Population Density | Number",4,NA,0,NA,0,"1. Propinquity | Distance; 2. Transport Hubs | Number; 3. Home-to-crime distance | Distance; 4. Distance to city center | Distance",4,"1. Prior Offenses | Number",1,24
"Target Selection Models with Preference Variation Between Offenders","2006-2009","2006-2009","Australia","Brisbane",158,NA,NA,NA,NA,NA,NA,"Burglary",2844,2844,873,"Data Availability","Cross-sectional","Mixed Logit","Hierarchical Bayes","Not Specified","Not Specified","Not Specified","Not Specified","Not Specified","Not Specified","Not explicitly stated","SLAs were used due to data availability from the ABS census.","Random effects variant of the discrete spatial choice model","158 Statistical Local Areas (SLAs) in the Brisbane Local Government Area","Characteristics sourced from the Australian Bureau of Statistics (ABS) 2006 Census","Affluence was statistically significant in the mixed logit model. Residential mobility had different effects in the two models.","Proximity variables increased choice probability. Affluence increased choice probability in the mixed logit model. Residential mobility decreased choice probability in the mixed logit model.","Recorded crime data from Brisbane, Australia; Australian Bureau of Statistics (ABS) 2006 Census","Data represents 22% of all recorded burglaries during this period","Recorded crime data only reflects cleared residential burglaries.","Assumption that all offending trips originate from an offender's home location due to lack of nuanced data.","Measures of affluence and social cohesion derived from secondary data sources.","Use of median housing repayment and residential turnover as proxies.","No account for changes over time in offender preferences or behavioral rules.","Specific to Brisbane; use of secondary data sources may limit generalizability.","Findings specific to Brisbane, Australia, during the study period.","Limited to Brisbane; mixed logit model may not be directly comparable to other studies.","Smaller spatial units or scales might be more effective in future work.","More nuanced data collection is needed to capture the environmental backcloth and individual preferences.","Use of mixed logit models over traditional conditional logit models.","1. Ethnicity/race | Number",1,NA,0,"1. Residential mobility | Percentage; 2. Mean housing repayment | Number",2,"1. City Center Proximity | Distance; 2. Proximity to city center | Distance; 3. Proximity | Distance; 4. Distance to crime | Distance",4,NA,0,11
"Testing Ecological Theories of Offender Spatial Decision Making Using a Discrete Choice Model","2001-2005","2001-2005","United Kingdom","County Of Dorset",NA,NA,NA,NA,NA,NA,1524,"Theft",721,721,263,"Data Availability","Cross-sectional","Conditional Logit","Maximum Likelihood","Not Specified","Not Specified","Not Specified","Not Specified","Not Specified","Not Specified","Not explicitly quoted, but implied due to data availability and administrative convenience","LSOAs were likely chosen due to their standard use in UK census data and administrative convenience, although not explicitly justified in the paper.","Data from detected incidents of theft from vehicles (TFV) in Dorset, UK.","U.K. census Lower Super Output Areas (LSOAs) as the unit of analysis.","Based on availability of geographical coordinates for offense and offender home locations.","Distance, presence of schools, proximity to city center, presence of train stations, connectivity via major roads, population turnover, and social heterogeneity.","Offenders prefer areas closer to home, with schools (for younger offenders), closer to city centers (for adult offenders), with train stations, and with higher connectivity. They also prefer areas with higher population turnover and social heterogeneity.","Police data for detected crimes; GIS data for origin-destination flows","Crimes committed by offenders living outside the study area were excluded","Dependency in data due to reoffending could lead to errors in statistical inference.","Crimes committed by offenders living outside the study area were excluded.","Indirect measures of socioeconomic heterogeneity and population turnover.","Number of registered vehicles and car parks may not reflect actual abundance.","Focus on a 5-year period.","Study extends external validity by examining a new crime type and location, but exclusion of external crimes and focus on TFV may limit generalizability.","Findings specific to TFV in Dorset, UK; may not apply to other crimes or locations.","No direct comparisons across different contexts or time periods.","The study suggests using smaller spatial units like Lower Super Output Areas (LSOAs) for analysis.","Future research should collect data on routine activity nodes beyond home locations.","The study suggests using the discrete choice approach to examine offender decision-making.","1. Population density | Number; 2. Household size/composition | Number; 3. Population turnover | Percentage",3,NA,0,NA,0,"1. City Centers | Distance; 2. Home-to-crime distance | Distance; 3. Distance to city center | Distance",3,NA,0,16
"The Importance of Importance Sampling",NA,"2009-2018","New Zealand","National",NA,NA,NA,NA,NA,NA,2000,"Burglary",50,NA,NA,"Prior Research","Cross-sectional","Conditional Logit","Maximum Likelihood","Specified","Specified","Not Specified","Not Specified","Not Specified","Not Specified","""SA2s are comparable to the units used in other crime location choice studies""","SA2s were chosen because they are comparable to units used in other crime location choice studies, indicating a basis in prior research and methodological consistency.","Distance importance sampling (DIS), simple importance sampling (SIS), and simple random sampling (SRS)","NZ Census Statistical Area 2 (SA2) as the set of locations from which an offense location could be chosen","DIS: all SA2s within 5 km of the offender's activity nodes and additional strata at increasing distances; SIS: all SA2s within 5 km and increased number of additional SA2s; SRS: random sampling based on smallest and largest sample sizes","Presence of activity nodes near potential crime locations, number of households in an area for residential burglary.","Presence of activity nodes increases choice probability.","New Zealand Police; Statistics NZ Census and Business Demography data","Data may not generalize to all offenders due to selection bias; not all activity nodes are recorded","Results may only generalize to identified offenders; data from solved cases may not represent all offenders.","Not all activity nodes of all offenders are included.","Data only includes solved cases.","None explicitly mentioned.","None mentioned.","The findings may only apply to offenders who have been identified and proceeded against, and are limited by a single data source and country.","The findings are specific to the New Zealand context.","The study does not provide direct comparisons across different contexts or time periods.","Use larger datasets with more variables and granular spatial units.","Collect data that includes a wide array of activity nodes and opportunity variables.","Use importance sampling and explore new sampling methods for other models.",NA,0,NA,0,NA,0,NA,0,"1. Day-of-week effects | Binary; 2. Time-of-day effects | Binary",2,11
"THE INFLUENCE OF ACTIVITY SPACE AND VISITING FREQUENCY ON CRIME LOCATION CHOICE: FINDINGS FROM AN ONLINE SELF-REPORT SURVEY","May, June, and September 2016","2013-2016","Netherlands","Not Specified (Entire Country)",0.68,NA,NA,NA,NA,NA,675,"Theft",140,140,78,"Theory-Method","Cross-sectional","Conditional Logit","Maximum Likelihood","Specified","Specified","Not Specified","Not Specified","Not Specified","Not Specified","""Dutch neighbourhoods are the smallest statistical units for which Statistics Netherlands provides detailed information on structural and socio-economic features.""","Neighbourhoods were chosen due to data availability from Statistics Netherlands and their homogeneous character, which aligns with the theoretical framework.","Random sample from police suspect information system","All 12,821 neighbourhoods in the Netherlands","Offence locations geocoded to neighbourhoods","Presence of any activity node and frequency of visits to these nodes.","Probability of targeting an area increases with presence of an activity node and frequency of visits.","Police suspect information system; Online Activity Space Inventory Survey (OASIS)","Limited by small sample size and low response rate; concentrated in urban areas in the western part of the Netherlands","Accuracy of reported information not always certain; difficulties in remembering details.","Online survey may not have captured all activity nodes; less important or less frequently visited nodes underreported.","Online survey limitations in capturing all relevant data.","Average visiting frequencies may not accurately reflect the time of the offence.","Concerns about accuracy of recalled information over a three-year period.","Limited to young adults and those known to the police; findings may not apply to all offenders.","Findings specific to young adult offenders in urban areas in the western part of the Netherlands.","No direct comparisons across different contexts or time periods.","The study suggests using more detailed spatial units to capture awareness spaces and travel paths.","The authors recommend using continuous GPS-tracking to gather detailed data on activity nodes and travel routes.","Future studies should aim to increase the quality and integrality of data on awareness spaces and offense locations.","1. Gender | Percentage; 2. Age | Number; 3. Residential Population Density | Distance; 4. Median Residential Population | Number; 5. Residential population density | Percentage",5,NA,0,"1. Employee density | Percentage; 2. Dominant land use function | Binary",2,"1. Employee Density | Distance; 2. Proximity to Residential Area | Binary; 3. Proximity to Activity Nodes | Binary",3,"1. Time of Offense | Number; 2. Spatial Lag | Binary",2,15
"The usefulness of past crime data as an attractiveness index for residential burglars","2004-2006","2007-2015","Japan","Sendai City",786,NA,NA,NA,NA,NA,NA,"Burglary",369,369,70,"Theory-Method","Cross-sectional","Conditional Logit","Maximum Likelihood","Not Specified","Not Specified","Not Specified","Not Specified","Not Specified","Not Specified","""Using grid cells as alternatives in the conditional logit model allows the unbiased comparison of alternatives, because the grid cells are equal in size.""","Grid cells were chosen for their equal size, allowing unbiased comparison in the model, and because physical boundaries do not significantly impact offender movement.","Spatial sampling using 500 m grid cells","1,134 grid cells as alternatives","Grid cells with residential units","Distance from offender's residence, number of residential units, proportion of single-family dwellings, number of past residential burglaries, past residential burglary rate.","Distance from residence decreases choice probability; number of residential units, proportion of single-family dwellings, number of past residential burglaries, and past residential burglary rate increase choice probability.","Japanese national police register; 2010 Japanese national census data","Real estate value data not readily available","Errors in national census data due to blank returns or mistakes by respondents.","Real estate value of residences in Japan not readily available.","Difficulty defining a single city centre point in Japan.","Overestimation of past residential burglary rate in grid cells with few residential units.","Limited to Sendai City in Japan; may not be applicable to other areas or times.","The findings may not be applicable to all countries and cities due to differences in factors influencing crime.","The findings are specific to Japan and Sendai City, which may limit their applicability to other contexts.","The study does not provide a basis for comparison across different contexts or time periods.","Consider optimal spatial units or scales.","Collect data on past crime rates and neighborhood characteristics.","Incorporate past crime data into geographic profiling models.",NA,0,"1. Real Estate Value of Residences | Index",1,"1. Number of residential units | Number; 2. Number of Residential Units | Number; 3. Road Structure | Rate; 4. Number of past residential burglaries | Number; 5. Past residential burglary rate | Rate",5,"1. Distance from offender's residence | Distance; 2. Distance from city center | Distance",2,NA,0,13
"Traveling Alone or Together? Neighborhood Context on Individual and Group Juvenile and Adult Burglary Decisions","2000-2012","2000-2012","United States","Tampa, Florida",NA,NA,NA,NA,NA,NA,NA,"Burglary",4920,7124,9288,"Data Availability","Cross-sectional","Conditional Logit","Maximum Likelihood","Specified","Not Specified","Not Specified","Not Specified","Not Specified","Not Specified","""because these are the smallest unit available where meaningful sociodemographic data are available""","Block groups were chosen as the spatial unit of analysis because they are the smallest units available for meaningful sociodemographic data.","Discrete choice modeling framework using cleared burglaries over a 13-year period.","334 neighborhoods available for targeting.","Geocoded incident and home addresses.","Residence-to-crime distance, neighborhood characteristics related to social disorganization, racial/ethnic heterogeneity.","Adults target neighborhoods with higher concentrated disadvantage and racial/ethnic heterogeneity; juveniles target neighborhoods with higher Black population.","Cleared burglaries; demographic and economic data from the US Census; arrest data for burglaries from the city police department","Limited by a clearance rate of around 20% in Tampa; may underestimate burglars who target locations further away","Reliance on arrest data with low clearance rates may lead to underestimation of burglars targeting distant locations.","Lack of individual characteristics (race, criminal history), land use data, and residential/commercial target distinction.","Arrest data limited by low clearance rates.","No accounting for temporal variation in target attractiveness.","No consideration of temporal variation in target attractiveness.","Findings may not generalize to other contexts or populations due to the specific focus on Tampa, Florida, and reliance on arrest data.","Findings are specific to the context of Tampa, Florida, and may not apply to other cities or regions.","Inability to account for different land uses or temporal variations limits comparisons across contexts or time periods.","Focus on small-scale urban planning using block groups as neighborhoods.","Detailed neighborhood data is important.","Use advanced statistical techniques like discrete choice modeling.","1. Racial/Ethnic Heterogeneity | Index; 2. Percent Black Residents | Percentage; 3. Percent Latino Residents | Percentage",3,NA,0,"1. Percent Occupied Housing Units | Percentage; 2. Residential Stability | Percentage; 3. Residential Stability | Index",3,"1. Euclidean Distance | Distance; 2. Average Distance Traveled | Distance; 3. Distance Squared | Distance",3,NA,0,20
"Where Do Dealers Solicit Customers and Sell Them Drugs? A Micro-Level Multiple Method Study","2009-2010",NA,"Netherlands","Amsterdam, Red Light District And Neighboring Area",1,NA,NA,NA,NA,NA,NA,"Drug-related",50,50,50,"Theory-Method","Cross-sectional","Multinomial Logit","Maximum Likelihood","Not Specified","Not Specified","Not Specified","Not Specified","Not Specified","Not Specified","""The rationale was that for decision making in dealing situations, what matters are the characteristics of a place that can be seen or heard, and it seemed that street segments ('street blocks,' 'face blocks') are small enough to assure that from any point in the street segment, relevant attributes of any other point in the same segment could be seen and heard.""","Street segments were chosen because they are small enough to capture relevant environmental characteristics that influence drug dealing decisions.","Systematic observations of 262 street segments in downtown Amsterdam.","Street segments where dealers solicited customers and sold drugs.","Dealers' choices of street segments for soliciting and selling.","Potential customer density, social control.","Potential customer density increases choice probability; social control does not decrease it.","Interviews with dealers; systematic observations of street segments; supplement to interview for spatial aspects",NA,"Small sample size affects statistical inference.","Limited access to certain types of dealers.","Study area and recruitment method limited access to certain dealers.","Street segments too coarse for stable characteristics.","Partial overlap of observation and interview periods.","Findings may not generalize well to other contexts or cities due to the specific characteristics of the Amsterdam Red Light District.","Highly specific to the Amsterdam Red Light District.","No basis for comparison across different contexts or time periods.","Use smaller spatial units than street segments.","More detailed data collection is recommended.","Use multiple methods to understand dealer behavior.","1. Gender | Percentage; 2. Age | Number; 3. Population Size | Number; 4. Population Distribution | Percentage",4,NA,0,"1. Physical disorder | Number",1,"1. Potential Customer Density | Distance; 2. Accessibility | Distance; 3. Accessibility of the location | Distance; 4. Average length of street segments | Distance",4,"1. Time of Day | Number; 2. Day of Week | Number",2,24
"WHERE OFFENDERS CHOOSE TO ATTACK: A DISCRETE CHOICE MODEL OF ROBBERIES IN CHICAGO*","1996-1998","1996-1998","United States","Chicago",NA,NA,NA,NA,NA,NA,100,"Robbery",9000,75078,18017,"Data Availability","Cross-sectional","Conditional Logit","Maximum Likelihood","Not Specified","Not Specified","Not Specified","Not Specified","Not Specified","Not Specified","""the census tract was chosen as the spatial unit of analysis because it was the lowest level of aggregation for which the 'collective efficacy' measure was available and because computationally the use of the resource-intensive discrete choice model with smaller spatial units of analysis would have required a drastic reduction in sample size.""","Chosen due to data availability for collective efficacy measures and computational limitations with smaller units","Random sampling of 3,000 robbery cases for model development and another 6,000 cases for testing.","Based on 844 census tracts in Chicago.","Based on characteristics of census tracts such as distance, racial and ethnic dissimilarity, and gang territorial dissimilarity.","Distance from home, racial and ethnic dissimilarity, gang territorial dissimilarity, presence of drug markets, prostitution markets, high schools, retail activities, and collective efficacy.","Distance from home decreases choice probability; similarity in racial and ethnic composition, presence of drug markets, prostitution markets, high schools, and retail activities increase choice probability; collective efficacy decreases choice probability.","CPD records; U.S. Census Bureau; Chicago Police Department; Chicago Public Schools; Claritas; Sampson et al.","Excluded tracts with a population below 100; unable to identify repeat offenders across incidents","Exclusion of unreported robberies may underestimate the attraction value of illegal markets.","Unable to identify repeat offenders across multiple incidents.","Collective efficacy measure has greater error due to aggregation from survey data.","Collective efficacy measure's aggregation may introduce measurement errors.","Neglects temporal variation in robbery patterns.","Limited to Chicago; use of census tracts may affect generalizability.","Findings specific to Chicago's demographic and spatial context.","No direct comparisons across contexts or time periods.","Use smaller units of spatial aggregation.","Incorporate temporal data to improve understanding of spatial target selection.","Integrate journey to crime research with geographic distribution of criminal opportunities.","1. Population size | Number; 2. Racial and ethnic composition | Percentage; 3. Age of offenders | Number; 4. Sex of offenders | Number; 5. Racial and ethnic dissimilarity | Number",5,"1. Retail employment | Density",1,NA,0,"1. Home-to-crime distance | Distance; 2. Euclidean distance | Distance",2,"1. Time and Place of Incident | Number",1,30
