Title,Authors,DOI,DOI link,Venue,Citation count,Year,Data_Limitations,Computational_Constraints,Alternative_Units,Data_Collection_Period,Data_Sources,"Supporting quotes for ""Data_Limitations""","Supporting  tables for ""Data_Limitations""","Reasoning for ""Data_Limitations""","Supporting quotes for ""Computational_Constraints""","Supporting  tables for ""Computational_Constraints""","Reasoning for ""Computational_Constraints""","Supporting quotes for ""Alternative_Units""","Supporting  tables for ""Alternative_Units""","Reasoning for ""Alternative_Units""","Supporting quotes for ""Data_Collection_Period""","Supporting  tables for ""Data_Collection_Period""","Reasoning for ""Data_Collection_Period""","Supporting quotes for ""Data_Sources""","Supporting  tables for ""Data_Sources""","Reasoning for ""Data_Sources"""
TARGET CHOICE DURING EXTREME EVENTS: A DISCRETE SPATIAL CHOICE MODEL OF THE 2011 LONDON RIOTS *,"Peter Baudains, Alex Braithwaite, Shane D Johnson",-,-,,85,2013,"- Use of smaller spatial units (LSOAs) may lead to spillover effects.
- Reliance on 2001 U.K. Census data for some variables, assuming demographic stability over a decade.
- Lack of data on police activity and arrests during the riots.",No computational constraints mentioned.,No alternative units discussed.,"August 6-11, 2011","- Police data from the Metropolitan Police Service for riot-related incidents in London during August 2011;
- 2001 U.K. Census data for population churn rates and ethnic heterogeneity;
- Index of Multiple Deprivation (IMD) 2010 from the U.K. Department for Communities and Local Government;
- U.K. Department of Education data for school counts;
- Valuation Office Agency floor space data for 2004;
- Open Street Map data for underground station locations","  - ""Data exist across the complete set of 4,765 LSOAs in the Greater London area, and each LSOA typically consists of around 1,500 residents.""
  - ""The advantage of smaller sized units of analysis in the discrete choice approach is that the explanatory variables are more representative of the population and characteristics of each area.""
  - ""One issue with using smaller areas is that failing to account for potential spillover effects may lead to errors of inference. Spillover effects occur if an offender chooses a location to offend based on the characteristics of nearby areas rather than on the area itself.""
  - ""The results were consistent with the model with no spatial lag, and hence, the results were not included in this study.""
  - ""The estimates of population churn rates and ethnic heterogeneity were derived using data from the 2001 U.K. Census.""
  - ""the reader should take this into account. Moreover, in using such data, we follow the approach of Shaw and McKay (1969) and estimate levels of social disorganization indirectly.""
  - ""Unfortunately, data regarding police activity were unavailable for analysis, and so we could not estimate the effect of police officer presence, or the number of arrests made in an area during the riots, on offender spatial decision making.""",,"- The study uses Lower Super Output Areas (LSOAs) as the spatial units, which are smaller than those used in some previous studies. This choice is advantageous because it allows for more representative explanatory variables.
- However, using smaller areas like LSOAs can lead to issues with spillover effects, where offenders' choices are influenced by nearby areas rather than the area itself. The study acknowledges this but notes that their results were consistent without accounting for these effects.
- The study relies on data from the 2001 U.K. Census for certain variables, which may not reflect current demographic changes. This is a limitation because it assumes demographic stability over a decade.
- The lack of data on police activity and arrests during the riots is another limitation, as it prevents the study from analyzing the impact of police presence on offender spatial decision making.
- The study does not mention any privacy concerns, confidentiality requirements, or statistical disclosure controls as limitations.","  - ""One issue with using smaller areas is that failing to account for potential spillover effects may lead to errors of inference. Spillover effects occur if an offender chooses a location to offend based on the characteristics of nearby areas rather than on the area itself. To address this issue, the models also were tested with spatially lagged variables. The results were consistent with the model with no spatial lag, and hence, the results were not included in this study.""
  - ""The results also were found to be consistent when the standard errors Considering overall model fit, as is observed from table 5, the average McFadden pseudo R-squared across all days of rioting is about .34.""
  - ""The results presented are robust to the inclusion of two other variables: a measure of police strength and a measure of police relations in the destination areas.""
  - ""All models are estimated using STATA 10 SE (StataCorp, College Station, TX).""
  - ""The advantage of smaller sized units of analysis in the discrete choice approach is that the explanatory variables are more representative of the population and characteristics of each area.""",,"- The paper discusses the use of smaller spatial units (Lower Super Output Areas, LSOAs) which are advantageous for representing population and area characteristics but notes a potential issue with spillover effects. However, this is not a computational constraint but rather a methodological consideration.
- The mention of testing models with spatially lagged variables and finding consistent results suggests a methodological approach rather than a computational limitation.
- The use of STATA 10 SE for model estimation does not imply any computational constraints; it simply states the software used.
- The robustness of results to additional variables and standard error considerations does not indicate computational constraints but rather methodological robustness.
- There is no mention of memory constraints, processing time challenges, or computational feasibility concerns in the paper.","  - ""The advantage of smaller sized units of analysis in the discrete choice approach is that the explanatory variables are more representative of the population and characteristics of each area.""
  - ""These areas are somewhat smaller than the units of analysis used in some of the previous research using the discrete choice approach (e.g., Bernasco and Nieuwbeerta, 2005; Clare, Fernandez, and Morgan, 2009) and indeed are smaller than many previous empirical studies of rioting, which often consider spatial distributions of rioting at a national level (Myers, 2000(Myers, , 2010;;Olzak and Shanahan, 1996;Spilerman, 1970Spilerman, , 1971Spilerman, , 1976)).""
  - ""Distributions at finer scales of analysis have shown the complexities inherent in the dynamics of riots and often can seem to raise more questions (e.g., Abudu Stark et al., 1974;Bohstedt and Williams, 1988); however, this approach enables us to test the consistency with which targets are chosen during rioting.""",,"- The authors mention that the units of analysis they used (Lower Super Output Areas, LSOAs) are smaller than those used in some previous studies. This implies that larger units were considered or used in other research.
- The paper discusses the use of national-level spatial distributions in previous studies, suggesting that larger spatial units like national or regional levels were considered but not used in this study.
- The authors highlight the advantage of using smaller units like LSOAs, which suggests that they chose these over larger units to better represent the population and area characteristics.
- There is no explicit mention of specific alternative units or scales that were considered but not used. The discussion is more about the general scale of analysis rather than specific alternative units.","  - ""The police data consist of all offenses that were detected, and that were identified as having been associated with the riots, by the Metropolitan police for the period August 6-11, 2011.""
  - ""Between August 6 and 10, 2011, riots occurred at numerous locations across the United Kingdom.""
  - ""To do this, we use data for all riot-related incidents that occurred in London in August 2011 that were detected by the police.""",,"- The paper explicitly states that the data used in the study were collected from ""all riot-related incidents that occurred in London in August 2011."" This indicates the general time frame of the data collection.
- The specific dates for the data collection are provided as ""August 6-11, 2011,"" which are the days during which the riots occurred and were detected by the police.
- The mention of ""Between August 6 and 10, 2011"" further confirms the time period during which the riots took place, aligning with the data collection period.","  - ""To do this, we use data for all riot-related incidents that occurred in London in August 2011 that were detected by the police.""
  - ""The police data consist of all offenses that were detected, and that were identified as having been associated with the riots, by the Metropolitan police for the period August 6-11, 2011.""
  - ""Data exist across the complete set of 4,765 LSOAs in the Greater London area, and each LSOA typically consists of around 1,500 residents.""
  - ""The estimates of population churn rates and ethnic heterogeneity were derived using data from the 2001 U.K. Census.""
  - ""To measure deprivation, we use the Index of Multiple Deprivation (IMD) 2010 obtained from the U.K. Department for Communities and Local Government""
  - ""The number of key stage 4 schools (roughly equivalent to secondary schools for those 11-16 years of age) in each LSOA is counted using data from the U.K. Department of Education.""
  - ""For retail floor space, we use the Valuation Office Agency floor space data for the year 2004""
  - ""To determine whether an underground station is located within an LSOA, we use location data of underground stations obtained from Open Street Map""",,"- The study primarily uses police data from the Metropolitan Police Service for riot-related incidents in London during August 2011.
- Census data from the 2001 U.K. Census is used to estimate population churn rates and ethnic heterogeneity.
- The Index of Multiple Deprivation (IMD) 2010 from the U.K. Department for Communities and Local Government is used to measure deprivation.
- Data from the U.K. Department of Education is used to count the number of schools in each LSOA.
- The Valuation Office Agency's floor space data for 2004 is used to measure retail floor space.
- Open Street Map data is used to determine the presence of underground stations in each LSOA."
a_discrete_spatial_choice_model_of_burglary_target.pdf,-,-,-,-,-,-,"- The study was limited by the lack of data on apartments, which are a significant portion of potential targets.
- Data availability issues included the removal of plots due to multiple dwellings and coding errors.
- The study area was constrained to houses only due to the limitations of the Belgian Land Registry data.","- Estimating the conditional logit model was computationally infeasible due to the large number of decision-maker-by-alternative combinations (327,332,850).
- The model required access to all choice-specific characteristics, adding to the computational burden.
- A sampling strategy was used to reduce the number of alternatives, but even this was not sufficient for standard desktop computers.
- The dataset and buffer memory requirements exceeded typical desktop capabilities, necessitating the use of high-performance computing infrastructure.","- Neighborhoods: Previous studies used neighborhoods as a spatial unit of analysis, but this was rejected due to methodological concerns such as the modifiable areal unit problem and aggregation bias.
- Postal code areas: Similar to neighborhoods, postal code areas were considered but rejected for the same methodological reasons.","2006-2012 (crime data), 2013 (Land Registry data)",Belgian Federal Police; Belgian Land Registry,"  - ""The study area comprises the entire province of East Flanders (Belgium), a densely urbanized polycentric study area with a population of approximately 1.5 million inhabitants distributed across 12 cities and 53 towns.""
  - ""The Belgian Land Registry data reflects the situation on 1 January 2013 and contains the construction type of a house, the number of floors in addition to the ground floor, whether there is a rooftop living floor, whether a house has a garage, availability of central heating and/or air-conditioning system, and the built surface area (in 1,000 m²).""
  - ""Four plots were removed from the database because they were built with multiple dwellings and we could not unambiguously identify the correct house associated with the land plot.""
  - ""359 plots were additionally removed because of coding errors in the database.""
  - ""In total, 503,589 residential properties were included in the final choice set.""
  - ""Finally, for burglars that committed multiple burglaries, one burglary case was randomly selected and included in the final analysis.""
  - ""Although this limits the scope of our study, offender accounts suggest burglars may bypass apartments altogether""
  - ""Approximately 80% of all burglaries in Belgium are committed in houses..""",,"- The study area was chosen to be the entire province of East Flanders, which is a large and diverse area, indicating no administrative boundary constraints.
- The use of the Belgian Land Registry data provided detailed information on house attributes, but it did not include data on apartments, which limited the scope of the study.
- Data availability issues were noted with the removal of plots due to multiple dwellings and coding errors, which affected the final choice set.
- The study was constrained by the lack of data on apartments, which are a significant portion of potential targets but were not included due to data limitations.
- The decision to randomly select one burglary case per burglar who committed multiple burglaries was a methodological choice to manage data complexity rather than a data limitation.","  - ""Estimating a conditional logit model involves an iterative maximum likelihood process and requires the likelihood function to be computed for each decision-maker-by-alternative combination (Ben-Akiva & Lerman, 1985). For the current paper, this would be practically infeasible since at least 327,332,850 decision-maker-by-alternative combinations are involved in estimating the models.""
  - ""Even after applying the sampling-of-alternatives procedure, the size of the decision-maker-byalternatives dataset as well as the size of buffer memory required to store intermediary estimation results exceeds the limits of most contemporary desktops.""
  - ""Since McFadden (1978a) demonstrated that these models can be consistently estimated on a subset of alternatives provided that the chosen alternative is included and for each choice at least one alternative from the choice set is randomly sampled as well, we randomly sampled a subset of alternatives that was one-eighth the size of the original choice set (Nerella & Bhat, 2004) and repeated this procedure for each chosen alternative.""
  - ""The Ghent University High Performance Computing infrastructure was therefore used to estimate all models.""",,"- The authors mention that estimating the conditional logit model would be computationally infeasible due to the large number of decision-maker-by-alternative combinations (327,332,850), indicating a significant computational constraint.
- The model requires access to all choice-specific characteristics, which adds to the computational burden.
- To address these constraints, the authors used a sampling strategy to reduce the number of alternatives, which is a common approach to manage computational feasibility.
- Despite this strategy, the dataset and buffer memory requirements still exceeded the capabilities of typical desktop computers, necessitating the use of high-performance computing infrastructure.
- The use of high-performance computing infrastructure suggests that the authors faced significant computational constraints that could not be resolved with standard computing resources.","  - ""Prior work has exclusively focused on intermediary outcomes and used larger spatial units of analysis such as neighborhoods or postal code areas to model burglars' target selection process, even though burglars ultimately select a house to burglarize.""
  - ""Previous studies modeled this process as a choice between larger spatial units such as residential neighborhoods (Bernasco, 2006(Bernasco, , 2010b;;Bernasco & Nieuwbeerta, 2005;Clare, et al., 2009;Townsley, et al., 2014).""
  - ""The spatial resolution of existing applications of the discrete spatial choice approach to crime target selection does not yet fully align with the theoretical and empirical understanding of burglars' target selection process.""
  - ""the use of fine-grained spatial units of analysis such as the house that is burglarized has the advantage that it addresses the modifiable areal unit problem and reduces the risk of aggregation bias (Bernasco, Block, & Ruiter, 2012;Oberwittler & Wikström, 2009).""
  - ""Whenever possible smaller spatial units of analysis are to be preferred over larger spatial units of analysis (Andresen & Malleson, 2011;Oberwittler & Wikström, 2009).""
  - ""Since micro-places more accurately measure the environment in which the offender acts, it is preferable to conduct geospatial criminological research at the most fine-grained spatial resolution available.""
  - ""Essentially, burglary is about an offender finding a suitable house to burglarize and committing his offence within a clearly confined space.""",,"- The authors mention that previous studies have used larger spatial units such as neighborhoods or postal code areas to model burglars' target selection process. This indicates that these larger units were considered as alternative spatial units before selecting the house as the final unit of analysis.
- The authors highlight the limitations of using larger spatial units, such as the modifiable areal unit problem and aggregation bias, which suggests that these alternatives were rejected due to methodological concerns.
- The preference for smaller spatial units is emphasized, with the house being the most fine-grained unit available for studying burglary target selection. This suggests that the house was chosen over larger units due to its alignment with the theoretical and empirical understanding of the process.
- The authors note that using the house as the spatial unit of analysis addresses methodological issues associated with larger units, further justifying the rejection of those alternatives.","  - ""The Belgian Land Registry data reflects the situation on 1 January 2013 and contains the construction type of a house, the number of floors in addition to the ground floor, whether there is a rooftop living floor, whether a house has a garage, availability of central heating and/or air-conditioning system, and the built surface area (in 1,000 m²).""
  - ""Recorded crime data for all aggravated burglaries committed between 2006 and 2012 in East Flanders and for which at least one offender is known were acquired from the Belgian Federal Police.""",,"- The first quote indicates that the crime data was collected from 2006 to 2012, as it specifies the period during which the aggravated burglaries were committed.
- The second quote provides information about the Belgian Land Registry data, which was current as of January 1, 2013. This suggests that the data from the Land Registry was accessed or obtained around this time.
- Combining these pieces of information, we can infer that the data collection period for this study spanned from 2006 to 2012 for the crime data and was accessed or obtained in 2013 for the Land Registry data.","  - ""For our analysis, we have combined recorded crime data on burglaries in East Flanders from the Belgian Federal Police with data on residential houses from the Belgian Land Registry to study burglars' target selection process.""
  - ""Information on attributes of residential properties in East Flanders was obtained through the Belgian Land Registry.""
  - ""Recorded crime data for all aggravated burglaries committed between 2006 and 2012 in East Flanders and for which at least one offender is known were acquired from the Belgian Federal Police.""
  - ""Using data on 650 residential burglaries and on approximately 500,000 residential properties in the Belgian province East Flanders, we consider a discrete spatial choice model of burglary target selection to establish which house-related attributes influence burglars' target selection process.""",,"- The study uses data from two main sources: the Belgian Federal Police and the Belgian Land Registry.
- The Belgian Federal Police provided recorded crime data on residential burglaries in East Flanders.
- The Belgian Land Registry provided data on residential properties in East Flanders, which included attributes such as construction type, number of floors, and availability of central heating and/or air-conditioning systems."
Formal Evaluation of the Impact of Barriers and Connectors on Residential Burglars' Macro-Level Offending Location Choices,"Joseph Clare, John Fernandez, Frank Morgan",-,-,,100,2009,"- Limited to Perth metropolitan area
- Exclusion of suburbs outside Perth metropolitan area
- Dataset did not allow unique identification of offenders
- Predefined set of 291 residential suburbs
- Complexity in selecting appropriate spatial scale",No computational constraints mentioned.,"The authors suggest considering more artificially constructed and uniform areas as an alternative to the current spatial scale, possibly smaller than neighborhoods, to minimize variations in surface size and better capture crime rate variations.","January 1, 2001, to December 31, 2002",Western Australian Police; Australian Bureau of Statistics (ABS); Census data,"  - ""The final dataset contained 1,761 singleoffender (actual or attempted) residential burglaries committed between January 1, 2001, and December 31, 2002 , where the offender resided in the city of Perth.""
  - ""Cases were removed if: (a) there were multiple offenders identified for a single incident, or (b) the offender's area of residence was located outside the Perth metropolitan area.""
  - ""The city of Perth is located in the south-west of Western Australia at the coast of the Indian Ocean. The estimated residential population of Perth in 2001 was 1,381,298 people.""
  - ""A total of 291 residential suburbs were selected as members of the possible choice set for the residential burglaries examined here.""
  - ""The overall geographic placement of these suburbs in relation to the Swan River, selected major roads, and the location of the railway line are displayed in Figure 1""
  - ""the dataset did not permit the researchers to uniquely identify offenders and to precisely determine the influence of prolific offenders on target choice.""
  - ""the exclusion of suburbs outside of the Perth metropolitan area has influenced the outcome of this analysis.""
  - ""A further issue concerns the selection of the spatial scale for burglary analysis in this case. This is a complex problem and there may be no solution that is applicable across the ecology of different cities.""
  - ""Future research could seek to minimise the impact of this limitation by using more artificially constructed and uniform areas for this type of analysis.""",,"- The study was limited to residential burglaries within the Perth metropolitan area, which constrained the spatial units to this specific geographic boundary (Quotes 1, 2, 7).
- The dataset did not allow for the identification of individual offenders, which limited the analysis of prolific offenders' influence on target choice (Quote 6).
- The study used a predefined set of 291 residential suburbs as the spatial units, which may not have been ideal for capturing variations in crime patterns across different spatial scales (Quotes 4, 8).
- The selection of spatial units was influenced by administrative boundaries (the Perth metropolitan area) rather than purely geographic or crime-pattern considerations (Quotes 2, 7).
- The study acknowledges the complexity of selecting an appropriate spatial scale for burglary analysis, indicating a limitation in the choice of spatial units (Quotes 8, 9).","  - ""The final dataset contained 1,761 singleoffender (actual or attempted) residential burglaries committed between January 1, 2001, and December 31, 2002 , where the offender resided in the city of Perth.""
  - ""A total of 291 residential suburbs were selected as members of the possible choice set for the residential burglaries examined here.""
  - ""The overall geographic placement of these suburbs in relation to the Swan River, selected major roads, and the location of the railway line are displayed in Figure 1""
  - ""Distance between suburbs was calculated by creating a distance matrix based on distance between suburb centroids estimates and adjustments were made to correct for zero distances (when the offender resided in the target suburb) under the assumption that the suburb was approximately circular (Dunbar, 1997).""
  - ""The parameter odds ratios and information about model performance are displayed in Table 3""
  - ""The conditional logit model tested here contained 12 parameters and provided an acceptable fit of the burglary target selection data, with McFadden's ρ 2 = 0.27.""
  - ""Parameters are estimated by conditional logit models through maximum likelihood methods and, as such, care must be taken to ensure that the estimated standard errors are robust to the probability that the data set contains instances of multiple burglaries committed by the same offenders (clustering of cases).""
  - ""All results presented were calculated utilising this estimate for clustering of offences.""
  - ""the dataset did not permit the researchers to uniquely identify offenders and to precisely determine the influence of prolific offenders on target choice.""
  - ""the discrete spatial choice model presents researchers with the outcomes of 'practical consciousness' (Giddens, 1984, p. 375) , and that despite the success of this 'choice' approach, the extent to which offender behaviour is accounted for by rational choices rather than unconscious routine remains uncertain.""",,"- The paper discusses the selection of a dataset containing 1,761 burglary incidents and 291 suburbs, which suggests a large dataset but does not mention any computational constraints related to memory or processing power.
- The use of a distance matrix and adjustments for zero distances indicates computational processing, but again, no specific constraints are mentioned.
- The mention of conditional logit models and maximum likelihood methods suggests computational complexity, but there is no explicit mention of computational limitations or constraints.
- The discussion of clustering and the inability to uniquely identify offenders suggests data limitations rather than computational constraints.
- The paper does not mention any specific software limitations or computational feasibility concerns that influenced their spatial unit selection.","  - ""Future research could seek to minimise the impact of this limitation by using more artificially constructed and uniform areas for this type of analysis.""
  - ""A further issue concerns the selection of the spatial scale for burglary analysis in this case. This is a complex problem and there may be no solution that is applicable across the ecology of different cities.""
  - ""There is evidence, however, that rates of burglary and other crimes can exhibit large variations across very small populations and areas that in some cases are smaller than neighbourhoods (Bottoms, Mawby, & Walker, 1987).""
  - ""Furthermore, a relatively large degree of variation in surface size remained within and between the suburbs contained in the choice set modelled in this case.""",,"- The authors discuss the complexity of selecting a spatial scale for burglary analysis, indicating that there is no one-size-fits-all solution across different cities.
- They mention that crime rates can vary significantly across small areas, even smaller than neighborhoods, suggesting that smaller spatial units could be considered.
- The authors note the variation in surface size within and between suburbs, which implies that using more uniform areas could be an alternative approach.
- The suggestion for future research is to use ""more artificially constructed and uniform areas,"" which implies considering alternative spatial units that are more standardized.","  - ""The final dataset contained 1,761 singleoffender (actual or attempted) residential burglaries committed between January 1, 2001, and December 31, 2002 , where the offender resided in the city of Perth.""
  - ""The residential burglary data analysed here were provided by the Western Australian Police.""",,"- The paper explicitly states that the data analyzed was provided by the Western Australian Police, which indicates the source of the data.
- The specific time period during which the data was collected is clearly mentioned as ""between January 1, 2001, and December 31, 2002.""
- This time frame is directly related to the residential burglaries that were part of the study, indicating that this is the data collection period for the study.","  - ""The residential burglary data analysed here were provided by the Western Australian Police.""
  - ""In those instances where an offender was identified, the burglary incident data could be linked to offender information including age, sex, Indigenous status, 1 and location of home suburb.""
  - ""The final dataset contained 1,761 singleoffender (actual or attempted) residential burglaries committed between January 1, 2001, and December 31, 2002 , where the offender resided in the city of Perth.""
  - ""The city of Perth is located in the south-west of Western Australia at the coast of the Indian Ocean. The estimated residential population of Perth in 2001 was 1,381,298 people.""
  - ""statistics for this set of suburbs show that they have an average size of 6.76 km 2 with a mean population of 4,669 residents and 1,791 dwellings (ABS, 2003)""
  - ""Because the weekly income for suburbs was categorically defined within the census data, it was not meaningful to talk about the average weekly income (ABS, 2004)""
  - ""the Socio-Economic Index for Areas (SEIFA) value for Advantage-Disadvantage of the target suburb (S j""
  - ""The final parameter in the model, H j , captured the total number of residential units in the victim suburb.""",,"- The primary source of data for this study was the residential burglary data provided by the Western Australian Police. This is explicitly mentioned in the paper.
- The data included information on burglary incidents and offender characteristics such as age, sex, Indigenous status, and location of home suburb, which were linked to the police data.
- The study also used census data from the Australian Bureau of Statistics (ABS) to obtain demographic information about the suburbs, such as population size and socioeconomic status.
- The Socio-Economic Index for Areas (SEIFA) was used to measure affluence, which is another indicator of census data usage.
- The total number of residential units in victim suburbs was also a parameter in the model, likely derived from census or administrative records."
Investigating the effect of people on the street and streetscape physical environment on the location choice of street theft crime offenders using street view images and a discrete spatial choice model,"Han Yue, Lin Liu, Luzi Xiao, Y D Wei",-,-,Applied Geography,15,2023,"- Data availability: Communities with less than 50% coverage of Street View Images (SVIs) were excluded.
- Administrative boundary constraints: The study used communities as the spatial unit of analysis, which is a common administrative boundary in urban planning and research.
- Static nature of SVIs: SVIs are collected instantly and cannot capture dynamic changes in on-street populations or small objects like broken windows and graffiti.",No computational constraints mentioned.,No alternative units discussed.,"- Street view images: 2016, 2017, 2019
- Crime data: 2017-2018",Police department of ZG city; Baidu Street View (BSV) images,"  - ""To ensure that the street networks in each community have adequate SVIs, we calculated the coverage rate of SVIs in each community as the percentage of the number of SVI points versus the number of all sampling points. Then, communities with coverage rates of SVIs less than 50% were dropped. Finally, 1636 communities remain in this study.""
  - ""Because of the high urbanization rate, buildings and roads do generally not change significantly from one year to another. Being situated in a sub-tropical region, trees and bushes remain green throughout the year. Therefore, street view images in ZG, unlike those in high latitude cities, do not have much seasonal variations.""
  - ""This study has some limitations. Streetscape physical elements like buildings and trees are stationary and stay relatively stable over time. However, the number of people on the street changes with the time of day. Although SVIs have the unique potential to detect people on the street that other data sources do not (mobile phone, social media, taxi trajectory, and other commonly used data sources cannot distinguish between people on the street and indoors), SVIs are limiting because they are collected by street-view cars instantly. They are static and cannot capture the dynamic change of on-street population.""
  - ""This study is conducted in ZG city, a megacity in southeast China. With an urbanization rate of 86.46%, the population of permanent residents in the city amounted to 15.30 million in 2019. There are 2643 communities in the ZG city, and this study takes the community as the spatial unit of analysis.""
  - ""Additionally, small objects like broken windows, litter on the street, and graffiti are important signs of physical disorder, which may attract crimes. Future crime location choice research should take these variables into account.""",,"- The study was conducted in ZG city, which has a high urbanization rate and a large population, indicating that the choice of spatial units was influenced by administrative boundaries and data availability.
- The study used communities as the spatial unit of analysis, which is a common administrative boundary in urban planning and research.
- The availability of Street View Images (SVIs) was a significant factor in selecting communities for the study. Communities with less than 50% coverage of SVIs were excluded, indicating a data availability constraint.
- The study acknowledges limitations related to the static nature of SVIs, which cannot capture dynamic changes in on-street populations or small objects like broken windows and graffiti.
- The study's focus on communities as spatial units may have been influenced by the need for data aggregation and statistical analysis, as well as the practicality of using existing administrative boundaries.","  - ""The main aim of this study is to investigate how the presence of people on the street and the streetscape's physical environment affect criminals' crime location choices.""
  - ""This study is conducted in ZG city, a megacity in southeast China. With an urbanization rate of 86.46%, the population of permanent residents in the city amounted to 15.30 million in 2019.""
  - ""There are 2643 communities in the ZG city, and this study takes the community as the spatial unit of analysis.""
  - ""Because of the high urbanization rate, buildings and roads do generally not change significantly from one year to another.""
  - ""This study adopted Baidu Street View (BSV) images as the data source to detect people on the street and other streetscape physical environment features.""
  - ""To ensure that the street networks in each community have adequate SVIs, we calculated the coverage rate of SVIs in each community as the percentage of the number of SVI points versus the number of all sampling points. Then, communities with coverage rates of SVIs less than 50% were dropped.""
  - ""Finally, 1636 communities remain in this study.""
  - ""In total, we obtained 3,871,916 BSV images.""
  - ""The network we used in this study has good performance: the average AP for IoU from 0.5 to 0.95 with a step size of 0.05 is 46.5%, the average AP at IoU = 0.5 is 67.5%, and the average AP at IoU = 0.75 is 50.7%, which is considered very good for object detection.""
  - ""The outputs of the Faster R-CNN network are a group of boxes marking the bounding rectangles of detected objects in an image.""
  - ""the accuracy of the PSPNet semantic segmentation network used in this study was validated.""
  - ""The average accuracy of the 50 images was then calculated to evaluate the overall accuracy of the PSPNet network.""
  - ""The research field of crime geography employs a discrete spatial choice model to analyze the factors that influence offenders' decisions in selecting a community j for committing crimes, with the dependent variable being dichotomous.""
  - ""Before running the conditional logit model, we calculated all the independent variables' variance inflation factors (VIFs). Results demonstrate that the VIF values are smaller than 10 (shown in the last column of Table 1 ), the commonly accepted threshold value in discrete choice modeling crime research (Bernasco & Block, 2011).""
  - ""In summary, incorporating streetscape variables can significantly improve the fitting performance of the model.""",,"- The study uses a large dataset of Baidu Street View images (3,871,916 images) and applies deep learning algorithms for object detection and semantic segmentation. This suggests a significant computational effort, but there is no mention of specific computational constraints such as memory limitations or processing time challenges.
- The study involves complex data processing and analysis using deep learning networks, but there is no mention of any computational limitations or constraints that influenced the spatial unit selection.
- The selection of communities as spatial units was based on the availability of street view images and the coverage rate, not on computational constraints.
- The study does not mention any software limitations or computational feasibility concerns that affected the analysis or spatial unit selection.","  - ""the number of alternatives available to each offender may differ based on their home locations and range of daily activities. This variability is accounted for by incorporating the residence-crime proximity variable in our discrete choice models, which controls for the effect of offenders' accessibility to each alternative community.""
  - ""This study is conducted in ZG city, a megacity in southeast China. With an urbanization rate of 86.46%, the population of permanent residents in the city amounted to 15.30 million in 2019. There are 2643 communities in the ZG city, and this study takes the community as the spatial unit of analysis.""
  - ""The type of crime studied in this paper is street theft crime, which includes snatching, pickpocketing, and theft from the person that happened in the public open space.""
  - ""The main aim of this study is to investigate how the presence of people on the street and the streetscape's physical environment affect criminals' crime location choices. First, this study collected a set of finegrained SVIs in a megacity in China. Then, using integrated deep learning networks, we detected on-street population and streetscape physical environment features from these images. A discrete spatial choice model is finally constructed to investigate the effect of streetscape features on offenders' crime location choices. Residence-crime proximity, crime attractors, generators, detractors, and socioeconomic attributes of communities are accounted for, as these factors also influence crime location choice.""",,"- The paper primarily focuses on the community as the spatial unit of analysis, as indicated by the statement ""There are 2643 communities in the ZG city, and this study takes the community as the spatial unit of analysis.""
- The study is conducted in a megacity in China, specifically in ZG city, which suggests that the community level is the chosen scale for analysis.
- The paper does not explicitly mention any alternative spatial units or scales that were considered before selecting the community as the final unit of analysis.
- The focus on communities and the lack of discussion on other spatial units imply that no alternative units were considered or discussed in the paper.","  - ""Baidu Street View Map does not provide images for the entire year of 2018. We selected street view images captured in 2016, 2017, and 2019, to align with the time period of the crime data (2017-2018) and to ensure that the spatial coverage is sufficient for the study.""
  - ""This study adopted Baidu Street View (BSV) images as the data source to detect people on the street and other streetscape physical environment features.""
  - ""When downloading BSV images for a specific sampling point, we selected images from 2017 if available at that location, and if not, we selected images from either 2016 or 2019.""
  - ""We obtained a set of detected street theft crimes committed during 2017 and 2018 from the police department of ZG city.""
  - ""the crime data and SVIs are reasonably matched in time.""",,"- The study used Baidu Street View images as a data source, which were collected in 2016, 2017, and 2019. This indicates that the data collection period for the street view images spanned these years.
- The crime data was obtained for the years 2017 and 2018, which aligns with the time period of the street view images.
- The study aimed to match the crime data with the street view images in terms of time, suggesting that the data collection period for both types of data was concurrent or closely aligned.
- The specific years mentioned for data collection are 2016, 2017, and 2019 for street view images, and 2017 and 2018 for crime data.","  - ""We obtained a set of detected street theft crimes committed during 2017 and 2018 from the police department of ZG city.""
  - ""This study adopted Baidu Street View (BSV) images as the data source to detect people on the street and other streetscape physical environment features.""
  - ""The type of crime studied in this paper is street theft crime, which includes snatching, pickpocketing, and theft from the person that happened in the public open space.""
  - ""This study considered two socioeconomic features in the context of social disorganization: percent migrants and percent lowly-rent houses.""",,"- The paper mentions that crime data was obtained from the ""police department of ZG city,"" which is a direct source of crime records.
- Baidu Street View (BSV) images were used to extract streetscape physical environment features, indicating that these images are a primary data source for environmental data.
- The study uses a discrete spatial choice model, which is a methodological approach rather than a data source.
- The paper does not mention any other data sources such as census data, administrative records, surveys, or commercial databases beyond the police department and BSV images.
- The socioeconomic features mentioned are likely derived from existing datasets or studies, but the paper does not specify these as separate data sources."
Target Selection Models with Preference Variation Between Offenders,"Michael Townsley, Daniel Birks, Stijn Ruiter, Wim Bernasco, • Gentry White",-,-,-,-,-,"- Data availability issues: Limited to detected residential burglaries.
- Administrative boundary constraints: Use of Statistical Local Areas (SLAs).
- Assumptions about offending trips: Originating from home locations.
- Limitations in neighborhood characteristics: Use of secondary data sources and proxies.
- Estimation challenges: Mixed logit model limitations due to IIA property.
- Unaddressed assumptions: Several assumptions remain uninvestigated.",The authors mention computational constraints related to the size of the data and the estimation methods. Maximum simulated likelihood estimation is not feasible for large choice sets due to issues with Halton sequences. The use of hierarchical Bayes estimation is a workaround for these constraints. The technique typically used to solve estimation problems cannot be used in the mixed logit case due to the IIA property. These constraints influenced the choice of model and estimation method.,"Street segments were mentioned as an alternative unit of analysis, as they have been used in other studies to demonstrate variability in crime levels and might offer a more detailed perspective on offender preferences compared to larger units like SLAs.",2006-2009,Police databases/crime records from Brisbane; Australian Bureau of Statistics (ABS) 2006 Census,"  - ""Data describing 2844 detected residential burglaries committed by 873 offenders over 2006-2009 calendar years in the Brisbane Local Government Area were collected and analyzed.""
  - ""Examining the location choices of these offenders, a choice set of 158 Statistical Local Areas (SLAs) were defined as possible offending areas.""
  - ""The offending rate of these offenders was highly skewed. While the mean number of burglaries was 3.26 (SD = 6.59), the most prolific offender was detected for 87 offences.""
  - ""The mixed logit model is a more general statistical model that allows preferences to be estimated for each decision maker.""
  - ""The technique typically used to solve the intractability of the estimation problem, 'sampling from alternatives' (McFadden 1978), depends on the IIA property and therefore cannot be used in the mixed logit case (Guevara and Ben-Akiva 2013).""
  - ""Like any other study, this research is subject to number of weaknesses that should be considered when interpreting its findings. As with all studies of offender mobility that use recorded crime data, revealed preferences reflect those of cleared residential burglaries only.""
  - ""In the absence of more nuanced data, we make the necessary assumption that all offending trips originate from an offender's home location.""
  - ""we are limited in the data used for neighborhood characteristics. Our measures of affluence and social cohesion are derived from a secondary data source and so may not capture the theoretical constructs as intended.""
  - ""Using median housing repayment as a proxy of neighborhood affluence is defensible, especially as we partition areas into deciles.""
  - ""Social cohesion was measured using a metric of residential turnover, which has been used in many other studies (e.g. Baudains et al. 2013;Johnson and Summers 2015; Sampson 1991; Sampson et al. 1997;Wikstro ¨m et al. 2012).""
  - ""Finally, while the mixed logit variation of the discrete spatial choice approach relaxes a number of assumptions inherent in all discrete spatial choice studies, we remain encumbered by several others which likely warrant further empirical investigation.""",,"- The study uses data from detected residential burglaries in Brisbane, which may not represent all burglaries due to clearance rates and data availability issues (Quote 1, 6).
- The choice set is defined by Statistical Local Areas (SLAs), which might impose administrative boundary constraints (Quote 2).
- The data is limited to cleared residential burglaries, which may not reflect all offender mobility patterns (Quote 6).
- Assumptions about offending trips originating from home locations might not always be accurate (Quote 7).
- The use of secondary data sources for neighborhood characteristics could introduce limitations in capturing theoretical constructs (Quote 8).
- The study relies on proxies like median housing repayment for affluence and residential turnover for social cohesion, which might not perfectly capture these concepts (Quotes 9, 10).
- The mixed logit model, while more flexible, still has limitations due to the IIA property and estimation challenges (Quote 5).
- The study acknowledges several unaddressed assumptions that could influence the choice of spatial units and data interpretation (Quote 11).","  - ""The technique typically used to solve the intractability of the estimation problem, 'sampling from alternatives' (McFadden 1978), depends on the IIA property and therefore cannot be used in the mixed logit case (Guevara and Ben-Akiva 2013).""
  - ""The mixed logit was estimated using hierarchical Bayes, so named because a hierarchy of parameters is estimated.""
  - ""The mixed logit model is a more general statistical model that allows preferences to be estimated for each decision maker. It has only recently been a viable model for empirical investigations due to advances in simulation research.""
  - ""Like any other study, this research is subject to number of weaknesses that should be considered when interpreting its findings. As with all studies of offender mobility that use recorded crime data, revealed preferences reflect those of cleared residential burglaries only.""",,"- The paper discusses the use of a mixed logit model, which is a more general and complex statistical model compared to the conditional logit model. This suggests that computational constraints were considered in the choice of model.
- The authors mention that maximum simulated likelihood estimation is not feasible for large choice sets due to issues with Halton sequences becoming correlated in higher dimensions. This indicates a computational constraint related to the size of the data.
- The use of hierarchical Bayes estimation instead of maximum simulated likelihood suggests a workaround for computational constraints, as it is more feasible for large datasets.
- The mention of the intractability of the estimation problem and the inability to use certain techniques due to the IIA property indicates computational limitations in terms of model estimation.
- The paper does not explicitly mention memory constraints or processing time, but the discussion of model choice and estimation methods implies computational feasibility concerns.","  - ""In the planning and commission of crimes offenders need to make many choices. Perhaps the most fundamental of these is where to commit crime.""
  - ""The discrete spatial choice framework (Bernasco and Nieuwbeerta 2005) attempts to model location choice by comparing the characteristics of neighborhoods where offenders have committed crimes with those neighborhoods where they have chosen not to commit crimes.""
  - ""Examining the location choices of these offenders, a choice set of 158 Statistical Local Areas (SLAs) were defined as possible offending areas.""
  - ""The overall variation in b i coefficients appears only partially related to the spatial nesting of burglars in SLAs.""
  - ""Finally, while the mixed logit variation of the discrete spatial choice approach relaxes a number of assumptions inherent in all discrete spatial choice studies, we remain encumbered by several others which likely warrant further empirical investigation. These include:

(1) that the choice process used to locate suitable targets is hierarchical in structure; (2) that the geographies selected to represent choices are both an adequate reflection of offender choice perceptions and are not compromised by excessive internal heterogeneity; and (3) no significant changes over time in either the behavioral rule applied by offenders in selecting targets, or the choices selected in targeting particular locations take place. With respect to the first and second, it may be that modelling preference variability is more feasible at smaller units of analysis than the neighborhoods used here.""
  - ""For instance, Weisburd et al. (2012) demonstrate the tremendous variability in crime levels using street segments over neighborhoods.""",,"- The paper primarily uses Statistical Local Areas (SLAs) as the unit of analysis for studying location choice preferences of residential burglars.
- The authors mention that the choice process might be hierarchical and that the selected geographies (SLAs) might not perfectly reflect offender perceptions or might have internal heterogeneity, suggesting potential limitations with the current unit of analysis.
- The paper references Weisburd et al. (2012), who used street segments as a unit of analysis, indicating that smaller units like street segments could be an alternative for studying crime levels.
- The authors suggest that smaller units of analysis might be more feasible for modeling preference variability, implying that street segments or similar smaller units could be considered as alternative units.","  - ""Data describing 2844 detected residential burglaries committed by 873 offenders over 2006-2009 calendar years in the Brisbane Local Government Area were collected and analyzed.""
  - ""The offending rate of these offenders was highly skewed. While the mean number of burglaries was 3.26 (SD = 6.59), the most prolific offender was detected for 87 offences.""
  - ""These offences represent 22 % of all recorded burglaries during this period, which is similar to clearance rates observed in the UK, but relatively high compared to the US (Weisel 2002).""",,"- The paper explicitly states that the data collection period for the study was from 2006 to 2009. This is mentioned in the context of analyzing detected residential burglaries in the Brisbane Local Government Area.
- The mention of ""2006-2009 calendar years"" clearly indicates the specific time frame during which the data was collected.
- The data collection period is further supported by the mention of the number of offenses and offenders during this time, reinforcing that the study focused on this specific period.","  - ""Analyzing detected residential burglaries from Brisbane, Australia, we apply a random effects variant of the discrete spatial choice model to estimate preference variation between offenders across six location choice characteristics.""
  - ""Data describing 2844 detected residential burglaries committed by 873 offenders over 2006-2009 calendar years in the Brisbane Local Government Area were collected and analyzed.""
  - ""For each SLA the following characteristics, each relating to a specified behavioral rule, were sourced from the Australian Bureau of Statistics (ABS) 2006 Census and included in the estimated model.""",,"- The study used data from ""detected residential burglaries from Brisbane, Australia,"" which suggests that the primary data source was likely a police database or crime records from Brisbane.
- The mention of ""2844 detected residential burglaries committed by 873 offenders over 2006-2009 calendar years"" further supports the use of crime records or police databases as a data source.
- The study also used data from the ""Australian Bureau of Statistics (ABS) 2006 Census,"" which is a census data source. This was used to obtain characteristics such as mean housing repayment and residential mobility."
Effects of residential history on commercial robbers' crime location choices,"Wim Bernasco, Thessa Kooistra",-,-,-,-,-,"- Limited sample size affecting statistical significance
- Homogeneous sample limiting generalizability
- Potential inaccuracies in official residential histories
- Reliance on government systems for data
- Conservative estimates due to data unreliability",No computational constraints mentioned.,No alternative units discussed.,2004 and 2005,"National Commercial Robbery Registration System (LORS); Nationwide Citizen Information System (GBA); Database with demographic, social, and economic information on postal code areas in the Netherlands","  - ""The limited size of the sample, motivated by the wish to have a homogeneous set of offenders and offences, is obviously related to this lack of statistical significance.""
  - ""More extensive research -research on larger samples, other types of offences and including co-offending groups -is certainly needed to replicate these findings.""
  - ""The availability of historical offender addresses has been a major strength in the present study, but future studies will probably need to contact offenders themselves and rely on their recollection of events.""
  - ""Offender accounts may also help to assess the reliability of the residential histories in official government systems.""
  - ""It is likely that the residential addresses in the GBA system do not always reflect where people actually live.""
  - ""Because data unreliability tends to mask real effects, our estimates of the effects of residential history are probably conservative.""",,"- The study faced limitations due to the limited size of the sample, which affected the statistical significance of some findings. This suggests that the sample size was a constraint in the analysis.
- The study focused on a homogeneous set of offenders and offenses, which might limit the generalizability of the findings to other types of crimes or offenders.
- The reliance on official government systems for residential histories may not always accurately reflect where individuals actually live, indicating a potential data quality issue.
- The study suggests that future research should involve larger samples and possibly direct contact with offenders to improve data reliability, indicating current limitations in data collection methods.
- The study's estimates are considered conservative due to data unreliability, which is a limitation in terms of the accuracy of the findings.","  - ""the limited size of the sample.""
  - ""The statistical significance of the duration and recency effects was typically weak (p < .05 one-sided) or absent, as is the case for the results presented in Tables 2 and 3""
  - ""The limited size of the sample, motivated by the wish to have a homogeneous set of offenders and offences, is obviously related to this lack of statistical significance.""
  - ""The third source of data is a database containing demographic, social and economic information on all postal code areas in the Netherlands. There are 4006 postal code areas nationwide; they have an average population size of 4900 and an average number of households of 2100. In terms of size, shape and topography, the postal code area is a useful spatial unit of analysis because it approximates the area one would expect people to be familiar with if they lived within it.""",,"- The paper discusses the use of postal code areas as a spatial unit of analysis, which is chosen for its practicality in terms of size and familiarity. However, there is no mention of computational constraints such as memory limitations, processing time, or software limitations that influenced this choice.
- The paper mentions the limited size of the sample as a factor affecting statistical significance, but this is not a computational constraint. It is a data limitation rather than a computational one.
- There is no mention of any computational constraints, memory constraints, or processing challenges that influenced the spatial unit selection or the analysis.","  - ""In terms of size, shape and topography, the postal code area is a useful spatial unit of analysis because it approximates the area one would expect people to be familiar with if they lived within it.""
  - ""Its boundaries have been designed with post delivery services in mind, physical restrictions on travel within the area are minimal, and it invites local travel by foot and bicycle, modes of travel that provide ample opportunities to learn about the environment.""",,"- The authors justify the use of postal code areas as their spatial unit of analysis by highlighting their suitability in terms of size, shape, and topography. They argue that these areas are familiar to residents and have minimal physical restrictions, which facilitates local travel and learning about the environment.
- There is no mention of alternative spatial units or scales being considered or rejected. The focus is on the rationale for choosing postal code areas, without any discussion of other potential units.","  - ""We first selected all 4657 robberies in the years 2004 and 2005.""
  - ""Using robberies before this period would have made the registered pre-offence residential histories shorter and thus less useful for the analysis.""
  - ""The GBA system allows the reconstruction of the residential histories of all offenders from 1992 onward.""",,"- The paper explicitly states that the data collection period for the robberies analyzed in the study was ""the years 2004 and 2005."" This is directly mentioned in the context of selecting robberies for the study.
- The mention of ""using robberies before this period"" suggests that the data collection period is specifically focused on these two years, as using earlier data would have limitations in terms of residential history.
- The GBA system's ability to reconstruct residential histories from 1992 onward provides a broader context for the availability of data, but the specific data collection period for this study is narrowed down to 2004 and 2005.","  - ""The first data source is the National Commercial Robbery Registration System (LORS), which is managed by the Dutch National Police Services Agency (KLPD).""
  - ""The second data source is the population registration data held in the Nationwide Citizen Information System (GBA).""
  - ""The third source of data is a database containing demographic, social and economic information on all postal code areas in the Netherlands.""",,"- The paper mentions three distinct data sources used in the study.
- The first data source is the National Commercial Robbery Registration System (LORS), which is a police database managed by the Dutch National Police Services Agency (KLPD). This database contains information on commercial robberies and offenders.
- The second data source is the population registration data from the Nationwide Citizen Information System (GBA), which is an administrative record that provides historical information on residential addresses of Dutch citizens.
- The third data source is a database with demographic, social, and economic information on postal code areas in the Netherlands, which likely serves as a source of census-like data."
A Time for a Crime: Temporal Aspects of Repeat Offenders' Crime Location Choices,"Sabine E M Van Sleeuwen, Stijn Ruiter, Barbara Menting",-,-,,21,2018,"- The study uses four-digit postal code areas as spatial units due to their suitability for crime location choice research and minimal travel restrictions.
- The selection was influenced by data availability from the BRP and administrative boundaries around The Hague.
- The study area is limited to the greater The Hague area, which may introduce regional constraints.
- Detection bias may be present due to reliance on police data for arrested offenders.",No computational constraints mentioned.,No alternative units discussed.,2003 to 2009,Dutch Suspect Identification System (HKS); BRP (Basis Registratie Personen); Statistics Netherlands; LISA database,"  - ""The second source is a nationwide citizen information system, called BRP (in Dutch: ""Basis Registratie Personen""). BRP is continuously updated with information on all residents of the Netherlands such as residential addresses and histories.""
  - ""The area comprises of nine municipalities around-and including-the city of The Hague, the third largest city in the Netherlands.""
  - ""These postal code areas have an average population of approximately 7,000 residents and an average area size of about 2.96 km 2 (Lammers et al. 2015).""
  - ""In previous studies, it was argued that four-digit postal code areas are well-suited for crime location choice research, as these administrative areas were constructed in such a way to have minimal travel restrictions for postal delivery services that usually travel on foot or bicycle (Bernasco 2010:398)""
  - ""The dependent variable represents the choice outcome, that is, the target area the offender has selected from the set of alternative areas. As all offense locations were geocoded and allocated to one of the 142 postal codes in the study area, the dependent variable describes the choice for a particular postal code from all 142 potential alternatives in the greater The Hague area.""
  - ""the alternatives represent the 142 different four-digit postal code areas of the study region, the greater The Hague area in the Netherlands.""
  - ""Although the present study offers important insights into offenders' spatiotemporal criminal decision-making, some caveats and opportunities for future research should be mentioned. First, this study relies on police data regarding arrested offenders. As only a proportion of all crimes are solved by the police, the results from this study might suffer from detection bias.""",,"- The study uses four-digit postal code areas as the spatial units, which are administrative boundaries that were chosen for their minimal travel restrictions and suitability for crime location choice research.
- The selection of these spatial units was influenced by the availability of data from the nationwide citizen information system (BRP) and the administrative boundaries of the municipalities around The Hague.
- The study area is limited to the greater The Hague area, which might introduce constraints related to the specific characteristics of this region.
- The use of police data regarding arrested offenders may introduce detection bias, as not all crimes are solved by the police, which could limit the generalizability of the findings.
- The study does not mention any privacy concerns, confidentiality requirements, or statistical disclosure controls that might have influenced the choice of spatial units.","  - ""Conditional logit models 1 were used to test our hypotheses. For this purpose, a large data matrix of 1,787,105 rows was constructed containing 142 rows (i.e., target alternatives) for each of the 12,639 offenses to be explained.""
  - ""In previous studies, it was argued that four-digit postal code areas are well-suited for crime location choice research, as these administrative areas were constructed in such a way to have minimal travel restrictions for postal delivery services that usually travel on foot or bicycle (Bernasco 2010:398) . Hence, most people who live in or regularly visit an area should be familiar with that area.""
  - ""The dependent variable represents the choice outcome, that is, the target area the offender has selected from the set of alternative areas. As all offense locations were geocoded and allocated to one of the 142 postal codes in the study area, the dependent variable describes the choice for a particular postal code from all 142 potential alternatives in the greater The Hague area.""",,"- The paper discusses the use of four-digit postal code areas as the spatial unit for analysis, which is justified by the minimal travel restrictions within these areas and the familiarity of residents with these areas. This suggests a practical consideration rather than a computational constraint.
- The construction of a large data matrix with 1,787,105 rows indicates a significant computational task, but there is no mention of any computational limitations or constraints that influenced the selection of spatial units.
- The paper does not mention any specific computational constraints such as memory limitations, processing time, or software limitations that affected the choice of spatial units.","  - ""the alternatives represent the 142 different four-digit postal code areas of the study region, the greater The Hague area in the Netherlands.""
  - ""Besides, most previous crime location choice studies analyzed areas of a similar size (e.g., Bernasco and Nieuwbeerta 2005;Clare, Fernandez, and Morgan 2009;Townsley et al. 2015).""
  - ""In previous studies, it was argued that four-digit postal code areas are well-suited for crime location choice research, as these administrative areas were constructed in such a way to have minimal travel restrictions for postal delivery services that usually travel on foot or bicycle (Bernasco 2010:398)""",,"- The paper mentions that the authors used four-digit postal code areas as their unit of analysis. This is explicitly stated in the first quote.
- The second quote provides a justification for using four-digit postal code areas, indicating that they are well-suited for crime location choice research due to their construction and minimal travel restrictions.
- The third quote suggests that the choice of four-digit postal code areas aligns with common practices in previous studies, which also used similar-sized areas.
- There is no mention of alternative spatial units or scales being considered or rejected in the paper. The focus is on justifying the use of four-digit postal code areas.","  - ""In addition, their offense histories with a maximum of three years prior to these 2006 to 2009 offenses were included, thus ranging from 2003 to 2009.""
  - ""From all suspects in the registration data of The Hague Police Service with at least one offense in 2009, a random sample of 10,000 suspects was drawn, and their registered offenses in the period 2006 to 2009 were obtained.""
  - ""This results in a sample of 3,666 offenders who altogether committed 12,639 repeat offenses in one of the 142 potential target areas between 2006 and 2009 and who at least had committed one prior offense in the three years before.""",,"- The paper mentions that the data was collected from the registration data of The Hague Police Service, specifically focusing on offenses committed between 2006 and 2009.
- The study also includes offense histories from 2003 to 2009, indicating that data collection spanned this period to capture prior offenses.
- The specific mention of ""between 2006 and 2009"" and ""ranging from 2003 to 2009"" provides clear evidence of the data collection period.","  - ""Information on offenders and their offenses was obtained from the Dutch Suspect Identification System (in Dutch ""Herkenningsdienstsysteem [HKS]"") used by The Hague Police Service.""
  - ""The second source is a nationwide citizen information system, called BRP (in Dutch: ""Basis Registratie Personen"").""
  - ""Second, the LISA database (in Dutch: ""Landelijk Informatiesysteem Arbeidsplaatsen"") was used to obtain data on a variety of businesses and facilities in the Netherlands including bars, restaurants, supermarkets, retail stores, schools, and several leisure facilities""
  - ""In order to control for several important target area characteristics, the main data set was further supplemented with contextual data from two sources that contained year-specific information. First, for all Dutch postal code areas, Statistics Netherlands provides demographic and socioeconomic census-like statistics on a regular basis.""",,"- The study used data from the Dutch Suspect Identification System (HKS), which is a police database containing information on offenders and their offenses.
- The BRP (Basis Registratie Personen) is a nationwide citizen information system that provides data on residential addresses and histories of offenders.
- Statistics Netherlands is a source of demographic and socioeconomic census-like statistics for Dutch postal code areas, which were used to control for target area characteristics.
- The LISA database is another source used to gather data on businesses and facilities in the Netherlands, which are relevant to crime location choices."
A SENTIMENTAL JOURNEY TO CRIME: EFFECTS OF RESIDENTIAL HISTORY ON CRIME LOCATION CHOICE*,Wim Bernasco,-,-,,204,2010,"- Limited availability of past addresses for some offenders, with only up to five prior addresses obtainable.
- Bias due to missing information on past home addresses, leading to conservative estimates.
- Use of postal code areas as spatial units, influenced by size and urbanization level.
- Lack of data on other activity nodes like schools, workplaces, or social networks.",No computational constraints mentioned.,No alternative units discussed.,2004-2005,"- Police information system used by the Greater The Hague Police Force;
- Population registration data system (GBA);
- National database of demographic, social, and economic information on postal code areas in the Netherlands","  - ""The second source of data is the population registration data, which are held in a nationwide information system (Dutch acronym GBA) used by Dutch municipalities and several other agencies, to keep track of birth, death, nationality, marriage, divorce, childbirth, and residential addresses of all Dutch citizens.""
  - ""The system also functions as an archive because all historical information, including all former addresses of a person, remain in the system and are not replaced with new information.""
  - ""The availability of reliable records of previous addresses is a significant strength of the current study.""
  - ""In this study, the current address and, at most, five prior addresses could be obtained per offender.""
  - ""Although this amount implied that for a small subgroup of offenders (approximately 3 percent), their residential histories only could be reconstructed for the last 2 years before the offense, the residential history of 85 percent of the sample could be tracked back more than 5 years and, for 50 percent, back more than 10 years.""
  - ""any bias introduced by missing information on past home addresses will lead to conservative estimates of the effect of residential history on crime-location choice; missing addresses will make the role of residential history look smaller than it actually is.""
  - ""The third source is a national database of demographic, social, and economic information on all (four-digit) postal code areas in the Netherlands.""
  - ""In terms of their size, shape, and topography, the postal code area is a useful approximation of the area one would expect people to be familiar with if they lived within it.""
  - ""the size of postal code areas is related inversely to the level of urbanization.""",,"- The study relies on data from the Dutch population registration system (GBA), which provides historical residential addresses, but there are limitations in the availability of past addresses for some offenders.
- The study could only obtain up to five prior addresses for each offender, which might not be sufficient for a comprehensive analysis of residential history for all individuals.
- There is a bias due to missing information on past home addresses, which could lead to conservative estimates of the effect of residential history on crime-location choice.
- The use of postal code areas as spatial units is influenced by their size and urbanization level, which might affect the accuracy of spatial analysis.
- The study does not account for other activity nodes like schools, workplaces, or social networks, which could further influence the choice of spatial units.","  - ""The first data source is a police information system used by the Greater The Hague Police Force that was designed to support crime investigations.""
  - ""The second source of data is the population registration data, which are held in a nationwide information system (Dutch acronym GBA) used by Dutch municipalities and several other agencies, to keep track of birth, death, nationality, marriage, divorce, childbirth, and residential addresses of all Dutch citizens.""
  - ""The third source is a national database of demographic, social, and economic information on all (four-digit) postal code areas in the Netherlands.""
  - ""The purpose of a discrete choice model is to explain the outcome of a discrete choice situation, which is the situation in which an individual decision maker has to choose a single alternative from a limited number of distinct alternatives""
  - ""Practically, the estimation of a conditional logit model requires that we set up a large data matrix that has, for each of the 7,179 offenses analyzed, as many rows as choice alternatives (i.e., each of the 4,000 postal code areas in the data set is a choice alternative for each of the 7,179 offenses).""
  - ""The dependent variable is defined as a dichotomous variable that equals 1 for the particular area that was actually chosen and equals 0 for all other areas.""",,"- The paper discusses the use of various data sources, including police records and population registration data, which are managed through different systems. However, there is no mention of any computational constraints related to these systems.
- The study uses a discrete choice model, which involves setting up a large data matrix. This could potentially imply computational demands, but the paper does not explicitly mention any computational constraints or limitations related to processing time or memory.
- The paper does not mention any specific software limitations or computational feasibility concerns that influenced the spatial unit selection.
- The focus is on the theoretical and empirical aspects of the study rather than on computational challenges.","  - ""The third source is a national database of demographic, social, and economic information on all (four-digit) postal code areas in the Netherlands. There are approximately 4,000 postal code areas nationwide, with an average population size of 4,900 and an average number of households of 2,100. In terms of their size, shape, and topography, the postal code area is a useful approximation of the area one would expect people to be familiar with if they lived within it.""",,"- The paper discusses the use of postal code areas as the spatial unit of analysis. It provides details about the characteristics of these areas, such as population size and number of households, which suggests that these were considered as the primary unit of analysis.
- There is no mention of alternative spatial units or scales being considered or rejected in the paper. The focus is on the postal code areas as the chosen unit of analysis.
- The paper does not provide any information about other spatial units that might have been considered but not used, nor does it discuss any reasons for rejecting alternative units.","  - ""During the years 2004 and 2005, these 3,784 offenders committed a total of 7,179 offenses that were classified as either residential burglary, theft from vehicle, robbery, or assault.""
  - ""From the electronic system, a random sample was taken of 4,410 persons who had been arrested in 2004 or in 2005 for an offense that had been classified by the police as either a residential burglary, a theft from a vehicle, a robbery, or an assault.""
  - ""the residential history of 85 percent of the sample could be tracked back more than 5 years and, for 50 percent, back more than 10 years.""",,"- The paper mentions that the data was collected from a police information system, specifically focusing on individuals arrested in 2004 or 2005 for certain types of crimes.
- The study period is explicitly stated as ""during the years 2004 and 2005,"" which indicates when the crime data was collected.
- The residential history data goes back to 1994, but this is not the primary data collection period for the study; it's more about the availability of historical data.
- The focus of the study is on the crimes committed in 2004 and 2005, making this the primary data collection period.","  - ""The first data source is a police information system used by the Greater The Hague Police Force that was designed to support crime investigations.""
  - ""The second source of data is the population registration data, which are held in a nationwide information system (Dutch acronym GBA) used by Dutch municipalities and several other agencies, to keep track of birth, death, nationality, marriage, divorce, childbirth, and residential addresses of all Dutch citizens.""
  - ""The third source is a national database of demographic, social, and economic information on all (four-digit) postal code areas in the Netherlands.""",,"- The first data source mentioned is a police information system used by the Greater The Hague Police Force, which provides detailed information on offenders and offenses.
- The second data source is the population registration data system (GBA), which is a nationwide system that tracks various demographic and residential information about Dutch citizens.
- The third data source is a national database that contains demographic, social, and economic information about postal code areas in the Netherlands.
- These three sources are explicitly mentioned as the data sources used in the study."
Burglars blocked by barriers? The impact of physical and social barriers on residential burglars' target location choices in China,"Luzi Xiao, Stijn Ruiter, Lin Liu, Guangwen Song, Suhong Zhou",-,-,"Computers, Environment and Urban Systems",12,2021,"- Limited to arrested offenders only, excluding non-arrested burglars.
- Exclusion of cases with unknown Hukou status.
- Exclusion of burglaries committed by offenders living outside of ZG city or where geocoding was not possible.
- Temporal mismatch between census data (2010) and burglary data (2012-2016).
- Lack of direct measures of wealth, using proxy measures instead.","The sheer size of the dataset, with 3860 burglaries committed in one of 2643 communities, resulting in a matrix over 10 million rows, prohibited the estimation of the more flexible mixed logit model due to computational constraints. The models were estimated using Stata/MP version 15.",No alternative units discussed.,January 2012 to June 2016,Municipal Public Security Bureau of ZG city; Census data from 2010; RITU electronic map navigation company,"  - ""In this study, for each recorded residential burglary for which at least one offender was arrested, the data contained unique offender identifiers, their home addresses, Hukou status, and where and when the burglary they were arrested for was committed.""
  - ""All burglaries committed by burglars for which their Hukou status is unknown were also excluded (3 burglaries committed by 3 burglars), because Hukou status is one of the key variables for testing the hypotheses.""
  - ""The Municipal Public Security Bureau of ZG city provided crime data for the period January 2012 to June 2016. As a common practice in all crime location choice studies (Ruiter, 2017), this analysis is limited to arrested offenders only.""
  - ""The key variables related to the Hukou status and the residential addresses of offenders are only available for arrested offenders, and these variables are essential for testing the hypotheses of this study.""
  - ""The first limitation is actually inherent to all studies that use the discrete spatial choice framework. Using this analytical framework reduces the analysis to the set of cleared burglaries only, because key offender-level variables need to be included in the model.""
  - ""The findings presented here are only reflective of arrested burglars in ZG city, and they may or may not be generalized to all ZG city burglars.""
  - ""Second, census data from 2010 were used to construct the social barrier and control variables, while the study analyzed burglary data from 2012 to 2016. While this temporal mismatch is not desirable, it is rather common in all research that use the official decennial census data.""
  - ""Fourth, due to the difficulty of data acquisition, the variables such as income level that directly measure the level of wealth of the population are not included in the study, and they are substituted by the proportion of houses built after 2000 and the rent prices.""",,"- The study is limited to arrested offenders only, which restricts the data to those cases where offender information is available (Quotes 3, 4, 6, 7). This is a significant limitation as it excludes non-arrested burglars.
- The study excludes cases where the Hukou status of the offender is unknown, which further limits the data (Quote 2).
- The study excludes burglaries committed by offenders living outside of ZG city or where geocoding was not possible, which affects the spatial unit selection (Quote 5).
- There is a temporal mismatch between the census data used (2010) and the burglary data analyzed (2012-2016), which could affect the accuracy of social barrier measures (Quote 8).
- The study lacks direct measures of wealth such as income level due to data acquisition difficulties, which required using proxy measures like housing built after 2000 and rent prices (Quote 9).","  - ""The sheer size of the dataset, with 3860 burglaries committed in one of 2643 communities (resulting in a matrix over 10 million rows), prohibited the estimation of the more flexible mixed logit model that was recently used in crime location choice research (Frith, 2019;Frith et al., 2017;Townsley, Birks, Ruiter, Bernasco, & White, 2016).""
  - ""The models were estimated using Stata/MP version 15.""",,"- The first quote indicates that the size of the dataset was a significant factor in the choice of statistical models. The authors mention that the dataset's size prohibited the use of a more flexible mixed logit model, suggesting a computational constraint related to data size and model complexity.
- The second quote mentions the software used for estimation, Stata/MP version 15, but does not explicitly state any computational constraints related to this software.","  - ""Communities have a relatively homogeneous population and their average size is 2.74 km-sq., which closely resembles the size of the units of analysis in many other crime location choice studies (e.g., Menting et al., 2016).""
  - ""Communities in the downtown area are generally smaller with a higher population density, whereas communities in the suburbs often have a lot of farmland or woodland and are thus usually bigger in size with relatively low numbers of residents.""
  - ""the study area used here allows for testing whether offenders are even less likely to target areas for which they have to cross multiple physical barriers.""",,"- The paper discusses the use of communities as the unit of analysis, which is a common choice in crime location choice studies.
- The size of these communities is mentioned, with an average size of 2.74 km-sq, indicating that this was a deliberate choice based on homogeneity and comparability with other studies.
- There is no mention of alternative spatial units or scales being considered or rejected. The focus is on the use of communities as the primary unit of analysis.
- The paper does not provide any information on alternative units that were discussed but not used.","  - ""The Municipal Public Security Bureau of ZG city provided crime data for the period January 2012 to June 2016.""
  - ""Using data on 3860 residential burglaries committed by 3772 burglars between January 2012 and June 2016 in ZG city, China, conditional logit (discrete choice) models were estimated to assess residential burglars' target location choice preferences.""
  - ""In total, 6664 burglaries committed by 8953 burglars were recorded. 257 burglars were registered for committing more than one burglary and for 1501 burglaries multiple offenders were recorded.""",,"- The paper explicitly states that the data collection period for the study was from ""January 2012 to June 2016."" This is mentioned in two separate sections of the paper, reinforcing the accuracy of this information.
- The data was obtained from the Municipal Public Security Bureau of ZG city, which provided crime data for this specific period.
- The total number of burglaries and offenders recorded during this period is also detailed, further confirming that this was the time frame during which the data was collected.","  - ""The Municipal Public Security Bureau of ZG city provided crime data for the period January 2012 to June 2016.""
  - ""Data on the road and river structure in ZG city is from RITU, an electronic map navigation company.""
  - ""Using data on 3860 residential burglaries committed by 3772 burglars between January 2012 and June 2016 in ZG city, China, conditional logit (discrete choice) models were estimated to assess residential burglars' target location choice preferences.""
  - ""To test the hypothesized social barrier effects, this study used the most recent census data from 2010 for constructing social barrier measures.""
  - ""In this study, for each recorded residential burglary for which at least one offender was arrested, the data contained unique offender identifiers, their home addresses, Hukou status, and where and when the burglary they were arrested for was committed.""",,"- The study used data from the Municipal Public Security Bureau of ZG city, which provided crime records for residential burglaries between January 2012 and June 2016. This is a primary source of crime data.
- The study also used census data from 2010 to construct social barrier measures, indicating that census data was another source.
- Additionally, data on road and river structures was obtained from RITU, an electronic map navigation company, which is a commercial database.
- The combination of these sources provides a comprehensive dataset for analyzing physical and social barriers affecting residential burglars' target location choices."
FAMILY MATTERS: EFFECTS OF FAMILY MEMBERS' RESIDENTIAL AREAS ON CRIME LOCATION CHOICE *,"Barbara Menting, Marre Lammers, Stijn Ruiter, Wim Bernasco",-,-,-,-,-,"- Limited to the greater The Hague area, which is not representative of the entire Netherlands.
- Does not account for variations in family relationships and dynamics.
- Indirect measurement of awareness spaces based on register data.
- Does not directly measure awareness spaces or account for other activity nodes.
- Generic model does not differentiate between different types of crimes.",No computational constraints mentioned.,No alternative units discussed.,2006-2009,Police information system of the The Hague Police Service; Population registration data (BRP); LISA data; Census-like statistics from Statistics Netherlands,"  - ""the study focused only on people who both lived and committed crimes in the greater The Hague area. This is a largely urban area with a population that is not fully representative of the rest of the Netherlands.""
  - ""To increase the generalizability of our findings, replications should preferably be conducted in a larger geographical area.""
  - ""The findings may also not apply equally to all offenders as relations between offenders and their families are sometimes difficult or estranged.""
  - ""awareness spaces were not measured directly in this study but indirectly based on the idea that people at least occasionally visit their family members.""
  - ""From the register data used in this study, we have no way of knowing whether offenders really spent time in the areas where their family members lived.""
  - ""Future research should aim to provide a more direct test of the impact of different activity nodes on crime location choice.""
  - ""although we tested a generic model for all crime types, the influence of residential areas of family members may differ for different crime types.""",,"- The study is limited to the greater The Hague area, which is not representative of the entire Netherlands, particularly in terms of ethnic diversity and family traditions. This limits the generalizability of the findings.
- The study does not account for variations in family relationships and dynamics, which can affect the accuracy of the results.
- The use of register data to infer awareness spaces is indirect and assumes that offenders visit their family members, which may not always be the case.
- The study does not directly measure awareness spaces or account for other activity nodes that offenders might visit, such as workplaces or public spaces.
- The generic model used does not differentiate between different types of crimes, which may have varying influences from familial residential areas.","  - ""For estimating the conditional logit models, we constructed a large data matrix of almost 2.8 million rows.""
  - ""The four-digit postal areas are therefore perfectly suited for a crime location choice study because most people will be familiar with these areas when living there or (frequently) visiting the area.""
  - ""Dutch four-digit postal code areas are designed to have minimal travel restrictions for postal delivery services that usually travel by foot or bicycle, and their size is inversely related to the level of urbanization (Bernasco, 2010: 398)""
  - ""The set of alternative areas J consists of four-digit postal code areas, of which there are 142 in the study area, with an average population size of around 7,000 and an average area size of 2.96 km 2 [standard deviation (SD) = 4.38, range = .12 to 24.69, median = 1.47].""",,"- The paper discusses the use of four-digit postal code areas as the spatial unit for the study. This choice is justified by the fact that these areas are designed to have minimal travel restrictions and are inversely related to the level of urbanization, making them suitable for a crime location choice study.
- The mention of a ""large data matrix of almost 2.8 million rows"" suggests that the computational approach involved handling a significant amount of data, but there is no explicit mention of computational constraints such as memory limitations or processing time challenges.
- The selection of four-digit postal code areas as the spatial unit does not appear to be influenced by computational constraints but rather by their suitability for the study's objectives and the characteristics of these areas in relation to urbanization and travel.","  - ""The set of alternative areas J consists of four-digit postal code areas, of which there are 142 in the study area, with an average population size of around 7,000 and an average area size of 2.96 km 2 [standard deviation (SD) = 4.38, range = .12 to 24.69, median = 1.47]. Dutch four-digit postal code areas are designed to have minimal travel restrictions for postal delivery services that usually travel by foot or bicycle, and their size is inversely related to the level of urbanization (Bernasco, 2010: 398) . The four-digit postal areas are therefore perfectly suited for a crime location choice study because most people will be familiar with these areas when living there or (frequently) visiting the area.""",,"- The paper mentions the use of four-digit postal code areas as the spatial unit of analysis. These areas are described as having an average population size of around 7,000 and an average area size of 2.96 km².
- The authors justify the use of these areas by noting that they are designed to have minimal travel restrictions and are inversely related to the level of urbanization, making them suitable for a crime location choice study.
- There is no mention of alternative spatial units or scales being considered or rejected in the paper. The focus is on the rationale for using four-digit postal code areas as the final unit of analysis.","  - ""All registered offenses of the 7,910 offenders committed in the period 2006-2009 in the greater The Hague area were used to construct the dependent variable.""
  - ""To construct the dependent variable, crimes committed between 2006 and 2009 in the greater The Hague area were included in this study.""
  - ""From the electronic system, a random sample was taken of 10,000 offenders with at least one crime incident in 2009.""
  - ""Data on offenders and their offenses were obtained from the police information system used by the The Hague Police Service.""
  - ""the offense histories of these offenders were also reconstructed for the period 2003-2005, with a maximum of 3 years prior to the crime location choices under study.""",,"- The study used crime data from the period 2006 to 2009, as indicated by the quotes about constructing the dependent variable and reconstructing offense histories.
- The data collection period is specifically mentioned as ""between 2006 and 2009"" for crimes committed in the greater The Hague area.
- The study also reconstructed offense histories from 2003 to 2005, but this is not part of the primary data collection period for the study's main analysis.
- The data was obtained from the police information system, and a random sample was taken in 2009, which further supports the data collection period being between 2006 and 2009.","  - ""Data on offenders and their offenses were obtained from the police information system used by the The Hague Police Service.""
  - ""These data are held in a nationwide information system (Dutch acronym BRP) that records information on all Dutch citizens, is continuously updated, and can be extracted by authorized organizations on a daily basis.""
  - ""We used LISA (in Dutch: Landelijk Informatiesysteem Arbeidsplaatsen) data on the locations and other characteristics of all businesses and facilities in the study area""",,"- The study used data from the police information system of the The Hague Police Service, which is a source of crime records and offender data.
- Population registration data from the BRP system were used to identify family members and reconstruct residential histories, which is an administrative record.
- LISA data were used to gather information on businesses and facilities, which is a commercial database.
- Census-like statistics from Statistics Netherlands were used to obtain demographic data such as population density and household composition, which is a government agency providing census data."
"BITING ONCE, TWICE: THE INFLUENCE OF PRIOR ON SUBSEQUENT CRIME LOCATION CHOICE *","Marre Lammers, Barbara Menting, Stijn Ruiter, Wim Bernasco",-,-,-,-,-,The study used four-digit postal code areas as the spatial unit of analysis due to their inverse relationship with urbanization levels and their size being a useful indication of areas people are familiar with. The choice was influenced by the need to balance between spatial detail and the complexity of modeling spatial interdependence. The modifiable areal unit problem was acknowledged as a consideration in choosing the spatial unit.,No computational constraints mentioned. The paper discusses the choice of spatial unit in terms of urbanization and geographic coverage but does not explicitly mention computational limitations or constraints.,"A six-digit postal code area was considered as an alternative unit of analysis. This unit is roughly the size of a football field and contains 18 residential properties and 40 residents on average. However, it was not used due to increased issues of spatial interdependence between observations, which would require more complex models to account for.",2006-2009,Police information system; LISA database; Statistics Netherlands; BRP system,"  - ""the size of a postal code area is inversely related to its level of urbanization that matches the geographic coverage of residents (i.e., smaller areas are more urbanized and urban residents travel shorter distances than rural residents) (Bernasco, 2010b: 398)""
  - ""Most other studies on crime location choice analyzed areas of similar or larger size (e.g., Bernasco, 2010b; Bernasco and Block, 2009;Bernasco and Nieuwbeerta, 2005;Clare, Fernandez, and Morgan, 2009;Townsley et al., 2014).""
  - ""Only two crime location choice studies used smaller units of analysis (Bernasco, 2010a; Bernasco, Block, and Ruiter, 2013), but these were designed with very different objectives in mind (e.g., the identification of micro hot spots for robbery and the estimation of spillover effects) than the current study, in which the focus is on the personal geographic experience of offenders.""
  - ""Therefore, four-digit postal code areas are the spatial unit of analysis to indicate ""crime locations"" (crime target areas) and ""areas of residence.""""
  - ""the four-digit postal code area could be considered to be a large unit of analysis. A smaller unit of analysis that could have been used is, for example, a six-digit postal code area.""
  - ""However, using this smaller unit of analysis has its own downsides. For example, smaller units of analysis increase issues of spatial interdependence between observations, which calls for models that take this spatial interdependence into account (Bernasco, 2010a)""
  - ""Choosing the right level of aggregation and determining how this choice affects study results are well-known problems in the field of geography. Discussing this problem, which is known as the modifiable areal unit problem, is beyond the scope of this article, but for an example of a criminological study on this problem, see Ouimet (2000).""",,"- The study used four-digit postal code areas as the spatial unit of analysis, which is considered a useful and plausible indication of areas people are familiar with due to their design and size.
- The choice of four-digit postal code areas was influenced by their inverse relationship with urbanization levels, which matches the geographic coverage of residents.
- The study acknowledges that using smaller units like six-digit postal code areas could have been an option but notes that this would increase issues of spatial interdependence, requiring more complex models.
- The study discusses the modifiable areal unit problem, which is a known issue in geography where the choice of spatial unit can affect study results.
- The study did not mention data availability issues, administrative boundary constraints, privacy concerns, confidentiality requirements, or statistical disclosure controls as factors influencing the choice of spatial units.","  - ""the size of a postal code area is inversely related to its level of urbanization that matches the geographic coverage of residents (i.e., smaller areas are more urbanized and urban residents travel shorter distances than rural residents) (Bernasco, 2010b: 398)""
  - ""Most other studies on crime location choice analyzed areas of similar or larger size (e.g., Bernasco, 2010b; Bernasco and Block, 2009;Bernasco and Nieuwbeerta, 2005;Clare, Fernandez, and Morgan, 2009;Townsley et al., 2014).""
  - ""Only two crime location choice studies used smaller units of analysis (Bernasco, 2010a; Bernasco, Block, and Ruiter, 2013), but these were designed with very different objectives in mind (e.g., the identification of micro hot spots for robbery and the estimation of spillover effects) than the current study, in which the focus is on the personal geographic experience of offenders.""
  - ""the four-digit postal code area could be considered to be a large unit of analysis. A smaller unit of analysis that could have been used is, for example, a six-digit postal code area. These areas are roughly the size of a football field and contain 18 residential properties and 40 residents on average.""
  - ""However, using this smaller unit of analysis has its own downsides. For example, smaller units of analysis increase issues of spatial interdependence between observations, which calls for models that take this spatial interdependence into account (Bernasco, 2010a)""
  - ""Choosing the right level of aggregation and determining how this choice affects study results are well-known problems in the field of geography. Discussing this problem, which is known as the modifiable areal unit problem, is beyond the scope of this article, but for an example of a criminological study on this problem, see Ouimet (2000).""",,"- The authors discuss the size of the spatial unit used in their study, which is the four-digit postal code area. They mention that this size is inversely related to urbanization and matches the geographic coverage of residents.
- They compare their choice of spatial unit to other studies, noting that most studies use similar or larger areas, while only a few use smaller units.
- The authors acknowledge that using a smaller unit of analysis, such as a six-digit postal code area, could be an alternative but mention that it would introduce issues of spatial interdependence, requiring more complex models.
- The discussion of spatial interdependence and the modifiable areal unit problem suggests that computational constraints related to handling these complexities might have influenced the choice of spatial unit.
- However, the paper does not explicitly mention computational limitations, memory constraints, or processing challenges as reasons for selecting the four-digit postal code area.","  - ""A smaller unit of analysis that could have been used is, for example, a six-digit postal code area. These areas are roughly the size of a football field and contain 18 residential properties and 40 residents on average. However, using this smaller unit of analysis has its own downsides. For example, smaller units of analysis increase issues of spatial interdependence between observations, which calls for models that take this spatial interdependence into account (Bernasco, 2010a)""
  - ""Most other studies on crime location choice analyzed areas of similar or larger size (e.g., Bernasco, 2010b; Bernasco and Block, 2009;Bernasco and Nieuwbeerta, 2005;Clare, Fernandez, and Morgan, 2009;Townsley et al., 2014). Only two crime location choice studies used smaller units of analysis (Bernasco, 2010a; Bernasco, Block, and Ruiter, 2013), but these were designed with very different objectives in mind (e.g., the identification of micro hot spots for robbery and the estimation of spillover effects) than the current study, in which the focus is on the personal geographic experience of offenders.""
  - ""Choosing the right level of aggregation and determining how this choice affects study results are well-known problems in the field of geography. Discussing this problem, which is known as the modifiable areal unit problem, is beyond the scope of this article, but for an example of a criminological study on this problem, see Ouimet (2000).""",,"- The authors mention that most studies use areas of similar or larger size than their chosen unit, indicating that smaller units were considered but not used for this study.
- They specifically mention a six-digit postal code area as an alternative unit that could have been used. This unit is described as being roughly the size of a football field, containing 18 residential properties and 40 residents on average.
- The reason for not using this smaller unit is the increased issue of spatial interdependence between observations, which would require more complex models to account for.
- The authors also refer to the ""modifiable areal unit problem,"" which is a known issue in geography related to choosing the appropriate level of aggregation for analysis.","  - ""Unique data from four different data sources are used to study the crime location choices of 3,666 offenders who committed 12,639 offenses.""
  - ""Data on offenders and their offenses were obtained from a police information system used by the greater The Hague Police Service.""
  - ""Records with information on offenders and the offenses they had been charged with were used to establish the location, date, and type of offenses committed.""
  - ""From the electronic system, a random sample was taken of 10,000 offenders with at least one crime incident in 2009.""
  - ""All information on their offense history back to 2003 was also obtained, as was information on gender and the age of the offenders.""
  - ""The dependent variable is dichotomous, with a value of 1 indicating the area that was chosen by the offender to commit the offense, and 0s for all other postal code areas.""
  - ""To reconstruct offenders' crime history, all recorded offenses they committed in the greater The Hague area up to 3 years prior to each offense committed in 2006-2009 are included.""",,"- The study uses data from a police information system, which suggests that the data collection period is related to when this data was accessed or obtained.
- The study focuses on offenses committed between 2006 and 2009, as indicated by the dependent variable.
- The data collection includes offense history back to 2003, but the primary focus is on offenses committed between 2006 and 2009.
- The study uses a random sample of offenders with at least one crime incident in 2009, which further supports the data collection period being between 2006 and 2009.","  - ""Data on offenders and their offenses were obtained from a police information system used by the greater The Hague Police Service.""
  - ""Records with information on offenders and the offenses they had been charged with were used to establish the location, date, and type of offenses committed.""
  - ""From the electronic system, a random sample was taken of 10,000 offenders with at least one crime incident in 2009.""
  - ""All information on their offense history back to 2003 was also obtained, as was information on gender and the age of the offenders.""
  - ""The LISA database (in Dutch: Landelijk Informatiesysteem Arbeidsplaatsen; for more information, see Steenbeek et al., 2012), which contains information on businesses and other facilities where paid work is done, was used to obtain crime year-specific information about several area characteristics in each postal code area in the greater The Hague area.""
  - ""For each postal code area in the Netherlands, census-like statistics (sociodemographic and socioeconomic information) are regularly recorded by Statistics Netherlands.""
  - ""the Dutch acronym is BRP). This continuously updated system records information of all Dutch citizens including their residential addresses, and the information can be extracted on a daily basis.""",,"- The study used data from a police information system, which is a primary source for crime records and offender information.
- The LISA database was used to gather information on businesses and facilities, which is relevant for understanding area characteristics.
- Census-like statistics from Statistics Netherlands provided sociodemographic and socioeconomic data.
- The BRP system, a nationwide information system, was used to obtain residential address information for offenders."
Modeling Micro-Level Crime Location Choice: Application of the Discrete Choice Framework to Crime at Places,Wim Bernasco,-,-,-,-,-,"- Use of postal codes as spatial units due to their alignment with streets and adjacent properties.
- Limited availability of attributes for postal codes.
- Reliance on publicly available data from Statistics Netherlands.
- Study area defined by the Greater The Hague Area with specific inclusion criteria for postal code areas.
- Low burglary clearance rate and potential bias in cleared cases affecting data representativeness.","- Computational constraints: The estimation of the multinomial logit model was computationally intensive due to the large number of potential alternatives (23,984 postal code areas) and decision-makers (1,871 burglaries), resulting in 44,874,064 combinations.
- Memory constraints: The data required 1.67 gigabytes of computer memory, which was beyond the capabilities of the software and hardware used.
- Processing challenges: The software and hardware were insufficient to handle the full dataset, necessitating a sampling approach to reduce the computational burden.
- Solution: A sampling procedure was used to select a subset of alternatives, as suggested by McFadden (1978), to make the estimation computationally feasible.","Alternative units discussed include census blocks, street segments, street blocks, street corners, single parcels, and addresses. These units were considered because they are smaller and can provide more detailed insights into crime patterns. The authors chose postal code areas due to their small size and lack of physical barriers, which aligns with the theoretical focus on detailed spatial resolutions.",2002-2007,Haaglanden police force; Statistics Netherlands,"  - ""The addresses of the burglars as well as the addresses of the burgled properties were geocoded using the Dutch postal code associated with the addresses. This postal code is the spatial unit of choice used in the subsequent analysis.""
  - ""The postal code system was created with the facilitation of postal delivery services in mind. Therefore, a single postal code is nearly always on the same street, applies to adjacent properties, and is not subdivided by physical barriers that impede pedestrian or car transportation.""
  - ""The available data on the attributes of postal codes is limited and refers mostly to the location, the population (number of residents, age, ethnic composition), and the residential units (number of properties and average value) in the area.""
  - ""The data are from a free public access data file of codes in the year 2004 constructed and provided by Statistics Netherlands.""
  - ""the study area (Greater The Hague Area) measures 400 sq. km, and houses a population of 1,000,000 residents in 460,000 residential units. This area comprises 26,214 postal code areas.""
  - ""For the present study on residential burglary, only the 23,984 postal codes areas (91.5%) were used that contain at least 3 residential units and at least 3 residents (the data provided are rounded to quintuples).""
  - ""the burglary clearance rate in the Greater The Hague area was about 8% in the period covered. Thus, the burglaries included in the analysis amount to a small minority of all residential burglaries reported to the police.""
  - ""Admittedly, it is possible that the cleared cases are a selective sample of all reported cases, because the investigative process produces bias.""",,"- The study uses postal codes as the spatial unit of analysis, which were chosen because they are readily available and provide a convenient administrative boundary for data collection.
- The postal code system is designed for postal delivery, which influences the spatial unit selection due to its alignment with streets and adjacent properties.
- Data limitations include the availability of attributes for postal codes, which are restricted to location, population demographics, and residential unit characteristics.
- The study relies on publicly available data from Statistics Netherlands, which may have its own limitations and constraints.
- The study area is defined by the Greater The Hague Area, which includes a large number of postal code areas, but only those with at least 3 residential units and residents were used.
- The low burglary clearance rate and potential bias in cleared cases may affect the representativeness of the data.","  - ""Because the data apply to n = 1,871 burglaries each of which might have been committed in any of the J = 23,984 postal code areas with a residential function, the likelihood function must be calculated over 44,874,064 combinations.""
  - ""This can be easily seen by considering the log-likelihood of the multinomial logit model, which is

where y in is the observed choice, such that y in = 1 if decision-maker n chooses alternative i and y in = 0 if she chooses another alternative. As the likelihood function shows, maximum likelihood estimation requires summation across decision-makers and across alternatives, which is prohibitively time-consuming or even impossible in situations where both N and J are large.""
  - ""Because each combination requires at least 40 bytes to store the variables in the estimation as well as identifiers for decision-makers and alternatives, the data for estimation only require already 1.67 gigabyte of computer memory, which is exclusive of any buffer memory that the estimation algorithms need to store intermediate results.""
  - ""A solution that involves taking a sample of alternatives from the choice set has been suggested by McFadden (1978), and is used here to overcome the computational burden.""",,"- The paper discusses computational constraints related to the estimation of the multinomial logit model. The main issue is the large number of potential alternatives (23,984 postal code areas) and decision-makers (1,871 burglaries), which results in a vast number of combinations (44,874,064) that need to be processed.
- The computational burden is highlighted by the need for significant computer memory (1.67 gigabytes) to store the variables and identifiers for estimation, which exceeds the capabilities of the software and hardware used.
- The paper mentions that the software and hardware were insufficient to handle the full dataset, necessitating a sampling approach to reduce the computational burden.
- The solution to these constraints was to use a sampling procedure to select a subset of alternatives, as suggested by McFadden (1978), to make the estimation computationally feasible.","  - ""Many contemporary scholars in geographic criminology advocate the use of much smaller spatial units of analysis (Groff et al. 2009;Oberwittler and Wikstro ¨m 2009;Smith et al. 2000) and prior research has indeed identified census blocks, street segments (Weisburd et al. 2004 ), street blocks (Kurtz et al. 1998; Taylor 1997), street corners (McCord and Ratcliffe 2007) and even single parcels (Kinney et al. 2008) or addresses (Groff and La Vigne 2001;Sherman et al. 1989) as meaningful spatial units of analysis.""
  - ""The first reason to favor small spatial units is the generic principle in all sciences that to understand the characteristics and behavior of an object of inquiry, it is helpful to understand the characteristics and the behavior of its constituting elements, as well as the nature of the relations between these constituting elements.""
  - ""Another reason to favor small units is that the relevant boundaries between units may not be known to the researcher. The definition of spatial objects, such as neighborhoods, is often a result of arbitrary administrative decisions, but may not correspond to the perceptions of the area by those who use it (Coulton et al. 2001).""
  - ""The ecological fallacy (Robinson 1950) is the reasoning error by which conclusions about small units are made on the basis of empirical findings at higher levels of aggregation. The best way to prevent this fallacy is to measure and analyze the data at units of analysis that match the theory.""
  - ""The unit of analysis should match the theory (Weisburd et al. 2009b""
  - ""The postal code system was created with the facilitation of postal delivery services in mind. Therefore, a single postal code is nearly always on the same street, applies to adjacent properties, and is not subdivided by physical barriers that impede pedestrian or car transportation.""",,"- The paper discusses various alternative spatial units that have been considered in geographic criminology, such as census blocks, street segments, street blocks, street corners, single parcels, and addresses. These units are mentioned as being used in prior research and are considered meaningful for analyzing crime patterns.
- The authors justify the use of small spatial units by citing the need to understand the characteristics and behavior of smaller elements and the potential mismatch between administrative boundaries and perceived areas.
- The paper emphasizes the importance of matching the unit of analysis to the theory being tested to avoid ecological fallacies.
- The authors ultimately chose postal code areas as their unit of analysis because they are small, contain a limited number of properties and residents, and are not subdivided by physical barriers, making them suitable for studying burglary location choices.","  - ""From the police files all cases registered as residential burglary that took place in the period 2002-2007 were selected if at least one perpetrator was arrested for the incident (thus, uncleared cases are excluded), if the home address of the perpetrator and address of the burglary were both known and located inside the study area.""
  - ""The data are from a free public access data file of codes in the year 2004 constructed and provided by Statistics Netherlands.""",,"- The first quote explicitly states that the data collection period for the residential burglary cases was from 2002 to 2007. This is the primary data used for the study.
- The second quote mentions that additional data was obtained from a public access data file from 2004, which was used to describe the characteristics of postal code areas. However, this does not change the primary data collection period for the burglary cases.","  - ""Data for the present analyses were provided by the Haaglanden (greater The Hague area) police force.""
  - ""The available data on the attributes of postal codes is limited and refers mostly to the location, the population (number of residents, age, ethnic composition), and the residential units (number of properties and average value) in the area. The data are from a free public access data file of codes in the year 2004 constructed and provided by Statistics Netherlands.""",,"- The primary source of data for the study was the Haaglanden police force, which provided data on residential burglaries.
- Additional data on postal code attributes such as population demographics and residential unit characteristics were obtained from Statistics Netherlands, a public access data file from 2004."
The Importance of Importance Sampling,"Wim Medvedev, Oleg N Polaschek, Sophie Curtis-Ham, Wim Bernasco, Oleg N Medvedev, Devon L L Polaschek",-,-,-,-,-,"- Data availability issues: The dataset did not include all activity nodes for all offenders.
- Administrative boundary constraints: The use of SA2s as spatial units was likely influenced by administrative boundaries defined by the New Zealand Census.
- Selection bias: The study's reliance on solved cases may introduce selection bias, as the data may not be representative of all offenders.
- Reporting and clearance rate biases: The study may be influenced by biases related to reporting rates and clearance rates.","- Computational constraints: The models require estimation across three dimensions (crimes × locations × variables), leading to large datasets (up to 100 million rows) that exceed standard computing equipment capabilities.
- Memory constraints: High-performance computing environments may only offer temporary solutions due to the rapid growth of data.
- Processing challenges: Sampling from alternatives is used to reduce dataset size and processing time, with run times reduced to 5-18% of the original time.","Alternative units discussed include streets segments, census blocks, and individual properties. These were considered in the context of their ecological validity and comparability to neighborhoods. The authors chose NZ Census Statistical Area 2 (SA2) as their final unit of analysis, which is comparable to neighborhoods and used in other studies.",2009-2018,New Zealand Police; Statistics NZ Census and Business Demography data,"  - ""The data used in this study included solved residential and non-residential burglary, commercial and personal robbery and extra-familial sex offenses occurring between 2009 and 2018 from a national dataset obtained from the New Zealand Police.""
  - ""The dataset also included the locations of a range of pre-offense activity nodes. These included: past and present homes of the offender and their family members, school and other educational institutions attended, workplace, prior offenses they had committed or experienced as victims or witnesses, non-crime incidents in which they were involved, and places they were arrested, stopped or otherwise noted for intelligence purposes.""
  - ""In this study we used the NZ Census Statistical Area 2 (SA2) as the set of locations from which an offense location could be chosen. SA2s roughly equate to neighborhoods and typically contain 2000-4000 residents in metropolitan areas (1000-5000 in rural areas).""
  - ""The outcome variable was the choice of SA2: in which of the 2153 SA2 areas of New Zealand did the offender commit the index offense?""
  - ""the data do not include all activity nodes of all offenders. The extent to which any offender's pre-offense activity locations are recorded depends on the extent of their prior contact with police, so many activity nodes naturally remain unknown to police.""
  - ""the results may only generalize to location choices of offenders who have been identified and proceeded against. If the predictor variables impact the likelihood of the offender being caught, data from solved cases may not be representative of crime location choices of all offenders""",,"- The study used a national dataset from the New Zealand Police, which may have limitations in terms of data availability and completeness, particularly regarding pre-offense activity nodes.
- The use of SA2s as spatial units was likely influenced by data availability and administrative boundaries, as these units are defined by the New Zealand Census.
- The dataset did not include all activity nodes for all offenders, which could limit the accuracy of the study's findings.
- The study's reliance on solved cases may introduce selection bias, as the data may not be representative of all offenders, particularly those who have not been caught or whose crimes have not been reported.
- The study's focus on solved cases and the use of police data may also introduce biases related to reporting rates and clearance rates.","  - ""the models that they utilize require estimation along three rather than two dimensions. Their estimation involves optimization along the dimensions of crimes × locations × variables, instead of crimes × variables or locations × variables.""
  - ""a study with 1,000 crimes and 1,000 potential alternative locations for each crime, yields a dataset of 1 million rows. A study with more offenses, smaller units of analysis or a wider study area could involve upwards of 10,000 choices and 10,000 alternatives, yielding an unwieldy dataset of 100 million rows.""
  - ""These extensions require computer storage and processing capabilities that exceed the limits of available computing equipment outside of specialist computing labs""
  - ""Therefore, for model estimation to remain tractable outside of high-performance computer labs, there is a need to explore ways of reducing the computational burden.""
  - ""In fact, with the quick proliferation of model extensions and the advent of big data, high-performance computing environments may only offer a very short-term solution.""
  - ""Computational limitations have prompted the use of sampling from alternatives in four crime location choice DSCM studies to date.""
  - ""All of the sampling methods considerably reduced the total size of the datasets and therefore the computational burden, with the 'random minimum' strategy producing the smallest datasets.""
  - ""Run times reflected the size of the datasets, with sampling from alternatives models running in 5-18% of the time taken to run the all-alternatives models.""
  - ""the computational savings were greatest for the datasets with more offenses (e.g., 5-9% for residential burglary), suggesting that the bigger the offense sample (number of choices) the greater the gains from sampling from alternatives.""",,"- The paper discusses the computational challenges associated with large datasets in crime location choice research. The models require estimation across multiple dimensions, leading to large datasets that can be computationally burdensome.
- The authors mention that datasets can become unwieldy, with sizes reaching up to 100 million rows, which exceeds the capabilities of standard computing equipment.
- They highlight the need to reduce computational burden due to these large datasets, indicating that high-performance computing environments may only provide temporary solutions.
- The use of sampling from alternatives is mentioned as a strategy to address these computational limitations, reducing dataset size and processing time.
- The paper provides specific examples of how sampling methods can reduce computational burden, such as reducing run times to 5-18% of the original time.","  - ""Whereas most prior studies of crime location choice focused on neighborhoods, recent research has demonstrated the relevance of smaller and more ecologically valid spatial units of analysis, such as streets segments (Frith et al. 2017), census blocks (Bernasco et al. 2013), and even individual properties (Vandeviver et al. 2015).""
  - ""In this study we used the NZ Census Statistical Area 2 (SA2) as the set of locations from which an offense location could be chosen. SA2s roughly equate to neighborhoods and typically contain 2000-4000 residents in metropolitan areas (1000-5000 in rural areas).""
  - ""SA2s are comparable to the units used in other crime location choice studies (e.g., Clare et al. 2009;Townsley et al. 2015).""",,"- The paper discusses various spatial units that have been used in crime location choice studies, such as streets segments, census blocks, and individual properties. These are mentioned as alternative units that have been considered in the field.
- The authors chose to use the NZ Census Statistical Area 2 (SA2) as their unit of analysis, which they equate to neighborhoods. This suggests that SA2s were selected over other potential units like streets segments or census blocks.
- The paper does not provide specific reasons for rejecting these alternative units, but it implies that SA2s were chosen for their comparability to other studies and their representation of neighborhoods.","  - ""The data used in this study included solved residential and non-residential burglary, commercial and personal robbery and extra-familial sex offenses occurring between 2009 and 2018 from a national dataset obtained from the New Zealand Police.""",,"- The paper explicitly states that the data used in the study included crimes that occurred ""between 2009 and 2018.""
- This indicates that the data collection period for the study was from 2009 to 2018.
- The data was obtained from a national dataset provided by the New Zealand Police, which further supports that the data collection period refers to when these crimes were recorded.","  - ""The opportunity measures were sourced from Statistics NZ Census and Business Demography data (http:// nzdot stat. stats. govt. nz/)""
  - ""The data used in this study included solved residential and non-residential burglary, commercial and personal robbery and extra-familial sex offenses occurring between 2009 and 2018 from a national dataset obtained from the New Zealand Police.""
  - ""Methods Using police data on 38,120 residential and non-residential burglary, commercial and personal robbery and extra-familial sex offense locations and the offenders' pre-offense activity locations (e.g., home, family members' homes and prior crime locations), and in the context of the conditional logit formulation of the discrete spatial choice model, we tested a novel method for importance sampling of alternatives.""
  - ""The dataset also included the locations of a range of pre-offense activity nodes. These included: past and present homes of the offender and their family members, school and other educational institutions attended, workplace, prior offenses they had committed or experienced as victims or witnesses, non-crime incidents in which they were involved, and places they were arrested, stopped or otherwise noted for intelligence purposes.""",,"- The primary data source for this study is the ""police data"" obtained from the New Zealand Police, which includes records of various crimes such as burglaries, robberies, and sex offenses.
- The study also uses data on pre-offense activity locations, which are part of the police data but provide additional context about offenders' activities.
- Another data source mentioned is the ""Statistics NZ Census and Business Demography data,"" which is used to obtain opportunity measures related to crime locations."
CO-OFFENDERS' CRIME LOCATION CHOICE: DO CO-OFFENDING GROUPS COMMIT CRIMES IN THEIR SHARED AWARENESS SPACE?,Marre Lammers,-,-,-,-,-,"- Data not specifically sampled for co-offending, leading to a reduced sample size.
- Use of police arrest data may over-represent co-offending groups.
- Potential incompleteness of data if some offenders in a group were not arrested.
- Geographical limitation to the greater The Hague region.
- Limited measurement of awareness space to home and crime locations.
- Use of a four-digit postal code area as a potentially large spatial unit.
- Issues with spatial interdependence if smaller units are used.
- Modifiable areal unit problem affecting spatial unit choice.
- Alternative definitions and measurements of shared awareness space could affect results.","No computational constraints mentioned. The paper discusses the choice of spatial unit analysis and the challenges associated with smaller units, such as spatial interdependence, but does not explicitly mention computational limitations like memory constraints or processing challenges.","Alternative units discussed: six-digit postal code area, which contains on average 18 residential units and 40 residents. This unit was not used due to increased spatial interdependence between observations requiring more complex models.",2006-2009,Police information system of the greater The Hague Police Service; Population registration data (BRP); Statistics Netherlands; LISA database,"  - ""The data were not specifically sampled to study co-offending, which led to a large number of offenders and offences being removed from the sample.""
  - ""only police arrest data on cleared offences were used for this study, which means that only arrested offenders and their arrested co-offenders were studied.""
  - ""The use of arrest data could be problematic if a large number of groups used in this study are 'incomplete' in these data, i.e. if some of the offenders of the group are arrested while others are not.""
  - ""the data are limited to the greater The Hague region (offenders from the sample were excluded if they did not reside in this region).""
  - ""Areas outside this region could be part of the offenders' awareness spaces, e.g. because they lived there in the past or they regularly visit the area for work.""
  - ""Awareness space in this study is measured as the current and previous home locations of the offenders, as well as previous crime locations. However, a person's awareness space consists of more areas, e.g. a work location and/or a school location.""
  - ""the spatial unit of analysis that was used in this study is a four-digit postal code area.""
  - ""the four-digit postal code area could be considered a large unit of analysis.""
  - ""using small spatial units of analysis has its downsides. For example using smaller areas increases the issue of spatial interdependence between observations.""
  - ""the modifiable areal unit problem, are discussed extensively in Ouimet (2000).""
  - ""In the current study, it is defined and measured as more than one offender being familiar with an area. However, this can also be done in other ways.""",,"- The study's data limitations include the fact that the data were not specifically sampled for co-offending, leading to a significant reduction in the sample size (Quote 1).
- The use of police arrest data may over-represent co-offending groups compared to solo offenders, as it only includes arrested offenders (Quote 2).
- The data may be incomplete if some offenders in a group were not arrested, potentially affecting the calculation of shared awareness space (Quote 3).
- The study is geographically limited to the greater The Hague region, which might not capture all relevant areas in offenders' awareness spaces (Quotes 4 and 5).
- The measurement of awareness space is limited to home and crime locations, excluding other potential areas like work or school (Quote 6).
- The choice of a four-digit postal code area as the spatial unit may be too large, potentially masking finer-scale patterns (Quotes 7 and 8).
- Smaller spatial units could introduce issues of spatial interdependence, complicating analysis (Quote 9).
- The study acknowledges the modifiable areal unit problem, which affects the choice of spatial units (Quote 10).
- The definition and measurement of shared awareness space could be done differently, potentially affecting results (Quote 11).","  - ""This problem of choosing the right level of aggregation and the influence that has on study result, the modifiable areal unit problem, are discussed extensively in Ouimet (2000).""
  - ""This means that models that take spatial interdependence into account need to be used to properly analyse the data.""
  - ""However, using small spatial units of analysis has its downsides. For example using smaller areas increases the issue of spatial interdependence between observations.""
  - ""A smaller measurement could have been used, e.g. a six-digit postal code area. These areas contain on average 18 residential units and 40 residents.""
  - ""the spatial unit of analysis that was used in this study is a four-digit postal code area. Most studies on crime location choice have used areas of similar or larger size for their analyses. However, the four-digit postal code area could be considered a large unit of analysis.""",,"- The paper discusses the choice of spatial unit analysis, specifically mentioning the use of four-digit postal code areas.
- It notes that while smaller units like six-digit postal code areas could be used, they introduce issues such as spatial interdependence between observations.
- The paper highlights that using smaller areas requires models that account for spatial interdependence, which implies a computational challenge.
- The mention of the modifiable areal unit problem suggests a concern about the impact of spatial unit size on analysis results, which is a computational consideration.
- However, the paper does not explicitly mention memory constraints, processing time, or software limitations as reasons for choosing the four-digit postal code area.","  - ""the spatial unit of analysis that was used in this study is a four-digit postal code area. Most studies on crime location choice have used areas of similar or larger size for their analyses. However, the four-digit postal code area could be considered a large unit of analysis. A smaller measurement could have been used, e.g. a six-digit postal code area. These areas contain on average 18 residential units and 40 residents. However, using small spatial units of analysis has its downsides. For example using smaller areas increases the issue of spatial interdependence between observations. This means that models that take spatial interdependence into account need to be used to properly analyse the data.""",,"- The authors mention that they used a four-digit postal code area as their spatial unit of analysis.
- They acknowledge that this unit could be considered large and suggest that a smaller measurement, such as a six-digit postal code area, could have been used.
- The six-digit postal code area is described as containing on average 18 residential units and 40 residents, indicating it is a smaller spatial unit compared to the four-digit postal code area.
- The authors provide a reason for not using the smaller unit: it increases the issue of spatial interdependence between observations, which would require more complex models to account for.
- This discussion indicates that the authors considered an alternative spatial unit (six-digit postal code area) but chose not to use it due to methodological complexities.","  - ""The data were analysed using a discrete spatial choice model.""
  - ""The dependent variable in this study is the choice of an area j from a geographical set of alternatives J to co-offend in. This co-offended crime had to be committed between 2006 and 2009 in the greater The Hague region.""
  - ""The starting point for the sample of offenders was the sample used in previous reports of the same project (Lammers et al. 2015;Menting et al. 2016). This sample consisted of 10,000 offenders with at least one crime they had committed in the greater The Hague area between the years 2006 and 2009.""
  - ""The residential history of the offenders was derived from population registration data held in a nationwide information system (Dutch acronym is BRP). This system is continuously updated and holds records of all Dutch citizens, including their residential addresses.""
  - ""For each offender, his or her home location at the time of the offence was established, as well as all previous home locations back until 2003 within the greater The Hague area.""
  - ""The total of 4,654 offenders had committed 6,283 crimes between 2003 and 2009, 3,612 of which were co-offended.""",,"- The study focuses on crimes committed between 2006 and 2009, as indicated by the dependent variable and the sample of offenders.
- The data collection period is inferred from the time frame during which the crimes were committed, which is between 2006 and 2009.
- The residential history data was derived from a continuously updated system, but the specific focus for this study was on crimes committed between 2006 and 2009.
- The study period is explicitly mentioned as being between 2006 and 2009, which aligns with the data collection period.","  - ""The offences were obtained from the police information system used by the greater The Hague Police Service.""
  - ""The residential history of the offenders was derived from population registration data held in a nationwide information system (Dutch acronym is BRP).""
  - ""The LISA database (see Steenbeek et al. 2012 for more information on the LISA database), a database containing information on businesses, was used to obtain year-postal code area-specific information on the number of retail stores, hotels, restaurants, bars, schools, cultural facilities, health care institutions and sport and leisure facilities.""
  - ""Statistics Netherlands records socio-demographic and socio-economic information for each postal code area in the Netherlands.""",,"- The study used data from the police information system of the greater The Hague Police Service, which is a source of crime records.
- Population registration data from the nationwide information system (BRP) was used to obtain residential history, which is an administrative record.
- Statistics Netherlands provided socio-demographic and socio-economic data, which is a government agency source.
- The LISA database was used for business-related data, which is a commercial or administrative database."
"Right place, right time? Making crime pattern theory time-specific","Sabine E M Van Sleeuwen, Stijn Ruiter, Wouter Steenbeek",-,-,-,-,-,"- Small sample size (N = 71 offences committed by 30 offenders)
- Non-experimental research design with potential selection bias
- Limited to specific police regions in the Netherlands (The Hague and Noord-Holland)
- Bias related to police's ability to solve crimes within activity spaces
- Uncertainty in recall accuracy from respondents' memories
- Privacy concerns restricting data sharing",No computational constraints mentioned.,No alternative units discussed.,"- Initial data collection for suspects: 2017
- Survey data collection: May to August 2019
- Crime data collection period: 2018-2019",Police database (Dutch police regions The Hague and North-Holland); Online survey (Time-specific Activity Space survey),"  - ""Although this first empirical test provides some evidence for our extended theory, it is important to emphasise that our conclusions are tentative as the size of our sample of offences was quite small (N = 71 offences committed by 30 offenders).""
  - ""Also, a non-experimental research design obviously cannot fully rule out possible selection bias.""
  - ""As our respondents were sampled from police register data on suspected offenders from two specific police regions in the western part of the Netherlands (The Hague and Noord-Holland), we might not be able to generalize our findings to the broader offender population; to offenders in other parts of the country or to offenders that escaped arrest.""
  - ""The findings we observe might in part be related to the police being better able to solve offences that were committed inside the offenders' activity spaces.""
  - ""Another common limitation of retrospective survey research is that the accuracy of recall from respondents' memory is uncertain.""
  - ""Data will not be shared, due to privacy reasons.""",,"- The study's sample size is small, which limits the generalizability of the findings and introduces potential biases.
- The non-experimental design means that selection bias cannot be fully ruled out, affecting the representativeness of the sample.
- The study is limited to specific police regions in the Netherlands, which may not be representative of the broader offender population or other regions.
- The reliance on police register data may introduce biases related to the police's ability to solve crimes within activity spaces.
- The accuracy of recall from respondents' memories is uncertain, which could affect the reliability of the data.
- Privacy concerns restrict data sharing, which could limit further analysis or replication.","  - ""The findings we observe might in part be related to the police being better able to solve offences that were committed inside the offenders' activity spaces.""
  - ""the pseudo-R 2 of the model is 0.27, which represents according to McFadden's guidance an excellent fit to the data (McFadden 1978, p. 307)""
  - ""The results of the conditional logit model that tests whether offenders are more likely to commit crime in neighbourhoods they have regularly visited at the same time of day than in neighbourhoods they have regularly visited at different parts of the day are displayed in Table 2""
  - ""Because the small sample size does not justify using normal standard errors, we calculated bootstrapped standard errors based on 100 samples.""
  - ""the final dataset for analysis is a data matrix of 944,655 rows (containing 13,305 neighbourhood rows for each of the 71 crimes to be explained).""",,"- The paper mentions a large dataset with 944,655 rows, which could potentially pose computational challenges, especially in terms of processing time and memory requirements.
- The use of bootstrapped standard errors due to a small sample size suggests a computational approach to manage statistical analysis, which might be influenced by computational constraints.
- The mention of a pseudo-R 2 value indicates that the model's fit was evaluated, which could be influenced by computational constraints in terms of processing power and memory.
- However, the paper does not explicitly mention any computational limitations, memory constraints, or processing challenges that directly influenced their spatial unit selection.","  - ""In order to determine the adequate spatial and temporal resolution for our unit of analysis, we first checked the reported level of accuracy for the seven routine activity domains and the five different reported types of crime.""
  - ""To ensure that activity patterns preceded the crimes, we removed those activity nodes respondents only started visiting after the crime event.""
  - ""Therefore, we geocoded the longitude-latitude information to one of the 13,305 unique neighbourhoods in the Netherlands for the year 2018, with a median area of 0.66 km 2 (mean = 2.63, range = 0.02-130.14) (Statistics Netherlands 2019).""
  - ""However, for all 12 categories combined, more than three-quarters of the locations were indicated to be reported at least at the neighbourhood level.""
  - ""Spatial accuracy was generally higher for the reported routine activity nodes than for the crimes.""",,"- The authors mention that they checked the accuracy of reported locations for both routine activities and crimes, which suggests they considered the spatial resolution of their data.
- They note that more than three-quarters of the locations were reported at least at the neighbourhood level, which influenced their decision to use neighbourhoods as their unit of analysis.
- The authors geocoded locations to one of the 13,305 unique neighbourhoods in the Netherlands, indicating that they selected neighbourhoods as their final unit of analysis based on the accuracy and availability of data.
- There is no mention of alternative spatial units or scales being considered or rejected in the text. The focus is on the selection of neighbourhoods as the unit of analysis based on data accuracy and availability.","  - ""After obtaining permission of the Ministry of Justice and Security and Dutch National Police for our study design and a positive advice from the Ethics Committee for Legal and Criminological Research of the Vrije Universiteit Amsterdam, data on suspects from the Dutch police regions The Hague and North-Holland for the year 2017 were obtained.""
  - ""The offenders were selected in 2017 but asked about their offending in 2018-2019 (i.e. the year prior to the survey date).""
  - ""The survey first asked to report on daily and weekly routine activities, categorized in seven different domains: (1) residences, (2) schools, (3) jobs, (4) sports activities, (5) shopping, (6) going out, and (7) any other activities, for which respondents could specify the type of activity themselves.""
  - ""When the survey was taken offline at the end of August 2019, a total of 501 respondents had started with the survey""
  - ""The invitation letters were sent in several batches from May to July 2019.""",,"- The data on suspects was obtained from the Dutch police regions for the year 2017, indicating that the initial data collection period for suspect information was in 2017.
- The survey was conducted from May to August 2019, as indicated by the sending of invitation letters and the survey being taken offline at the end of August 2019.
- The survey asked about offending behavior in 2018-2019, which is the year prior to the survey date, indicating that the data collection period for crime data was from 2018 to 2019.
- The study involved collecting data on routine activities and crime locations from offenders, which was done through the online survey conducted in 2019.","  - ""After obtaining permission of the Ministry of Justice and Security and Dutch National Police for our study design and a positive advice from the Ethics Committee for Legal and Criminological Research of the Vrije Universiteit Amsterdam, data on suspects from the Dutch police regions The Hague and North-Holland for the year 2017 were obtained.""
  - ""The survey first asked to report on daily and weekly routine activities, categorized in seven different domains: (1) residences, (2) schools, (3) jobs, (4) sports activities, (5) shopping, (6) going out, and (7) any other activities, for which respondents could specify the type of activity themselves.""
  - ""the original suspect data from the police included relatively minor offences from offenders with relatively short offence histories.""
  - ""The survey could only be started after digitally signing the informed consent form.""",,"- The study used data from the Dutch police regions The Hague and North-Holland for the year 2017, which is a police database.
- The study also used an online survey to collect data on offenders' routine activities and crime locations, which is a survey.
- The survey was conducted with offenders who were selected from police register data, indicating that police records were used to identify participants.
- The study does not mention any other data sources such as census data, administrative records, or commercial databases."
Ambient population and surveillance cameras: The guardianship role in street robbers' crime location choice,"Dongping Long, Lin Liu, Mingen Xu, Jiaxin Feng, Jianguo Chen, Li He",-,-,Cities,38,2021,"- Limited to arrested offenders due to unavailability of addresses for non-arrested offenders.
- Use of a single randomly selected robber for robberies involving multiple offenders.
- Data derived from various sources, including census data, which might have its own limitations.",No computational constraints mentioned.,No alternative units discussed.,"- Crime data: 2012-2016
- Mobile phone data: May 12-18, 2016",ZG Municipal Public Security Bureau; POI data; Census data (sixth census of China); Mobile phone data; Police data,"  - ""The study area covers 1971 communities (Fig. 2 ), with an average size of 1.62 km 2 . The standard deviation of the size of communities is 2.85, the minimum size of 0.001 km 2 , and the maximum size of 43 km 2""
  - ""The data sets used in this paper include crime data and neighborhood characteristics data of ZG City.""
  - ""Crime data on arrested street robbers and their offenses between 2012 and 2016 were provided by the ZG Municipal Public Security Bureau.""
  - ""Following the common practice in crime location choice studies (Bernasco et al., 2015;Bernasco et al., 2017;Lammers et al., 2015;Long et al., 2020;Townsley et al., 2016), this analysis is also limited to the arrested offenders because the addresses of arrested offenders are not available.""
  - ""The dataset included the following information of each arrested robber: the unique offender identifier, the Hukou status, the home address, and the location and time of the robbery.""
  - ""A number of robberies involved multiple robbers. Following the practice of Bernasco et al. (2017), one robber is randomly selected to represent the decisionmaking of a robbery that involves multiple robbers.""
  - ""The data matrix of dependent variables is constructed by using these cases.""
  - ""The calculation of dependent variables in discrete spatial choice modeling refers to the method by Bernasco et al. (2013) and Johnson and Summers (2015).""
  - ""the data for calculating the index is derived from the sixth census of China.""
  - ""Multiple collinearity test of independent and control variables is carried out by correlation and regression analysis (Table 3 ). The correlations between all pairs of variables range from low to moderate, with the highest value being 0.57.""",,"- The study uses data from 1971 communities in ZG City, which suggests that the spatial units are defined by these community boundaries.
- The data availability is limited to crime data and neighborhood characteristics provided by the ZG Municipal Public Security Bureau, which may restrict the types of data that can be analyzed.
- The study is limited to arrested offenders due to the unavailability of addresses for non-arrested offenders, which could introduce bias in the data.
- The use of a single randomly selected robber for robberies involving multiple offenders might affect the accuracy of the data.
- The data is derived from various sources, including census data, which might have its own limitations and constraints.
- The study does not mention any specific administrative boundary constraints or privacy concerns that influenced the choice of spatial units.","  - ""All models are estimated using STATA 13.0.""
  - ""The ""crossing"" coding is used in Stata software to construct 8, 589,618 (4358*1971) rows of data matrix for estimation.""
  - ""The data matrix of dependent variables is constructed by using these cases. The calculation of dependent variables in discrete spatial choice modeling refers to the method by Bernasco et al. (2013) and Johnson and Summers (2015).""
  - ""The dataset included the following information of each arrested robber: the unique offender identifier, the Hukou status, the home address, and the location and time of the robbery.""
  - ""The study area covers 1971 communities (Fig. 2 ), with an average size of 1.62 km 2 . The standard deviation of the size of communities is 2.85, the minimum size of 0.001 km 2 , and the maximum size of 43 km 2""",,"- The paper mentions the use of 1971 communities as the spatial unit for analysis, but it does not explicitly state any computational constraints that influenced this selection.
- The construction of a large data matrix with 8,589,618 rows suggests a significant computational task, but there is no mention of any limitations or constraints related to memory, processing time, or software capabilities.
- The use of STATA 13.0 for model estimation is noted, but there is no discussion of any software limitations or computational feasibility concerns.
- The paper does not mention any specific computational constraints, memory limitations, or processing challenges that influenced the spatial unit selection or data analysis.","  - ""The data matrix of dependent variables is constructed by using these cases. The calculation of dependent variables in discrete spatial choice modeling refers to the method by Bernasco et al. (2013) and Johnson and Summers (2015). This paper assumes that a street robber chose one for robbery among 1971 communities (1971 alternative sets).""
  - ""The dataset included the following information of each arrested robber: the unique offender identifier, the Hukou status, the home address, and the location and time of the robbery. Among a total of 11,455 arrest records in ZG City during 2012-2016, only 7860 records have a home address in the city, involving 7124 robbers.""
  - ""The study area covers 1971 communities (Fig. 2 ), with an average size of 1.62 km 2 . The standard deviation of the size of communities is 2.85, the minimum size of 0.001 km 2 , and the maximum size of 43 km 2""",,"- The paper mentions that the study area is divided into 1971 communities, which are used as the spatial units of analysis. This is evident from the description of the study area and the data matrix construction.
- The paper does not mention any alternative spatial units or scales that were considered before selecting the community level as the final unit of analysis.
- The focus on communities as the unit of analysis is consistent throughout the paper, with no discussion of other potential units such as neighborhoods, districts, or other scales.","  - ""Crime data on arrested street robbers and their offenses between 2012 and 2016 were provided by the ZG Municipal Public Security Bureau.""
  - ""For each cell tower, an evaluated number of mobile phone users, whose devices communicate with it, is measured on an hourly basis during the period of 12-18 May 2016.""",,"- The first quote indicates that the crime data was collected between 2012 and 2016, which is a specific time period for the crime data.
- The second quote provides a specific time period for the collection of mobile phone data, which is from May 12 to May 18, 2016.
- These quotes provide clear information about when the data for this study was collected.","  - ""Crime data on arrested street robbers and their offenses between 2012 and 2016 were provided by the ZG Municipal Public Security Bureau.""
  - ""Ambient population is measured by average daily mobility from ZG City's mobile phone signaling data.""
  - ""Surveillance cameras are derived from ZG City's POI data and measured by their number in a neighborhood.""
  - ""the data for calculating the index is derived from the sixth census of China.""
  - ""Neighborhood data include POI data, census data, mobile phone data, and police data.""",,"- The study used crime data from the ZG Municipal Public Security Bureau, which is a police database.
- Neighborhood data included POI (Points of Interest) data, which is often derived from commercial or administrative sources.
- Census data was used, specifically from the sixth census of China, which is an administrative record.
- Mobile phone data was used to measure ambient population, which is a commercial database.
- Police data was also mentioned as part of the neighborhood data, indicating additional use of police records.
- POI data was used to derive surveillance camera locations, which is another commercial or administrative source."
Do Migrant and Native Robbers Target Different Places?," Liu",-,-,ISPRS Int. J. Geo Inf.,3,2021,"- Data availability issues: Exclusion of records due to residence outside the study area or unknown residence.
- Confidentiality requirements: Use of 'pinyin' codes instead of actual place names; limited agreement and restrictions on disclosing crime and mobile phone data sources and details.",No computational constraints mentioned.,No alternative units discussed.,"- Arrest data: 2012 to 2016
- POI data: 2014
- Traffic road network vector map data: 2014
- Bus stop data: 2015
- Mobile phone data: May 12-18, 2016
- Census data: 2010",ZG City's Public Security Department; Daodaotong Map; National Bureau of Statistics of China; Baidu API,"  - ""The data used in this paper include the arrest data and neighborhood characteristics data of ZG City.""
  - ""The first type of data is the arrest data of street robbers in ZG City from 2012 to 2016 provided by ZG City's Public Security Department.""
  - ""A total of 11,455 arrest records within 8 districts of ZG city from 2012 to 2016, excluding 2285 records of street robbers whose residence was outside the study area and 1310 records with no fixed residence or unknown residence, leaving 7860 records involving 7124 street robbers.""
  - ""In this study, we selected the domicile attributes of street robbers in the individual attribute table to study the spatial differences in crime location choices of street robbers with different household registration attributes.""
  - ""The data provider requested for confidentiality of the place names, so ""pinyin"" codes are used as substitutes).""
  - ""Because the agreement is limited, crime data and mobile phone data do not allow to disclose the source and details.""",,"- The study uses arrest data from ZG City's Public Security Department, which may have limitations in terms of data availability and confidentiality.
- The exclusion of records due to residence outside the study area or unknown residence indicates a constraint related to data completeness and spatial unit selection.
- The use of 'pinyin' codes instead of actual place names due to confidentiality requirements suggests a limitation in terms of data specificity and transparency.
- The mention of limited agreement and restrictions on disclosing crime and mobile phone data sources and details indicates privacy concerns and confidentiality requirements that influenced data selection and analysis.","  - ""Models calculations were done under Stata 13.0 software.""
  - ""This is because a larger sample size will result in a smaller p-value given that the standard error remains unchanged.""
  - ""In addition, we should point out that in the discrete spatial choice model of this paper, 708 samples will be randomly selected from 3650 migrant robbers so that the sample size can be matched with that of local robbers, which in turn facilitates a comparative analysis of migrant and local robbers' crime location choices.""
  - ""In this study, we selected the domicile attributes of street robbers in the individual attribute table to study the spatial differences in crime location choices of street robbers with different household registration attributes.""",,"- The paper mentions the selection of a subset of samples from migrant robbers to match the sample size of native robbers, which suggests a consideration for computational feasibility in terms of statistical analysis.
- The mention of using Stata 13.0 software for model calculations indicates that the computational tools were available and used for the analysis.
- The paper does not explicitly mention any computational limitations, memory constraints, or processing challenges that influenced their spatial unit selection.
- The adjustment in sample size to match native robbers' sample size is more related to statistical analysis requirements than computational constraints.","  - ""The study area consists of 1971 neighborhoods (Figure 1 ) with an average area of 1.62 square kilometers.""",,"- The paper mentions that the study area consists of 1971 neighborhoods, which suggests that the primary spatial unit of analysis is the neighborhood.
- There is no mention of any alternative spatial units or scales being considered or rejected in the paper.
- The focus is on the neighborhood level, and no other units such as districts, cities, or regions are discussed as alternatives.","  - ""The first type of data is the arrest data of street robbers in ZG City from 2012 to 2016 provided by ZG City's Public Security Department.""
  - ""The second type of data is a dataset coupled with individual factors (distance of journey to crime variables) and key neighborhood factors, including 2014 POI data (point coordinates), 2014 traffic road network vector map data, 2015 bus stop data (point coordinates) crawled based on Baidu API, within one week of 12 to 18 May 2016 ZG City's mobile phone data and the sixth census data of ZG city in 2010""
  - ""POI data and traffic road network vector map data is from Daodaotong Map (https://www.ritu.cn/, accessed on 6 November 2021), social and economic data are from the official website of the National Bureau of Statistics of China (http: //www.stats.gov.cn/tjsj/pcsj/rkpc/6rp/indexch.htm, accessed on 6 November 2021).""",,"- The primary data collection period for the arrest data is specified as ""from 2012 to 2016,"" which indicates the time frame during which the crime data was collected.
- The POI data and traffic road network vector map data were from 2014, indicating that these specific datasets were collected or accessed in that year.
- The bus stop data was crawled in 2015, and the mobile phone data was collected within a specific week in May 2016, providing additional specific time points for data collection.
- The census data was from 2010, which is an earlier point of data collection.
- The access dates for POI and social-economic data in 2021 are likely related to when these data were accessed for the study rather than when they were originally collected.","  - ""The first type of data is the arrest data of street robbers in ZG City from 2012 to 2016 provided by ZG City's Public Security Department.""
  - ""The second type of data is a dataset coupled with individual factors (distance of journey to crime variables) and key neighborhood factors, including 2014 POI data (point coordinates), 2014 traffic road network vector map data, 2015 bus stop data (point coordinates) crawled based on Baidu API, within one week of 12 to 18 May 2016 ZG City's mobile phone data and the sixth census data of ZG city in 2010""
  - ""The data used in this paper include the arrest data and neighborhood characteristics data of ZG City.""
  - ""POI data and traffic road network vector map data is from Daodaotong Map (https://www.ritu.cn/, accessed on 6 November 2021), social and economic data are from the official website of the National Bureau of Statistics of China (http: //www.stats.gov.cn/tjsj/pcsj/rkpc/6rp/indexch.htm, accessed on 6 November 2021).""",,"- The study uses arrest data from ZG City's Public Security Department, which is a police database.
- Neighborhood characteristics data are also used, which likely include administrative records.
- POI (Point of Interest) data and traffic road network vector map data are sourced from Daodaotong Map, a commercial database.
- Mobile phone data are used, which could be from a commercial database or a government agency, but the specific source is not detailed.
- Census data are mentioned as part of the dataset, specifically the sixth census data of ZG city in 2010, which is an administrative record from the National Bureau of Statistics of China.
- Social and economic data are sourced from the official website of the National Bureau of Statistics of China, which is a government agency."
"Do juvenile, young adult, and adult offenders target different places in the Chinese context?","Dongping Long, Lin Liu",-,-,Cities,3,2022,"- Confidentiality requirements: The data used in the study is confidential, which may limit the availability or detail of the data.
- Administrative boundary constraints: The study is confined to ZG City, which could limit the spatial units to those within this administrative boundary.
- Data aggregation requirements: The use of neighborhood units as spatial units might be due to data aggregation requirements or the way data is collected and processed.",No computational constraints mentioned.,No alternative units discussed.,2012-2016,ZG City Public Security Bureau crime data; ZG City census data,"  - ""The data that has been used is confidential.""
  - ""The data in this paper and those of Long et al. (2021) are derived from the same dataset for ZG City, but they have different research questions.""
  - ""The area under study comprises 1971 neighborhood units with an average area of 1.62 km 2 (Long et al., 2021)""",,"- The paper mentions that the data used is confidential, which suggests a privacy concern or confidentiality requirement that might limit the availability or detail of the data.
- The study uses a dataset from ZG City, which is a specific administrative boundary, indicating that the choice of spatial units might be constrained by the availability of data within this boundary.
- The study uses neighborhood units as the spatial units, which could be influenced by administrative boundaries or data aggregation requirements.
- The mention of the data being derived from the same dataset as another study but with different research questions suggests that the data might have been aggregated or processed in a way that limits its use for other purposes.","  - ""The pseudo R 2 value of the Model is >0.20, which indicates that the model in this paper has a better explanatory ability.""
  - ""The correlation coefficients among all variables were small than 0.60, with a maximum VIF of 1.79 and an average VIF of 1.42 (in Table 2 ). Therefore, multicollinearity is not an issue in this study.""
  - ""The conditional logit selection models have been applied to various discrete choice behaviors, including offender's crime location choice problems (Bernasco et al., 2013;Bernasco & Nieuwbeerta, 2005).""
  - ""The data in this paper and those of Long et al. (2021) are derived from the same dataset for ZG City, but they have different research questions.""
  - ""The area under study comprises 1971 neighborhood units with an average area of 1.62 km 2 (Long et al., 2021)""",,"- The paper mentions the use of 1971 neighborhood units as the spatial unit of analysis, but it does not specify any computational constraints related to this choice.
- The authors discuss the use of conditional logit selection models, which are a common method in spatial analysis, but they do not mention any computational limitations or constraints related to these models.
- The paper addresses issues of multicollinearity and model fit (pseudo R^2), but these are statistical considerations rather than computational constraints.
- There is no mention of memory constraints, processing time, or software limitations that influenced the spatial unit selection or the analysis.","  - ""The area under study comprises 1971 neighborhood units with an average area of 1.62 km 2 (Long et al., 2021)""
  - ""In this paper, the locations of the robbery were geocoded into one of 1971 neighborhoods as the dependent variable.""",,"- The paper mentions that the study area is divided into ""1971 neighborhood units"" with an average area of 1.62 km^2. This indicates that the final unit of analysis chosen by the authors is the neighborhood unit.
- There is no mention of any alternative spatial units or scales that were considered before selecting the neighborhood unit as the final unit of analysis.
- The paper does not discuss any other spatial units or scales that were rejected or considered but not used.","  - ""This study examines 7860 street robberies committed by 4358 street robbers between 2012 and 2016 in ZG city, China.""
  - ""In this paper, ZG City Public Security Bureau provided crime data on arrested offenders and their robberies during the period 2012 to 2016 (Long et al., 2021)""
  - ""The data in this paper and those of Long et al. (2021) are derived from the same dataset for ZG City, but they have different research questions.""",,"- The paper explicitly states that the study examines street robberies committed between 2012 and 2016, indicating the time period during which the data was collected.
- The mention of the ZG City Public Security Bureau providing crime data during the period 2012 to 2016 further confirms the data collection period.
- The reference to Long et al. (2021) using the same dataset but for different research questions does not alter the data collection period for this study.","  - ""In this paper, ZG City Public Security Bureau provided crime data on arrested offenders and their robberies during the period 2012 to 2016""
  - ""The data in this paper and those of Long et al. (2021) are derived from the same dataset for ZG City, but they have different research questions.""
  - ""This study examines 7860 street robberies committed by 4358 street robbers between 2012 and 2016 in ZG city, China.""
  - ""The proportion of migrants and the proportion of young adults in a neighborhood were used to represent social disorganization (Curran, 1998;Liu et al., 2018;Long, Liu, Zhou, et al., 2017;Song et al., 2019), and they were generated from the census data of ZG City.""",,"- The study uses crime data from the ZG City Public Security Bureau, which is a police database.
- The data includes information on street robberies and arrested offenders, indicating it is a crime record source.
- The study also uses census data from ZG City to represent social disorganization, which is an administrative record source.
- The mention of ""the same dataset for ZG City"" suggests that the data sources are consistent with previous studies, but the specific sources are the police database and census data."
THE INFLUENCE OF ACTIVITY SPACE AND VISITING FREQUENCY ON CRIME LOCATION CHOICE: FINDINGS FROM AN ONLINE SELF-REPORT SURVEY,"Stijn Ruiter, Barbara Menting, Marre Lammers, Wim Bernasco",-,-,British Journal of Criminology,33,2019,"- Data availability: The choice of spatial units was influenced by the availability of detailed socio-economic data from Statistics Netherlands.
- Administrative boundary constraints: The study adhered to existing administrative divisions of Dutch neighbourhoods.
- Spatial accuracy: The use of neighbourhoods was influenced by the need for lower spatial accuracy compared to smaller units like street segments.
- Practical constraints: The study considered the homogeneity and size of neighbourhoods, which are expected to be well known to regular visitors.",No computational constraints mentioned.,No alternative units discussed.,2013-2016,OASIS online survey; Statistics Netherlands; LISA (Landelijk Informatiesysteem Arbeidsplaatsen); Police suspect information system used by the The Hague Police Service,"  - ""The entire Netherlands were selected as the study area and neighbourhoods as the spatial unit of analysis.""
  - ""Dutch neighbourhoods are the smallest statistical units for which Statistics Netherlands provides detailed information on structural and socio-economic features.""
  - ""Neighbourhood boundaries are defined in such a way that they are internally most homogeneous and generally have one dominant function (e.g., residential, work or recreational areas; Statistics Netherlands 2017a).""
  - ""We used geographical data for all 12,821 neighbourhoods in the Netherlands in 2016, with a median size of 0.68 km 2 (mean = 2.63, standard deviation (SD) = 5.39, range = 0.01-128.2) and a median residential population of 675 (mean = 1,323, SD = 1,774, range = 0-28,120) (Statistics Netherlands 2017b).""
  - ""Given their size and homogeneous character, Dutch neighbourhoods are expected to be well known to those who regularly visit them.""
  - ""The online component enabled us to incorporate Google Maps with a search bar to help respondents find the right locations anywhere on earth with the desired level of geographic detail, which improved upon the paper cartographic maps used by Summers et al. (2010).""
  - ""Regarding the latter, by using (often homogeneously defined) neighbourhoods as spatial unit of analysis, lower spatial accuracy is less problematic than when smaller units of analyses (e.g., street segments) would have been used.""
  - ""In fact, we explicitly asked respondents how accurately they had reported geographic locations at the end of each subdomain. 88 offences (63 per cent) were reported with a neighbourhood-/street-/address-level accuracy.""
  - ""Although the pseudo-R 2 of Model 2 somewhat increased with only the 88 offences with a higher accuracy (pseudo-R 2 = 0.512) and reduced with only the 52 offences with a lower accuracy (pseudo-R 2 = 0.442), it was consistently very high and effect patterns of node and higher-order neighbourhoods remained rather similar.""
  - ""By including multiple spatial lags of neighbourhoods surrounding reported node locations, the locations even of those cases reported with lower accuracy were likely still covered.""",,"- The study used Dutch neighbourhoods as the spatial unit of analysis because they are the smallest statistical units for which detailed socio-economic data is available from Statistics Netherlands (Quote 2). This suggests a data availability issue, as the choice was influenced by the availability of detailed data.
- The definition and homogeneity of neighbourhood boundaries were considered, as they are designed to be internally homogeneous and have a dominant function (Quote 3). This indicates an administrative boundary constraint, as the study adhered to existing administrative divisions.
- The size and homogeneity of neighbourhoods were factors in their selection, as they are expected to be well known to regular visitors (Quote 5). This suggests a consideration for the spatial accuracy and relevance of the units.
- The use of neighbourhoods as spatial units was also influenced by the need for lower spatial accuracy, as smaller units like street segments would have been more problematic (Quote 7). This indicates a practical constraint related to data collection and analysis.
- The study acknowledged issues with spatial accuracy, as some respondents reported locations with lower accuracy (Quote 8). However, the use of multiple spatial lags helped mitigate this issue (Quote 10).
- The study did not mention any specific privacy concerns or confidentiality requirements that influenced the choice of spatial units. However, the use of online surveys and Google Maps suggests a consideration for respondent ease and accuracy in reporting locations.","  - ""The online component enabled us to incorporate Google Maps with a search bar to help respondents find the right locations anywhere on earth with the desired level of geographic detail,""
  - ""Given their size and homogeneous character, Dutch neighbourhoods are expected to be well known to those who regularly visit them.""
  - ""Dutch neighbourhoods are the smallest statistical units for which Statistics Netherlands provides detailed information on structural and socio-economic features.""
  - ""The entire Netherlands were selected as the study area and neighbourhoods as the spatial unit of analysis.""",,"- The paper mentions that the study area was the entire Netherlands, and the spatial unit of analysis was neighborhoods. This choice was likely influenced by the availability of detailed data from Statistics Netherlands, which provides structural and socio-economic information at the neighborhood level.
- The use of neighborhoods as the spatial unit of analysis suggests that this choice was feasible in terms of data availability and computational processing. There is no mention of any computational constraints or limitations that influenced this decision.
- The incorporation of Google Maps with a search bar indicates that the authors had access to robust online tools for geographic data collection, which does not suggest any computational constraints.
- Overall, there is no explicit mention of any computational constraints, memory limitations, or processing challenges that influenced the spatial unit selection in the study.","  - ""The entire Netherlands were selected as the study area and neighbourhoods as the spatial unit of analysis.""
  - ""Dutch neighbourhoods are the smallest statistical units for which Statistics Netherlands provides detailed information on structural and socio-economic features.""
  - ""by using (often homogeneously defined) neighbourhoods as spatial unit of analysis, lower spatial accuracy is less problematic than when smaller units of analyses (e.g., street segments) would have been used.""
  - ""Given their size and homogeneous character, Dutch neighbourhoods are expected to be well known to those who regularly visit them.""",,"- The paper explicitly states that the spatial unit of analysis chosen was ""neighbourhoods,"" which are described as the smallest statistical units for which detailed information is available.
- The authors justify the choice of neighbourhoods by mentioning their homogeneous character and the availability of detailed information from Statistics Netherlands.
- The paper also mentions that using smaller units like ""street segments"" would have been less practical due to potential issues with spatial accuracy, but this is not presented as an alternative unit that was seriously considered.
- There is no mention of any other alternative spatial units or scales being considered or rejected in the paper.","  - ""respondents could indicate the month and year (2013-16) of the reported crime events and the start and end of the period during which the locations were regularly visited.""
  - ""the study area consisted of all Dutch neighbourhoods, reported activity nodes and offences were more concentrated in urban areas in the western part of the country due to the sampling frame.""
  - ""The 78 offenders in our sample reported a total of 140 offences committed in the study area in the three years (mean = 1.8 per offender, range = 1-8; n per type: 52 violent offences, 46 thefts, 19 acts of vandalism, 16 drug trafficking offences, 4 burglaries, 2 robberies and 1 weapons trafficking offence).""
  - ""In order to provide a more comprehensive test, we developed the Online Activity Space Inventory Survey (OASIS). In this internet survey, respondents themselves reported about their activities during the three years prior to the survey, the types of location they frequently visited and where, when and how frequently they visited these.""",,"- The study used an online survey called OASIS, which collected data on activities and crime locations from respondents over a period of three years prior to the survey.
- The survey asked respondents to report on their activities and crime locations from 2013 to 2016, indicating that this was the period during which the data was collected.
- The study focused on offences committed within this three-year period, further confirming that the data collection period spanned from 2013 to 2016.","  - ""A major contribution of this study is the use of an online survey in which 78 offenders reported on their own activity spaces and committed offences (n = 140).""
  - ""Data were collected with the OASIS, developed using LimeSurvey (LimeSurvey 2017).""
  - ""a random sample of people was drawn from the police suspect information system used by the The Hague Police Service.""
  - ""We used geographical data for all 12,821 neighbourhoods in the Netherlands in 2016, with a median size of 0.68 km 2 (mean = 2.63, standard deviation (SD) = 5.39, range = 0.01-128.2) and a median residential population of 675 (mean = 1,323, SD = 1,774, range = 0-28,120) (Statistics Netherlands 2017b).""",,"- The primary data source for this study was an online survey called the Online Activity Space Inventory Survey (OASIS), which was used to collect data from offenders about their activity spaces and committed offenses.
- Geographical data for neighborhoods in the Netherlands were obtained from Statistics Netherlands, which provided information on neighborhood sizes and population densities.
- Employee density data were derived from LISA (Landelijk Informatiesysteem Arbeidsplaatsen), a database containing information on businesses and facilities in the Netherlands.
- The sample of offenders was drawn from the police suspect information system used by the The Hague Police Service, indicating that police records were a source for identifying potential participants."
Location Choice of Snatching Offenders in Chennai City,"K Kuralarasan, Wim Bernasco",-,-,Journal of quantitative criminology,10,2021,"The study used the 201 wards of Chennai City as spatial units due to data availability and administrative boundaries. However, these units are relatively large and heterogeneous, which may not accurately reflect local crime patterns. The data on population is only available at the ward level, limiting finer-scale analysis. A multiple-scale analysis was not feasible due to the study's design and strategy.","No computational constraints mentioned. The choice of spatial units was influenced by the complexity and scope of the study, but no specific computational limitations were detailed.","Alternative units considered but not used: streets, street segments, parcels. Reason for rejection: The study's scope and design did not accommodate a multiple-scale analysis, and using smaller units would require additional research questions and strategies.",August 2010 to July 2017,"State Crime Records Bureau, Tamil Nadu, India; Google location services; Greater Chennai Corporation database","  - ""First, the spatial units of analysis in this study, the 201 wards of Chennai City, have an average surface area of 2.18 km 2 and an average population of 33,195. Contemporary work on crime at places (Lee et al. 2017;Weisburd et al. 2009) emphasizes the heterogeneity of such large units and suggests that crime better be studied at more fine-grained resolutions, such as streets, street segments or parcels, as this could better reflect the very local nature of crime attractors and generators and guardianship.""
  - ""The study area for the present research is the Greater Chennai City Corporation, a metropolitan area with a population of over 6.6 million during the latest census in 2011. It consists of 201 wards with an average surface area of 2.18 km 2 (quartiles 0.97, 1.61 and 2.53) and an average population of 33,195 (quartiles 21,451, 36,560 and 43,622)""
  - ""Although population is only measured at ward level and although the spatial precision of the geocoding of snatching offenses is not perfect, our data actually consists of objects (offender residence, crime locations and facilities) that are geo-coded as coordinates and could thus be aggregated to sizes and shapes other than ward boundaries and potentially be linked to data from the OpenStreetMap project (see www. opens treet map. org).""
  - ""Our study has some limitations that restrict its generality and should be emphasized. Most of these limitations apply to the level of detail and representativeness of the data.""
  - ""a multiple-scale analysis would require additional research questions, a new design and analytical strategy, and would go far beyond the purposes and ambitions of the present study.""",,"- The study uses the 201 wards of Chennai City as its spatial units, which are relatively large with an average surface area of 2.18 km^2 and an average population of 33,195.
- The paper acknowledges that these large units may not be ideal for studying crime patterns, as they are heterogeneous and may not accurately reflect local crime attractors and generators.
- The authors suggest that more fine-grained resolutions such as streets or parcels would be preferable but were not used due to limitations in data availability and precision.
- The data on population is only available at the ward level, which further restricts the ability to analyze crime patterns at smaller spatial scales.
- The study's design and analytical strategy were not suited for a multiple-scale analysis, which would have required additional research questions and a different approach.","  - ""Although population is only measured at ward level and although the spatial precision of the geocoding of snatching offenses is not perfect, our data actually consists of objects (offender residence, crime locations and facilities) that are geo-coded as coordinates and could thus be aggregated to sizes and shapes other than ward boundaries and potentially be linked to data from the OpenStreetMap project (see www. opens treet map. org). However, a multiple-scale analysis would require additional research questions, a new design and analytical strategy, and would go far beyond the purposes and ambitions of the present study.""
  - ""Contemporary work on crime at places (Lee et al. 2017;Weisburd et al. 2009) emphasizes the heterogeneity of such large units and suggests that crime better be studied at more fine-grained resolutions, such as streets, street segments or parcels, as this could better reflect the very local nature of crime attractors and generators and guardianship.""
  - ""the spatial units of analysis in this study, the 201 wards of Chennai City, have an average surface area of 2.18 km 2 and an average population of 33,195.""",,"- The authors mention that the spatial units of analysis are the 201 wards of Chennai City, which are relatively large with an average surface area of 2.18 km^2 and an average population of 33,195. This suggests that the choice of spatial units might be influenced by the need to manage data complexity.
- The paper references contemporary work suggesting that crime should be studied at finer resolutions like streets or parcels, but notes that such an approach would require a different design and strategy, implying that there might be computational or analytical limitations to doing so.
- The authors mention that while their data could be aggregated to different sizes and shapes, a multiple-scale analysis would require additional research questions and strategies, indicating that there are constraints to conducting such analyses within the scope of their study.
- There is no explicit mention of specific computational constraints like memory limitations or processing time, but the discussion implies that the choice of spatial units was influenced by the complexity and scope of the study.","  - ""Our study has some limitations that restrict its generality and should be emphasized. Most of these limitations apply to the level of detail and representativeness of the data. First, the spatial units of analysis in this study, the 201 wards of Chennai City, have an average surface area of 2.18 km 2 and an average population of 33,195. Contemporary work on crime at places (Lee et al. 2017;Weisburd et al. 2009) emphasizes the heterogeneity of such large units and suggests that crime better be studied at more fine-grained resolutions, such as streets, street segments or parcels, as this could better reflect the very local nature of crime attractors and generators and guardianship.""
  - ""Although population is only measured at ward level and although the spatial precision of the geocoding of snatching offenses is not perfect, our data actually consists of objects (offender residence, crime locations and facilities) that are geo-coded as coordinates and could thus be aggregated to sizes and shapes other than ward boundaries and potentially be linked to data from the OpenStreetMap project (see www. opens treet map. org). However, a multiple-scale analysis would require additional research questions, a new design and analytical strategy, and would go far beyond the purposes and ambitions of the present study.""
  - ""The study area for the present research is the Greater Chennai City Corporation, a metropolitan area with a population of over 6.6 million during the latest census in 2011. It consists of 201 wards with an average surface area of 2.18 km 2 (quartiles 0.97, 1.61 and 2.53) and an average population of 33,195 (quartiles 21,451, 36,560 and 43,622)""",,"- The authors mention that the study area is divided into 201 wards, which are the spatial units of analysis. This is the primary unit used in the study.
- The authors discuss the limitations of using wards as spatial units, noting that they are large and may not capture the fine-grained nature of crime attractors and generators. They suggest that smaller units like streets, street segments, or parcels might be more appropriate for detailed analysis.
- The authors also mention that while their data could potentially be aggregated to different sizes and shapes, such as linking with OpenStreetMap data, this would require a different research design and strategy beyond the scope of their current study.
- The discussion implies that smaller spatial units were considered but not used due to the complexity and scope of the study.","  - ""We investigate all detected snatching offenses from August 2010 to July 2017 committed in the study area committed by offenders who lived in the study area.""
  - ""During a period of 7 years, 1573 cleared snatching offenses in a city of 6.6 million is a very low number in comparison to the numbers of similar offenses reported in western countries.""",,"- The first quote explicitly states the time period during which the data was collected: ""from August 2010 to July 2017."" This indicates the specific dates when the crime data was gathered.
- The second quote reinforces the duration of the data collection period, mentioning a ""period of 7 years,"" which aligns with the August 2010 to July 2017 timeframe.","  - ""The offense data were obtained from the State Crime Records Bureau, Tamil Nadu, India.""
  - ""The data comprise 1573 police-recorded snatching offenses committed by 1152 identified offenders across the 201 wards of Chennai City.""
  - ""data on the size of each ward in terms of surface area and in terms of resident populations based on census 2011 counts, were obtained from the Greater Chennai Corporation database""
  - ""Data on the locations retail businesses, religious and transportation facilities were collected using Google location services.""",,"- The study used police-recorded snatching offenses as a primary data source, which were obtained from the State Crime Records Bureau, Tamil Nadu, India. This is a government agency responsible for maintaining crime records.
- The study also used Google location services to collect data on retail businesses, religious facilities, and transportation facilities. This is a commercial database providing location information.
- Additionally, the study used census data from the Greater Chennai Corporation database to obtain information on ward sizes and population counts. This is an administrative record source."
AWARENESS × OPPORTUNITY: TESTING INTERACTIONS BETWEEN ACTIVITY NODES AND CRIMINAL OPPORTUNITY IN PREDICTING CRIME LOCATION CHOICE,Barbara Menting,-,-,,14,2018,"- The study used four-digit postal code areas as the spatial unit of analysis due to their familiarity to residents and visitors.
- The size of these postal codes is inversely related to urbanization, which might affect the analysis in urban versus rural areas.
- The study area was limited to three urban municipalities, which might not be representative of rural areas or other geographical contexts.
- The choice of postal codes was influenced by data availability, as only areas with available community survey data were included.
- The use of larger spatial units like postal codes was a deliberate choice to avoid computational and theoretical challenges associated with smaller units.","The authors mention that using smaller spatial units of analysis would yield ""computational and theoretical challenges,"" specifically mentioning ""very large datasets and spatial spillover."" This suggests that they were aware of potential computational constraints related to data size and processing complexity, but they do not provide detailed descriptions of specific computational limitations or software constraints.","Smaller spatial units of analysis were considered but not used due to computational and theoretical challenges such as large datasets and spatial spillover. Previous studies using similar or larger areas were referenced, indicating that smaller units were considered but not selected due to practical and theoretical limitations.",2006-2009,"- Police information system of The Hague Police Service;
- Population registration data from BRP (nationwide information system);
- Community survey from the Study of Peers, Activities and Neighborhoods (SPAN) project;
- LISA data (Landelijk Informatiesysteem Arbeidsplaatsen);
- Census-like statistics from Statistics Netherlands","  - ""The study area consisted of three municipalities in the greater The Hague area in the Netherlands: The Hague, Rijswijk, and Leidschendam-Voorburg. Four-digit postal code areas were used as spatial unit of analysis.""
  - ""Dutch four-digit postal code areas are designed to have minimal travel restrictions for postal delivery services that usually travel by foot or bicycle, and their size is inversely related to the level of urbanization""
  - ""These postal codes are therefore well suited for a crime location choice study, because most people will be familiar with these areas when living there or (frequently) visiting the area.""
  - ""The three municipalities in this study contained 82 postal code areas in 2006-2009. Postal code areas were includable when community survey data were available, which applied to 76 (92.7%) of the postal codes in the area""
  - ""This study also has limitations. First, the study area consisted of three urban municipalities. The role of awareness, opportunity and their interaction may not be the same for offenders in rural areas.""
  - ""Second, although it is reasonable to assume that people are relatively familiar with four-digit postal codes when living there or (frequently) visiting them, this spatial unit of analysis could be considered as being rather large, whereas smaller areas may better fit theoretical models of crime location choice.""
  - ""However, smaller spatial units of analysis also yield several computational and theoretical challenges (e.g. very large datasets and spatial spillover; Ruiter 2017).""
  - ""Multiple previous crime location choice studies used areas similar to or larger than this study's postal codes, and their findings were not contradictory to findings from those that used smaller areas (Ruiter 2017).""",,"- The study used four-digit postal code areas as the spatial unit of analysis, which was chosen due to their suitability for crime location choice studies, as they are familiar to residents and visitors.
- The size of these postal codes is inversely related to urbanization, which might affect the analysis in urban versus rural areas.
- The study area was limited to three urban municipalities, which might not be representative of rural areas or other geographical contexts.
- The choice of postal codes was influenced by data availability, as only areas with available community survey data were included.
- The use of larger spatial units like postal codes was a deliberate choice to avoid computational and theoretical challenges associated with smaller units.
- The study acknowledges that smaller spatial units might better fit theoretical models but notes that previous studies using similar or larger units did not contradict findings from smaller units.","  - ""Second, although it is reasonable to assume that people are relatively familiar with four-digit postal codes when living there or (frequently) visiting them, this spatial unit of analysis could be considered as being rather large, whereas smaller areas may better fit theoretical models of crime location choice. However, smaller spatial units of analysis also yield several computational and theoretical challenges (e.g. very large datasets and spatial spillover; Ruiter 2017).""
  - ""The study area consisted of three municipalities in the greater The Hague area in the Netherlands: The Hague, Rijswijk, and Leidschendam-Voorburg. Four-digit postal code areas were used as spatial unit of analysis.""
  - ""Multiple previous crime location choice studies used areas similar to or larger than this study's postal codes, and their findings were not contradictory to findings from those that used smaller areas (Ruiter 2017).""
  - ""The three municipalities in this study contained 82 postal code areas in 2006-2009. Postal code areas were includable when community survey data were available, which applied to 76 (92.7%) of the postal codes in the area""",,"- The authors mention that they used four-digit postal code areas as their spatial unit of analysis, which they acknowledge could be considered large compared to smaller areas that might better fit theoretical models.
- They explicitly state that using smaller spatial units of analysis would yield ""computational and theoretical challenges,"" specifically mentioning ""very large datasets and spatial spillover.""
- This indicates that the authors were aware of potential computational constraints related to data size and processing complexity if they had chosen smaller spatial units.
- The mention of ""computational and theoretical challenges"" suggests that these were considerations in their decision-making process, although they do not provide detailed descriptions of specific computational limitations or software constraints.","  - ""Second, although it is reasonable to assume that people are relatively familiar with four-digit postal codes when living there or (frequently) visiting them, this spatial unit of analysis could be considered as being rather large, whereas smaller areas may better fit theoretical models of crime location choice. However, smaller spatial units of analysis also yield several computational and theoretical challenges (e.g. very large datasets and spatial spillover; Ruiter 2017). Multiple previous crime location choice studies used areas similar to or larger than this study's postal codes, and their findings were not contradictory to findings from those that used smaller areas (Ruiter 2017).""
  - ""The study area consisted of three municipalities in the greater The Hague area in the Netherlands: The Hague, Rijswijk, and Leidschendam-Voorburg. Four-digit postal code areas were used as spatial unit of analysis. Dutch four-digit postal code areas are designed to have minimal travel restrictions for postal delivery services that usually travel by foot or bicycle, and their size is inversely related to the level of urbanization (Bernasco 2010: 398) . These postal codes are therefore well suited for a crime location choice study, because most people will be familiar with these areas when living there or (frequently) visiting the area.""
  - ""The three municipalities in this study contained 82 postal code areas in 2006-2009. Postal code areas were includable when community survey data were available, which applied to 76 (92.7%) of the postal codes in the area 1 . These 76 postal code areas had an average population size of around 7700 and an average area size of 1.68 km 2 (SD = 2.61, range = 0.12-22.26, median = 1.15) 2""",,"- The paper discusses the use of four-digit postal code areas as the spatial unit of analysis, which was chosen due to their suitability for crime location choice studies and the familiarity of residents with these areas.
- The authors mention that while four-digit postal code areas are used, they could be considered large compared to smaller areas that might better fit theoretical models.
- The paper notes that smaller spatial units of analysis were not used due to computational and theoretical challenges such as large datasets and spatial spillover.
- The authors reference previous studies that used similar or larger areas, indicating that smaller units were considered but not used due to practical and theoretical limitations.","  - ""Data on offenders and their offences were acquired from the police information system used by the The Hague Police Service. Records with information on offenders and offences they had been charged with were used to establish the location and date of the offences committed.""
  - ""All registered offences of the 5377 offenders committed in the study area in 2006-2009 were used to construct the dependent variable.""
  - ""The study area consisted of three municipalities in the greater The Hague area in the Netherlands: The Hague, Rijswijk, and Leidschendam-Voorburg.""
  - ""The community survey was sent to residents of areas in which SPAN study participants (selected via their schools in The Hague, see Hoeben and Weerman 2014) lived/spent time.""
  - ""11,505 questionnaires were sent to residents in three batches in March, May, and November 2009; 3696 were returned.""
  - ""The three municipalities in this study contained 82 postal code areas in 2006-2009.""",,"- The data collection period for the crime data is explicitly mentioned as ""2006-2009,"" which is when the offences were committed and recorded by the police.
- The community survey, which is part of the data collection, was conducted in 2009, with questionnaires sent out in March, May, and November of that year.
- The study area and the number of postal code areas are also referenced in relation to the years 2006-2009, indicating that this was the period during which the study data was collected.","  - ""Data on offenders and their offences were acquired from the police information system used by the The Hague Police Service.""
  - ""To construct the two activity nodes-residential area of the offender, and residential area(s) of the offender's family (parents, siblings, and/or children)-population registration data were used from a nationwide information system (Dutch acronym BRP) that records information on all Dutch citizens.""
  - ""Collective efficacy was measured with a community survey, which was part of the Study of Peers, Activities and Neighborhoods (SPAN) project""
  - ""crime year specific numbers of retail facilities, schools, cultural, health care, and sports/leisure facilities in each postal code were determined with LISA data.""
  - ""The number of bars/restaurants/hotels was assessed using LISA (Dutch: 'Landelijk Informatiesysteem Arbeidsplaatsen') data on the locations and other characteristics of all businesses and facilities in the study area in 2006-2009""
  - ""To control for residential population characteristics, three crime year specific variables were constructed for each postal code using census-like statistics from Statistics Netherlands:""",,"- The study used data from the police information system of The Hague Police Service to obtain information on offenders and their offenses.
- Population registration data from the BRP (a nationwide information system) were used to identify residential areas of offenders and their family members.
- A community survey from the SPAN project was used to measure collective efficacy.
- LISA data were used to assess the number of bars, restaurants, and hotels, as well as other facilities like retail, schools, and healthcare facilities.
- Census-like statistics from Statistics Netherlands were used to control for residential population characteristics."
"Assessing the Influence of Prior on Subsequent Street Robbery Location Choices: A Case Study in ZG City, China","Dongping Long, Lin Liu, Jiaxin Feng, Suhong Zhou, Fengrui Jing",-,-,Sustainability,21,2018,"- Difficulty in accessing official police data in China.
- Exclusion of robberies due to robbers living outside the study area or having unknown residences.
- Study only includes data from arrested robbers, potentially introducing bias by omitting un-arrested robbers.
- Potential problem of offenses being nested within offenders not explicitly addressed.",No computational constraints mentioned.,No alternative units discussed.,Not mentioned (the paper does not specify the exact time period when the data was collected),ZG City Public Security Bureau in China; Point of Interest (POI) data from a navigation data company in China,"  - ""It is worth pointing out that empirical crime research based on official police data is rare in China, perhaps because the crime data is very difficult or almost impossible to access.""
  - ""The data includes 11,455 cleared robberies, among which 67 percent were committed by a single robber without accomplices, 17 percent were committed by two robbers, and 16 percent were committed by three or more robbers.""
  - ""After excluding 2285 robberies of the street robbers who live outside the study area and 1338 robberies of the street robbers of unknown residence, 7882 robberies involving 7087 street robbers remained in this study.""
  - ""Finally, a total of 527 street robbers involving 1262 street robberies are screened out for further analysis.""
  - ""It is important to discuss some of the limitations of current research. First, the potential problem of offenses being nested within offenders is not explicitly addressed in this paper.""
  - ""Second, the study relies solely on robbery data of the arrested robbers, the omission of un-arrested robbers may bring bias to the model.""",,"- The paper mentions that access to official police data in China is difficult, which could limit the availability of data for the study.
- The study had to exclude a significant number of robberies due to the robbers living outside the study area or having unknown residences, which could affect the representativeness of the data.
- The study only includes data from arrested robbers, which might introduce bias since it does not account for un-arrested robbers.
- The paper notes that the potential problem of offenses being nested within offenders is not addressed, which could be a limitation in terms of data analysis and interpretation.","  - ""The data set used in this study includes 1262 detected robberies committed by 527 street robbers from the ZG City Public Security Bureau in China.""
  - ""The data includes 11,455 cleared robberies, among which 67 percent were committed by a single robber without accomplices, 17 percent were committed by two robbers, and 16 percent were committed by three or more robbers.""
  - ""After excluding 2285 robberies of the street robbers who live outside the study area and 1338 robberies of the street robbers of unknown residence, 7882 robberies involving 7087 street robbers remained in this study.""
  - ""Finally, a total of 527 street robbers involving 1262 street robberies are screened out for further analysis.""
  - ""The mixed logit model is a family of discrete choice models that estimate the probability of individuals selecting one outcome from exhaustive, mutually exclusive, and limited set of options""
  - ""The mixed logit model is widely used in microeconomics to analyze discrete choice behavior.""
  - ""In view of the fact that an offenders' crime location choice is similar to the above choice, thus, Townsley et al. point that this statistical model is especially suitable for panel data because the estimation takes account of the observations nested within decision makers""
  - ""First, the potential problem of offenses being nested within offenders is not explicitly addressed in this paper. Whether the use of a mixed logit model helps to alleviate this problem needs further examination.""
  - ""Second, the study relies solely on robbery data of the arrested robbers, the omission of un-arrested robbers may bring bias to the model.""",,"- The paper discusses the use of a mixed logit model for analyzing crime location choices, which is a computational approach but does not mention any specific computational constraints such as memory limitations or processing time challenges.
- The data processing and filtering process is described, but there is no mention of any computational limitations that influenced the spatial unit selection.
- The paper does not mention any software limitations or computational feasibility concerns related to the analysis.
- The potential issues mentioned are related to data bias and nesting of offenses within offenders, but these are not computational constraints.","  - ""The study area covers 1973 communities (Figure 2 ), with an average size of 1.62 km 2 . The standard deviation of the size of the communities is 2.85, the minimum size of 0.001 km 2 and the maximum size of 43 km 2""
  - ""The data includes 11,455 cleared robberies, among which 67 percent were committed by a single robber without accomplices, 17 percent were committed by two robbers, and 16 percent were committed by three or more robbers.""
  - ""The dataset contains information on offenders of cleared robberies. It includes the time and date of street robberies; the address and spatial coordinates of street robberies (with 1 m resolution); the residence of street robbers (address and geographic coordinates with 1 m resolution); and their identity information such as gender, nationality, hukou status (locals vs. immigrants), name, date of birth, and so on; as well as the object, the tool, the place, and the way of committing crime; and the amount of lost property or money.""
  - ""The characteristics (sex and age) about the sample of street robbers are reported in Table 1 . For example, street robbers are almost exclusively men (98.67%), and there are only 7 females (1.33%). At the same time, teenagers and adult robber are the overwhelming majority (96.77%), and 51 and older robbers are the minority (3.23%).""
  - ""the number of pairs of prior and subsequent street robberies as follow: one pair (36.85%), two pairs (18.52%), three pairs (11.27%), four pairs (11.63%), and more than five pairs (21.74%). Thus, the total number of pairs of prior-subsequent street robberies is 1118 (see Table 2""
  - ""The mixed logit model is a family of discrete choice models that estimate the probability of individuals selecting one outcome from exhaustive, mutually exclusive, and limited set of options""",,"- The paper primarily focuses on the analysis of street robbery location choices at the community level, as indicated by the mention of ""1973 communities"" and the use of community-level data.
- The data collection and analysis are centered around these community units, with detailed information on robberies, offenders, and spatial coordinates.
- There is no mention of alternative spatial units or scales being considered or rejected in the paper. The focus is consistently on the community level.
- The use of a mixed logit model further supports the focus on community-level analysis, as it is used to estimate probabilities of selecting one community over others.","  - ""The dataset contains information on offenders of cleared robberies. It includes the time and date of street robberies; the address and spatial coordinates of street robberies (with 1 m resolution); the residence of street robbers (address and geographic coordinates with 1 m resolution); and their identity information such as gender, nationality, hukou status (locals vs. immigrants), name, date of birth, and so on; as well as the object, the tool, the place, and the way of committing crime; and the amount of lost property or money.""
  - ""The study area covers 1973 communities (Figure 2 ), with an average size of 1.62 km 2 . The standard deviation of the size of the communities is 2.85, the minimum size of 0.001 km 2 and the maximum size of 43 km 2""
  - ""The data set used in this study includes 1262 detected robberies committed by 527 street robbers from the ZG City Public Security Bureau in China.""
  - ""The data includes 11,455 cleared robberies, among which 67 percent were committed by a single robber without accomplices, 17 percent were committed by two robbers, and 16 percent were committed by three or more robbers.""
  - ""POI data include transportation hubs, subway stations, bus stops, Bars and clubs, cybercafés, malls and supermarkets, high schools, restaurants and surveillance cameras, and so on. All points of data are aggregated to the community level.""",,"- The paper mentions that the data set includes 1262 detected robberies and 11,455 cleared robberies, but it does not specify the exact time period when these data were collected.
- The paper provides detailed information about the data, such as the types of data collected and the study area, but lacks specific dates or years for when the data collection occurred.
- The mention of ""POI data include transportation hubs, subway stations, bus stops, Bars and clubs, cybercafés, malls and supermarkets, high schools, restaurants and surveillance cameras, and so on"" suggests that the data might have been collected over a period when such points of interest were relevant, but again, no specific time frame is provided.
- The paper does not mention any specific dates, months, or years when the data was collected, nor does it provide any information about when the study period occurred.","  - ""The data set used in this study includes 1262 detected robberies committed by 527 street robbers from the ZG City Public Security Bureau in China.""
  - ""POI data include transportation hubs, subway stations, bus stops, Bars and clubs, cybercafés, malls and supermarkets, high schools, restaurants and surveillance cameras, and so on. All points of data are aggregated to the community level.""
  - ""The dataset contains information on offenders of cleared robberies. It includes the time and date of street robberies; the address and spatial coordinates of street robberies (with 1 m resolution); the residence of street robbers (address and geographic coordinates with 1 m resolution); and their identity information such as gender, nationality, hukou status (locals vs. immigrants), name, date of birth, and so on; as well as the object, the tool, the place, and the way of committing crime; and the amount of lost property or money.""",,"- The primary data source for this study is the ZG City Public Security Bureau in China, which provided a dataset of 1262 detected robberies committed by 527 street robbers.
- The dataset includes detailed information about the robberies, such as time, date, location, and offender details, which are typically found in police records or crime databases.
- Additionally, the study uses Point of Interest (POI) data, which includes information about various community features like transportation hubs, schools, and surveillance cameras. This data is likely obtained from a navigation data company in China.
- The study does not mention any other data sources such as census data, administrative records, surveys, or commercial databases beyond the police records and POI data."
Familiar Locations and Similar Activities: Examining the Contributions of Reliable and Relevant Knowledge in Offenders' Crime Location Choices,"Sophie Curtis-Ham, Wim Bernasco, Oleg N Medvedev, Devon L L Polaschek",-,-,-,-,-,"- Computational limitations due to large dataset size required sampling.
- Data did not capture all pre-offense activity locations.
- Proxies were used for offenders' knowledge, which may not be direct measures.
- Method for filling in missing data introduced imprecision.
- Overestimation of frequency for certain activity locations.
- Emphasis on general patterns over specific effect sizes due to these limitations.","The authors faced a computational barrier due to the large number of rows (almost 37 million) that would be generated if all SA2s were included for each offender. This led to the use of stratified importance sampling to reduce the number of alternatives, indicating concerns about computational feasibility and processing power or memory limitations.","Alternative units considered but not used include 200 m×200 m grid cells, census blocks, and neighborhoods identified by postcodes. These were not selected because the authors chose SA2s for their balance between spatial spill-over and heterogeneity, and for consistency with previous studies.",2009-2018,New Zealand Police National Intelligence Application (NIA); NZ Statistics Census and Business Demography data,"  - ""Estimating DSCMs requires a dataset that includes one row for each potentially chosen alternative for each decision-maker. However, including all 2,153 SA2s for each offender, would, for example, yield almost 37 million rows for the 17,054 residential burglaries, presenting a computational barrier given the computing equipment available for this project.""
  - ""We therefore sampled from alternatives to create a smaller set of alternatives for each offender using stratified importance sampling (Ben-Akiva & Lerman, 1985;McFadden, 1977).""
  - ""The activity location data included attributes that were used to code the reliability and relevance variables as described below.""
  - ""Our data thus do not capture all preoffense activity locations for all offenders, but most offenders had at least 10 pre-offense activity locations, following data cleaning and the removal of locations that did not pre-date the offenders' most recent offense.""
  - ""our measures of reliability and relevance-constructed by combining attributes of offenders' activity locations-were proxies for offenders' knowledge; we did not assess their knowledge directly.""
  - ""our method for filling in missing data in the reliability and relevance variables necessarily introduced some imprecision.""
  - ""Frequency was likely overestimated for activity locations such as prior offenses and other event-based nodes where police records only capture a single visit to a location (see Supplemental Material S1).""
  - ""Considering these sources of error, in drawing conclusions we put more emphasis on the general pattern, seen consistently across the crime types, than the specific effect sizes observed.""",,"- The study faced computational limitations due to the large number of potential spatial units (SA2s) and offenders, necessitating sampling to reduce the dataset size (Quote 1).
- The use of stratified importance sampling was a methodological choice to manage this computational barrier (Quote 2).
- The data did not capture all pre-offense activity locations, which could limit the accuracy of reliability and relevance measures (Quote 4).
- The study used proxies for offenders' knowledge, which might not directly reflect their actual familiarity or similarity with locations (Quote 5).
- The method for filling in missing data introduced imprecision, affecting the reliability of some variables (Quote 6).
- Overestimation of frequency for certain activity locations could skew the results (Quote 7).
- The study emphasized general patterns over specific effect sizes due to these limitations (Quote 8).","  - ""Estimating DSCMs requires a dataset that includes one row for each potentially chosen alternative for each decision-maker. However, including all 2,153 SA2s for each offender, would, for example, yield almost 37 million rows for the 17,054 residential burglaries, presenting a computational barrier given the computing equipment available for this project.""
  - ""We therefore sampled from alternatives to create a smaller set of alternatives for each offender using stratified importance sampling (Ben-Akiva & Lerman, 1985;McFadden, 1977).""
  - ""Curtis-Ham et al. (2021b) demonstrated that this strategy is optimal when compared with simple random sampling, yielding estimates close to those produced without sampling while reducing computational burden.""",,"- The authors mention a computational barrier due to the large number of rows that would be generated if all SA2s were included for each offender. This indicates a concern about computational feasibility.
- The solution to this barrier was to use stratified importance sampling to reduce the number of alternatives, which suggests that the computational constraint was related to processing power or memory limitations.
- The mention of ""computing equipment available for this project"" implies that there were hardware limitations that influenced their decision to sample alternatives.
- The use of sampling as a strategy to reduce computational burden further supports the idea that there were processing challenges that needed to be addressed.","  - ""The hypothesis (H1) predicts that crime is more likely""
  - ""to activity nodes with certain attributes and in crime location choice research, near is often operationalized as meaning""
  - ""This could mean in the same 200 m×200 m grid cell (Bernasco, 2019), the same census block (e.g., Bernasco et al., 2017), or the same neighborhood as identified by postcodes (e.g., Lammers, 2018).""
  - ""In the present study the alternatives are the neighborhoods""
  - ""Census Units, or""
  - ""from which offenders are selecting when deciding where to commit crime.""
  - ""Consistent with previous studies (e.g., Clare et al., 2009;Townsley et al., 2015), we use SA2s as the spatial unit to examine meso-level spatial choices.""
  - ""SA2s usually contain 2,000-4,000 residents (1,000-3,000 in rural areas), and after sampling from alternatives as described below, the analyzed SA2s had a median of 1.2 km 2 land area, with 50% sized between 0.84 and 2.2 km 2""
  - ""In addition to the theoretical suitability of neighborhoods as our chosen level of spatial aggregation, using SA2s balances the risk of ignoring spatial spill-over mechanisms-where choices between small units are affected by nearby units-and the risk of ignoring spatial heterogeneity-where the use of large units may fail to capture important variation within those units.""",,"- The paper discusses various spatial units that could be used for analysis, such as 200 m×200 m grid cells, census blocks, and neighborhoods identified by postcodes.
- These alternative units are mentioned as common operationalizations of ""near"" in crime location choice research.
- The authors chose to use ""Statistical Area 2"" (SA2) census units as their spatial unit of analysis, which they justify as balancing the risks of ignoring spatial spill-over and heterogeneity.
- The use of SA2s is consistent with previous studies, indicating a deliberate choice based on theoretical suitability and methodological considerations.","  - ""Initially, we collected all burglary, robbery, and extrafamilial sex offenses committed between 2009 and 2018 where an offender had been identified with sufficient evidence to prosecute.""
  - ""The 2018 SA2 shapefile and metadata were downloaded from https://datafinder.stats.govt.nz/layer/92212statistical-area-2-2018-generalised/.""
  - ""Activity locations could date back to the offender's date of birth, except for prior offenses/ incidents which dated from 2004 (due to limited transfer of these records when NIA was created).""
  - ""The dataset and data cleaning steps have been described extensively in other studies (Curtis-Ham et al., 2021a , 2022b).""
  - ""Offense and activity node data were sourced from the New Zealand Police National Intelligence Application (NIA).""",,"- The paper explicitly states that the offense data was collected for crimes committed between 2009 and 2018. This is the primary data collection period for the study.
- The activity location data could date back to the offender's birth, but prior offenses/incidents were limited to those from 2004 onwards due to data availability issues.
- The SA2 shapefile and metadata were downloaded in 2018, which is relevant for spatial analysis but not directly related to the crime data collection period.
- The data collection period is clearly defined by the range of years during which the crimes were committed, which is from 2009 to 2018.","  - ""Offense and activity node data were sourced from the New Zealand Police National Intelligence Application (NIA).""
  - ""The legal definitions and operational classifications of these crimes, and their rates per population, are comparable with other Western democracies (https:// dataunodc.un.org/).""
  - ""The dataset and data cleaning steps have been described extensively in other studies (Curtis-Ham et al., 2021a , 2022b).""
  - ""Opportunity variables were derived from NZ Statistics Census and Business Demography data (http://nzdotstat.stats.govt.nz/).""",,"- The primary source of data for offense and activity node information was the New Zealand Police National Intelligence Application (NIA), as indicated in the first quote.
- Opportunity variables were derived from NZ Statistics Census and Business Demography data, as mentioned in the second quote. This suggests that census data was used to understand the distribution of potential crime targets.
- The third quote refers to other studies that have described the dataset and data cleaning steps, but it does not specify additional data sources beyond what is mentioned in the paper.
- The fourth quote provides a comparison with international data but does not indicate that it was a source of data for this study."
Traveling Alone or Together? Neighborhood Context on Individual and Group Juvenile and Adult Burglary Decisions,"Alyssa W Chamberlain, Lyndsay N Boggess, Taylor Fisher",-,-,Crime and delinquency,3,2022,"- Data is limited to a specific time period (2000-2012) and location (Tampa, Florida).
- Relies on arrest data, which may not reflect all burglaries due to low clearance rates.
- Excludes incidents with unknown or incorrect addresses and those outside city boundaries.
- Removes incidents with mixed adult and juvenile co-offenders.
- Uses block groups due to data availability, which may not perfectly capture neighborhood dynamics.
- Excludes block groups with missing Census data.",No computational constraints mentioned.,No alternative units discussed.,January 2000 to September 2012,Police department records; US Census data,"  - ""We use data from the Tampa, Florida between January 2000 and September 2012.""
  - ""The city police department provided data for all arrests for burglaries over a 13-year period of time, totaling 7,124 burglary incidents corresponding to 9,288 unique suspects.""
  - ""We geocoded the incident and home addresses using ArcGIS 10.6.""
  - ""We exclude incidents with an unknown or incorrect address, addresses listing a P.O. box or correctional facility, as well as incidents where the suspect lives outside of the city boundaries.""
  - ""we removed two incidents that occurred more than 20 miles from a suspect's home and 262 incidents in which co-offenders were a mixed group of adults and juveniles.""
  - ""The final sample includes 4,920 burglary arrests nested in 6,165 suspects.""
  - ""To assess the potential influence of neighborhood characteristics on burglary decision making, we include demographic and economic data from the US Census for all 334 block groups in the city.""
  - ""However, a handful of block groups were removed due to missing data on some Census variables, leaving the total number of neighborhoods analyzed at 304.""
  - ""We use block groups to define a neighborhood because these are the smallest unit available where meaningful sociodemographic data are available.""
  - ""we rely on arrest data for burglaries, which on average have a clearance rate of about 14% in the US""
  - ""In Tampa, however, the clearance rate is much higher, around 20%""
  - ""As a result, we have no information on the majority of burglaries that transpire but were not cleared by arrest; a limitation also suffered by the majority of prior residenceto-distance studies.""",,"- The study uses data from a specific time period (2000-2012) and location (Tampa, Florida), which may limit its generalizability to other times and places.
- The data is based on arrests, which may not reflect all burglaries due to low clearance rates, potentially skewing the sample towards more easily solved cases.
- The exclusion of incidents with unknown or incorrect addresses and those outside city boundaries may introduce bias by excluding certain types of crimes or offenders.
- The removal of incidents with mixed adult and juvenile co-offenders limits the analysis of group dynamics.
- The use of block groups as the smallest unit for analysis is due to data availability, which might not perfectly capture neighborhood dynamics.
- Missing data in some Census variables led to the exclusion of some block groups, further limiting the sample.","  - ""We use block groups to define a neighborhood because these are the smallest unit available where meaningful sociodemographic data are available.""
  - ""We include a measure of concentrated disadvantage, which is a factor score comprised of (1) the percentage of residents below poverty, (2) the percentage of residents unemployed, (3) the percentage of single-parent households, and (4) median income.""
  - ""We capture residential stability with a factor including (1) average length of residence, (2) the percentage of households that moved into their residence within the last 5 years, and (3) the percentage of homeowners.""
  - ""We include a measure of racial/ethnic heterogeneity that was calculated using the Herfindahl Index""
  - ""We employ a discrete choice modeling framework (see Bernasco & Nieuwbeerta, 2005) to determine the likelihood that a suspect will target a specific neighborhood.""
  - ""Excluding the distance measures, all variance inflation factors (VIFs) are below 4, indicating that multicollinearity is not problematic.""",,"- The authors mention that they use block groups as the smallest unit for defining neighborhoods because these are the smallest units where meaningful sociodemographic data are available. This suggests a data availability constraint rather than a computational constraint.
- The paper discusses various measures and models used in the analysis, such as concentrated disadvantage, residential stability, and racial/ethnic heterogeneity, but does not mention any computational limitations or constraints related to these measures.
- The use of discrete choice modeling and the mention of variance inflation factors (VIFs) indicate careful consideration of statistical issues, but again, no computational constraints are explicitly mentioned.
- The paper does not mention any specific computational limitations, memory constraints, or processing challenges that influenced their spatial unit selection or analysis.","  - ""We use block groups to define a neighborhood because these are the smallest unit available where meaningful sociodemographic data are available.""
  - ""However, a handful of block groups were removed due to missing data on some Census variables, leaving the total number of neighborhoods analyzed at 304.""
  - ""To assess the potential influence of neighborhood characteristics on burglary decision making, we include demographic and economic data from the US Census for all 334 block groups in the city.""
  - ""We use data from the Tampa, Florida between January 2000 and September 2012. The city police department provided data for all arrests for burglaries over a 13-year period of time, totaling 7,124 burglary incidents corresponding to 9,288 unique suspects.""",,"- The authors explicitly state that they used block groups as their unit of analysis because they are the smallest unit for which meaningful sociodemographic data are available. This suggests that block groups were chosen for their data availability and relevance to the study's focus on neighborhood characteristics.
- There is no mention of alternative spatial units or scales being considered or rejected. The focus is on the use of block groups as the primary unit of analysis.
- The paper does not discuss any other spatial units or scales that were considered but not used, indicating that block groups were the primary choice from the outset.","  - ""We use data from the Tampa, Florida between January 2000 and September 2012.""
  - ""The city police department provided data for all arrests for burglaries over a 13-year period of time, totaling 7,124 burglary incidents corresponding to 9,288 unique suspects.""",,"- The paper explicitly states that the data collection period for the study was from ""January 2000 and September 2012."" This is a clear indication of when the data was collected.
- The mention of a ""13-year period"" further supports this time frame, as it aligns with the duration from January 2000 to September 2012.
- The data was obtained from the Tampa, Florida police department, which provided arrest data for burglaries during this specified period.","  - ""Using discrete choice modeling, we draw upon a unique sample of cleared burglaries in a representative city in the south over a 13-year period.""
  - ""The city police department provided data for all arrests for burglaries over a 13-year period of time, totaling 7,124 burglary incidents corresponding to 9,288 unique suspects.""
  - ""we include demographic and economic data from the US Census for all 334 block groups in the city.""
  - ""We use data from the Tampa, Florida between January 2000 and September 2012.""
  - ""We geocoded the incident and home addresses using ArcGIS 10.6.""
  - ""We include a measure of concentrated disadvantage, which is a factor score comprised of (1) the percentage of residents below poverty, (2) the percentage of residents unemployed, (3) the percentage of single-parent households, and (4) median income.""
  - ""We include a measure of racial/ethnic heterogeneity that was calculated using the Herfindahl Index""
  - ""We include a measure of the percent occupied housing units, as occupied units may be less likely to be targeted for residential burglary.""
  - ""To account for relative economic inequality, we employ the Gini coefficient.""",,"- The study uses data from the city police department for burglary incidents and arrests, which is a primary source of crime data.
- The US Census data is used for demographic and economic information about neighborhoods, which is a secondary source of data.
- ArcGIS 10.6 is used for geocoding addresses, which is a tool rather than a data source.
- The study mentions specific measures like concentrated disadvantage, racial/ethnic heterogeneity, and the Gini coefficient, which are derived from the census data.
- The data sources are primarily the police department records and US Census data."
Divergent Decision-Making in Context: Neighborhood Context Shapes Effects of Physical Disorder and Spatial Knowledge on Burglars' Location Choice,"Liang Cai, Guangwen Song, Yanji Zhang",-,-,-,-,-,"- Geographical scope limited to the central urban area due to availability of street view images.
- Administrative boundary constraints: use of communities as the smallest administrative unit for census and survey data.
- Data availability issue: exclusion of communities without street view images.
- Potential limitations in considering other neighborhood structural conditions like social cohesion and ecological networks.",No computational constraints mentioned.,No alternative units discussed.,"- Crime data: 2017-2018
- Mobility flow data: October 2019
- Point of interest data: 2016
- Socio-demographic data: 2010",Police arrest records; Mobile phone mobility big data from China Unicom Inc; Point of interest data; Community-level socio-demographic characteristics from the 2010 sixth national census of China; Street view images from Baidu Map,"  - ""We focus on the central urban area of the city where the majority of population reside and commute and where street view images are available.""
  - ""After excluding communities without street view images, we have 1,652 spatially contiguous communities in the analytical sample, with an average size of 0.958km 2 and an average population of 5,957.""
  - ""We use communities (juweihui or cunweihui) as the unit of analysis. Communities are the smallest administrative unit where population census and major survey data are collected.""
  - ""Our study has several limitations that deserve future inquiries. First, although this study illustrates neighborhood concentrated disadvantage as an encompassing social context, there are other key neighborhood structural conditions that shape offenders' decision-making process.""",,"- The study focuses on the central urban area of the city, which suggests a limitation in terms of geographical scope. The availability of street view images was a factor in selecting this area.
- The use of communities as the unit of analysis was determined by their role as the smallest administrative unit for census and survey data collection. This indicates a constraint related to administrative boundaries and data availability.
- The exclusion of communities without street view images further highlights a data availability issue, as it limited the number of communities included in the study.
- The mention of limitations in the study suggests that there are other factors not considered, such as social cohesion and ecological networks, which could influence the choice of spatial units.","  - ""We use communities (juweihui or cunweihui) as the unit of analysis. Communities are the smallest administrative unit where population census and major survey data are collected.""
  - ""There are a total of 2,643 communities in the ZG region, with an average geographic area of 2.813km 2""
  - ""After excluding communities without street view images, we have 1,652 spatially contiguous communities in the analytical sample, with an average size of 0.958km 2 and an average population of 5,957.""
  - ""We obtain point of interest data of 2016 in the city of ZG to account for common crime generators and attractors noted in the literature for burglary""
  - ""To measure physical disorder on the street, we use street view images from Baidu Map (https://map.baidu.com), a major map service provider in mainland China.""
  - ""We set sampling points with 100-meter intervals on the OpenStreetMap road network of ZG City.""
  - ""For the street view images collected, we apply object detection methods (YOLOv7) to extract three most common types of physical disorder: litter, graffiti, and street encroachment""",,"- The authors mention using communities as the unit of analysis, which is the smallest administrative unit for census data collection. This choice might be influenced by data availability and administrative boundaries rather than computational constraints.
- The exclusion of communities without street view images suggests a data availability constraint rather than a computational one.
- The use of street view images and object detection methods like YOLOv7 implies computational processing, but there is no mention of specific computational limitations or constraints.
- The paper does not mention any specific computational constraints, memory limitations, or processing challenges that influenced their spatial unit selection or data processing.","  - ""We use communities (juweihui or cunweihui) as the unit of analysis. Communities are the smallest administrative unit where population census and major survey data are collected.""
  - ""After excluding communities without street view images, we have 1,652 spatially contiguous communities in the analytical sample, with an average size of 0.958km 2 and an average population of 5,957.""
  - ""There are a total of 2,643 communities in the ZG region, with an average geographic area of 2.813km 2""
  - ""These communities with relatively high resident homogeneity are comparable to prior studies in terms of geographic and population sizes (Bernasco and Block 2009;Song et al. 2019).""",,"- The paper explicitly states that the authors used ""communities (juweihui or cunweihui)"" as their unit of analysis. These are described as the smallest administrative units where census and survey data are collected.
- The authors mention that these communities are comparable to prior studies in terms of geographic and population sizes, indicating that this choice was informed by existing research.
- There is no mention of alternative spatial units or scales being considered or rejected. The focus is on the use of communities as the primary unit of analysis.
- The paper provides detailed information about the number and characteristics of these communities, but does not discuss any alternative units that were considered.","  - ""The police arrest data record the actual burglary cases between 2017 and 2018 in the city of ZG.""
  - ""We obtain point of interest data of 2016 in the city of ZG to account for common crime generators and attractors noted in the literature for burglary""
  - ""We use communities (juweihui or cunweihui) as the unit of analysis. Communities are the smallest administrative unit where population census and major survey data are collected.""
  - ""Community-level socio-demographic characteristics come from the 2010 sixth national census of China.""
  - ""To measure the spatial knowledge between neighborhoods, we obtain mobility flows from mobile phone usage for the whole month of October 2019 from China Unicom Inc, a major telecom provider in China.""",,"- The paper mentions that the police arrest data for burglary cases was collected between 2017 and 2018. This indicates the time period for the crime data collection.
- The mobility flow data from mobile phone usage was collected in October 2019, which is a specific month and year.
- The point of interest data was obtained from 2016, indicating another year for data collection.
- The community-level socio-demographic characteristics were derived from the 2010 census, which is another year for data collection.
- The study uses data from different years, but the primary focus on crime data collection is between 2017 and 2018.","  - ""We draw on a range of unique data sources, including police arrest records, mobile phone mobility big data, and massive street view images.""
  - ""The police arrest data record the actual burglary cases between 2017 and 2018 in the city of ZG.""
  - ""To measure the spatial knowledge between neighborhoods, we obtain mobility flows from mobile phone usage for the whole month of October 2019 from China Unicom Inc, a major telecom provider in China.""
  - ""We obtain point of interest data of 2016 in the city of ZG to account for common crime generators and attractors noted in the literature for burglary""
  - ""Community-level socio-demographic characteristics come from the 2010 sixth national census of China.""
  - ""To measure physical disorder on the street, we use street view images from Baidu Map (https://map.baidu.com), a major map service provider in mainland China.""",,"- The study uses multiple data sources to analyze the decision-making of burglars.
- Police arrest records are used to document actual burglary cases, providing a direct source of crime data.
- Mobile phone mobility data from China Unicom Inc is used to assess spatial knowledge and mobility patterns.
- Point of interest data is used to identify common crime generators and attractors.
- Census data from the 2010 sixth national census of China provides socio-demographic characteristics of communities.
- Street view images from Baidu Map are used to measure physical disorder on the streets."
Relationships Between Offenders' Crime Locations and Different Prior Activity Locations as Recorded in Police Data,"Sophie Curtis-Ham, Wim Bernasco, Oleg N Medvedev, Devon L L Polaschek",-,-,-,-,-,"- Data limitations include incomplete records of activity locations for each offender.
- Not all family members' addresses or employment/education records were available.
- Reliance on reported crimes and incidents means unreported activities are not included.
- Lack of association between certain activity nodes and crime types may be due to missing data.
- Study focused on solved cases, which may not be representative of all offenders.
- Variation within offense types could affect results.","The authors faced computational constraints related to the number of spatial units (SA2s) they could include in their analysis. To manage these constraints, they used a stratified importance sampling approach to reduce the number of units, ensuring that the model could converge without problematic multicollinearity. This was necessary because including all possible SA2s would have exceeded the capacity of available computing equipment.",No alternative units discussed.,2009-2018,New Zealand Police National Intelligence Application (NIA); New Zealand Census Unit 'Statistical Area 2' (SA2); New Zealand Statistics Census and Business Demography data,"  - ""The data are therefore a sample of each offender's true population of activity locations.""
  - ""Not all family members will have address records in the database; 'links' between family members are not always recorded.""
  - ""Employment and education records were more rarely on file.""
  - ""Crime, victimisation, and incident locations depend on these being reported to the police.""
  - ""The lack of association between work nodes and residential burglary could reflect a lack of residential burglary opportunities around work nodes likely concentrated in non-residential areas.""
  - ""The lack of association between prior victim/witness events and commercial robbery indicates that these events were not conducive to the acquisition of knowledge of commercial robbery opportunities.""
  - ""Several limitations of this study affect how our results can be interpreted. First, although the results demonstrate the ability of police data to indicate crime-salient elements of offenders' activity spaces, we may have missed or understated theoretically important relationships for under-represented nodes.""
  - ""To the extent that these activity nodes are missing from police data, our results underestimate the association between activity node proximity and crime location choice.""
  - ""Future research could supplement police data with other administrative datasets that comprehensively capture these locations, akin to the use of government address registry data by Bernasco and colleagues""
  - ""Second, because we studied solved cases-albeit a common practice in discrete crime location choice researchthe results may not generalise to all offenders""
  - ""Lastly, variation may exist between offenders within offence types.""",,"- The study used police data, which may not comprehensively capture all activity locations for each offender, leading to potential underestimation of associations between activity nodes and crime locations (Quotes 1, 7, 8).
- Not all family members' addresses or employment/education records were available in the database, which could limit the analysis (Quotes 2, 3).
- The reliance on reported crimes and incidents means that unreported activities are not included in the data (Quote 4).
- The lack of association between certain activity nodes and crime types may be due to missing data or underrepresentation of these nodes in the police data (Quotes 5, 6).
- The study focused on solved cases, which might not be representative of all offenders, potentially limiting the generalizability of the findings (Quote 10).
- There is variation within offense types that could affect the results, indicating a need for more detailed analysis (Quote 11).","  - ""To overcome computational challenges involved in including every SA2 in each offender's 'choice set' of possible alternatives-given the number of alternatives, offenders, variables and available computing capacity-we sampled from all potential SA2 alternatives (n = 2153) to construct a manageable set for each offender.""
  - ""Selecting the spatial unit involves balancing a range of considerations by the analyst (Bernasco 2010a). These include theoretical relevance (how big is one unit of 'activity space'?), spatial spill-over (if the unit is too small the choice is influenced by the attributes of surrounding units), spatial heterogeneity (if the unit is too big then variation within the unit that could affect the choice is not captured), and computational processing (if there are too many units the capacity of available computing equipment may be exceeded).""
  - ""The small and relatively homogenous size of the sampled SA2s reflects that the vast majority were in urban areas.""
  - ""This method enabled the model to converge and produce Variation Inflation Factors (VIFs) demonstrating no problematic multicollinearity. Across all crime types, the median VIF was 1.56 and the maximum was 5.69, well under the commonly applied threshold of 10 (Bernasco and Block 2011;O'Brien 2007).""",,"- The authors mention computational challenges related to including all possible SA2s in the analysis, which necessitated sampling to create a manageable dataset. This indicates a limitation in computational capacity to handle the full dataset.
- The selection of spatial units was influenced by computational processing considerations, as too many units could exceed the capacity of available computing equipment.
- The authors used a stratified importance sampling approach to manage these computational constraints, ensuring that the model could converge without problematic multicollinearity.
- The mention of computational processing as a factor in selecting spatial units suggests that there were concerns about the feasibility of processing large amounts of data.","  - ""The units can range from specific addresses (Vandeviver and Bernasco 2020) to administrative units such as census tracts or postcodes (e.g., Townsley et al. 2015). Selecting the spatial unit involves balancing a range of considerations by the analyst (Bernasco 2010a). These include theoretical relevance (how big is one unit of 'activity space'?), spatial spill-over (if the unit is too small the choice is influenced by the attributes of surrounding units), spatial heterogeneity (if the unit is too big then variation within the unit that could affect the choice is not captured), and computational processing (if there are too many units the capacity of available computing equipment may be exceeded).""",,"- The paper discusses the selection of spatial units for analysis, mentioning that units can range from specific addresses to administrative units like census tracts or postcodes.
- The authors highlight the need to balance theoretical relevance, spatial spill-over, spatial heterogeneity, and computational processing when selecting a spatial unit.
- They specifically mention using the New Zealand Census Unit 'Statistical Area 2' (SA2) as their final unit of analysis, which approximates neighborhoods.
- The paper does not explicitly mention alternative units that were considered but not used. It only discusses the general considerations for selecting a spatial unit and the final choice of SA2.","  - ""Data on offences and offenders' activity nodes were extracted from the New Zealand Police National Intelligence Application (NIA). Offences included all residential and non-residential burglaries, commercial and personal robberies, and extra-familial sex offences committed between 2009 and 2018 for which an offender had been identified with sufficient evidence to proceed against.""
  - ""To ensure comparability in recency between different node types, we only included nodes dated within 5 years of the reference offence.6""",,"- The first quote explicitly states that the data on offenses and activity nodes were extracted from the New Zealand Police National Intelligence Application (NIA) for crimes committed between 2009 and 2018. This provides a clear time frame for when the data was collected.
- The second quote mentions that nodes were included if they were dated within 5 years of the reference offense, but this does not change the overall data collection period, which is defined by the first quote.","  - ""Data on offences and offenders' activity nodes were extracted from the New Zealand Police National Intelligence Application (NIA).""
  - ""We used the New Zealand Census Unit 'Statistical Area 2' (SA2).""
  - ""Activity node data derived from a range of records including address history, linked persons and their address histories, employment, education, offences, incidents/callouts, arrests, stops, and intelligence.""",,"- The primary source of data for this study was the New Zealand Police National Intelligence Application (NIA), which provided information on offenses and offenders' activity nodes.
- The NIA data included various types of records such as address history, employment, education, and other police interactions, which were used to construct activity nodes.
- The study also utilized data from the New Zealand Census, specifically the Statistical Area 2 (SA2) units, which are used to define neighborhoods and other geographic areas.
- Additionally, the study used data from New Zealand Statistics Census and Business Demography to operationalize opportunity variables, such as the number of potential targets for different types of crimes."
WHERE OFFENDERS CHOOSE TO ATTACK: A DISCRETE CHOICE MODEL OF ROBBERIES IN CHICAGO*,"Wim Bernasco, Richard Block",-,-,,277,2009,"The choice of census tracts as the spatial unit of analysis was influenced by the availability of the ""collective efficacy"" measure and computational constraints. Using smaller units like block groups or blocks could provide more detailed insights but was not feasible due to data and computational limitations.","The authors faced computational constraints due to the resource-intensive nature of the discrete choice model, which limited their ability to use smaller spatial units without drastically reducing the sample size. Additionally, their available hardware and software were insufficient to analyze all cases simultaneously, necessitating the use of cross-validation.",Block groups or blocks were considered as alternative units but were not used due to practical limitations such as data availability and computational constraints.,1996-1998,U.S. Census Bureau; Chicago Police Department (CPD); Chicago Public Schools; Claritas; Sampson and colleagues' survey data,"  - ""In the current article, we are interested in the second type of question: What characteristics make a certain area an attractive hunting ground for offenders?""
  - ""the spatial unit of analysis applies to the definition of what it is that offenders choose when they decide where to offend.""
  - ""In line with many other studies of spatial choice (Block and Block, 1995;Boggs, 1965;Velez, 2001), we use the census tract as our unit of analysis of location choice.""
  - ""Although smaller units of analysis minimize within-unit heterogeneity, the census tract was chosen as the spatial unit of analysis because it was the lowest level of aggregation for which the ""collective efficacy"" measure was available and because computationally the use of the resource-intensive discrete choice model with smaller spatial units of analysis would have required a drastic reduction in sample size.""
  - ""In future work, it might be advisable to use smaller units of spatial aggregation. Using census tracts, 28 percent of the offenders committed a robbery in their home census tract. Thus, for 28 percent of them, where they live completely explains where they offend.""
  - ""In those as well as other cases, a more refined spatial scale, block groups, or blocks may yield improved insights because more within-tract heterogeneity and withintract distances are incorporated.""",,"- The study uses census tracts as the spatial unit of analysis, which is a common choice in spatial studies but may not be the most detailed level of analysis.
- The choice of census tracts was influenced by the availability of the ""collective efficacy"" measure, which was only available at this level of aggregation.
- Computational constraints also played a role, as using smaller units would have required a significant reduction in sample size due to the resource-intensive nature of the discrete choice model.
- The authors acknowledge that using smaller units like block groups or blocks could provide more detailed insights, especially since a significant portion of offenders committed crimes within their home census tract, indicating potential within-tract heterogeneity.
- The study's reliance on census tracts may limit the ability to capture detailed spatial patterns or variations within these larger units.","  - ""the census tract was chosen as the spatial unit of analysis because it was the lowest level of aggregation for which the ""collective efficacy"" measure was available and because computationally the use of the resource-intensive discrete choice model with smaller spatial units of analysis would have required a drastic reduction in sample size.""
  - ""The estimation of discrete choice models requires a considerable amount of computer resources when both the number of observations (choices) and the number of alternatives per choice are large.""
  - ""Recognizing that the available hardware and software could not analyze all cases simultaneously, we decided to use this limitation to our advantage.""",,"- The authors mention that the choice of the census tract as the spatial unit of analysis was influenced by computational constraints. Specifically, they note that using smaller spatial units would have required a drastic reduction in sample size due to the resource-intensive nature of the discrete choice model.
- The estimation of discrete choice models is computationally demanding, especially when dealing with a large number of observations and alternatives. This suggests that the authors faced limitations in terms of computational resources.
- The authors acknowledge that their available hardware and software were insufficient to analyze all cases simultaneously, which led them to use a method known as cross-validation to manage these constraints.","  - ""In future work, it might be advisable to use smaller units of spatial aggregation. Using census tracts, 28 percent of the offenders committed a robbery in their home census tract. Thus, for 28 percent of them, where they live completely explains where they offend. In those as well as other cases, a more refined spatial scale, block groups, or blocks may yield improved insights because more within-tract heterogeneity and withintract distances are incorporated.""
  - ""In the spatial choice model, the spatial unit of analysis applies to the definition of what it is that offenders choose when they decide where to offend. In line with many other studies of spatial choice (Block and Block, 1995;Boggs, 1965;Velez, 2001), we use the census tract as our unit of analysis of location choice.""
  - ""Although smaller units of analysis minimize within-unit heterogeneity, the census tract was chosen as the spatial unit of analysis because it was the lowest level of aggregation for which the ""collective efficacy"" measure was available and because computationally the use of the resource-intensive discrete choice model with smaller spatial units of analysis would have required a drastic reduction in sample size.""",,"- The authors explicitly mention that they used the census tract as their unit of analysis for location choice, which is a common choice in spatial studies.
- They justify this choice by stating that it was the lowest level of aggregation for which the collective efficacy measure was available, and using smaller units would have required a significant reduction in sample size.
- The authors suggest that in future work, using smaller units such as block groups or blocks might be beneficial to capture more detailed insights into within-tract heterogeneity and distances.
- This indicates that block groups or blocks were considered as alternative units but were not used due to practical limitations such as data availability and computational constraints.","  - ""Data on robbery incidents and arrests during the years 1996-1998 were generated from CPD records.""
  - ""Testing the model on cleared robbery cases in Chicago in the years 1996-1998, we demonstrate that robbery location choice is related to characteristics of target areas, to areas where offenders live, to joint characteristics of the resident and target areas, and to characteristics of the offenders themselves.""
  - ""The 2000 census tract data were chosen because this census was closest in time to the period (1996) (1997) (1998) over which the robbery data were available.""",,"- The paper explicitly states that the data collection period for the study was from 1996 to 1998, as indicated by the mention of ""cleared robbery cases in Chicago in the years 1996-1998.""
- The data on robbery incidents and arrests were specifically generated from Chicago Police Department (CPD) records during these years, confirming the data collection period.
- The use of 2000 census tract data is mentioned as being closest in time to the study period, but the actual data collection for the study occurred from 1996 to 1998.","  - ""Data on the population size and the racial and ethnic composition of the 865 census tracts in the city of Chicago in 2000 were taken from the public files of the U.S. Census Bureau.""
  - ""Data on numbers of drug-related arrests and numbers of prostitutionrelated arrests per census tract were aggregated from incident files of the Chicago Police Department (CPD).""
  - ""Data on the presence of private and public high schools in a tract were based on lists compiled by the Chicago Public Schools.""
  - ""Retail employment, which represents the number of persons employed in a retail business in a tract, was aggregated from marketing information collected by Claritas (www.claritas.com) on every business in the city and used as an indication of the availability of shops and other commercial businesses in the tract.""
  - ""The collective efficacy measure was created by Sampson and his colleagues (Sampson, Raudenbush, and Earls, 1997) and was provided to us for use in this research.""
  - ""Data on robbery incidents and arrests during the years 1996-1998 were generated from CPD records.""",,"- The study used data from the U.S. Census Bureau for population size and racial/ethnic composition, which is a government agency.
- The Chicago Police Department (CPD) provided data on drug-related and prostitution-related arrests, as well as robbery incidents and arrests, which are police records.
- The Chicago Public Schools provided data on the presence of high schools, which is an administrative record.
- Claritas, a commercial database, provided marketing information on retail employment.
- The collective efficacy measure was provided by Sampson and colleagues, which is a survey-based measure."
Relative Difference and Burglary Location: Can Ecological Characteristics of a Burglar's Home Neighborhood Predict Offense Location?,"Alyssa W Chamberlain, Lyndsay N Boggess",-,-,,30,2016,"- Data availability: The study used block groups to ensure availability of contextual data not available at the block level.
- Administrative boundary constraints: The study normalized 2010 tract boundaries into 2000 boundaries due to changes in administrative boundaries over time.
- Objective-driven choice: The choice of block groups was influenced by the study's objective to emphasize geographic context.
- Consistency with recent scholarship: The use of block groups is consistent with recent studies in the field.",No computational constraints mentioned.,"Blocks were mentioned as an alternative unit used in other research for assessing criminogenic nodes or hot spots, but the authors chose block groups for their study to minimize within-neighborhood heterogeneity and ensure availability of contextual data.",January 2000 through September 2012,Tampa Police Department; U.S. Census data,"  - ""Recent journey to crime research (e.g., Bernasco 2010a; Bernasco et al. 2013;Bernasco and Block 2011) has relied on smaller units of analysis (e.g., blocks) in order to assess criminogenic nodes, hot spots, or spillover effects. However, our research has a different objective which emphasizes the importance of geographic context. Therefore, we rely on block groups as our unit of analysis in order to account for social and demographic characteristics of neighborhoods that likely influence target selection and are not available at the block level.""
  - ""We rely on block groups in order to minimize within neighborhood heterogeneity while also ensuring that there is neighborhood contextual data available.""
  - ""The final data set contains information on all 334 block groups in the City of Tampa.""
  - ""Recent scholarship also relies on block groups, census tracts, or their equivalent (e.g., Bernasco and Block 2009;Johnson and Summers 2015;Lammers et al. 2015;Townsley et al. 2015).""
  - ""We normalized 2010 tract boundaries into 2000 boundaries using the census tract crosswalk files provided by the U.S. Census.""",,"- The study uses block groups as the spatial unit of analysis to minimize within-neighborhood heterogeneity and ensure availability of contextual data.
- The choice of block groups was influenced by the need to account for social and demographic characteristics that are not available at the block level, indicating a data availability issue.
- The study's objective emphasized geographic context, which led to the selection of block groups over smaller units like blocks.
- The use of block groups is consistent with recent scholarship in the field, suggesting a standard practice or constraint in data analysis.
- The normalization of 2010 tract boundaries into 2000 boundaries indicates a constraint related to administrative boundary changes over time.","  - ""Given the overlap in the distance measures, the variance inflation factor (VIF) scores for distance and distance squared are approximately 8; VIF scores for all other variables in the model were below 4.""
  - ""Recent journey to crime research (e.g., Bernasco 2010a; Bernasco et al. 2013;Bernasco and Block 2011) has relied on smaller units of analysis (e.g., blocks) in order to assess criminogenic nodes, hot spots, or spillover effects. However, our research has a different objective which emphasizes the importance of geographic context. Therefore, we rely on block groups as our unit of analysis in order to account for social and demographic characteristics of neighborhoods that likely influence target selection and are not available at the block level.""
  - ""We rely on block groups in order to minimize within neighborhood heterogeneity while also ensuring that there is neighborhood contextual data available.""",,"- The authors mention that they chose block groups as their unit of analysis to minimize within-neighborhood heterogeneity and ensure availability of contextual data. This suggests a consideration for data complexity and the need for a balance between detail and manageability.
- The decision to use block groups instead of smaller units like blocks is justified by the research objective, which focuses on geographic context rather than detailed spatial analysis. This implies a trade-off between spatial resolution and the ability to capture broader neighborhood characteristics.
- The mention of variance inflation factor (VIF) scores indicates a concern for multicollinearity in the data, which can affect computational processing and model stability. However, this is more related to statistical analysis rather than computational constraints like memory or processing time.
- There is no explicit mention of computational limitations such as memory constraints, processing challenges, or software limitations that influenced their spatial unit selection.","  - ""Recent journey to crime research (e.g., Bernasco 2010a; Bernasco et al. 2013;Bernasco and Block 2011) has relied on smaller units of analysis (e.g., blocks) in order to assess criminogenic nodes, hot spots, or spillover effects.""
  - ""However, our research has a different objective which emphasizes the importance of geographic context. Therefore, we rely on block groups as our unit of analysis in order to account for social and demographic characteristics of neighborhoods that likely influence target selection and are not available at the block level.""
  - ""We rely on block groups in order to minimize within neighborhood heterogeneity while also ensuring that there is neighborhood contextual data available.""
  - ""The final sample includes 5,182 incidents committed by 6,846 suspects which were aggregated to the census block group, the operational definition of neighborhood.""",,"- The authors mention that they aggregated their data to the census block group level, which they define as their operational definition of a neighborhood.
- They justify the use of block groups by stating that it helps minimize within-neighborhood heterogeneity and ensures the availability of neighborhood contextual data.
- The authors acknowledge that other research has used smaller units like blocks to study specific phenomena like criminogenic nodes or hot spots.
- They explicitly state that their objective is different and that block groups are more suitable for their focus on geographic context and social/demographic characteristics.
- The mention of blocks as an alternative unit is primarily to contrast their choice with other research objectives, not as a considered alternative for their own study.","  - ""We utilize discrete choice modeling on all arrests for burglaries in the City of Tampa, Florida, from January 2000 through September 2012.""
  - ""In order to investigate how neighborhood characteristics might influence offense locations, we use data on all arrests for burglaries in the City of Tampa, Florida, from January 2000 through September 2012.""",,"- The paper explicitly states that the data collection period for the study was from January 2000 through September 2012. This is mentioned twice in the paper, indicating that this is the specific time frame during which the data on burglary arrests in Tampa, Florida, was collected.
- The use of specific dates (January 2000 to September 2012) provides a clear and precise time period for the data collection.","  - ""we also include demographic and economic data from the U.S. Census data for each block group.""
  - ""The Tampa Police Department provided incident address and date, date of arrest, and home address of the arrested suspect.""
  - ""We normalize the 2010 data into 2000 census block group boundaries and linearly interpolated in order to capture year-specific values.""
  - ""We utilize discrete choice modeling on all arrests for burglaries in the City of Tampa, Florida, from January 2000 through September 2012.""",,"- The study uses data from the Tampa Police Department, specifically arrest records for burglaries from January 2000 to September 2012. This is a primary source of crime data.
- The study also uses demographic and economic data from the U.S. Census, which is a secondary source providing context about the neighborhoods.
- The use of census data is further detailed with the normalization of 2010 data into 2000 census block group boundaries, indicating a reliance on census data for neighborhood characteristics."
Crime Feeds on Legal Activities: Daily Mobility Flows Help to Explain Thieves' Target Location Choices,"Guangwen Song, Wim Bernasco, Lin Liu, Luzi Xiao, Suhong Zhou, Weiwei Liao",-,-,-,-,-,"- The choice of census units was influenced by their size and homogeneity, similar to comparable studies.
- The use of census units avoided estimating spillover effects, a practical advantage but also a limitation.
- Significant variation in census unit size and population could affect analysis.
- 275 census units were excluded due to limited mobile phone network coverage.
- Privacy concerns led to the use of aggregated data, potentially limiting detail and precision.",No computational constraints mentioned.,"Alternative units considered but not used include census blocks and street blocks. These were rejected because using them would require estimating spillover effects, which added complexity to the analysis.","June 1st, 2014 - May 30th, 2016 (excluding February 2015 and 2016); Mobile phone data collected on December 28, 2016","Police databases (crime records from ZG City police authorities); Commercial databases (mobile phone data from a major mobile phone service provider in China); Administrative records (census data on population sizes and census units); Commercial databases (crime generators data from Daodaotong, a mapping and navigation company)","  - ""The census unit was chosen as the spatial unit of analysis because census units have a size similar to those in comparable studies (Bernasco and Block 2009;Clare et al. 2009;Menting et al. 2016), because census units are approximately equally sized, and because in the study area they are relatively homogenous in terms of population composition.""
  - ""In addition, a practical advantage is that the use of census units does not force us to estimate spillover effects (effects of attributes of nearby units on crime in a focal unit) which is a requirement if small units of analysis are used, such as census blocks or street blocks (Bernasco et al. 2013;Groff and Lockwood 2014).""
  - ""The size of census units is 1.62 km 2 on average (standard error 2.99 km 2 , minimum 0.02 km 2 , maximum 31.30 km 2 ). The mean population is 5956 (standard error 4706, minimum 245, maximum 51,450).""
  - ""The study area comprises 1891 census units in total, of which 275 are not included in the analysis because the lack mobility data due to limited coverage of the GSM mobile phone network, leaving 1616 census units in the analysis.""
  - ""To protect the privacy of the mobile phone users, the telecom company gave us access to an aggregated dataset that did not include all measured location points.5""",,"- The choice of census units as spatial units was influenced by their size and homogeneity, which are similar to those used in comparable studies. This suggests a data availability issue where smaller units like census blocks or street blocks were not used due to the need to estimate spillover effects.
- The use of census units avoided the need to estimate spillover effects, which is a practical advantage but also a limitation as it restricts the analysis to larger spatial units.
- The size and population of census units varied significantly, which could affect the analysis due to differences in scale and population density.
- A significant number of census units (275) were excluded due to limited mobile phone network coverage, which is a data limitation affecting the study's scope.
- Privacy concerns led to the use of aggregated data, which might limit the detail and precision of the analysis.","  - ""The study area comprises 1891 census units in total, of which 275 are not included in the analysis because the lack mobility data due to limited coverage of the GSM mobile phone network, leaving 1616 census units in the analysis.""
  - ""The size of census units is 1.62 km 2 on average (standard error 2.99 km 2 , minimum 0.02 km 2 , maximum 31.30 km 2 ). The mean population is 5956 (standard error 4706, minimum 245, maximum 51,450).""
  - ""a practical advantage is that the use of census units does not force us to estimate spillover effects (effects of attributes of nearby units on crime in a focal unit) which is a requirement if small units of analysis are used, such as census blocks or street blocks (Bernasco et al. 2013;Groff and Lockwood 2014).""
  - ""The census unit was chosen as the spatial unit of analysis because census units have a size similar to those in comparable studies (Bernasco and Block 2009;Clare et al. 2009;Menting et al. 2016), because census units are approximately equally sized, and because in the study area they are relatively homogenous in terms of population composition.""",,"- The authors chose census units as their spatial unit of analysis due to their size and homogeneity, which suggests a practical consideration rather than a computational constraint.
- The mention of not having to estimate spillover effects when using census units implies a simplification of the analysis rather than a computational limitation.
- The size and population of census units are described, but these are characteristics rather than constraints.
- The exclusion of 275 census units due to limited mobility data coverage is related to data availability rather than computational constraints.","  - ""The census unit was chosen as the spatial unit of analysis because census units have a size similar to those in comparable studies (Bernasco and Block 2009;Clare et al. 2009;Menting et al. 2016), because census units are approximately equally sized, and because in the study area they are relatively homogenous in terms of population composition. In addition, a practical advantage is that the use of census units does not force us to estimate spillover effects (effects of attributes of nearby units on crime in a focal unit) which is a requirement if small units of analysis are used, such as census blocks or street blocks (Bernasco et al. 2013;Groff and Lockwood 2014).""",,"- The authors mention that they chose census units as their spatial unit of analysis because they are similar in size to those used in comparable studies, which suggests that other units might have been considered for consistency with existing literature.
- They also mention that census units are approximately equally sized and relatively homogeneous in terms of population composition, which could imply that other units might not have offered these advantages.
- The authors explicitly state that using smaller units like census blocks or street blocks would require estimating spillover effects, which they avoided by using census units. This indicates that these smaller units were considered but rejected due to the additional complexity they would introduce.
- The mention of ""small units of analysis"" such as census blocks or street blocks suggests that these were alternative units considered before selecting census units.","  - ""The data for the present research originates from ZG City,1 a city located in southeast China.""
  - ""Registered crime data were obtained from the police authorities of ZG City. All crime data are recorded incidents of theft from the person (TFP) in which at least one offender was arrested and prosecuted. It includes the date of the incident and the home addresses of the offenders and the location where the offence was committed.""
  - ""In the original dataset, there were 10,276 cases of TFP committed by 12,670 offenders between June 1st, 2014 and May 30th 2016.""
  - ""The month of February in both 2015 and 2016 was excluded, because during this the Chinese Spring Festival takes place, and a large proportion of the population leaves ZG city to celebrate the lunar new year with their families in their hometowns.""
  - ""The data of the locations of mobile phone users in this research was provided by a major mobile phone service provider in China that has a market share of 22.5% (Chong et al. 2015).""
  - ""our mobile phone data contains tracking information of the routes taken by the mobile phones on the network hour by hour on Wednesday, December 28, 2016, a fairly regular day in ZG city.""",,"- The study collected data from ZG City in China, focusing on theft from the person (TFP) incidents.
- The crime data was obtained from police records, which included incidents from June 1st, 2014, to May 30th, 2016.
- The data collection period for crime incidents is explicitly stated as between June 1st, 2014, and May 30th, 2016, with February 2015 and 2016 excluded due to the Chinese Spring Festival.
- Mobile phone data was collected on a specific day, December 28, 2016, which is part of the broader study period but represents a snapshot for mobility patterns.","  - ""Registered crime data were obtained from the police authorities of ZG City.""
  - ""The data for the present research originates from ZG City,1 a city located in southeast China.""
  - ""The list of potential crime generators is sheer endless, but included are those facilities that seem most relevant based on the extant literature and taking into account the Chinese context: the numbers of primary schools, middle schools, hospitals, basic stores, markets, supermarkets, restaurants, cinemas, bars, banks, subway stations and bus stops per census unit. All of them are so-called 'point of interests' (POIs) that were purchased from Daodaotong, a mapping and navigation company, which provides the original map data for China's largest search engine (Zheng and Zhou 2017).""
  - ""The size of census units is 1.62 km 2 on average (standard error 2.99 km 2 , minimum 0.02 km 2 , maximum 31.30 km 2 ). The mean population is 5956 (standard error 4706, minimum 245, maximum 51,450).""
  - ""The data of the locations of mobile phone users in this research was provided by a major mobile phone service provider in China that has a market share of 22.5% (Chong et al. 2015).""",,"- The study used crime data from the police authorities of ZG City, which is a direct source of crime records.
- Mobile phone data was provided by a major mobile phone service provider in China, which is a commercial database.
- The study also used data on crime generators such as schools, hospitals, and other facilities, which were purchased from Daodaotong, a mapping and navigation company.
- The study mentions the use of census units and their population sizes, which suggests the use of census data."
"""Location, Location, Location"": Effects of Neighborhood and House Attributes on Burglars' Target Selection","Christophe Vandeviver, Wim Bernasco",-,-,-,-,-,"- Use of predefined ""statistical districts"" as neighborhoods may not align with actual spatial patterns.
- Neighborhood and residence data were not contemporaneous with burglary data.
- Census data lack relevant variables for burglary target selection.
- Scarcity of large-scale residence-level data and difficulty in measuring situational cues.
- Assumptions about burglary trip origins and offender information may not be accurate.","The authors mentioned that the nested logit model was computationally prohibitive due to the large dataset size (138,321 residences nested in 193 neighborhoods for each of the 679 burglaries), even with high-performance computing. This forced them to use the less flexible but computationally less demanding conditional logit model.",No alternative units discussed.,2005-2014,Police records of burglaries; 2011 Belgian Census data,"  - ""The Census subdivides Ghent in geographical entities called 'statistical districts', of which 193 have a residential function. Throughout this paper we refer to these entities as 'neighborhoods'.""
  - ""The neighborhoods in this study are similarly constructed to the areas used in most previous discrete spatial choice studies and are comparable or smaller in size (e.g., Lammers et al. 2015;Menting et al. 2016).""
  - ""On average, the 193 residential neighborhoods have a population of 1287 residents (standard deviation [sd] = 1299), 717 residences (sd = 785) and cover an area of 0.79 (sd = 1.00) square kilometers.""
  - ""our neighborhood and residence data were not measured at the same time of the burglary. The burglary data span the period 2005-2014 but the neighborhood and residence data are for 2011 only.""
  - ""Census data are not collected for scientific purposes and consequently do not contain all variables that are potentially relevant predictors for burglary target selection.""
  - ""large-scale residence-level data are scarce and the scale of our study made systematically collecting residential features practically infeasible.""
  - ""situational cues are important but such time-variable features are also difficult to measure reliably and are therefore excluded altogether from observational studies of burglary target selection""
  - ""our research is subject to similar limitations as prior crime location choice studies, including that we assume that burglary trips start from the offender's home (Bernasco and Nieuwbeerta 2005;Townsley et al. 2015), that we analyzed co-offending burglaries separately as individual decisions (Bernasco et al. 2015), and that we assume that offenders have full information on all the alternatives and can discriminate between each of the 138,000 residences in the study area.""",,"- The study uses ""statistical districts"" as defined by the Census, which may not perfectly align with natural or social boundaries, potentially limiting the spatial unit selection.
- The neighborhoods are constructed based on existing administrative boundaries, which might not reflect the actual spatial patterns of burglary activity.
- The data on neighborhoods and residences were not collected at the same time as the burglaries, which could lead to inaccuracies due to changes over time.
- The Census data lack certain variables relevant to burglary target selection, limiting the scope of analysis.
- The scarcity of large-scale residence-level data and the difficulty in measuring situational cues restrict the study's ability to include all relevant factors.
- Assumptions about burglary trips starting from the offender's home and the analysis of co-offending burglaries as individual decisions introduce limitations.
- The assumption that offenders have full information on all alternatives is unrealistic, which could affect the accuracy of the model.","  - ""We considered using the nested logit model (Ben-Akiva and Lerman 1985) instead of the conditional logit model. The nested logit model is a more flexible discrete choice model that does not assume independence of alternatives within the same group of alternatives. This model is well-suited for the analysis of hierarchically structured choice sets such as the choice of residences nested in neighborhoods but requires considerable computational resources. Even in a high-performance computing environment, estimation of a nested logit model on a choice set as large as our dataset (i.e. 138,321 alternative residence nested in 193 neighborhoods for each of the 679 burglaries) proved to be computationally prohibitive. This forced us to resort to the computationally less demanding but less flexible conditional logit model.""
  - ""If the assumption of independence of residences within the same neighborhood is violated, the conditional logit model will still yield unbiased coefficient estimates, but standard errors may be underestimated. This requires us to be careful and conservative in interpreting significance levels.""",,"- The authors considered using a nested logit model, which is more flexible but requires significant computational resources.
- The dataset was too large for the nested logit model, with 138,321 residences nested in 193 neighborhoods for each of the 679 burglaries, making it computationally prohibitive even with high-performance computing.
- The authors had to use the conditional logit model instead, which is less demanding but less flexible, due to computational constraints.
- The choice of model was influenced by the need to manage computational resources and avoid prohibitive processing times.","  - ""In the present study, we use both home and neighborhood attributes, and simultaneously condition on the home locations of burglars.""
  - ""The neighborhoods in this study are similarly constructed to the areas used in most previous discrete spatial choice studies and are comparable or smaller in size (e.g., Lammers et al. 2015;Menting et al. 2016).""
  - ""The Census subdivides Ghent in geographical entities called 'statistical districts', of which 193 have a residential function. Throughout this paper we refer to these entities as 'neighborhoods'.""
  - ""In reality, however, it is evident that burglars target individual houses or apartments, not neighborhoods, although clearly their choices may be affected by neighborhood attributes.""
  - ""The major contribution of our research is that it investigates burglary target choice at the appropriate level of aggregation-burglars burglarize homes rather than complete neighborhoods-while still considering neighborhood-level attributes that affect these choices and taking into account the home locations of the burglars themselves and their limited action radius.""",,"- The authors emphasize that their study focuses on individual residences as the primary target of burglars, rather than larger spatial units like neighborhoods. This suggests that they considered the level of aggregation for their analysis.
- The mention of ""statistical districts"" as the basis for defining neighborhoods indicates that these were the spatial units used in the study.
- The authors compare their neighborhood units to those used in previous studies, suggesting that they considered these units as alternatives but chose to use the ""statistical districts"" for their analysis.
- The focus on individual residences and the use of neighborhood attributes implies that the authors did not consider larger or smaller spatial units beyond these levels.","  - ""We combine data on 679 burglaries by 577 burglars committed between 2005 and 2014 with data on approximately 138,000 residences in 193 residential neighborhoods in Ghent, Belgium.""
  - ""To assess the role of the offenders' home locations and the locations of any previous burglaries they committed, the analysis must include only cleared burglaries. Between 2005 and 2014, the local police department cleared 1871 residential burglaries committed in Ghent.""
  - ""The Census subdivides Ghent in geographical entities called 'statistical districts', of which 193 have a residential function. Throughout this paper we refer to these entities as 'neighborhoods'. The neighborhoods in this study are similarly constructed to the areas used in most previous discrete spatial choice studies and are comparable or smaller in size (e.g., Lammers et al. 2015;Menting et al. 2016). On average, the 193 residential neighborhoods have a population of 1287 residents (standard deviation [sd] = 1299), 717 residences (sd = 785) and cover an area of 0.79 (sd = 1.00) square kilometers.""
  - ""The Census identified 138,321 residences in Ghent. For each residence, Statistics Belgium provided a unique identification number and five variables. Two variables apply to the residence itself: number of occupants, and rental status. Two variables apply to the building in which the residence is located: the building construction type, and the number of residences inside the building.""
  - ""Applying these criteria might introduce selectivity in our included sample. However, comparison of the characteristics of the burglarized neighborhoods in the sample of cleared burglaries (N = 1741; see Step 1, Table 1 ) and those for the sample of burglaries included in the model estimation procedure (N = 679; see Step 6; Table 1 ) allows us to conclude that selectivity is not a concern in this study.""",,"- The study combines data on burglaries committed between 2005 and 2014 with data on residences in Ghent, Belgium. This indicates that the crime data was collected over a period of nine years.
- The analysis includes only cleared burglaries between 2005 and 2014, which further supports the data collection period.
- The Census data used in the study is specifically noted to be from 2011, but this does not affect the overall data collection period for the crime data.
- The study period is clearly defined by the range of years during which the burglaries were committed, which is from 2005 to 2014.","  - ""We combine data on 679 burglaries by 577 burglars committed between 2005 and 2014 with data on approximately 138,000 residences in 193 residential neighborhoods in Ghent, Belgium.""
  - ""To assess the role of the offenders' home locations and the locations of any previous burglaries they committed, the analysis must include only cleared burglaries.""
  - ""The Census identified 138,321 residences in Ghent.""
  - ""Both residence and neighborhood variables are from the 2011 Belgian Census (FOD Economie Algemene Directie Statistiek-Statistics Belgium 2011).3""
  - ""To study burglars' target choices, we apply the discrete choice framework to burglary location choices, an approach introduced in criminology by Bernasco and Nieuwbeerta (2005). This approach permits including target features (e.g., neighborhood and residence attributes), offender features (e.g., offending histories), and target-offender interactions (e.g., distance from the offender's home to each alternative) in a single model (for a detailed discussion, see Ruiter 2017).""
  - ""The Census subdivides Ghent in geographical entities called 'statistical districts', of which 193 have a residential function.""",,"- The study combines data from two main sources: police records of burglaries and census data.
- The police records provide information on 679 burglaries committed by 577 burglars between 2005 and 2014, which is used to analyze the burglars' target selection.
- The census data, specifically from the 2011 Belgian Census, provides information on approximately 138,000 residences in 193 residential neighborhoods in Ghent, Belgium. This data is used to assess neighborhood and residence attributes.
- The study uses the discrete choice framework, which involves analyzing target features, offender features, and target-offender interactions, all of which are derived from these data sources."
"EFFECTS OF ATTRACTIVENESS, OPPORTUNITY AND ACCESSIBILITY TO BURGLARS ON RESIDENTIAL BURGLARY RATES OF URBAN NEIGHBORHOODS","Wim Bernasco, Floor Luykx",-,-,,197,2003,"- Data availability issues: Limited data on burglars living outside The Hague.
- Administrative boundary constraints: Analysis is spatially truncated at The Hague city boundaries.
- Aggregation requirements: Data aggregated at the neighborhood level.
- Statistical disclosure controls: Use of police records for offender data.",No computational constraints mentioned.,No alternative units discussed.,1996-2001,"- Statistical publication of the municipality of The Hague (DSO, 2001)
- Police force of Haaglanden (greater The Hague area)
- Real estate tax administration of the municipality of The Hague
- Real estate tax registration
- Police information system","  - ""The study of the effects of neighborhood features reflecting attractiveness and opportunity has a long-standing tradition in criminology. Therefore, our main challenge is to come up with a qualified measure that reflects the accessibility of neighborhoods to burglars, and to estimate whether it has explanatory value that complements the explanatory value of standard measures of attractiveness and opportunity.""
  - ""The hypotheses are tested using data on the city of The Hague, the Netherlands. With a population of about 440,000, it is a large city according to Dutch standards.""
  - ""The city comprises 94 neighborhoods. We used data on 89 neighborhoods, as 5 neighborhoods are almost or completely non-residential (industrial areas, parks, dune area).""
  - ""Our measures of ethnic heterogeneity, residentiul mobility, real estate value of residential units and percentage of owner-occupied residential units all were taken from a statistical publication of the municipality of The Hague (DSO, 2001)""
  - ""The measure of ethnic heterogeneity was constructed from data on the ethnic composition of neighborhoods.""
  - ""Residential mobility was calculated as the sum of the relative annual number of residents who moved out of the neighborhood and the relative annual number who moved into the neighborhood.""
  - ""The average real estate value of residential units was based on the real estate tax administration of the municipality of The Hague.""
  - ""Our measure of a neighborhood's proximity to potential burglars, i.e. its vulnerability for burglary due to its proximity to the homes of burglars, is somewhat more complex than the other measures.""
  - ""The information system of the police contains information on the home addresses of all registered offenders.""
  - ""In order to obtain the number of residential burglars living in a neighborhood, we selected all registered offenders who lived in The Hague and who were apprehended for at least one case of residential burglary in the period 1996-2001.""
  - ""A second caveat to be made regarding our specific implementation of the SWEBER measure, is that our analysis is spatially truncated at the boundaries of the city of The Hague.""
  - ""In fact, about 17 percent of the residential burglars who are apprehended for burglary in The Hague reside outside the city, although not necessarily in the adjacent towns.""",,"- The study uses data from the city of The Hague, which has a population of about 440,000 and is divided into 94 neighborhoods, with data available for 89 of them. This indicates that the spatial units are defined by administrative boundaries within the city.
- The data on neighborhood characteristics such as ethnic heterogeneity, residential mobility, and real estate values were obtained from municipal statistical publications, which suggests that these data are aggregated at the neighborhood level.
- The measure of proximity to potential burglars (SWEBER) is based on the home addresses of registered offenders, which are available from police records. This implies that the spatial units are constrained by the availability of these data.
- The study is spatially truncated at the boundaries of The Hague, meaning that burglars living outside the city are not fully accounted for in the analysis. This is a limitation because it does not capture the full scope of potential burglars affecting the city.
- The fact that about 17% of apprehended burglars reside outside the city highlights a data limitation due to administrative boundary constraints.","  - ""The strength of the accessibility-to-burglars measure that we propose in the Data and Methods section, is that it is based on the first law of geography, which asserts that ""everything is related to everything else, but near things are more related than distant things"" (Tobler, 1970: 236)""
  - ""The measure also takes into account that the mobility of burglars is limited (i.e. near targets are more accessible than distant targets).""
  - ""The measure of ethnic heterogeneity we use is an index for qualitative variation (Agresti and Agresti, 1978).""
  - ""The average real estate value of residential units was based on the real estate tax administration of the municipality of The Hague.""
  - ""The formal definition of the SWEBER measure for neighborhood j is given by the formula:

where SWEBER, is the spatially weighted burglar exposition rate of neighborhood j , N is the total number of neighborhoods, U, is the number of residential units in j , M I is the number of burglaries committed by residents of neighborhood i, D,, is the distance between neighborhood i and neighborhood j""
  - ""Because we do not have exact coordinates of the homes of burglars and burglary victims, but only know in which neighborhoods they are located, the Dij are approximated distances.""
  - ""There are also some caveats to be made regarding the SWEBER measure, one of which refers to the usefulness of the SWEBER measure itself, and two others to our implementation of the measure in the analysis.""
  - ""Two caveats are to be made regarding our specific implementation of the SWEBER measure in the analysis of neighborhood burglary rates. First, our SWEBER measure is constructed on the basis of known home addresses of apprehended burglars. In The Hague, the residential burglary clearance rate is only about 6 percent, and the apprehended burglars might not be representative of all residential burglars.""
  - ""A second caveat to be made regarding our specific implementation of the SWEBER measure, is that our analysis is spatially truncated at the boundaries of the city of The Hague.""",,"- The paper discusses various methodological considerations and limitations related to the data and measures used, but it does not explicitly mention computational constraints such as memory limitations, processing time, or software limitations.
- The authors discuss the complexity of their measures, such as the SWEBER measure, and the limitations of their data, like the lack of exact coordinates for burglars' homes and victims. However, these are more related to data quality and availability rather than computational constraints.
- The paper mentions caveats related to the implementation of the SWEBER measure, such as the potential bias due to low clearance rates and spatial truncation at city boundaries. These are methodological limitations rather than computational constraints.
- There is no mention of computational feasibility concerns, memory constraints, or processing challenges that influenced their spatial unit selection.","  - ""The study of the effects of neighborhood features reflecting attractiveness and opportunity has a long-standing tradition in criminology.""
  - ""The strength of the accessibility-to-burglars measure that we propose in the Data and Methods section, is that it is based on the first law of geography, which asserts that ""everything is related to everything else, but near things are more related than distant things"" (Tobler, 1970: 236)""
  - ""The measure also takes into account that the mobility of burglars is limited (i.e. near targets are more accessible than distant targets).""
  - ""The purpose of this section is to elaborate on theoretical notions regarding target selection of residential burglars, to identify criteria that residential burglars consider when they choose a target area for burgling, and to formulate testable hypotheses.""
  - ""The six testable hypotheses that follow from the arguments outlined above can be summarized as follows: Attractiveness 1. Higher percentages of home ownership increase residential burglary rates 2. Higher average real estate values increase residential burglary rates Opportunity 3. Higher levels of ethnic heterogeneity increase residential burglary rates 4. Higher residential mobility rates increase residential burglary rates Accessibility 5. Greater proximity to homes of burglars increases residential burglary rates

Greater proximity to the central business district increases residential burglary rates""
  - ""The hypotheses are tested using data on the city of The Hague, the Netherlands. With a population of about 440,000, it is a large city according to Dutch standards.""
  - ""The city comprises 94 neighborhoods. We used data on 89 neighborhoods, as 5 neighborhoods are almost or completely non-residential (industrial areas, parks, dune area).""
  - ""The measure of ethnic heterogeneity was constructed from data on the ethnic composition of neighborhoods.""
  - ""The measure of ethnic heterogeneity we use is an index for qualitative variation (Agresti and Agresti, 1978).""
  - ""The average real estate value of residential units was based on the real estate tax administration of the municipality of The Hague.""
  - ""Our measure of a neighborhood's proximity to potential burglars, i.e. its vulnerability for burglary due to its proximity to the homes of burglars, is somewhat more complex than the other measures.""
  - ""The formal definition of the SWEBER measure for neighborhood j is given by the formula:

where SWEBER, is the spatially weighted burglar exposition rate of neighborhood j , N is the total number of neighborhoods, U, is the number of residential units in j , M I is the number of burglaries committed by residents of neighborhood i, D,, is the distance between neighborhood i and neighborhood j""
  - ""The information system of the police contains information on the home addresses of all registered offenders.""
  - ""In order to obtain the number of residential burglars living in a neighborhood, we selected all registered offenders who lived in The Hague and who were apprehended for at least one case of residential burglary in the period 1996-2001.""
  - ""In order to take into account that some burglars are more active than others, the number of residential burglars in the neighborhood was multiplied by the mean number of residential burglaries they committed during the period covered*.""
  - ""In order to implement the (limited) mobility of burglars, it is assumed that the threat that a burglar poses to a potential target neighborhood is some inverse function of the distance between the burglar's home and the target neighborhood.""
  - ""The choice of this specific form of ""distance decay"" for spatially weighting the proximity of burglars is based on gravity models of crime trips in the literature.""
  - ""Alternative functional forms are discussed by Smith (1976) and Levine (2000, Ch. 8""
  - ""Experimentation with other shapes showed that regression parameters estimates varied only very slightly across alternatives, and thus our results do not appear to depend crucially on the specific shape that was chosen.""
  - ""There are also some caveats to be made regarding the SWEBER measure, one of which refers to the usefulness of the SWEBER measure itself, and two others to our implementation of the measure in the analysis.""
  - ""With respect to the SWEBER measure itself, it must be noted that it does not link the home of the offenders directly to the locations where they committed their crimes.""
  - ""A second caveat to be made regarding our specific implementation of the SWEBER measure, is that our analysis is spatially truncated at the boundaries of the city of The Hague.""",,"- The paper primarily focuses on neighborhoods as the unit of analysis, as indicated by the use of data from 89 neighborhoods in The Hague.
- The authors discuss the use of a spatially weighted burglar exposition rate (SWEBER) measure, which is based on the distance between neighborhoods and the homes of burglars.
- The paper does not explicitly mention any alternative spatial units or scales that were considered but not used.
- The focus on neighborhoods and the SWEBER measure suggests that the authors did not consider alternative units such as smaller or larger geographic areas.
- The discussion of distance decay and gravity models implies that the spatial scale was chosen based on theoretical considerations rather than alternative units.","  - ""The hypotheses are tested using data on the city of The Hague, the Netherlands. With a population of about 440,000, it is a large city according to Dutch standards.""
  - ""Our measures of ethnic heterogeneity, residentiul mobility, real estate value of residential units and percentage of owner-occupied residential units all were taken from a statistical publication of the municipality of The Hague (DSO, 2001)""
  - ""The measure of ethnic heterogeneity was constructed from data on the ethnic composition of neighborhoods. Ethnicity was defined on the basis of country of birth of the persons and their parents, such that their origin was coded in a non-native category if they were born abroad or if at least one of their parents was born abroad. The data allowed us to distinguish between groups having their origin in The Netherlands (native category, including origin in other West European countries), Surinam, the Dutch Antilles, Turkey and Morocco.""
  - ""The measure of ethnic heterogeneity we use is an index for qualitative variation (Agresti and Agresti, 1978). In the present context, the index represents the likelihood that two randomly selected members of a neighborhood are of different ethnic origin.' Being a probability, the index of ethnic heterogeneity varies (theoretically) between zero (complete homogeneity) and unity (complete heterogeneity). The index was calculated for each of the years 1996-2001 separately, and then averaged for use in the analysis.""
  - ""Residential mobility was calculated as the sum of the relative annual number of residents who moved out of the neighborhood and the relative annual number who moved into the neighborhood. This measure was calculated for each of the years 1996-1999 separately (no mobility data were available for [2000] [2001] , and then averaged for use in the analysis.""
  - ""The average real estate value of residential units was based on the real estate tax administration of the municipality of The Hague. The value assessment applies to all residential units, either rented or owned, and the assessment procedure is the same for both types. Our data contain, for each neighborhood, the average assessed value of residential units in 1993 and in 1999. The average real estate values in all neighborhoods have increased between 1993 and 1999, but in some neighborhoods they have increased more than in others. In order to obtain an estimated value for all years, we assumed a linear trend in real estate value within neighborhoods, and imputed the values for the years 1996-1998 and for 2000-2001 accordingly. In the analysis, the data of the separate years were averaged.""
  - ""Home ownership was also established using the real estate tax registration. In the analysis, home ownership refers to the proportion of residential units that are owned by the persons or households who live there. The proportion was calculated for each year separately. In the analysis, we use the average proportion over the period [1996] [1997] [1998] [1999] [2000] [2001]""
  - ""Information on attempted and completed burglaries was obtained from the police force of Haaglanden (greater The Hague area). The police registers all offenses that are officially brought to their attention by victims, by bystanders or by police officers themselves. The information system classifies offenses according to a scheme that includes residential burglary (attempted or completed) as a separate type of crime. The location where a crime occurs is also registered. In case of residential crimes the location is an address (street and number). By assigning all addresses where residential burglaries took place in the period 1996-2001 to one of the 89 neighborhoods, and by subsequently counting the numbers of burglaries per neighborhood, we obtained neighborhood burglary counts.""
  - ""The total number of residential burglaries in The Hague during the six-year period 1996-2001 was about 26.000, which amounts to an average annual number of about 50 per neighborhood, and an annual rate of about 1 residential burglary per 100 dwellings for the city as a whole.""",,"- The paper mentions that data on ethnic heterogeneity, residential mobility, real estate value, and home ownership were collected from a statistical publication of the municipality of The Hague (DSO, 2001), indicating that these data were available up to 2001.
- The ethnic heterogeneity index was calculated for each year from 1996 to 2001, suggesting that data collection for this aspect spanned these years.
- Residential mobility data were calculated for the years 1996-1999, indicating that data collection for this aspect stopped in 1999.
- Real estate values were assessed in 1993 and 1999, with imputed values for other years, suggesting that data collection for this aspect occurred at these points.
- Home ownership data were calculated for each year from 1996 to 2001, indicating that data collection for this aspect spanned these years.
- Information on attempted and completed burglaries was obtained from police records for the period 1996-2001, indicating that crime data collection occurred during these years.","  - ""The average real estate value of residential units was based on the real estate tax administration of the municipality of The Hague.""
  - ""Information on attempted and completed burglaries was obtained from the police force of Haaglanden (greater The Hague area).""
  - ""The information system of the police contains information on the home addresses of all registered offenders.""
  - ""Home ownership was also established using the real estate tax registration.""",,"- The paper mentions several data sources used in the study. 
- The first source is a statistical publication from the municipality of The Hague (DSO, 2001), which provided data on ethnic heterogeneity, residential mobility, real estate value, and home ownership.
- The second source is the police force of Haaglanden, which provided information on attempted and completed burglaries.
- The real estate tax administration of the municipality of The Hague is another source, providing data on the average real estate value of residential units.
- The real estate tax registration is also used to establish home ownership rates.
- The police information system is a source for data on the home addresses of registered offenders."
Testing Ecological Theories of Offender Spatial Decision Making Using a Discrete Choice Model,"Shane D Johnson, Lucia Summers",-,-,Crime and delinquency,85,2015,"- Exclusion of crimes committed by offenders living outside the study area due to the need to enumerate all possible choices within the study region.
- Use of Lower Super Output Areas (LSOAs) as the unit of analysis, which are smaller than some areas used in previous studies.
- Reliance on police data, which includes both primary detections and crimes taken into consideration (TIC).
- Requirement for geographical coordinates for both offense and offender home locations, limiting data to only those offenses with complete location information.
- Lack of consideration of ethnic heterogeneity due to little variation in ethnicity across the study area.","The authors mention that including all possible choices outside of the study region would require more data than were available for analysis, indicating a limitation due to data availability and computational feasibility rather than specific computational constraints like memory or processing time.",No alternative units discussed.,"January 1, 2001, to December 31, 2005","Police databases (crimes detected in Dorset, UK); UK Census data (Lower Super Output Areas, socioeconomic heterogeneity, number of registered vehicles); Ordnance Survey MasterMap data (main roads, schools/colleges); UK Department for Transport data (number of car parks)","  - ""In line with previous studies (Bernasco, 2006(Bernasco, , 2010;;Bernasco & Block, 2009, 2011;Bernasco & Luykx, 2003;Bernasco et al., 2013;Clare et al., 2009), crimes committed by offenders living outside the study area were excluded from the sample. This is a limitation of the method that applies to all studies of this kind but it is a necessary one. The reason is that the approach to analysis requires that all alternatives in the choice set (areas that are and are not selected) be enumerated for the purposes of parameter estimation. Including all possible choices outside of the study region would require more data (potentially all areas in the United Kingdom) than were available for analysis.""
  - ""The unit of analysis selected was the U.K. census Lower Super Output Area (LSOA). For the study area, there were 198 LSOAs, each with a population of around 1,524 people and about 662 residential households. LSOAs are somewhat smaller than the areas used in most (but not all; for example, Bernasco et al., 2013) previous studies of this kind.""
  - ""In the United Kingdom, crimes detected by the police include both primary detections, which are solved through investigative effort and, in contrast to many other countries, those that are taken into consideration (TIC). The latter are crimes that an offender will volunteer information about to the police at the time of arrest.""
  - ""There was little variation in ethnicity across the study area and for this reason, we did not attempt to estimate how ethnic heterogeneity might influence offender spatial decision making.""
  - ""For each offense, the available data included the location and date, the offender's age at the time of the offense, and their place of residence, accurate to a resolution of 1 m. Only those offenses where geographical coordinates were available for both the offense and offender, home locations were analyzed.""",,"- The study excluded crimes committed by offenders living outside the study area due to the need to enumerate all possible choices within the study region for analysis. This is a limitation because it restricts the sample to only those offenders residing within the study area.
- The use of Lower Super Output Areas (LSOAs) as the unit of analysis was chosen based on data availability and administrative boundaries. LSOAs are smaller than some areas used in previous studies, which might affect the granularity of the analysis.
- The study relied on police data, which includes both primary detections and crimes taken into consideration (TIC). This might introduce variability in data quality and completeness.
- The analysis required geographical coordinates for both offense and offender home locations, which limited the data to only those offenses with complete location information.
- The study did not consider ethnic heterogeneity due to little variation in ethnicity across the study area, which might limit the generalizability of findings to more diverse areas.","  - ""In line with previous studies (Bernasco, 2006(Bernasco, , 2010;;Bernasco & Block, 2009, 2011;Bernasco & Luykx, 2003;Bernasco et al., 2013;Clare et al., 2009), crimes committed by offenders living outside the study area were excluded from the sample. This is a limitation of the method that applies to all studies of this kind but it is a necessary one. The reason is that the approach to analysis requires that all alternatives in the choice set (areas that are and are not selected) be enumerated for the purposes of parameter estimation. Including all possible choices outside of the study region would require more data (potentially all areas in the United Kingdom) than were available for analysis.""
  - ""The unit of analysis selected was the U.K. census Lower Super Output Area (LSOA). For the study area, there were 198 LSOAs, each with a population of around 1,524 people and about 662 residential households. LSOAs are somewhat smaller than the areas used in most (but not all; for example, Bernasco et al., 2013) previous studies of this kind.""",,"- The authors mention that they selected the U.K. census Lower Super Output Area (LSOA) as their unit of analysis, which is smaller than what has been used in some previous studies. This choice might be influenced by computational or data availability constraints, but it is not explicitly stated as such.
- The main computational constraint mentioned is related to the exclusion of crimes committed by offenders living outside the study area. This is due to the requirement that all alternatives in the choice set must be enumerated for parameter estimation, which would necessitate data from all areas in the United Kingdom if offenders from outside the study area were included. This suggests a limitation in terms of data availability and computational feasibility rather than a direct computational constraint like memory or processing time.","  - ""The unit of analysis selected was the U.K. census Lower Super Output Area (LSOA). For the study area, there were 198 LSOAs, each with a population of around 1,524 people and about 662 residential households. LSOAs are somewhat smaller than the areas used in most (but not all; for example, Bernasco et al., 2013) previous studies of this kind.""",,"- The paper explicitly states that the unit of analysis selected was the U.K. census Lower Super Output Area (LSOA).
- It mentions that LSOAs are ""somewhat smaller than the areas used in most (but not all; for example, Bernasco et al., 2013) previous studies of this kind,"" which implies that other studies have used different units of analysis.
- However, the paper does not specify any alternative units that were considered but not used in this particular study.
- The mention of other studies using different areas suggests that there are alternative units used in the field, but these are not detailed as alternatives considered by the authors for this specific study.","  - ""Data for crimes detected by the police were acquired for the county of Dorset (UK) for the 5-year period January 1, 2001, to December 31, 2005.""",,"- The paper explicitly states the data collection period for the study. It mentions that the data for crimes detected by the police were acquired for a specific 5-year period.
- The dates provided are January 1, 2001, to December 31, 2005, which clearly define the time frame during which the data was collected.","  - ""Data for crimes detected by the police were acquired for the county of Dorset (UK) for the 5-year period January 1, 2001, to December 31, 2005.""
  - ""The unit of analysis selected was the U.K. census Lower Super Output Area (LSOA).""
  - ""OS) MasterMap data were used to identify which areas contained main roads (76% of LSOAs), and a binary variable was coded with a value of one where this was the case, zero otherwise.""
  - ""OS MasterMap data were also used to count the number of schools/colleges (those that would be attended by children up to the age of 18 years) located within each LSOA.""
  - ""Population turnover was calculated by computing the number of people who had moved into the area in the previous 12 months, divided by the total population for the area, multiplied by 100.""
  - ""As two basic indicators of opportunity, we included the number of car parks-derived using U.K. Department for Transport data-and the number of registered cars and vans in an area, estimated using data from the 2001 U.K. Census.""",,"- The study used data from police records for crimes detected in Dorset, UK, from 2001 to 2005.
- Census data from the UK was used to define the unit of analysis (Lower Super Output Areas) and to calculate socioeconomic heterogeneity.
- Ordnance Survey MasterMap data was used to identify main roads and count schools/colleges.
- Data from the UK Department for Transport was used to derive the number of car parks.
- The study also used census data to estimate the number of registered vehicles in an area."
Situating Crime Pattern Theory Into The Explanation Of Co-Offending: Considering Area-Level Convergence Spaces,"Zachary R Rowan, Sarah Appleby, Jean Marie Mcgloin, Simon Fraser",-,-,,3,2021,"- The study is limited to data from a single city, which restricts generalizability.
- The use of census block groups as the unit of analysis may not fully capture convergence spaces.
- Incomplete geocoding of arrests due to missing or problematic location information affects data accuracy.
- Reliance on official records means unreported crimes and unarrested co-offenders are not accounted for.","No computational constraints mentioned. The paper does not explicitly mention any computational limitations, memory constraints, or processing challenges that influenced their spatial unit selection. While there are discussions about data quality and the potential for smaller units, these are not framed as computational constraints.","Smaller microunits (as suggested by advances in crime pattern theory) and different locales (rural, urban, suburban) were considered as alternative spatial units or scales but not used due to data limitations and the focus on census block groups.","January 1, 2013, to December 31, 2016","- Environmental Protection Agency (EPA) for street connectivity measures
- Baltimore City Police Department for arrest information (2013-16)
- Baltimore City Open Data Portal for activity nodes (bars, schools, transit)
- Google Map search capabilities for geocoding shopping centers
- American Community Survey conducted by the U.S. Census Bureau for macro-level contextual covariates","  - ""the study relies on data from a single city which limits the generalizability of these findings.""
  - ""The extent to which the design of Baltimore City informed the degree of pedestrian-oriented connectivity and activity nodes may be an important distinction for understanding the results.""
  - ""the current study's unit of analysis was a census block group.""
  - ""Although prior co-offending research has used similar or larger geographic areas, advances within crime pattern theory have demonstrated the importance of even smaller microunits that may more fully represent Felson (2003) description of convergence spaces""
  - ""a portion of the arrest data from the Baltimore City Open Data Portal did not include or had problematic incident location information leading to incomplete geocoding of arrests.""
  - ""These findings should not be generalized to all arrests, as it is difficult to know whether such missingness was at random.""
  - ""Besides excluding crimes not reported to the police, not all co-offenders involved in a criminal incident may be arrested.""
  - ""This reflects a limitation of utilizing official records to study co-offending and it may also contribute to mismeasurement of solo-offending.""",,"- The study is limited by its focus on a single city, Baltimore, which restricts the generalizability of the findings to other urban or rural areas.
- The use of census block groups as the unit of analysis may not fully capture the nuances of convergence spaces as described by Felson, as smaller microunits might be more appropriate.
- Data availability issues include incomplete geocoding of arrests due to missing or problematic incident location information, which affects the accuracy of the data.
- The reliance on official records means that crimes not reported to the police and unarrested co-offenders are not accounted for, leading to potential undercounting and mismeasurement.
- These limitations suggest that the choice of spatial units was influenced by data availability and administrative boundary constraints, as well as the inherent limitations of using official records for studying co-offending.","  - ""a portion of the arrest data from the Baltimore City Open Data Portal did not include or had problematic incident location information leading to incomplete geocoding of arrests.""
  - ""Although prior co-offending research has used similar or larger geographic areas, advances within crime pattern theory have demonstrated the importance of even smaller microunits that may more fully represent Felson (2003) description of convergence spaces (e.g., Weisburd et al. 2012).""
  - ""the current study's unit of analysis was a census block group.""
  - ""The data used in this study cover arrests from January 1, 2013 to December 31, 2016 that had complete information on the variables of interest (N = 68,393).1""",,"- The paper mentions the use of a large dataset with 68,393 arrests, which suggests a significant computational task.
- The choice of census block groups as the unit of analysis might be influenced by computational feasibility, as smaller units could increase computational demands.
- The mention of advances in crime pattern theory suggesting the importance of smaller microunits implies that using these smaller units might be computationally challenging.
- The issue with incomplete geocoding due to missing or problematic incident location information could also be a computational constraint, as it affects data quality and processing.","  - ""It will be important to replicate these findings across different types of locales (i.e., rural, urban, suburban) in order to understand whether connectivity and activity spaces similarly generate conditions conducive to group crime.""
  - ""the current study's unit of analysis was a census block group. Although prior co-offending research has used similar or larger geographic areas, advances within crime pattern theory have demonstrated the importance of even smaller microunits that may more fully represent Felson (2003) description of convergence spaces (e.g., Weisburd et al. 2012).""
  - ""Relatedly, the current study's unit of analysis was a census block group. Although prior co-offending research has used similar or larger geographic areas, advances within crime pattern theory have demonstrated the importance of even smaller microunits that may more fully represent Felson (2003) description of convergence spaces (e.g., Weisburd et al. 2012).""
  - ""Next, a portion of the arrest data from the Baltimore City Open Data Portal did not include or had problematic incident location information leading to incomplete geocoding of arrests. These findings should not be generalized to all arrests, as it is difficult to know whether such missingness was at random.""",,"- The authors mention that their unit of analysis was a census block group, which is a common unit used in similar research.
- They acknowledge that advances in crime pattern theory suggest that even smaller microunits could be more representative of convergence spaces, as described by Felson (2003). This implies that smaller units were considered but not used due to the limitations of data availability and quality.
- The authors suggest that future research should consider replicating their findings across different types of locales (rural, urban, suburban), which implies that these could be alternative spatial units or scales for future studies.
- The mention of smaller microunits and different locales suggests that these were considered as alternative units but not used in the current study due to data limitations and the focus on census block groups.","  - ""The data used in this study cover arrests from January 1, 2013 to December 31, 2016""
  - ""The data used in this study cover arrests from January 1, 2013 to December 31, 2016 that had complete information on the variables of interest (N = 68,393).1""
  - ""This time period was included in the analyses for two main reasons. At the time of original data collection and geocoding, arrest data from 2013 to 2016 were publicly available.""
  - ""We merged the 2013-16 geocoded arrest data with data from the Environmental Protection Agency (EPA)""
  - ""Data include street connectivity measures from the Environmental Protection Agency and publicly available arrest information from Baltimore City (2013-16).""",,"- The paper explicitly states that the data collection period for the study was from January 1, 2013, to December 31, 2016. This is mentioned multiple times throughout the paper, indicating that this was the specific time frame during which the data was collected.
- The mention of ""2013-16"" in several contexts confirms that this was the period during which the arrest data and other relevant information were gathered.
- The paper provides a clear start and end date for the data collection period, which is essential for understanding when the study data was gathered.","  - ""Data include street connectivity measures from the Environmental Protection Agency and publicly available arrest information from Baltimore City (2013-16).""
  - ""The data used in this study cover arrests from January 1, 2013 to December 31, 2016 that had complete information on the variables of interest (N = 68,393).1""
  - ""We merged the 2013-16 geocoded arrest data with data from the Environmental Protection Agency (EPA) 2""
  - ""Data on specific activity nodes (i.e., bars, schools, transit) were provided by publicly available geo-coded data from the Baltimore City Open Data Portal.""
  - ""Data on shopping centres were not included in the data portal, so these were geocoded using Google Map search capabilities.""
  - ""to account for several other contextual covariates (i.e., population, ethnic heterogeneity, population turnover, poverty) related to criminal offending at the macro-level, data from the American Community Survey conducted by the U.S. Census Bureau was used (U.S. Census Bureau 2016).""",,"- The study uses data from multiple sources. The primary sources include street connectivity measures from the Environmental Protection Agency (EPA) and arrest information from Baltimore City.
- The arrest data is specifically mentioned as being from the Baltimore City Police Department, which is a public source.
- Additional data on activity nodes such as bars, schools, and transit stations were obtained from the Baltimore City Open Data Portal.
- Shopping centers were geocoded using Google Map search capabilities, indicating a use of commercial data.
- The study also uses data from the American Community Survey conducted by the U.S. Census Bureau for macro-level contextual covariates."
HOW DO RESIDENTIAL BURGLARS SELECT TARGET AREAS? A New Approach to the Analysis of Criminal Location Choice,"Wim Bernasco, Paul Nieuwbeerta, Richard Block, Henk Elffers, Jan De Keijser, Jasper Van Der Kemp, Peter Van Koppen",-,-,,362,2005,"- Low detection rate of residential burglaries (7%) could bias results.
- Exclusion of burglaries committed outside the city of The Hague due to lack of data on neighborhood characteristics.
- Restriction to single-offender burglaries.
- Reliance on police records, which may not capture all burglaries.
- Administrative boundary constraints due to reliance on data from the municipality of The Hague.",No computational constraints mentioned.,No alternative units discussed.,1996-2001,Haaglanden police force; statistical publications of the municipality of The Hague (DSO 2001),"  - ""The data system contains information on characteristics of the burglary committed, including the address at which the burglary took place, as well as information (if an offender is detected and arrested) on some characteristics of the burglar, i.e. sex, age, address, and country of birth.""
  - ""The detection rate for residential burglary in The Hague is 7 per cent, which is low but not much lower than the detection rates reported elsewhere.""
  - ""From the police records, all residents of The Hague who had been arrested at least once for committing a residential burglary, anywhere in the Netherlands, during the years 1996-2001 (n = 671) were selected.""
  - ""Burglaries committed outside the city of The Hague (about 15 per cent) were removed.""
  - ""Our measures of neighbourhood characteristics-i.e. ethnic heterogeneity, residential mobility, real estate value of residential units, the percentage of single-family dwellings and the number of residential units-all were taken from statistical publications of the municipality of The Hague (DSO 2001).""
  - ""The low detection rate could bias the results if a relationship exists between criteria of location choice and the probability of arrest.""
  - ""only burglaries committed in the city of The Hague itself were taken into account, whereas burglaries committed in more distant areas were left out (about 15 per cent). This was necessary because information on relevant characteristics of all neighbourhoods in the Netherlands was not available.""",,"- The study was limited by the low detection rate of residential burglaries, which was only 7%. This could potentially bias the results if there is a relationship between the criteria for location choice and the likelihood of arrest.
- The study only included burglaries committed within the city of The Hague, excluding those committed in more distant areas due to the lack of available data on neighborhood characteristics outside The Hague.
- The data was restricted to single-offender burglaries, excluding multiple-offender burglaries, which could limit the generalizability of the findings.
- The study relied on police records, which may not capture all burglaries, especially those not reported or detected.
- The use of data from the municipality of The Hague limited the study to the administrative boundaries of the city, which could influence the selection of spatial units.","  - ""The target-based approach relates victimization rates of potential targets to characteristics that might affect their attractiveness to offenders. This approach is used in studies of individual or household victimization, in ecological studies of variation in crime rates between neighbourhoods, and in multi-level studies in which individual and neighbourhood influences on victimization are studied in a single integrated framework (Boggs 1965;Sampson and Wooldredge 1987;Smith and Jarjoura 1989;Sampson and Groves 1989;Miethe and McDowall 1993;Rountree et al. 1994;Rountree and Land 2000;Hakim et al. 2001;Vélez 2001). The target-based approach is relevant for location choice problems because conclusions can be drawn on the role that specific target attributes play as choice criteria for offenders. A disadvantage, however, is that no information is used on who the offenders are and where they live.""
  - ""Parameter estimation of the conditional logit model is performed with maximum likelihood methods, and is relatively straightforward (see, e.g. Greene 1997). Some care is required, however, in dealing with the fact that for some burglars, the data contain information on more than one burglary. Thus, the data-set has a hierarchical structure in which burglaries are nested within burglars.""
  - ""The discrete spatial choice approach applies a general micro-economic framework to discrete choice behaviour. This approach can be traced back to Thurstone (1927), Marschak (1959) and Luce (1959), but its further econometric development and its introduction into mainstream-applied economic analyses are due to 2000 Nobel laureate McFadden (1973), who extensively used it in his studies of urban travel demand.""
  - ""In conclusion, the three approaches discussed above have relevance for the problem of criminal location choice, but each of them has disadvantages when it comes to testing theories. In this paper, we apply an approach that combines the advantages of these prior approaches, but lacks their disadvantages: the discrete spatial choice approach.""
  - ""The offender-based approach comprises studies on the length of the journey-tocrime (Turner 1969;Phillips 1980;Rhodes and Conly 1981;Gabor and Gottheil 1984;Hesseling 1992). These studies typically show that the likelihood of an offender's choosing a particular target decreases with the distance of the target from his home (referred to as the distance decay pattern). With respect to studying criminal location choice, a disadvantage of the offender-based approach is that it considers distance as the only choice criterion, and ignores other selection criteria, such as the profits and risks associated with particular targets.""",,"- The paper discusses various approaches to studying criminal location choice, including the offender-based, target-based, and discrete spatial choice approaches. However, it does not mention any computational constraints or limitations related to these approaches.
- The discrete spatial choice approach is described as a method that combines the advantages of previous approaches without their disadvantages, but no computational constraints are mentioned in this context.
- The paper discusses the use of the conditional logit model for estimating parameters, but again, no computational constraints or limitations are mentioned.
- The paper does not mention any issues related to memory constraints, processing time, or software limitations that might have influenced the selection of spatial units or the analysis.","  - ""The problem of criminal location choice is a classical one in criminology. It pertains to the descriptive question of where offenders commit their offences, and to the explanatory question of why they commit them there, rather than somewhere else.""
  - ""The theory is tested using data on 548 residential burglaries, committed by 290 burglars from the city of The Hague, the Netherlands.""
  - ""The likelihood of a neighbourhood's being selected for burglary is heightened by its ethnic heterogeneity, its percentage of single-family dwellings, and its proximity to where the offender lives.""
  - ""The discrete spatial choice approach applies a general micro-economic framework to discrete choice behaviour.""
  - ""The point of departure of the discrete spatial choice approach is an actor who is faced with a choice amongst a number of discrete spatial alternatives, of which he must choose only one.""
  - ""the city centre is generally, because of its concentration of public facilities and services, a part of the city that is known to many residents, the familiarity argument applies to the city centre as well: for the average burglar, it is a more familiar environment than many other areas of the city.""
  - ""The discrete spatial choice approach also appears to be applicable to the location choice in offences other than residential burglary.""",,"- The paper primarily focuses on the discrete spatial choice approach applied to residential burglary in The Hague, Netherlands. The unit of analysis is clearly defined as neighborhoods within the city.
- The paper does not explicitly mention any alternative spatial units or scales that were considered before selecting neighborhoods as the final unit of analysis.
- The focus on neighborhoods is consistent with the theoretical framework and the data used, which are centered around the characteristics of neighborhoods and their proximity to offenders' homes.
- The paper does not discuss any other spatial units such as districts, regions, or other scales that might have been considered but not used.","  - ""To test the hypotheses, data were used that pertain to all single-offender burglaries committed by burglars living in the city of The Hague, the Netherlands, in the period 1996-2001.""
  - ""From the police records, all residents of The Hague who had been arrested at least once for committing a residential burglary, anywhere in the Netherlands, during the years 1996-2001 (n = 671) were selected.""
  - ""After making these selections, we analysed 548 single-offender burglaries in the period 1996-2001 in the city of The Hague, committed by 290 burglars who were living in The Hague at the time of the burglary.""
  - ""To test hypotheses on criminal location choice, in earlier studies, three approaches have been applied, each with its own strengths and weaknesses.""",,"- The paper explicitly states that the data used for the study pertains to single-offender burglaries committed by burglars living in The Hague, Netherlands, during the period 1996-2001.
- The data collection period is clearly defined as the years 1996-2001, as indicated by the selection of residents arrested for residential burglary during these years.
- The analysis of 548 single-offender burglaries also specifies that these occurred within the same time frame of 1996-2001.","  - ""Data on residential burglaries were obtained from the Haaglanden (greater The Hague area) police force.""
  - ""The police register all (attempted and completed) burglaries that are officially brought to their attention by victims, by bystanders or by police officers themselves.""
  - ""Our measures of neighbourhood characteristics-i.e. ethnic heterogeneity, residential mobility, real estate value of residential units, the percentage of single-family dwellings and the number of residential units-all were taken from statistical publications of the municipality of The Hague (DSO 2001).""
  - ""The theory is tested using data on 548 residential burglaries, committed by 290 burglars from the city of The Hague, the Netherlands.""",,"- The study uses data from residential burglaries in The Hague, Netherlands, which were obtained from the Haaglanden police force. This indicates that police records were a primary source of data.
- The police records include information on characteristics of the burglary and some characteristics of the burglar, such as sex, age, address, and country of birth.
- Neighbourhood characteristics were obtained from statistical publications of the municipality of The Hague (DSO 2001), which suggests the use of administrative or census data."
Co-offending and the Choice of Target Areas in Burglary,Wim Bernasco,-,-,-,-,-,"- Low detection rate of residential burglaries (7%) which could bias results if related to location choice criteria.
- Focus only on target area selection, not on why or how offender groups form.
- Data limited to detected burglaries by The Hague residents, excluding those committed outside city boundaries.
- Potential incompleteness of police data on number of offenders involved in each burglary.","The authors used approximations based on neighbourhood centroids to calculate distances due to computational feasibility concerns, ensuring consistency in measuring distances to all potential target neighbourhoods.",No alternative units discussed.,1996-2004,Police database of The Hague; Swing The Hague system; Real estate registration; Statistics Netherlands digital publications; Citizen registration of The Hague,"  - ""To test the hypotheses, data were used that pertain to all detected residential burglaries committed by burglars living in the city of The Hague, the Netherlands, in the period 1996-2004.""
  - ""The detection rate for residential burglary in The Hague is 7%. This is a low rate, but not much lower than the detection rates reported elsewhere.""
  - ""the analysis does not attempt to explain why some burglars work on their own and some burgle in groups (and still others sometimes work on their own and sometimes in a group).""
  - ""The focus is thus exclusively on the issue of how target neighbourhoods for burglary are chosen, not on why and how offender groups are formed.""
  - ""The low detection rate could bias the results if a relationship exists between criteria of location choice and the probability of arrest.""
  - ""Another major issue related to the validity of the police data is whether the police information on the offenders involved in a burglary is complete.""
  - ""Although we can be reasonably sure that two people arrested together for the same burglary incident are indeed co-offenders, we may not be so sure that there were only two people involved, instead of three or more.""
  - ""Most importantly, the results confirm the importance of the neighbourhood environment as a burglary target area for local offenders. The own neighbourhood and other nearby neighbourhoods are the most likely targets for burglary, not only for solitary burglars, but for burglar groups as well.""
  - ""Although these results are fairly stable, we should note that they are limited by the fact that we have not taken into account the burglaries committed by The Hague residents outside the city boundaries (about 12%).""",,"- The study is limited by the low detection rate of residential burglaries in The Hague, which is only 7%. This low detection rate could potentially bias the results if there is a relationship between the criteria for choosing target areas and the likelihood of being arrested.
- The study focuses exclusively on how target neighborhoods are chosen and does not explore why some burglars work alone or in groups, which could be a limitation in understanding the full context of co-offending.
- The data used is restricted to detected burglaries committed by burglars living in The Hague, which means that burglaries committed by residents outside the city boundaries are not included. This could limit the generalizability of the findings.
- There is a concern about the completeness of police data regarding the number of offenders involved in each burglary, as it may not always be accurate to assume that only those arrested were involved.
- The study does not account for burglaries committed by The Hague residents outside the city boundaries, which could affect the overall understanding of target area selection.","  - ""The reason for calculating the distance between home address and burglary address by approximation (neighbourhood centroids distances) rather than as an exact distance is that the model to be introduced below requires us to compare the distances between the home of the burglar and all potential target neighbourhood in the study area.""
  - ""To be consistent, it was decided that the distance to the actually chosen target neighbourhood should be measured in the same way (with the same measurement error) as the distance to non-chosen potential target neighbourhoods.""",,"- The paper mentions a computational constraint related to the method of calculating distances between home addresses and burglary sites. The authors chose to use approximations based on neighbourhood centroids rather than exact distances.
- This decision was made to ensure consistency in measuring distances to both chosen and non-chosen target neighbourhoods, which suggests a computational feasibility concern.
- The use of approximations implies a limitation in processing or computational resources, as exact distance calculations might have been too resource-intensive or time-consuming.
- The paper does not explicitly mention memory constraints, processing time, or software limitations, but the choice of approximation suggests a concern for computational efficiency.","  - ""The average neighbourhood has an area of 0.65 square kilometres, is the home to 4952 residents and contains 2380 residential units.""
  - ""Each residential burglary and each offender address was assigned to one of the 89 residential neighbourhoods of The Hague.""
  - ""viewing criminal location choice as a sequential process implies that it makes sense to study location choice of burglars at a somewhat higher spatial level-the neighbourhood level-and to ask which features of neighbourhoods make them more likely to be chosen by burglars as their working sites.""
  - ""the location selection process starts with a set of implicit or explicit rules regarding which areas are suitable for burglary and which areas are not.""",,"- The paper discusses the selection of target areas for burglary at the ""neighbourhood level,"" which is the chosen unit of analysis.
- The authors mention that the neighbourhood level is considered because it is a ""somewhat higher spatial level,"" implying that other levels might have been considered but not explicitly mentioned.
- The paper does not provide any specific alternative spatial units or scales that were considered before selecting the neighbourhood level.
- The focus on neighbourhoods is justified by the characteristics of these areas, such as affluence, physical accessibility, and social disorganisation, which are relevant to burglary target selection.","  - ""All neighbourhood variables are available for each year in the study period 1996-2004.""
  - ""To test the hypotheses, data were used that pertain to all detected residential burglaries committed by burglars living in the city of The Hague, the Netherlands, in the period 1996-2004.""
  - ""the analysis does not attempt to explain why some burglars work on their own and some burgle in groups (and still others sometimes work on their own and sometimes in a group). The focus is thus exclusively on the issue of how target neighbourhoods for burglary are chosen, not on why and how offender groups are formed.""",,"- The paper explicitly states that the data collection period for the study was from 1996 to 2004. This is mentioned in multiple parts of the paper, reinforcing the specific time frame.
- The data was obtained from the police force in The Hague, which collected data on residential burglaries during this period.
- The study period is consistently referenced as 1996-2004, indicating that this was the time frame during which the data was collected and analyzed.","  - ""Data on residential burglaries were obtained from the police force that services the greater The Hague area.""
  - ""The police register all (attempted and completed) burglaries that are officially brought to their attention by victims, by bystanders, or by police officers themselves.""
  - ""The information system contains information on characteristics of the burglary committed, including the address where the burglary took place and the date and time (windows).""
  - ""The affluence of neighbourhoods is measured by the average value of residential properties in the neighbourhood, the percentage of owner-occupied properties, and the mean income per resident.""
  - ""The average income per resident is taken from the digital publications that Statistics Netherlands compiles biannually on all municipalities and neighbourhoods in the Netherlands.""
  - ""Data on ethnic origin and residential mobility are annually available from the citizen registration of the city of The Hague.""",,"- The primary source of data for this study is the police force that services the greater The Hague area, which provides information on residential burglaries.
- The police database includes details about the burglaries, such as location and time, as well as characteristics of the offenders.
- The study also uses data from the ""Swing The Hague"" system, which is managed by the Office of Urban Development, to operationalize neighborhood characteristics like potential profits, physical accessibility, and social disorganization.
- Additional data sources include real estate registration for property values and ownership percentages, and digital publications from Statistics Netherlands for average income per resident.
- Citizen registration data from the city of The Hague is used for ethnic origin and residential mobility information."
LEARNING WHERE TO OFFEND EFFECTS OF PAST ON FUTURE BURGLARY LOCATIONS,"Wim Bernasco, Shane D Johnson",-,-,,88,2015,"The study was limited by the complexity of using small spatial units like micro-places due to estimation problems and the need for multiple-level spillover effects. The choice of UK Census Lower Level Super Output Areas (LSOAs) was a compromise, influenced by their social homogeneity and manageable population size. The use of LSOAs and Middle Layer Super Output Areas (MSOAs) was also constrained by their design to optimize social homogeneity.","The authors mention that using very small spatial units (like micro-places) in spatial choice models is complex due to issues like the need for ""sampling from alternatives"" and estimating ""multiple-level spillover effects."" This suggests computational constraints related to data processing and model estimation. The use of smaller spatial units is described as ""fraught with complex issues,"" indicating that these units pose computational challenges, likely related to data handling and model complexity. The decision to use LSOAs as the spatial unit of analysis is presented as a compromise, implying that smaller units were not computationally feasible for their study. The mention of ""intractability of the estimation problem"" suggests that computational limitations were a significant factor in choosing the spatial unit size.","The authors considered using micro-places like face blocks or street segments as alternative spatial units but rejected them due to complex estimation problems and spillover effects. They also compared their chosen unit, LSOAs, to postal code areas and micro-scale places used in other studies, indicating these were alternative units considered in the broader context of crime location choice research.",January 2007 to December 2012,UK police force (West Midlands); 2001 UK census; UK Land Registry; Department for Transport National Public Transport Access Node database,"  - ""The concept of crime location choice presumes spatial units of analysis, which are the alternative locations that burglars choose from when deciding on where to commit a burglary.""
  - ""Whereas the contemporary literature on the geography of crime emphasizes the analytical superiority of small spatial units (e.g., micro-places like face blocks or street segments), the implementation of units of such small size in spatial choice models is fraught with complex issues, including the need to use 'sampling from alternatives' to solve the intractability of the estimation problem, and the requirement to estimate multiple-level spillover effects""
  - ""As a compromise, we decided to use the UK Census Lower Level Super Output Area (LSOA) geography as the basic spatial unit of analysis.""
  - ""LSOAs are defined on the basis of proximity and social homogeneity measures (type of dwelling and nature of tenure) and have a population of approximately 1,500 residents and 600 households.""
  - ""Spillover effects can be assessed using either hierarchical spatial nesting structures or spatial proximity structures""
  - ""MSOAs comprise groups of typically 4-5 LSOAs and have a minimum size of 5,000 residents (and 3,000 households) with an average population size of 7,500.""",,"- The study acknowledges the preference for small spatial units like micro-places but notes that using such units is complex due to estimation problems and the need for multiple-level spillover effects.
- The choice of UK Census Lower Level Super Output Areas (LSOAs) as the spatial unit was a compromise due to these complexities.
- LSOAs were chosen for their social homogeneity and manageable population size, which facilitated analysis.
- The study also considered Middle Layer Super Output Areas (MSOAs) for assessing spillover effects, indicating a hierarchical approach to spatial analysis.
- The use of LSOAs and MSOAs was influenced by their design to optimize social homogeneity, which aligns with the study's focus on spatial consistency and learning.","  - ""the implementation of units of such small size in spatial choice models is fraught with complex issues, including the need to use 'sampling from alternatives' to solve the intractability of the estimation problem, and the requirement to estimate multiple-level spillover effects (Bernasco et al., 2013)""
  - ""the contemporary literature on the geography of crime emphasizes the analytical superiority of small spatial units (e.g., micro-places like face blocks or street segments), the implementation of units of such small size in spatial choice models is fraught with complex issues,""
  - ""As a compromise, we decided to use the UK Census Lower Level Super Output Area (LSOA) geography as the basic spatial unit of analysis.""",,"- The authors mention that using very small spatial units (like micro-places) in spatial choice models is complex due to issues like the need for ""sampling from alternatives"" and estimating ""multiple-level spillover effects."" This suggests computational constraints related to data processing and model estimation.
- The use of smaller spatial units is described as ""fraught with complex issues,"" indicating that these units pose computational challenges, likely related to data handling and model complexity.
- The decision to use LSOAs as the spatial unit of analysis is presented as a compromise, implying that smaller units were not computationally feasible for their study.
- The mention of ""intractability of the estimation problem"" suggests that computational limitations were a significant factor in choosing the spatial unit size.","  - ""Whereas the contemporary literature on the geography of crime emphasizes the analytical superiority of small spatial units (e.g., micro-places like face blocks or street segments), the implementation of units of such small size in spatial choice models is fraught with complex issues, including the need to use 'sampling from alternatives' to solve the intractability of the estimation problem, and the requirement to estimate multiple-level spillover effects (Bernasco et al., 2013)""
  - ""As a compromise, we decided to use the UK Census Lower Level Super Output Area (LSOA) geography as the basic spatial unit of analysis.""
  - ""LSOAs are smaller than the postal code areas used in some other crime location choice studies (Bernasco, 2010b;Lammers et al., 2015) but larger than the micro-scale places used in others (Bernasco, 2010a;Bernasco et al., 2013).""
  - ""The concept of crime location choice presumes spatial units of analysis, which are the alternative locations that burglars choose from when deciding on where to commit a burglary.""",,"- The authors mention that the literature emphasizes the use of small spatial units like micro-places (face blocks or street segments) for analyzing crime geography. However, they note that using such small units in spatial choice models poses complex issues, such as estimation problems and spillover effects.
- The authors decided to use the UK Census Lower Level Super Output Area (LSOA) as their unit of analysis, which they describe as a compromise. This suggests that they considered smaller units but chose LSOAs due to practicality and analytical feasibility.
- The authors compare LSOAs to other units used in similar studies, such as postal code areas and micro-scale places, indicating that these were alternative units considered in the context of other research.
- The rejection of smaller units like micro-places was due to the complexity of implementing them in spatial choice models, while larger units like postal code areas were not chosen because LSOAs offered a more suitable scale for their analysis.","  - ""Data were acquired for all detected residential burglaries committed between January 2007 and December 2012 in the West Midlands, a large metropolitan UK police force""
  - ""To prevent a temporal edge effect it was necessary to assure that for each burglary the data would allow us to look back over a fixed period of time to establish the offender's previous burglaries. For this reason, it was decided that burglaries committed during the first 2 years (2007) (2008) would be used to establish each offender's history of past burglaries in the study area. The data for the remaining observation period (2009) (2010) (2011) (2012) were used to analyze their subsequent burglary location choices.""",,"- The first quote explicitly states that the data collection period for detected residential burglaries was from January 2007 to December 2012.
- The second quote further clarifies that the data was divided into two periods: the first two years (2007-2008) were used to establish past burglaries, and the subsequent years (2009-2012) were used to analyze future burglary locations.
- Therefore, the data collection period for this study was from January 2007 to December 2012.","  - ""Using data in 3,337 detected burglaries from one UK police force, and accounting for the distance to the offender's residence, and for other factors that make target areas attractive to burglars, it was demonstrated that burglars were more likely to commit a burglary in an area they had targeted before.""
  - ""Data were acquired for all detected residential burglaries committed between January 2007 and December 2012 in the West Midlands, a large metropolitan UK police force (see Figure 1""
  - ""The following variables were available for analysis for each burglary: a unique identifier for the offender involved; the time and date of the burglary; the address and geographic grid coordinates of the burglary (accurate to a resolution of one meter); and spatial coordinates for the home address of the offender at the time of the burglary (also accurate to a resolution of one meter).""
  - ""Considering the independent variables, with the exception of the count of bus stations, train stations, and house prices, data were obtained from the 2001 UK census.""
  - ""Data on house price sales were acquired from the UK Land Registry for the period 1995-2012.""
  - ""Data on the location of bus and rail stations were obtained from the Department for Transport National Public Transport Access Node database (http://www.dft.gov.uk/naptan) and linked to the census data using a GIS.""",,"- The study used data from a UK police force, specifically from the West Midlands, which provided information on detected residential burglaries.
- The data included details such as the time and date of the burglary, the address and geographic coordinates of the burglary, and the spatial coordinates of the offender's home address.
- The study also utilized data from the 2001 UK census for various independent variables.
- Additionally, data on house price sales were obtained from the UK Land Registry.
- Information on bus and rail stations was sourced from the Department for Transport National Public Transport Access Node database."
Burglar Target Selection: A Crossnational Comparison,"Michael Townsley, Daniel Birks, Wim Bernasco, Stijn Ruiter, Shane D Johnson,  Gentry White, Scott Baum",-,-,Journal of research in crime and delinquency,60,2015,"- Inability to measure residential real estate value consistently across all regions.
- Reliance on cleared offense data.
- Assumption that crime trips originate from an offender's residence.
- Limitations in building a consolidated model due to the lowest common denominator of available data.
- Inability to include an indicator of ethnic heterogeneity equivalent to that in the original study.",No computational constraints mentioned.,No alternative units discussed.,Not mentioned (the paper does not specify the exact time period when the data was collected),"Recorded crime data from police services in The Hague (Netherlands), Birmingham (United Kingdom), and Brisbane (Australia); Municipal Agency for Urban Development (The Hague); Office of National Statistics (ONS) (United Kingdom); Australian Bureau of Statistics; U.K. Land Registry; Australian census; Queensland Police Service","  - ""Study regions and their associated choice set geographies (NL-neighborhoods, UK-Super Output Areas [medium layer], AU-Statistical Local Areas) were selected based on equivalence in size of the known burglar population, number of targets (households) within each area, and total number of areas in a study region.""
  - ""It was not possible to measure residential real estate value entirely consistently across the three study regions.""
  - ""The approach taken here allows differences in degree to be detected (i.e., magnitude of relationships) and statistically tested. To achieve this, a single consolidated model is estimated, integrating data from each study region, where parameters for all combinations of independent variables (IVs) and study region are calculated.""
  - ""It is important to acknowledge several limitations of our analyses. First, and likely most importantly, as with previous studies, it is acknowledged that findings rely solely on cleared offense data.""
  - ""Second, analyses presented assume crime trips originate from an offender's residence. While this assumption is widely held in studies of offender mobility, it may influence observed results.""
  - ""Third, while the approach to replication undertaken confers several advantages over discrete replications, it is subject to two weaknesses-(1) the notion that all subsequent replications are constrained by the quality of the initial study with respect to hypotheses, measurement instruments, and so on and (2) the requirement to build a consolidated model is limited by the lowest common denominator of all available data.""
  - ""To illustrate, while directly aligning six of the seven criteria originally presented by B&N, data recorded from the United Kingdom and Australia could not provide an indicator of ethnic heterogeneity equivalent to that explored in the original study of The Hague.""",,"- The study selected spatial units based on equivalence in size of the known burglar population, number of targets, and total number of areas, which suggests a deliberate choice to ensure comparability across regions.
- The inability to measure residential real estate value consistently across all regions due to differences in data availability and metrics used in each country is a significant limitation.
- The use of different metrics for residential real estate value in each country (e.g., tax assessments in The Hague, mean House Price sale in the UK, and monthly housing repayment in Australia) indicates a challenge in standardizing data across regions.
- The reliance on cleared offense data and the assumption that crime trips originate from an offender's residence are methodological limitations that could influence results.
- The requirement to build a consolidated model limited by the lowest common denominator of available data suggests that some data might not have been fully utilized or integrated due to differences in quality or availability.
- The inability to include an indicator of ethnic heterogeneity equivalent to that in the original study due to data limitations is another constraint.","  - ""The approach taken here allows differences in degree to be detected (i.e., magnitude of relationships) and statistically tested.""
  - ""The following two sections provide complete details of the statistical model used and analytical strategy undertaken.""
  - ""The discrete spatial choice approach is an application of the discrete choice method used extensively in micro economics to analyze choice behavior.""
  - ""The variable residential real estate value represents the average price of residential property in an area and is an operationalization of the affluence construct.""
  - ""It was not possible to measure residential real estate value entirely consistently across the three study regions.""
  - ""the requirement to build a consolidated model is limited by the lowest common denominator of all available data.""
  - ""while directly aligning six of the seven criteria originally presented by B&N, data recorded from the United Kingdom and Australia could not provide an indicator of ethnic heterogeneity equivalent to that explored in the original study of The Hague.""
  - ""The most obvious is the assumption that the influence of choice-level characteristics is systematic, that is, constant for all offenders.""",,"- The paper discusses the use of a discrete spatial choice approach, which is a computational method for analyzing choice behavior. This suggests that computational methods were used, but there is no mention of specific computational constraints such as memory or processing time limitations.
- The authors mention that it was not possible to measure residential real estate value consistently across all study regions, which could be seen as a data limitation rather than a computational constraint.
- The requirement to build a consolidated model is limited by the lowest common denominator of available data, which is more about data availability than computational constraints.
- The paper does not mention any specific computational limitations, memory constraints, or processing challenges that influenced their spatial unit selection.","  - ""The Hague, Birmingham, and Brisbane can be characterized as having relatively high (3,652 households per km 2 ), medium (1,513 households per km 2 ), and low (299 households per km 2 ) target densities, respectively.""
  - ""Study regions and their associated choice set geographies (NL-neighborhoods, UK-Super Output Areas [medium layer], AU-Statistical Local Areas) were selected based on equivalence in size of the known burglar population, number of targets (households) within each area, and total number of areas in a study region.""",,"- The paper mentions that the study regions were selected based on specific criteria such as the size of the burglar population, number of targets, and total number of areas. This suggests that these factors were considered when choosing the spatial units.
- The paper specifies the spatial units used for each country: neighborhoods in the Netherlands, Super Output Areas in the UK, and Statistical Local Areas in Australia. These are the final units of analysis chosen by the authors.
- The paper does not explicitly mention any alternative spatial units that were considered but not used. The focus is on the selection criteria for the final units rather than alternatives.
- The mention of target densities in different cities provides context for why certain areas were chosen, but it does not indicate that other spatial units were considered and rejected.","  - ""Recorded crime data describing all cleared burglaries located within the study region and attributed to an offender also living within the study region at the time of the offence were collated for each respective region.""
  - ""Characteristics of each study region were obtained through statistical agencies, the Municipal Agency for Urban Development (The Hague, Netherlands), the ONS (United Kingdom), and the Australian Bureau of Statistics.""
  - ""The variable number of households is an operationalization of the target availability construct and simply represents the total number of residential dwellings, and thus potential targets for residential burglary, found within the area.""
  - ""All additional differences are the result of an interaction between burglary and clearance rates: At a national level, the United Kingdom has 454 residential burglaries per 100,000 population with a clearance rate of 13 percent (Office of National Statistics [ONS] 2013; Taylor and Chaplin 2011), Australia has 592 residential burglaries per 100,000 population and 8.7 percent clearance rate (Australian Bureau of Statistics 2011; Australian Institute of Criminology 2012), and the Netherlands has 427 residential burglaries per 100,000 population with a clearance rate of 7 percent (Bernasco and Nieuwbeerta 2005).""",,"- The paper mentions that recorded crime data was collated for each study region, but it does not specify the exact time period when this data was collected.
- The references to statistical agencies and national statistics provide some context about the data sources, but again, no specific collection period is mentioned.
- The mention of clearance rates and burglary statistics from 2011 and 2013 suggests that the data might have been collected around these years, but this is not explicitly stated as the data collection period for this study.
- The paper does not provide a specific time frame, dates, months, or years when the crime data or other study data was gathered.","  - ""Recorded crime data from three independent police services are used to analyze the location choices of residential burglars operating in The Hague (Netherlands), Birmingham (United Kingdom), and Brisbane (Australia).""
  - ""The variable residential real estate value represents the average price of residential property in an area and is an operationalization of the affluence construct. The data set for The Hague contains mean real estate values for each area, as recorded through tax assessments. For the United Kingdom, the data used are the mean House Price sale as recorded by the U.K. Land Registry (in the United Kingdom, it is a legal requirement that all purchases are registered with the Land Registry) at the Super Output Area (medium layer), which were obtained from the ONS. An equivalent metric was not available in Australia. Instead, the Australian census records monthly housing repayment, which we consider to be highly correlated with property values.""
  - ""Australian data were provided by the Queensland Police Service.""
  - ""Characteristics of each study region were obtained through statistical agencies, the Municipal Agency for Urban Development (The Hague, Netherlands), the ONS (United Kingdom), and the Australian Bureau of Statistics.""",,"- The study uses recorded crime data from three independent police services in the Netherlands, the United Kingdom, and Australia, indicating that police databases are a primary source of data.
- Statistical agencies such as the Municipal Agency for Urban Development in The Hague, the Office of National Statistics (ONS) in the United Kingdom, and the Australian Bureau of Statistics are mentioned as sources for characteristics of each study region, suggesting the use of administrative records and census data.
- The study also uses data from the U.K. Land Registry for house price information in the United Kingdom, which is a government agency.
- Additionally, the Australian census is used to obtain data on monthly housing repayment, which is related to property values.
- The Queensland Police Service is specifically mentioned as a source for Australian data, indicating another police database."
ROLE OF THE STREET NETWORK IN BURGLARS' SPATIAL DECISION-MAKING *,"Michael J Frith, Shane D Johnson, Hannah M Fry",-,-,CrimRxiv,63,2017,"- The study area was limited to the ""built-up areas"" of three towns with a 1-km buffer.
- Data was restricted to residential burglaries recorded and cleared by the police.
- Geocoding limitations existed for some locations.
- Offenses outside the study area or committed by individuals living outside the area were excluded.
- No systematic social observation data was collected for social disorganization.
- Findings may only apply to offenders who were caught and recorded by the police.
- Replication with other forms of data is needed for external validity.","- Computational constraints related to edge effects in graph theory metrics required preprocessing and the use of a temporary buffer.
- Data cleaning was necessary to manage complexity and computational feasibility.
- Conversion of networks into a suitable form for graph theory analyses posed processing challenges.
- Maximum simulated likelihood (MSL) was limited by large choice-sets, leading to the use of hierarchical Bayes (HB).
- Computational limitations were addressed by using HB and managing Halton draws for convergence.","Area level; The authors mention that most previous studies have used the area level as the unit of analysis, which is an alternative to the street segment level they chose. They justify their choice of street segment level by arguing it better captures the spatial logic of offender decision-making and allows for the observation of local variations that would be lost at larger scales.",04/01/2004 to 03/31/2014,Thames Valley Police (TVP); Ordnance Survey (OS); U.K. Land Registry; 2011 U.K. census,"  - ""The study area was defined by identifying the ""built-up areas"" of the three towns and by applying a 1-km buffer around them""
  - ""The resulting study area covers a geography of approximately 150 km 2 and includes 81,682 dwellings situated on 5,286 street segments.""
  - ""Data were provided by Thames Valley Police (TVP) for all residential burglaries recorded and officially cleared for the 10-year period 04/01/2004 to 03/31/2014.""
  - ""Where possible, the locations were geocoded with Ordnance Survey 2 (OS) property data; otherwise TVP-geocoded coordinates were used (ß10 percent of locations).""
  - ""As with all previous discrete choice studies, offenses that occurred outside, or that were committed by individuals living outside, the study area were excluded by the researchers from the analysis.""
  - ""The collection of estimates of social disorganization through systematic social observation was beyond the scope of the current study.""
  - ""Not all crimes are recorded by, or cleared by, the police, and consequently, the current findings may only apply to the sample of offenders who came to the attention of the police.""
  - ""replication is needed to establish the external validity of the findings reported here, and future research might seek to do so comprising other forms of data.""",,"- The study area was defined by the ""built-up areas"" of three towns with a 1-km buffer, which may have limited the scope of the study to these specific areas.
- The data was restricted to residential burglaries recorded and cleared by the police, which may not represent all burglaries that occurred.
- Geocoding limitations were noted, as some locations were not geocoded with Ordnance Survey data, which could affect data accuracy.
- Offenses outside the study area or committed by individuals living outside the area were excluded, which could limit the generalizability of the findings.
- The study did not collect estimates of social disorganization through systematic social observation, which could be a limitation in understanding social factors.
- The reliance on police data means that the findings may only apply to offenders who were caught and recorded by the police, which could introduce bias.
- The need for replication with other forms of data suggests that the current findings may not be universally applicable.","  - ""Prior to analysis, these data needed preprocessing. For example, graph theory metrics are susceptible to edge effects because their derivation (discussed later in this article) involves the modeling of movement throughout the wider street network. As a consequence, street segments closer to the boundary of a study area will tend to have artificially lower estimates of movement potential as some street segments to which they are connected (and the routes in which they will feature) will be beyond the study area boundary and, hence, not included in the calculations.""
  - ""To avoid this, we used a temporary 7-km buffer in the calculations.""
  - ""Features that can distort the calculation of the metrics were also cleaned. For example, divided features such as motorways were collapsed to a single edge to reflect the lived reality of such roads, and traffic islands were collapsed to a single edge (see also Davies and Johnson, 2015).""
  - ""The cleaned networks were then converted into a form suitable for graph theory analyses (discussed later in this article).""
  - ""Unlike other logit models, ML cannot be solved analytically (Train, 2009) but must be estimated with either maximum simulated likelihood (MSL) or hierarchical Bayes (HB).""
  - ""given acknowledged problems associated with large choice-sets and MSL (Hensher and Greene, 2003), as in Townsley, Birks, Ruiter, et al. (2015) , the results for models estimated with HB are reported here (see also Train, 2009).""
  - ""We note, however, that analyses were also conducted with equivalent MSL models that use the ""mixlogit"" (Hole, 2007a (Hole, , 2007b) ) routine in Stata (StataCorp, College Station, TX). We used various numbers of Halton draws (all of which converged), with and without correlated coefficients.""",,"- The authors mention the need for preprocessing data to avoid edge effects in graph theory metrics, which suggests computational constraints related to boundary conditions.
- The use of a temporary buffer and cleaning of features indicates efforts to manage data complexity and computational feasibility.
- The conversion of networks into a suitable form for graph theory analyses implies computational processing challenges.
- The mention of limitations with maximum simulated likelihood (MSL) due to large choice-sets suggests computational constraints related to processing time and feasibility.
- The choice to use hierarchical Bayes (HB) instead of MSL due to computational issues indicates processing challenges.
- The use of Halton draws and convergence issues suggests computational limitations in terms of processing time and memory.","  - ""in most previous studies, scholars have examined offender location choice at the area level (for the exceptions, see Bernasco, 2010b, and Vandeviver et al., 2015). Here, consistent with contemporary theory (Weisburd, Groff, and Yang, 2012) and the research questions at hand, we do so at the street segment level.""
  - ""The use of this framework has now become well established in the criminological literature, although the units of analysis considered are typically large areal units (for an overview of studies, see appendix C in the online supporting information).""
  - ""For example, people do not navigate from one large area to another; they navigate along the road network. As such, a spatial resolution at this scale (e.g., street segment) should better capture the spatial logic of offender decision-making (Johnson and Bowers, 2010).""
  - ""For parsimony, table 3 shows the results for the key variables of interest, along with the model fits from the ML models. Estimates for the full models can be found in appendices D and E in the online supporting information. The former replicates table 3 but includes all variables, whereas the latter displays the results for the unscaled form of the variables.""
  - ""These smaller spatial units are also methodologically justified as even if an offender's mental map is more generalized than is specified, local variations would be unobserved if aggregated before measurement (Bernasco, 2010b)""",,"- The authors mention that most previous studies have used ""area level"" as the unit of analysis, which is an alternative to the ""street segment level"" they chose.
- They justify their choice of ""street segment level"" by arguing that it better captures the spatial logic of offender decision-making and allows for the observation of local variations that would be lost at larger scales.
- The mention of ""large areal units"" in the context of previous studies suggests that these were considered but not used in this particular study.
- The authors do not discuss any other specific alternative units or scales beyond the area level.","  - ""Data were provided by Thames Valley Police (TVP) for all residential burglaries recorded and officially cleared for the 10-year period 04/01/2004 to 03/31/2014.""
  - ""Affluence was calculated with residential property sales data from the U.K. Land Registry for all sales between 04/01/04 and 03/31/14 with their prices adjusted (using the U.K. Land Registry's House Price Index) to April 2009 prices.""",,"- The paper explicitly states that the data for residential burglaries was collected over a 10-year period from April 1, 2004, to March 31, 2014.
- The data collection period is clearly defined by the dates provided in the paper, which are specific and cover a decade.
- The mention of affluence data being calculated from property sales between the same dates further supports that this was the primary data collection period for the study.","  - ""Data were provided by Thames Valley Police (TVP) for all residential burglaries recorded and officially cleared for the 10-year period 04/01/2004 to 03/31/2014.""
  - ""The collection of estimates of social disorganization through systematic social observation was beyond the scope of the current study. Consequently, we follow the approach taken in previous studies of offender location choice (e.g., Bernasco and Nieuwbeerta, 2005) and use indirect measures, or proxies, derived from the 2011 U.K. census.""
  - ""Affluence was calculated with residential property sales data from the U.K. Land Registry for all sales between 04/01/04 and 03/31/14 with their prices adjusted (using the U.K. Land Registry's House Price Index) to April 2009 prices.""
  - ""Property data, provided by the OS, were associated with street segments by assigning each home to the nearest applicable feature in each network.""",,"- The study used data from Thames Valley Police (TVP) for residential burglaries, which is a police database.
- The Ordnance Survey (OS) provided data for the road and path networks, as well as property data, which are administrative records.
- The U.K. Land Registry provided residential property sales data, which is a commercial database.
- The study also used data from the 2011 U.K. census, which is a government agency database."
Modelling taste heterogeneity regarding offence location choices,Michael J Frith,-,-,Journal of Choice Modeling,13,2019,"- Data availability: The study uses output areas (neighbourhoods) as the smallest units for which data is available.
- Geo-political boundary: The study is restricted to the city of York, which limits the spatial unit selection.
- Offence type grouping: Different offence types are grouped together, which may not capture differences in behavior.
- Crime reporting bias: The data is limited to reported, recorded, and detected crimes, which may not represent all crimes.","The computational constraints mentioned include the time it took to run the models, with the LCL model taking a couple of hours and the ML model taking several days. The authors suggest that sampling from alternatives could help overcome the computational issues with the ML model. No specific memory constraints or processing challenges are mentioned.","- Larger spatial areas were considered but not used because they tend to be more heterogeneous and would not capture local variations between sub-areas.
- Smaller units (~0.03km^2) were used in other studies like Frith et al. (2017), but the current study used larger units (0.44km^2) compared to those smaller units.",April 2008 to March 2012,Police databases/crime records; 2011 UK Census; UK Land Registry; Ordnance Survey,"  - ""the alternatives in this analysis are output areas, herein referred to as neighbourhoods, which are the smallest units for which the variables in this study are available.""
  - ""For these analyses, revealed preference data for 1,105 recorded3 and solved4 SAC in York committed by 687 offenders living in York between April 2008 and March 2012 were collected.""
  - ""The study area in these analyses is the city of York (UK), which covers approximately 270km""
  - ""the alternatives, and therefore also the sample of offenders and offences (see later), are normally limited to a geo-political region, in this analysis the choice set is restricted to the city of York (UK).""
  - ""In this analysis a range of offence types were grouped together. While the offence choice criteria are expected to similarly effect the different types of offenders and this approach has been used in other analysis (e.g. Bernasco, 2010;Lammers et al., 2015), it ignores that some types of offenders may behave differently with respect to these factors.""
  - ""Analyses of offence location choices, such as in this study, are subject to limitations. The first is that the data analysed are reported, recorded, and detected crimes and this is not the case for all crimes. The sample of offenders and offences included in the analyses may therefore be biased in some way.""",,"- The study uses output areas (neighbourhoods) as the smallest units for which data is available, indicating a limitation due to data availability.
- The study is restricted to the city of York, which is a geo-political boundary that limits the spatial unit selection.
- The grouping of different offence types together may not capture differences in behavior among these types, which is a limitation in terms of spatial unit selection.
- The data is limited to reported, recorded, and detected crimes, which may not represent all crimes, potentially biasing the sample of offenders and offences.","  - ""the final LCL model in this analysis took a couple of hours -though the LCL should be repeatedly estimated with different starting values and numbers of classes -while the ML took several days9""
  - ""The computational issue with the ML though could be overcome through sampling from alternatives and taking a random sa mple of the alternatives for each choice occasion.""
  - ""The three discrete choice models of offence location choices in these analyses are all computed in Stata 14 (StataCorp, 2015).""
  - ""For these analyses, revealed preference data for 1,105 recorded3 and solved4 SAC in York committed by 687 offenders living in York between April 2008 and March 2012 were collected.""",,"- The paper mentions that the analysis was conducted using Stata 14, which is a statistical software package. This indicates that the computational constraints are related to the software's capabilities and the complexity of the models being run.
- The paper notes that the final LCL model took a couple of hours to run, while the ML model took several days. This suggests a significant difference in computational time between the two models, with the ML model being more computationally intensive.
- The authors mention that the computational issue with the ML model could be addressed by sampling from alternatives, which implies that the model's complexity and the number of alternatives were contributing factors to the computational constraints.
- There is no mention of specific memory constraints or processing challenges beyond the time it took to run the models.","  - ""For example, while offenders' mental boundaries between areas are effectively inscrutable, and will, to some degree, vary from offender to offender, larger spatial areas tend to be more heterogeneous. As such, if larger areas are used, local variations between sub-areas would be unobserved.""
  - ""in terms of the average effect, in particular regarding three variables: ethnic heterogeneity, residential churn and affluence. For the former two variables, they are both significant positive predictors in Frith et al. (2017) which is as expected based on social disorganisation theory as more heterogeneous neighbourhoods should be less cohesive and therefore the residents are less willing to exert informal social control. They should therefore be more attractive for offenders. Here, however, and also in Townsley et al. (2016) for residential churn, they were both non-significant. Although further replication is needed to examine this;

particularly as the effects of each variable was estimated to significantly diffe r across the samples, one potential explanation regards the size of the spatial units used as alternatives as much smaller units, average size is ~0.03km 2 , are used in Frith et al. (2017) compared to here and in Townsley et al. (2016) where the average sizes are 0.44km 2 and 8.48km 2 respectively (Frith, 2019).""
  - ""the alternatives in this analysis are output areas, herein referred to as neighbourhoods, which are the smallest units for which the variables in this study are available.""",,"- The paper discusses the use of ""output areas"" or ""neighbourhoods"" as the final unit of analysis, which are the smallest units for which the variables in the study are available.
- The authors mention that larger spatial areas are more heterogeneous and would not capture local variations between sub-areas, suggesting that smaller units like neighbourhoods are preferred for detailed analysis.
- The paper compares the size of spatial units used in different studies, noting that smaller units (~0.03km^2) were used in Frith et al. (2017) compared to larger units (0.44km^2 and 8.48km^2) in other studies. This suggests that alternative units of different sizes were considered in terms of their impact on the analysis.
- The discussion about the size of spatial units implies that larger areas were considered but not used due to their potential to mask local variations.","  - ""For these analyses, revealed preference data for 1,105 recorded3 and solved4 SAC in York committed by 687 offenders living in York between April 2008 and March 2012 were collected.""
  - ""This total is equivalent to approximately 10% of the reported SAC in York during the same time-period (ONS, 2018a) which is comparable (e.g. Frith et al., 2017) or greater (e.g. Bernasco and Nieuwbeerta, 2005) than that used in similar studies.""",,"- The paper explicitly states that the data collection period for the study was ""between April 2008 and March 2012."" This is the specific time frame during which the crime data was collected.
- The mention of ""the same time-period"" in the second quote further confirms that the data collection period is indeed from April 2008 to March 2012.","  - ""For the distance measures, road network data, which included the geometry of all roads, were provided by the Ordnance Survey.""
  - ""the level of affluence in a neighbourhood was calculated as the median price paid for a house between 2006 and 2014 in each neighbourhood according to the UK Land Registry.""
  - ""The social disorganisation and number of potential target variables were calculated using data from the 2011 UK Census.""
  - ""For these analyses, revealed preference data for 1,105 recorded3 and solved4 SAC in York committed by 687 offenders living in York between April 2008 and March 2012 were collected.""",,"- The study used ""revealed preference data for 1,105 recorded and solved SAC in York committed by 687 offenders living in York between April 2008 and March 2012."" This suggests that crime records or police databases were used as a primary source of data.
- The ""2011 UK Census"" was used to calculate social disorganisation and number of potential target variables, indicating that census data was another source.
- The ""UK Land Registry"" was used to calculate the level of affluence in neighborhoods, indicating that administrative records from this registry were used.
- ""Road network data"" was provided by the ""Ordnance Survey,"" which is a government agency responsible for mapping and geographic data in the UK."
Graffiti Writers Choose Locations That Optimize Exposure,"K Kuralarasan, Wim Bernasco, Christophe Vandeviver",-,-,Crime &amp; Delinquency,1,2024,"- The study was limited to the city center of Ghent, focusing on areas with high graffiti incidence.
- Data collection was restricted to street segments, excluding specific objects where graffiti was written.
- Some street segments were not observed and were excluded from the analysis.
- Graffiti along railway tracks or on trains was not observed.
- The study was conducted in a specific urban context, which may not be generalizable.
- The focus was primarily on exposure, which might not cover all motivations for graffiti writers.
- Certain variables were excluded due to inter-rater reliability issues.","The authors mentioned that they used the Poisson model implementation because it is computationally easier to estimate, indicating a computational constraint related to processing time or feasibility. Additionally, the choice of street segments as the spatial unit of analysis was influenced by human observational limitations, which could imply a computational constraint related to data collection and processing. No other explicit computational constraints were mentioned.",No alternative units discussed.,November 2017,Systematic Social Observation (SSO) conducted by a team of 212 observers in Ghent's city center in November 2017,"  - ""The data were collected by a team of 212 observers in November 2017 using systematic social observation (SSO). These observers were undergraduatelevel students from Ghent University who had received training for a month.""
  - ""The observation focused only on the street segments of Ghent city center. We only observed the number of graffiti instances on each street segment, not on the specific objects where it was written.""
  - ""Our final dataset includes information from 2,233 street segments from the original 2,392. A total of 159 segments were not observed for various reasons and were excluded from the analysis""
  - ""We chose to represent street segments using polygons rather than the more common ""line"" representations.""
  - ""The study area does not have transit lines other than the trams and buses on the streets, and we haven't observed graffiti along railway tracks or on trains.""
  - ""While our study offers insights into the spatial preferences of graffiti writers, it has some limitations. First, our observations and conclusions are derived from a specific urban context.""
  - ""Second, we have not observed graffiti along railway tracks or on trains and in locations that were accessible and known only to graffiti writers.""
  - ""Third, while our study primarily examines the roles of exposure in guiding graffiti placement, we acknowledge that these factors may not encompass the full spectrum of motivations for graffiti writers.""
  - ""Finally, in our effort to maintain the consistency of our research, we found it necessary to exclude certain variables from our analysis due to their failure to meet the required inter-rater reliability threshold (Kα < .60).""",,"- The study focused on the city center of Ghent, which was a deliberate choice to ensure practicality and focus on areas with high graffiti incidence (Quote 2). This indicates a spatial limitation due to the study's scope.
- The data collection was limited to street segments in the city center, excluding specific objects where graffiti was written (Quote 4). This suggests a limitation in the granularity of data collection.
- Some street segments were not observed and were excluded from the analysis (Quote 5), which could affect the completeness of the data.
- The study did not observe graffiti along railway tracks or on trains (Quotes 7 and 9), indicating a limitation in the types of locations considered.
- The study was conducted in a specific urban context, which may not be generalizable to other contexts (Quote 8).
- The study primarily focused on exposure, which might not cover all motivations for graffiti writers (Quote 10).
- Certain variables were excluded due to inter-rater reliability issues (Quote 11), which could limit the breadth of factors considered.","  - ""We used the Poisson model implementation because it is computationally easier to estimate.""
  - ""The spatial resolution of a street segment naturally corresponds to human observational limitations.""
  - ""No GVIFs > 1.53 were observed, indicating that multicollinearity is of no concern.""
  - ""We chose to represent street segments using polygons rather than the more common ""line"" representations.""",,"- The first quote suggests that the choice of street segments as the spatial unit of analysis was influenced by human observational limitations, which could imply a computational constraint related to data collection and processing.
- The second quote indicates a choice in data representation (polygons vs. lines) that might be related to computational feasibility, but it does not explicitly mention computational constraints.
- The third quote explicitly states that the Poisson model was chosen because it is computationally easier to estimate, which suggests a computational constraint related to processing time or feasibility.
- The fourth quote addresses multicollinearity, which is a statistical concern rather than a computational constraint.","  - ""We adopted street segments as our spatial unit of analysis, aligning with recent research advocating the use of street segments or similarly sized spatial units for analyzing crime and disorder (Groff et al., 2010;Weisburd et al., 2004).""
  - ""We chose to represent street segments using polygons rather than the more common ""line"" representations. ""Line"" representations fail to adequately capture the complexities of older European city urban spaces, particularly when it comes to accurately portraying intersections and bridges that span canals and rivers.""
  - ""The spatial resolution of a street segment naturally corresponds to human observational limitations. It possesses attributes suitable for direct sensory perception, making it especially relevant for measuring exposure.""",,"- The authors explicitly state that they adopted street segments as their spatial unit of analysis, which suggests that this was their chosen unit after considering alternatives.
- The mention of ""recent research advocating the use of street segments or similarly sized spatial units"" implies that other spatial units might have been considered, but the authors chose street segments due to their suitability for measuring exposure and aligning with human observational limitations.
- The discussion about representing street segments using polygons instead of ""line"" representations indicates that the authors considered different ways to represent their chosen unit of analysis, but this does not necessarily imply alternative units were considered.
- There is no explicit mention of alternative spatial units or scales that were considered and rejected. The focus is on why street segments were chosen and how they were represented.","  - ""The data were collected by a team of 212 observers in November 2017 using systematic social observation (SSO).""
  - ""The observation focused only on the street segments of Ghent city center. We only observed the number of graffiti instances on each street segment, not on the specific objects where it was written.""
  - ""In our study, we analyze graffiti instances in Ghent, Belgium. 1 To ensure practicality in the scope of our observations while still focusing on areas with a high incidence of graffiti, we restricted our study area to the city center of Ghent.""",,"- The paper explicitly states that the data collection period was in November 2017, as indicated by the quote ""The data were collected by a team of 212 observers in November 2017 using systematic social observation (SSO).""
- The study focused on the city center of Ghent, Belgium, which is relevant to understanding the context of the data collection but does not affect the specific time period.
- The observation was limited to street segments in the city center, but again, this does not change the data collection period.","  - ""The data were collected by a team of 212 observers in November 2017 using systematic social observation (SSO).""
  - ""we collected data through Systematic Social Observation in Ghent's city center in November 2017, covering 12,655 graffiti instances across 2,233 street segments.""
  - ""In our study, we analyze graffiti instances in Ghent, Belgium.""
  - ""Data and scripts utilized for this analysis are available on https://github.com/ KKural/SSO_graffiti.""",,"- The primary data source for this study was the systematic social observation (SSO) conducted by a team of 212 observers in Ghent's city center in November 2017. This involved counting graffiti instances and recording street segment characteristics.
- The study did not use police databases, crime records, census data, administrative records, surveys, government agencies, or commercial databases as data sources.
- The data collection was based on direct observation by the team of observers, which is a unique data source for this study.
- The data and scripts used in the analysis are available on GitHub, indicating that the data is publicly accessible."
Modelling the spatial decision making of terrorists: the discrete choice approach,-,-,-,Applied Geography,21,2019,"- The study used Small Areas (SAs) as the spatial unit because sociodemographic variables were not included.
- The geographical boundary data for SAs was obtained from NISRA, indicating reliance on administrative boundaries.
- The dataset was limited by the availability of accurate home locations and the need to exclude cases outside the study area.
- The study was constrained by the unavailability of certain data, such as affluence levels and residential segregation information.
- The use of SAs was influenced by the lack of ecological meaning in areal unit boundaries and the potential inaccuracy in representing local perceptions.
- The study notes that smaller units like street blocks would be more appropriate but were limited by data availability.
- The choice of larger areal units like SAs was also influenced by statistical considerations, such as relaxing the effects of independence of irrelevant alternatives.",No computational constraints mentioned.,"- Wards: The authors considered using wards as an alternative unit, but they were too large (mean area 2.25km^2) and could lead to incorrect estimations of variable effects.
- Street blocks: The authors considered using street blocks as they are more appropriate for examining social disorganisation and other factors. However, they chose not to use these due to data limitations and the need to relax the effects of independence of irrelevant alternatives (IIA) in their model.",1969-1989,"- Existing dataset previously used for a social network analysis of PIRA's active core members;
- The Irish Times newspaper archives;
- Northern Ireland Statistics and Research Agency (NISRA);
- Conflict and Politics in Northern Ireland web service (CAIN);
- Ordnance Survey of Northern Ireland","  - ""As no sociodemographic variables were included in the analysis, it was deemed that SAs would be appropriate to use, and they therefore formed the choice set of alternatives for this study""
  - ""The geographical boundary data for the SAs was obtained from the Northern Ireland Statistics and Research Agency (NISRA).""
  - ""The datasets were created using parts of an existing dataset previously used for a social network analysis of PIRA's active core members (Gill et al., 2014), as well as additional data obtained from The Irish Times newspaper archives.""
  - ""Cases were removed from the dataset if an accurate home location could not be ascertained. Cases were also removed if the home location of the perpetrator was outside of the study area,""
  - ""It was not possible to test the function of such factors and others (e.g. affluence levels), as appropriate figures were unavailable.""
  - ""Areal unit boundaries are arbitrary and lack ecological meaning (Bursik, 1986) and the characteristic data used may not be an accurate representation of the perceptions of those living in the areas (Coulton et al., 2001).""
  - ""Smaller units would enable factors such as the effects of social disorganisation to be touched upon, if the data was available.""
  - ""The theoretical notions apply to much smaller units and the street block is the most appropriate unit for analysis (Taylor, 1997).""
  - ""larger areal units such as small areas relax the effects of independence of irrelevant alternatives (IIA) which is a consideration of the conditional logit estimation.""",,"- The study used Small Areas (SAs) as the spatial unit because sociodemographic variables were not included, and SAs were deemed appropriate for this reason (Quote 1).
- The geographical boundary data for SAs was obtained from NISRA, indicating reliance on administrative boundaries (Quote 2).
- The dataset was limited by the availability of accurate home locations and the need to exclude cases outside the study area (Quotes 3 and 4).
- The study was constrained by the unavailability of certain data, such as affluence levels and residential segregation information (Quotes 5 and 6).
- The use of SAs was influenced by the lack of ecological meaning in areal unit boundaries and the potential inaccuracy in representing local perceptions (Quotes 7 and 8).
- The study notes that smaller units like street blocks would be more appropriate but were limited by data availability (Quotes 9 and 10).
- The choice of larger areal units like SAs was also influenced by statistical considerations, such as relaxing the effects of independence of irrelevant alternatives (Quote 10).","  - ""However, larger areal units such as small areas relax the effects of independence of irrelevant alternatives (IIA) which is a consideration of the conditional logit estimation.""
  - ""The theoretical notions apply to much smaller units and the street block is the most appropriate unit for analysis (Taylor, 1997).""
  - ""Smaller units would enable factors such as the effects of social disorganisation to be touched upon, if the data was available.""
  - ""Areal unit boundaries are arbitrary and lack ecological meaning (Bursik, 1986) and the characteristic data used may not be an accurate representation of the perceptions of those living in the areas (Coulton et al., 2001).""",,"- The paper discusses the choice of spatial units in terms of their ecological validity and the ability to capture social disorganization, but it does not mention any specific computational constraints such as memory limitations or processing time.
- The discussion focuses on the theoretical appropriateness of smaller units like street blocks versus larger units like small areas, but this is more about theoretical considerations rather than computational feasibility.
- The mention of ""independence of irrelevant alternatives (IIA)"" and its impact on estimation is a statistical consideration rather than a computational constraint.
- There is no mention of any software limitations, memory constraints, or processing challenges that influenced the selection of spatial units.","  - ""The geographical boundary data for the SAs was obtained from the Northern Ireland Statistics and Research Agency (NISRA).""
  - ""Since 2011, Northern Ireland has been divided into 4537 'Small Areas' (hereafter, SAs), which are currently the smallest areal unit.""
  - ""5 SAs were designed specifically for statistical purposes and follow physical features of the environment such as roads and rivers (NISRA).""
  - ""a 5 Wards were the smallest geographical unit in Northern Ireland during the period studied (and were revised twice during this time). However, the area that each ward covered was quite large (mean area 2.25km 2 ) and as such it was likely that the effects of some of the variables may be wrongly estimated.""
  - ""As a result, the decision was made to exclude potential social context variables. This meant that it was possible to use a smaller areal unit and therefore increase the potential utility for practitioners.""
  - ""Areal unit boundaries are arbitrary and lack ecological meaning (Bursik, 1986) and the characteristic data used may not be an accurate representation of the perceptions of those living in the areas (Coulton et al., 2001).""
  - ""Smaller units would enable factors such as the effects of social disorganisation to be touched upon, if the data was available. The theoretical notions apply to much smaller units and the street block is the most appropriate unit for analysis (Taylor, 1997).""
  - ""However, larger areal units such as small areas relax the effects of independence of irrelevant alternatives (IIA) which is a consideration of the conditional logit estimation.""",,"- The authors primarily used ""Small Areas"" (SAs) as their unit of analysis, which are the smallest areal units in Northern Ireland.
- They mention that wards were the smallest geographical unit during the period studied, but these were too large and could lead to incorrect estimations of variable effects.
- The authors considered using smaller units like street blocks for analysis, as they are more appropriate for examining social disorganisation and other factors. However, they chose not to use these due to data limitations and the need to relax the effects of independence of irrelevant alternatives (IIA) in their model.
- The decision to use SAs was partly due to their design for statistical purposes and their ability to follow physical features like roads and rivers, making them suitable for the study.","  - ""To test the hypotheses, we collected attacks by members of PIRA, living in the city of Belfast, Northern Ireland, in the period 1969-1989.""
  - ""To qualify for inclusion in the offence dataset, the attack had to be attempted or committed by one member of PIRA residing in Belfast, between 1970 and 1989.""
  - ""The datasets were created using parts of an existing dataset previously used for a social network analysis of PIRA's active core members (Gill et al., 2014), as well as additional data obtained from The Irish Times newspaper archives.""
  - ""The final offence and offender datasets comprised 150 attacks by 127 PIRA members within Belfast.""",,"- The study collected data on attacks by the Provisional Irish Republican Army (PIRA) in Belfast, Northern Ireland, over a specific period.
- The data collection period is explicitly mentioned as ""1969-1989,"" which indicates the time frame during which the attacks were committed.
- The datasets were compiled from existing data and additional information from The Irish Times newspaper archives, which further supports the specified time period.
- The inclusion criteria for the offence dataset specify that attacks had to occur between 1970 and 1989, which aligns with the overall data collection period.","  - ""The location of each attack was geocoded to the corresponding SA. A direct link had to be made with the member of PIRA who committed the attack, whose home address at the time of the attack was known, to qualify for inclusion.""
  - ""Binary indicator variables were used to identify the presence of major thoroughfares (A-roads -as according to the Ordnance Survey of Northern Ireland), military bases and police stations (both identified using the Conflict and Politics in Northern Ireland web service (CAIN) during the period studied.""
  - ""The geographical SA data was obtained from NISRA.""",,"- The study used a dataset that was partially derived from an existing dataset used for a social network analysis of PIRA's active core members, indicating a reliance on previously collected data.
- Additional data was obtained from The Irish Times newspaper archives, which suggests that historical news records were used to gather information on attacks.
- Geographical data for small areas (SAs) was obtained from the Northern Ireland Statistics and Research Agency (NISRA), which is a government agency responsible for statistical data.
- The presence of major thoroughfares, military bases, and police stations was identified using the Conflict and Politics in Northern Ireland web service (CAIN), which is likely a database or resource related to conflict and political events in Northern Ireland.
- The Ordnance Survey of Northern Ireland was used to identify major roads, which is a government agency responsible for mapping and geographical data."
Spatial analysis with preference specification of latent decision makers for criminal event prediction,"Yifei Xue, Donald E Brown",-,-,Decision Support Systems,66,2006,"- Geographical limitation: Data was specific to Northern and Central Virginia and Richmond, VA.
- Aggregation requirement: Alternatives were aggregated into 2517 regular grids due to difficulty in representing individual house locations.
- Data availability issues: Features derived from census data and calculated distance values, which may have limitations in detail and accuracy.
- Correlation between attribute values: Potential correlation between census data and distance calculations could affect model accuracy.","The large number of spatial alternatives for crime analysis makes data preparation and computation time prohibitively expensive, necessitating the use of importance sampling techniques to reduce computational burden.",No alternative units discussed.,"July 1, 1997 - October 31, 1997",Regional Crime Analysis Program (ReCAP); criminal incident reporting mainframe system (RAMS); census data,"  - ""The data for model evaluation came from the Regional Crime Analysis Program (ReCAP). ReCap was created as a cooperative project between local police departments in Northern and Central Virginia and the researchers in the University of Virginia.""
  - ""The specific data set used for evaluating this work came from the criminal incident reporting mainframe system (RAMS). It is the data set used by the police department in Richmond, VA.""
  - ""The features of each spatial alternative come from the combination of census data and calculated distance values.""
  - ""The analysis of B & E is related to locations of households in a city. However, it is difficult to represent all locations of individual houses in even a modest sized city, such as Richmond.""
  - ""Therefore, we aggregated alternatives using 2517 regular grids, which were assumed to be fine enough to represent all spatial alternatives within this area.""
  - ""Since the attributes of spatial alternatives came from census data and calculated distance values, it is possible that some values of these attributes are correlated.""
  - ""Using the calculated correlation values as similarities, we computed hierarchical clusters for all features of observed spatial incidents.""",,"- The study used data from the Regional Crime Analysis Program (ReCAP) and the criminal incident reporting mainframe system (RAMS), which are specific to Northern and Central Virginia and Richmond, VA, respectively. This indicates a geographical limitation in terms of data availability.
- The features used for spatial analysis were derived from census data and calculated distance values, which might have limitations in terms of detail and accuracy.
- The difficulty in representing all individual house locations in Richmond led to the aggregation of alternatives into 2517 regular grids. This aggregation is a limitation as it reduces the precision of spatial analysis.
- The potential correlation between attribute values from census data and distance calculations could affect the accuracy of the models.
- The use of hierarchical clustering to handle correlated features suggests a methodological limitation in dealing with complex data relationships.","  - ""As we have noted several times, the number of spatial alternatives for crime analysis is very large. From an implementation standpoint, this makes the data preparation and computation time prohibitively expensive.""
  - ""To handle this problem, we adopted an importance sampling technique suggested by Ben-Akiva [1]. Sampling alternatives is a commonly applied technique for reducing the computational burden involved in the model estimation process.""",,"- The paper mentions that the large number of spatial alternatives for crime analysis leads to prohibitively expensive data preparation and computation time. This indicates a computational constraint related to processing time and possibly memory, as handling a large number of alternatives is computationally intensive.
- The authors address this constraint by using an importance sampling technique to reduce the computational burden. This suggests that the computational constraint is significant enough to require a specific method to mitigate it.
- The mention of ""prohibitively expensive"" computation time implies that without such techniques, the computational requirements would be too high to manage effectively.","  - ""The analysis of B & E is related to locations of households in a city. However, it is difficult to represent all locations of individual houses in even a modest sized city, such as Richmond. Therefore, we aggregated alternatives using 2517 regular grids, which were assumed to be fine enough to represent all spatial alternatives within this area.""",,"- The authors mention that they aggregated alternatives using 2517 regular grids to represent all spatial alternatives within the area. This suggests that the final unit of analysis was these regular grids.
- The paper does not explicitly mention any alternative spatial units or scales that were considered before selecting the regular grids. The focus is on the method used to aggregate alternatives rather than on alternative units that were rejected.
- The difficulty in representing individual houses due to the large number of them in a city like Richmond is noted, but this is not presented as an alternative unit that was considered and rejected. Instead, it explains why the regular grid approach was chosen.","  - ""We extracted the Residential bBreaking and Enter-ingQ (B & E) criminal incidents between July 1, 1997 and October 31, 1997 in the city of Richmond, VA for model estimation and validation.""
  - ""The residential B & E incidents between October 1, 1997 and October 31, 1997 were used as testing data set.""
  - ""The data from the first three months are used for model estimation. The observations of October 1997 are used for model validation.""",,"- The paper explicitly states that the data collection period for the study was between July 1, 1997, and October 31, 1997. This is the period during which the residential breaking and entering incidents were extracted for model estimation and validation.
- The data was divided into two parts: the first three months (July to September 1997) were used for model estimation, and the month of October 1997 was used for model validation.
- The specific mention of these dates indicates that the data collection period was from July 1, 1997, to October 31, 1997.","  - ""The data for model evaluation came from the Regional Crime Analysis Program (ReCAP).""
  - ""The main table in RAMS is the bReportQ table. The information about the time, location, and narrative description of criminal incidents is stored in table bReportQ.""
  - ""The data from the first three months are used for model estimation. The observations of October 1997 are used for model validation.""
  - ""The features of each spatial alternative come from the combination of census data and calculated distance values.""
  - ""The specific data set used for evaluating this work came from the criminal incident reporting mainframe system (RAMS).""",,"- The paper mentions that the data for model evaluation came from the Regional Crime Analysis Program (ReCAP), which is a cooperative project between local police departments and researchers.
- The specific data set used was from the criminal incident reporting mainframe system (RAMS), which is part of the police department's database.
- The features of spatial alternatives were derived from a combination of census data and calculated distance values, indicating the use of census data as a source.
- The data used for model estimation and validation were from the criminal incident records stored in the RAMS system, specifically from the ""bReportQ"" table."
Do Street Robbery Location Choices Vary Over Time of Day or Day of Week? A Test in Chicago,"Wim Bernasco, Stijn Ruiter, Richard Block",-,-,-,-,-,"- Limited to cleared robberies due to availability of offender addresses.
- Exclusion of robberies committed by non-residents of Chicago.
- Exclusion of robberies on expressways and college campuses due to different law enforcement jurisdictions.
- Lack of information on business opening and closing hours.
- Use of time as a proxy for physical presence and business hours.","- Memory constraints: Sample sizes were chosen to maximize computer memory resources.
- Processing time constraints: Two-hour blocks were chosen over one-hour blocks for efficiency in presenting results and statistical power.
- Computational feasibility concerns: Including lagged effects would have doubled the number of model estimates, which was deemed computationally unfeasible.
- Software limitations: The need to balance computational resources with the complexity of the analysis led to prioritizing temporal over spatial complexity.",No alternative units discussed.,"1996 to 1998 (crime data), 2000 (land use and population data)",Chicago Police Department; U.S. Census; Claritas (now part of marketing research firm Nielsen),"  - ""The analysis is limited to cleared robberies because only for cleared robberies offender addresses are available, and distance from the offender home location is by far the most important predictive factor in crime location choice""
  - ""The sample excludes robberies committed by Chicago residents outside their city, but Bernasco et al. (2013) demonstrated that this selection does not produce biased estimates.""
  - ""The data further exclude a few street robberies that are perpetrated on expressways (covered by the state police) and robberies on college campuses (covered by the university's police).""
  - ""An important caveat of the present analysis is that time (hours, days) is used as a proxy measure for the physical presence of other people and for the tangible circumstance that a certain shop or business is actually open.""
  - ""Unfortunately, the business data did not include information on opening and closing hours and days.""",,"- The study is limited to cleared robberies, which restricts the data to cases where offender addresses are available. This is a data availability issue.
- The study excludes robberies committed by non-residents of Chicago, which is a design choice but also a limitation in terms of data scope.
- Robberies on expressways and college campuses are excluded due to different law enforcement jurisdictions, which is an administrative boundary constraint.
- The lack of information on business opening and closing hours is a data limitation that affects the analysis of temporal patterns.
- The use of time as a proxy for physical presence and business hours is a methodological limitation, as it does not directly measure these factors.","  - ""to reduce the size of the estimation problem, we used a sampling of alternatives technique (McFadden 1978).""
  - ""The sample sizes were chosen to maximally use the computer's memory resources.""
  - ""The choice for two-hour blocks seemed like a reasonable compromise between the need to use a fine-grained temporal measure on the one hand, and the need for statistical power in modeling and efficiency in presenting results on the other hand.""
  - ""A choice in favor of onehour blocks was considered but would have implied twice as many models to be estimated and presented.""
  - ""We did consider the inclusion of lagged effects in the analysis but decided against it. One reason was that including them would have doubled the already quite large number of model estimates.""
  - ""These arguments made us decide that we better use computer resources and statistical power to distinguish between time periods than add another layer of spatial complexity.""",,"- The authors mention using a ""sampling of alternatives technique"" to reduce the estimation problem size, which suggests a computational constraint related to processing large datasets.
- The sample sizes were chosen to maximize computer memory resources, indicating a memory constraint.
- The choice of two-hour blocks over one-hour blocks was influenced by the need for efficiency in presenting results and statistical power, suggesting a processing time constraint.
- The decision not to include lagged effects was due to the large number of model estimates it would have required, indicating a computational feasibility concern.
- The authors prioritized using computer resources to distinguish between time periods over adding spatial complexity, suggesting a trade-off due to computational limitations.","  - ""The spatial units of analysis are census blocks.""
  - ""The blocks had a median size of 19,680 m 2 (approximately 140 Â 140 m), and there were 5,867 blocks without a residential function.""
  - ""About 98.5 percent of these addresses were successfully geocoded and assigned to 1 of the 24,594 census blocks in the city of Chicago.""
  - ""The analysis is limited to cleared robberies because only for cleared robberies offender addresses are available, and distance from the offender home location is by far the most important predictive factor in crime location choice""
  - ""The present article seeks to contribute to the knowledge about how spatial crime patterns depend on the time of the day and the day of the week. Using data on the city of Chicago, we answer the question whether street robbers' crime location preferences vary across the hours of the day and across the days of the week.""",,"- The paper explicitly states that the spatial units of analysis are census blocks, which were used to study street robbery location choices in Chicago.
- The authors mention that they used data on the city of Chicago and assigned addresses to census blocks, indicating that census blocks were the chosen unit of analysis.
- There is no mention of alternative spatial units or scales being considered or rejected in the paper. The focus is on the use of census blocks as the primary unit of analysis.
- The paper provides details about the characteristics of these census blocks, such as their size and the presence of residential functions, but does not discuss any alternative units.","  - ""In 1996 to 1998, the Chicago Police Department recorded 12,938 cases of robbery incidents in outdoor public locations (street robberies) for which at least one person was arrested who was a Chicago resident.""
  - ""To measure small-scale retail activities in the block, we used marketing information collected by Claritas (now part of marketing research firm Nielsen) on businesses in the city of Chicago during the same period the crime data were recorded.""
  - ""The data also include information on the offenders who were arrested for committing these street robberies, including gender, racial and ethnic background, age, and residential address at the time of the robbery.""
  - ""In addition, we collected detailed information on land use, population, and activities in all 24,594 census blocks of the city of Chicago in the year 2000.""",,"- The primary data collection period for the crime data is specified as 1996 to 1998, as indicated by the recording of robbery incidents by the Chicago Police Department.
- The data on offenders, including demographic information, was collected during the same period as the crime data, which is 1996 to 1998.
- The information on land use, population, and activities in census blocks was collected in the year 2000, which is slightly after the crime data collection period.
- The marketing information on businesses was collected during the same period as the crime data, which is 1996 to 1998.","  - ""Our analysis combines information collected from the Chicago Police Department, the U.S. Census, and a marketing research firm.""
  - ""In 1996 to 1998, the Chicago Police Department recorded 12,938 cases of robbery incidents in outdoor public locations (street robberies) for which at least one person was arrested who was a Chicago resident.""
  - ""To measure the local presence of illegal retail activities, in particular drugs dealing, prostitution, and illegal gambling, geocoded incident files of the Chicago Police Department of the years 1996 to 1998 were aggregated to the census block level.""
  - ""In addition, we collected detailed information on land use, population, and activities in all 24,594 census blocks of the city of Chicago in the year 2000.""
  - ""To measure small-scale retail activities in the block, we used marketing information collected by Claritas (now part of marketing research firm Nielsen) on businesses in the city of Chicago during the same period the crime data were recorded.""
  - ""The data also include information on the offenders who were arrested for committing these street robberies, including gender, racial and ethnic background, age, and residential address at the time of the robbery.""",,"- The study used data from the Chicago Police Department, which provided crime records and information about offenders.
- The U.S. Census was used to gather data on land use, population, and activities in census blocks.
- A marketing research firm, specifically Claritas (now part of Nielsen), provided data on small-scale retail activities.
- The study combined these sources to analyze street robbery location choices."
Go where the money is: modeling street robbers' location choices,"Wim Bernasco, Richard Block, Stijn Ruiter",-,-,-,-,-,"- The study uses census blocks as the spatial unit of analysis, which is a finer scale than previously used large urban areas or census tracts.
- The selection of census blocks was influenced by their small size and detailed data availability.
- The study excluded blocks with no land and robberies committed outside Chicago city boundaries.
- A limitation of the data was the inability to track offenders across multiple robberies.
- The assumption that robbers have detailed knowledge of all census blocks is a strong one.
- The study did not have access to information on prior crimes or past residential addresses of offenders.","- Computational constraint: Estimating the multinomial logit model on the full dataset would require processing 325 million combinations, exceeding the capabilities of most contemporary computer workstations.
- Memory constraint: Computer memory was strictly limited, necessitating the use of a bootstrapping procedure and reducing the sample size for the universal logit model from 6000 to 4000.",Street segments and street corners were considered as alternative units but not used; the authors chose census blocks for their analysis to capture fine-grained spatial decisions.,1996-1998,Chicago Police Department; US 2000 Census; Claritas marketing information,"  - ""In this article, we introduce three major advances over prior work on crime location choice. The first applies to spatial scale. While classic studies on the geography of crime (Shaw and McKay, 1942;Sampson et al., 1997) have used large urban areas as their spatial units of analysis, recent research suggests that often crime concentrations are not larger than a street segment (Smith et al., 2000;Weisburd et al., 2004) or street corner (McCord and Ratcliffe, 2007). To improve our understanding of the fine-grained spatial decisions of street robbers, we zoom in to the level of census blocks.""
  - ""In Chicago, with an average surface of 140 m Â 140 m (460 ftÂ 460 ft) and an average population of 118 residents, census blocks are approximately 30 times smaller than census tracts.""
  - ""The data further include detailed information on land use, population and activities in all census blocks in the city of Chicago. In 2000, there were 24,736 census blocks in Chicago. The 142 blocks that had no land were excluded from the analysis.""
  - ""The Chicago Police Department recorded 75,065 street robberies from 1996 through 1998 (for an analysis of total robbery counts per census tract, see Bernasco and Block, 2011). Not all these cases result in an arrest. In fact, in the large majority of cases (82.8%), the offenders escape arrest. The present analyses include the 12,938 cleared cases (17.2%) where at least one person was arrested who was a resident of Chicago.""
  - ""Our sample excludes the robberies that Chicago residents committed outside the city boundaries. In note 5, we demonstrate that this selection does not result in biased estimates.""
  - ""the data did not allow us to identify offenders across multiple robberies. More generally, it did not contain information on prior crimes or past residential addresses of the offenders. Therefore, we must treat robbery location choice as a decision somewhat isolated from the offender's past experiences.""
  - ""Our discrete choice model assumes that robbers in Chicago know the attributes of all 24,594 census blocks. This is a strong assumption, as robbers will typically have detailed knowledge only of the area in the vicinity of their home and around specific activity nodes that are part of their daily routines, legal ones like school, work and leisure and possibly illegal ones like dealing of buying drugs.""",,"- The study uses census blocks as the spatial unit of analysis, which is a finer scale than previously used large urban areas or census tracts. This choice was made to better understand the fine-grained spatial decisions of street robbers.
- The selection of census blocks was influenced by their small size and detailed data availability, which allowed for a more precise analysis of crime location choices.
- The study excluded blocks with no land and robberies committed outside Chicago city boundaries, which could have introduced bias if included.
- A limitation of the data was the inability to track offenders across multiple robberies, which meant that each robbery was treated as an isolated event without considering past experiences.
- The assumption that robbers have detailed knowledge of all census blocks is a strong one, as in reality, robbers likely have limited knowledge of areas outside their immediate vicinity.
- The study did not have access to information on prior crimes or past residential addresses of offenders, which could have provided additional context for location choices.","  - ""Estimating a multinomial logit model on the full data set including all robbers and all census blocks, would involve approximately 25,000 Â 13,000 ¼ 325 million decision-maker-by-alternative combinations. Given the iterative nature of maximum likelihood estimation, this task exceeds the limits of most contemporary computer workstations (we used Stata/MP version 11 running on an Intel Xeon 8-core CPU at 2.27 GHz with 12 Gb RAM).""
  - ""Subsequently, the universal logit model was extended with the 15 same attributes of second-order spatially adjacent blocks (because of computer memory limitations we used a sample of 4000 instead of 6000 alternatives for this analysis).""
  - ""A still more robust set of estimates was obtained with a bootstrapping procedure. Given that our computer memory was strictly limited but not our time, we repeated the analysis just described 25 times, each time selecting a different set of 6000 robberies and for each robbery also selecting a different random sample of 5999 alternative nonchosen blocks.""
  - ""Knowing that most offenders commit crimes near their own home, it seems intuitive that 'importance sampling', a procedure that in this case gives more weight to nearby alternatives, would yield more efficient estimates. However, we decided not to use importance sampling because Ben-Akiva and Lerman (1994) argue that despite its intuitive appeal, importance sampling is not more efficient than simple random sampling for estimation purposes.""",,"- The authors mention that estimating the multinomial logit model on the full dataset would require processing 325 million combinations, which exceeds the capabilities of most contemporary computer workstations. This indicates a computational constraint due to the sheer size of the data.
- The use of a random sample of 6000 census blocks per robbery was a strategy to manage this computational constraint, as it reduced the number of combinations to be processed.
- The authors also mention that computer memory was strictly limited, which necessitated the use of a bootstrapping procedure to obtain robust estimates. This suggests a memory constraint.
- For the universal logit model, the authors had to reduce the sample size from 6000 to 4000 due to computer memory limitations, further indicating memory constraints.
- The decision not to use importance sampling was based on theoretical arguments rather than computational constraints, so it does not directly relate to computational limitations.","  - ""The first applies to spatial scale. While classic studies on the geography of crime (Shaw and McKay, 1942;Sampson et al., 1997) have used large urban areas as their spatial units of analysis, recent research suggests that often crime concentrations are not larger than a street segment (Smith et al., 2000;Weisburd et al., 2004) or street corner (McCord and Ratcliffe, 2007). To improve our understanding of the fine-grained spatial decisions of street robbers, we zoom in to the level of census blocks.""",,"- The authors mention that classic studies have used large urban areas as spatial units of analysis, but they decided to use a finer scale.
- They note that recent research suggests crime concentrations are often smaller than a street segment or street corner, which implies these could be alternative units.
- However, the authors chose to use census blocks as their unit of analysis to improve understanding of fine-grained spatial decisions.
- The mention of street segments and street corners suggests these were considered as alternative units, but the authors opted for census blocks for their analysis.","  - ""The Chicago Police Department recorded 75,065 street robberies from 1996 through 1998""
  - ""The Chicago Police Department recorded 75,065 street robberies from 1996 through 1998 (for an analysis of total robbery counts per census tract, see Bernasco and Block, 2011).""
  - ""The data further include detailed information on land use, population and activities in all census blocks in the city of Chicago. In 2000, there were 24,736 census blocks in Chicago.""
  - ""The data on these incidents include the date, the time, the number of arrested offenders involved, and the nearest address to where the robbery was committed.""",,"- The paper mentions that the Chicago Police Department recorded 75,065 street robberies from 1996 through 1998. This indicates that the crime data was collected during these three years.
- The data on incidents includes dates and times, which further supports that the data collection period was from 1996 to 1998.
- The mention of 2000 in relation to the number of census blocks does not indicate a data collection period but rather provides context about the number of census blocks at that time.
- The focus on the years 1996 through 1998 is consistent throughout the paper when discussing the collection of crime data.","  - ""Using data on nearly 13,000 robberies, on the approximately 18,000 offenders involved in these robberies, and on the nearly 25,000 census blocks in the city of Chicago, we utilize the discrete choice framework to assess which criteria motivate the location decisions of street robbers.""
  - ""The Chicago Police Department recorded 75,065 street robberies from 1996 through 1998 (for an analysis of total robbery counts per census tract, see Bernasco and Block, 2011).""
  - ""The present analyses include the 12,938 cleared cases (17.2%) where at least one person was arrested who was a resident of Chicago.""
  - ""The data on these incidents include the date, the time, the number of arrested offenders involved, and the nearest address to where the robbery was committed.""
  - ""The data also contains information on the 18,114 offenders who have been arrested for committing these street robberies, including gender, racial and ethnic background, age and residential address at the time of the robbery.""
  - ""The data further include detailed information on land use, population and activities in all census blocks in the city of Chicago.""
  - ""To measure the presence of legal cash economies and small scale retail activities in the block, we used marketing information collected by Claritas (www.claritas.com) on businesses in the city.""
  - ""To measure the local presence of illegal cash economies in the form of drugs, prostitution and gambling transactions, geocoded incident files of the Chicago Police Department of the Years 1996-1998 were aggregated to the census block level.""
  - ""Information on block population was obtained from the US 2000 Census.""",,"- The study uses data from the Chicago Police Department, specifically records of street robberies from 1996 to 1998, which includes information on the incidents and offenders.
- The data includes information on the location of robberies, which is linked to census blocks in Chicago, indicating the use of census data.
- The study also uses marketing information from Claritas to assess legal cash economies and retail activities.
- Geocoded incident files from the Chicago Police Department are used to measure illegal cash economies.
- The US 2000 Census is used for population data."
The usefulness of past crime data as an attractiveness index for residential burglars,"Aiko Hanayama, | Shumpei Haginoya, Hiroki Kuraishi, Masakazu Kobayashi",-,-,,5,2018,"- Data availability: Limited by the unavailability of certain data such as real estate values.
- Administrative boundary constraints: Difficulty in defining a single city centre point in Japan.
- Aggregation requirements: Use of 500m grid cells due to equal size for unbiased comparison.
- Generalizability: Results are specific to Sendai City and may not apply to other areas.",No computational constraints mentioned.,No alternative units discussed.,"- Solved cases data: 2007-2015
- Past crime data: 2004-2006
- Neighborhood characteristics: 2010",Japanese national police register; 2010 Japanese national census data,"  - ""the Japanese national census includes data describing the population who lived in a different place for 5 years previously that we can use to describe the degree of residential mobility.""
  - ""The Japanese national census, in addition to neighbourhood units, makes data aggregated by grid cell unit available. The size of grid cells is 500 m on a one side and comes with specified longitude and latitude data.""
  - ""Using grid cells as alternatives in the conditional logit model allows the unbiased comparison of alternatives, because the grid cells are equal in size.""
  - ""Unfortunately, other attributes, such as the real estate value of residences in Japan, are not readily available.""
  - ""And given that it is relatively common that elements of the city centre (e.g., main stations, government buildings, public facilities, and commercial facilities) are distributed widely inside cities in Japan, it is difficult to define a single point as the city centre in Japan.""
  - ""Therefore, we were only able to use the distance from offender's residence, the number of residential units, the proportion of singlefamily dwellings, the proportion of foreigners, and the proportion of newcomers as variables that could be integrated into the conditional logit model of residential burglar crime location choice process in this study.""
  - ""Different results from previous studies are expected from this study because the results of using the indices described above vary among countries and cities (Townsley et al., 2015).""
  - ""Finally, these results are obtained only from the data of Sendai City in Japan and might not be applicable to all countries and cities.""",,"- The study used data from the Japanese national census, which provides data aggregated by grid cell units. This suggests that the choice of spatial units was influenced by the availability of data in this format.
- The use of 500m grid cells was chosen because it allows for unbiased comparison due to their equal size, indicating a constraint related to data aggregation and analysis requirements.
- The study was limited by the unavailability of certain data, such as real estate values, which could not be included in the analysis.
- The difficulty in defining a single city centre point in Japan due to the widespread distribution of city centre elements limited the variables that could be used in the study.
- The study's findings are specific to Sendai City and may not be applicable to other areas, indicating a limitation related to the generalizability of the results.
- The study's focus on Japan and the specific characteristics of its cities and data availability influenced the choice of spatial units and variables.","  - ""Therefore, we were only able to use the distance from offender's residence, the number of residential units, the proportion of singlefamily dwellings, the proportion of foreigners, and the proportion of newcomers as variables that could be integrated into the conditional logit model of residential burglar crime location choice process in this study.""
  - ""And given that it is relatively common that elements of the city centre (e.g., main stations, government buildings, public facilities, and commercial facilities) are distributed widely inside cities in Japan, it is difficult to define a single point as the city centre in Japan.""
  - ""Unfortunately, other attributes, such as the real estate value of residences in Japan, are not readily available.""
  - ""The size of grid cells is 500 m on a one side and comes with specified longitude and latitude data.""
  - ""Using grid cells as alternatives in the conditional logit model allows the unbiased comparison of alternatives, because the grid cells are equal in size.""",,"- The authors mention the use of grid cells as a method to ensure unbiased comparison due to their equal size, which suggests a computational choice rather than a constraint.
- The size of the grid cells is specified, but there is no mention of this being due to computational constraints.
- The unavailability of certain data, such as real estate values, is noted, but this is not framed as a computational constraint.
- The difficulty in defining a city center due to its distributed nature is a conceptual challenge rather than a computational one.
- The selection of variables for the model is based on availability and relevance rather than computational limitations.","  - ""The Japanese national census, in addition to neighbourhood units, makes data aggregated by grid cell unit available. The size of grid cells is 500 m on a one side and comes with specified longitude and latitude data. Using grid cells as alternatives in the conditional logit model allows the unbiased comparison of alternatives, because the grid cells are equal in size.""
  - ""The definition of the city centre is even left unspecified in some previous studies (Bernasco et al., 2015), and the mixed results that can be caused by this are evident in these studies.""
  - ""The definition of city centre used in previous studies differs by countries and cities though; for example, the neighbourhood called Zuidwal is defined as a city centre in the Hague (Bernasco, 2006;Bernasco & Nieuwbeerta, 2005), whereas the Central Business District is defined as a city centre in Brisbane, Australia (Townsley et al., 2016).""
  - ""Unfortunately, other attributes, such as the real estate value of residences in Japan, are not readily available. And given that it is relatively common that elements of the city centre (e.g., main stations, government buildings, public facilities, and commercial facilities) are distributed widely inside cities in Japan, it is difficult to define a single point as the city centre in Japan.""
  - ""Ratcliffe (2003) showed that physical boundaries separating neighbourhoods, such as highways and parkland, do not form barriers to the movement of residential burglars.""",,"- The authors mention using grid cells as their unit of analysis, which are 500 meters on each side. This is the primary spatial unit used in their study.
- The paper discusses the use of neighbourhood units as an alternative, but it does not provide detailed descriptions or reasons for not using them as the primary unit.
- The mention of physical boundaries and the difficulty in defining a city centre suggests that these were not considered as alternative units due to their complexity and variability.
- The paper does not explicitly discuss other alternative spatial units or scales that were considered but not used.","  - ""Solved cases data were collected from the Japanese national police register on detected residential burglaries committed by solitary burglars between 2007 and 2015 who lived in the study area in Sendai City.""
  - ""The number of past residential burglaries and the past residential burglary rate were calculated from reported cases collected in the Japanese national police register between 2004 and 2006.""
  - ""Variables describing neighbourhood characteristics-the number of residential units, the proportion of single-family dwellings, the proportion of foreigners, and the proportion of newcomers-were obtained from 2010 Japanese national census data.""",,"- The first quote indicates that the data on solved residential burglary cases was collected from the Japanese national police register between 2007 and 2015. This is the primary data collection period for the study's focus on crime location choice processes.
- The second quote specifies that past crime data, specifically the number of past residential burglaries and the past residential burglary rate, were calculated from cases reported between 2004 and 2006. This is a separate data collection period used to establish historical crime patterns.
- The third quote mentions that neighborhood characteristics were obtained from the 2010 Japanese national census data. This is a specific point in time when demographic data was collected.","  - ""Variables describing neighbourhood characteristics-the number of residential units, the proportion of single-family dwellings, the proportion of foreigners, and the proportion of newcomers-were obtained from 2010 Japanese national census data.""
  - ""Solved cases data were collected from the Japanese national police register on detected residential burglaries committed by solitary burglars between 2007 and 2015 who lived in the study area in Sendai City.""
  - ""The number of past residential burglaries and the past residential burglary rate were calculated from reported cases collected in the Japanese national police register between 2004 and 2006.""
  - ""We used data from 369 solved cases committed by 70 offenders and related these data to 1,134 areas (500 m grid cells) in Sendai City, Japan.""",,"- The study used data from ""369 solved cases committed by 70 offenders,"" which were obtained from the ""Japanese national police register."" This indicates that one of the data sources was police records of solved residential burglary cases.
- The study also used ""2010 Japanese national census data"" to obtain information about neighborhood characteristics such as the number of residential units, the proportion of single-family dwellings, the proportion of foreigners, and the proportion of newcomers. This is a second data source.
- The ""Japanese national police register"" was again used to calculate the number of past residential burglaries and the past residential burglary rate, which is another aspect of the police data used in the study."
Adolescent offenders' current whereabouts predict locations of their future crimes,Wim Bernasco,-,-,PLoS ONE,21,2019,"- Overrepresentation and underrepresentation of certain educational qualification groups due to school selection.
- High attrition rate due to difficulties in contacting students who left their original schools.
- Incomplete police data due to unreported crimes and unapprehended offenders.
- Limited availability of reliable crime data due to the discontinuation of the HKS system in 2013.
- Measurement period did not include summer months, potentially missing outdoor activities.","- High fieldwork costs limit sample size to less than 1,000 participants.
- Participants' memory limitations restrict data collection to a few days.
- Sparseness of data due to the ratio of crimes to grid cells affects model accuracy.",No alternative units discussed.,"- First wave data collection: October 2008 to May 2009
- Second wave data collection: November 2010 to June 2011
- Crime data collection: Up to 2012","Police records from the Dutch National Police (HKS information system); LISA dataset (commercial geo-referenced dataset); Study of Peers, Activities and Neighborhoods (SPAN) - self-report questionnaires and personal space-time budget interviews","  - ""The sample was designed to be conducted among a cohort of 1st graders (ages 12-13) and a cohort 4th graders (ages 15-16).""
  - ""The sample was representative for adolescents in The Hague of these age groups in terms of gender and ethnic background.""
  - ""due to the selection of the 10 schools it contained an overrepresentation of adolescents enrolled in schools preparing for lower-level educational qualifications (18% against 15% in the population) and higher-level educational qualifications (23% against 19% in the population) and an underrepresentation of the intermediate group (59% against 66% in the population).""
  - ""The main reason for the 27% attrition rate is that students who had left the school they attended in the first wave were difficult to contact.""
  - ""Police data are not collected for the purpose of scientific research, and they are incomplete for two reasons. First, police data on crime exclude those crimes that victims did not report to the police.""
  - ""Second, police data on offenders are incomplete because they exclude offenders who are not apprehended.""
  - ""Since both selection mechanisms-reporting and clearance-are unlikely to be random, generalizations based on police data must be made with great caution.""
  - ""The HKS system is used for investigative purposes and contains data about all persons who have been suspected of having committed a crime serious enough, and supported by enough evidence, to warrant prosecution.""
  - ""The system has been taken out of service in 2013, making 2012 the last year over which full and reliable crime data can be obtained.""
  - ""the measurement of the participants' whereabouts took place October-May, a period during which the maximum daily temperature averages ~10˚Celsius. It did not include the summer (June-September, when maximum daily temperature averages ~20˚Celsius) a time of year during which young people in the age group of the sample spend less time in home-based sedentary activities and more time outdoors""",,"- The study's sample was limited by the selection of schools, leading to an overrepresentation of certain educational qualification groups and an underrepresentation of others (Quote 3).
- The attrition rate was high due to difficulties in contacting students who had left their original schools (Quote 4).
- Police data used in the study were incomplete due to unreported crimes and unapprehended offenders (Quotes 5 and 6), which could bias the results.
- The police data system (HKS) was discontinued in 2013, limiting the availability of reliable crime data to before that year (Quote 9).
- The measurement period for participants' whereabouts did not cover the summer months, potentially missing outdoor activities that could influence crime locations (Quote 10).","  - ""Compared to data automatically extracted from mobile phone networks (e.g., [8,10,20,22]), space-time budget data has two disadvantages. First, because of the high fieldwork costs, samples sizes are generally limited to less than 1,000 whereas mobile phone network data typically include over 40,000 phone users.""
  - ""Second, because of participants' memory limitations, reliable space-time budget data cannot cover more than a few days whereas mobile phone data often cover multiple months or even years.""
  - ""the sparseness of the data (165 crimes relative to the total number of 4558 grid cells), but it also indicates that there is a fair amount of heterogeneity that is not covered by the explanatory variables.""",,"- The first quote mentions that the high fieldwork costs limit the sample size to less than 1,000 participants, which is a computational constraint related to data collection and resource limitations.
- The second quote highlights the limitation due to participants' memory, which restricts the duration of data collection to a few days, affecting the temporal scope of the study.
- The third quote refers to the sparseness of the data, which is a computational constraint related to the ratio of data points to grid cells, affecting the model's ability to capture heterogeneity.","  - ""the full choice set of 4558 locations (67 × 67 = 5092 grid cells of 200x200m each, minus 544 grid cells completely located on the North Sea).""
  - ""The points of interest in the period 2008-2010 were extracted from the LISA, a commercially available geo-referenced dataset on all branches of businesses and facilities in The Netherlands, including both commercial and public facilities""
  - ""the spatial resolution of space-time budget data can be chosen by the researcher.""
  - ""the characteristic size of the area covered by the mobility of a single person up to time t is indicated by his or her radius of gyration""",,"- The paper discusses the use of a ""radius of gyration"" as a measure of the area covered by an individual's mobility, which suggests a consideration of spatial scales in terms of distance and area.
- The mention of a ""lognormal distribution with a mean of 3.2 km"" for the radius of gyration indicates that the authors considered spatial scales in terms of kilometers.
- The paper notes that the ""spatial resolution of space-time budget data can be chosen by the researcher,"" which implies flexibility in selecting spatial units.
- The use of ""points of interest"" from a geo-referenced dataset suggests consideration of specific locations and facilities as potential spatial units.
- The ""discrete spatial choice approach"" and the ""full choice set of 4558 locations"" indicate that the authors ultimately chose to use grid cells as their spatial unit of analysis.
- There is no explicit mention of alternative spatial units or scales being considered and rejected. The focus is on the chosen grid cell approach and the radius of gyration as a measure of mobility.","  - ""Data collection of the first wave took place between October 2008 and May 2009.""
  - ""Data collection of the second wave took place between November 2010 and June 2011.""
  - ""Within four years after completing the first space-time budget interview, 70 (14%) of the 517 who had given permission to have their data linked to other sources had committed at least one offense in the study catchment area that was brought to the attention of the police.""
  - ""The police records were drawn from the HKS information system. The HKS system is used for investigative purposes and contains data about all persons who have been suspected of having committed a crime serious enough, and supported by enough evidence, to warrant prosecution. The HKS contains information about the complete criminal record of the individuals. The system has been taken out of service in 2013, making 2012 the last year over which full and reliable crime data can be obtained.""
  - ""The crimes took place between at least 35 days and no more than 1484 days (4 years) after the space-time budget interview was administered, with a mean of 791 days (2 years and two months, see S2 Table""",,"- The data collection for the study occurred in two waves: the first wave was between October 2008 and May 2009, and the second wave was between November 2010 and June 2011.
- The crime data was collected from police records, which were accessed from the HKS system. The HKS system was in use until 2013, indicating that crime data was collected up to 2012.
- The study period for observing crimes committed by participants started after the first wave of data collection and continued for up to four years, with a mean of 2 years and two months.
- The data collection period for the study includes both the initial data collection from participants and the subsequent collection of crime data from police records.","  - ""Police records were screened for evidence of crime involvement of the 517 participants who consented that additional information about them be collected.""
  - ""Access to police records was provided by the unit The Hague of the Dutch National Police.""
  - ""The police records were drawn from the HKS information system.""
  - ""The HKS system is used for investigative purposes and contains data about all persons who have been suspected of having committed a crime serious enough, and supported by enough evidence, to warrant prosecution.""
  - ""I used numbers of points of interest as a generic measure of crime opportunity for each of the grid cells in the study area.""
  - ""The points of interest in the period 2008-2010 were extracted from the LISA, a commercially available geo-referenced dataset on all branches of businesses and facilities in The Netherlands,""
  - ""The Study of Peers, Activities and Neighborhoods (SPAN) is a two-wave panel study among adolescents in The Hague, the Netherlands, and its suburbs.""
  - ""Data collection of the first wave took place between October 2008 and May 2009.""
  - ""The study included a selfreport questionnaire and a personal space-time budget interview,""",,"- The study used police records from the Dutch National Police, specifically from the HKS information system, to gather data on crime involvement.
- The LISA dataset, a commercial geo-referenced dataset, was used to extract points of interest related to crime opportunities.
- The Study of Peers, Activities and Neighborhoods (SPAN) provided data through self-report questionnaires and personal space-time budget interviews.
- These sources were used to gather data on the whereabouts and activities of adolescents, as well as their involvement in crimes."
Where Do Dealers Solicit Customers and Sell Them Drugs? A Micro-Level Multiple Method Study,"Wim Bernasco, Scott Jacques",-,-,,26,2015,"- Small sample size (50 dealers) limited statistical inference.
- Recruitment method biased towards mobile dealers selling to strangers, potentially excluding local network dealers.
- Study area selection based on practicality rather than representativeness.
- Street segments used as spatial units were too coarse and not stable over time.
- Reliance on self-report data may introduce biases or inaccuracies.
- Focus on downtown Amsterdam may not generalize to other areas or drug dealing environments.","- Time constraint: Observing each street segment took an average of 15 minutes.
- Resource limitation: Comprehensive observation of all street segments for a week was beyond their resources.
- Temporal disparity: Partial overlap between observation and interview periods may have introduced temporal disparities.
- Sample size limitation: Limited number of observations led to tentative conclusions and lack of statistical significance.","Alternative units discussed include using smaller spatial units such as 10 × 10 m grids or addresses, as well as adopting a unit of analysis that includes tangible characteristics of the ongoing situation. These alternatives were suggested for future research due to the limitations found with using street segments.",April 2009 - May 2010,Interviews with 50 drug dealers; Systematic observations of 262 street segments,"  - ""The overall study sample consisted of 50 subjects who were active as dealers in downtown Amsterdam. They were recruited in the study area between April 2009 and May 2010 by the second author, as part of a larger-scale project on victimization and social control in Amsterdam drug markets (Jacques & Bernasco, 2013).""
  - ""the selection of the study area and the method of recruitment imply that we mainly gained access to mobile dealers who sell in the streets to strangers, in particular but not exclusively to tourists. Dealers who sell mainly through local networks (Eck, 1995) are much less likely to be recruited into our sample.""
  - ""The quantitative findings seem to confirm that dealers go to places where the likelihood of successfully soliciting customers is high, but no evidence is found that they avoid places with informal or formal social control.""
  - ""The second distinguishing feature of the present study is its use of multiple methods. We combine data from prestructured interview questions, narrative data from semi-structured open-ended interview questions, and data collected through systematic street-level observations.""
  - ""The city of Amsterdam, the Netherlands, had a population of 780,500 in 2011 (www. os.amsterdam.nl). A widespread misconception is that in Amsterdam soft drugs (cannabis and psychedelic mushrooms) and hard drugs (including cocaine, ecstasy, and heroin) are legal in one way or another.""
  - ""The 1012 postal code includes as a subarea the Amsterdam Red Light District (""De Wallen""), a network of small streets and alleys with a heavy concentration of legal indoors prostitution services, totaling approximately 370 ""windows"" where prostitutes openly advertise their services.""
  - ""The overall study sample consisted of 50 subjects who were active as dealers in downtown Amsterdam.""
  - ""Structural data collection that aims to rigorously test propositions about spatial criminal choices must utilize sufficiently large samples. Our total sample of 50 dealers was already small, but the subsamples per location choice item (""Recruitment,"" ""Latest solicitation,"" etc.) contained even smaller numbers.""
  - ""The results of the qualitative analysis provide additional insights into the effects of formal social control on location choices. They demonstrate that dealers do carefully consider the presence of formal control when they decide on where to go and what to do.""
  - ""The results of our analysis of the interview transcripts demonstrate that street segments are still too coarse as units of analysis, not only because they still cover too large territory but also because their relevant characteristics are not stable over time.""
  - ""The conclusion to be drawn from this observation could be, as we suggest, that future research should study offending at even smaller spatial units of analysis than street segments (e.g., 10 × 10 m grids, or even addresses).""",,"- The study's sample size was limited to 50 dealers, which is considered small for statistical inference, indicating a limitation in terms of data availability and statistical power.
- The recruitment method focused on mobile dealers selling to strangers, potentially excluding dealers who operate through local networks, which could limit the representativeness of the sample.
- The study area was chosen based on practical considerations, such as the concentration of drug dealing activities in the Red Light District, which might not be representative of all drug dealing locations in Amsterdam.
- The use of street segments as spatial units was deemed too coarse, as their characteristics are not stable over time, suggesting a limitation in the spatial resolution of the data.
- The study's reliance on self-report data from dealers may introduce biases or inaccuracies, as participants may distort the truth or not fully disclose their activities.
- The study's focus on downtown Amsterdam might not generalize to other areas or types of drug dealing environments.","  - ""The observation of a single street segment took 15 minutes on average.""
  - ""In addition, given that drug deals can take place at any hour of the day and at any day of the week, a systematic social observation that would completely cover the times and places of all drug deals would have to observe all 262 street segments 24 hours for at least a full week, which is a task that definitely exceeded our resources.""
  - ""The quantitative findings demonstrate that the dealers who were interviewed displayed a tendency to solicit at locations where potential customers congregate but did not seem to be deterred by the police or other sources of social control. It must be emphasized that these conclusions are highly tentative because they are based on bivariate comparisons that do not take into account any correlations between street segment characteristics, and also due to the limited number of observations they lack statistical significance.""
  - ""The time window for observations only partially overlapped with the time window for interview recruitment period (5 p.m.-10 p.m.), which may have created temporal disparities between when alternative characteristics and revealed preferences were observed.""",,"- The authors mention that observing each street segment took an average of 15 minutes, which indicates a time constraint in data collection.
- They highlight that a comprehensive observation covering all times and places would require observing all 262 street segments for at least a week, which was beyond their resources. This suggests a limitation in terms of observational capacity and time.
- The partial overlap between observation and interview recruitment periods may have introduced temporal disparities, indicating a challenge in aligning data collection periods.
- The authors note that their conclusions are tentative due to the limited number of observations and lack of statistical significance, which implies a constraint related to sample size and statistical power.","  - ""The conclusion to be drawn from this observation could be, as we suggest, that future research should study offending at even smaller spatial units of analysis than street segments (e.g., 10 × 10 m grids, or even addresses).""
  - ""It might, however, be even more worthwhile to adopt a unit of analysis that is not purely spatial but that includes tangible characteristics of the ongoing situation.""
  - ""The results of our analysis of the interview transcripts demonstrate that street segments are still too coarse as units of analysis, not only because they still cover too large territory but also because their relevant characteristics are not stable over time.""
  - ""The rationale was that for decision making in dealing situations, what matters are the characteristics of a place that can be seen or heard, and it seemed that street segments (""street blocks,"" ""face blocks"") are small enough to assure that from any point in the street segment, relevant attributes of any other point in the same segment could be seen and heard.""",,"- The authors initially chose street segments as their unit of analysis because they believed these units were small enough to capture relevant attributes that could be seen or heard from any point within the segment.
- However, upon analyzing the interview transcripts, they found that street segments were still too large and not stable over time, suggesting that smaller units might be more appropriate.
- The authors suggest that future research could use even smaller spatial units such as 10 × 10 m grids or addresses, indicating these as potential alternative units.
- They also mention the possibility of using a unit of analysis that includes tangible characteristics of the ongoing situation, which could be considered an alternative approach to purely spatial units.","  - ""The overall study sample consisted of 50 subjects who were active as dealers in downtown Amsterdam. They were recruited in the study area between April 2009 and May 2010 by the second author, as part of a larger-scale project on victimization and social control in Amsterdam drug markets (Jacques & Bernasco, 2013).""
  - ""Four students were trained as observers and collected observation data on site between April 23, 2009 and May 28, 2009.""
  - ""Observations were conducted during daylight between 9 a.m. and 9 p.m. (more than 95% between 11 a.m. and 7 p.m.), normally on weekdays but occasionally (5%) during the weekend.""",,"- The paper explicitly states that the data collection for the study occurred between April 2009 and May 2010, as indicated by the recruitment period of the dealers.
- Additionally, it specifies that the systematic observations were conducted between April 23, 2009, and May 28, 2009, which is a subset of the overall data collection period.
- The observation period is detailed to have taken place during daylight hours, primarily on weekdays, which further supports the specified time frame.","  - ""Data were collected in interviews with 50 dealers of illicit drugs and through systematic observations of the 262 street segments in the study area.""
  - ""The overall study sample consisted of 50 subjects who were active as dealers in downtown Amsterdam.""
  - ""The interviews with dealers combined highly structured lists of fixed-choice items with an open-ended interview protocol.""
  - ""A subset of 31 of the 50 subjects completed a supplement to the interview that specifically dealt with spatial aspects of selling drugs in downtown Amsterdam.""
  - ""To measure characteristics of the physical and social environment in which the subjects recruited customers and sold drugs to them, we made systematic observations throughout the study area, as mapped in Figure 1""
  - ""Four students were trained as observers and collected observation data on site between April 23, 2009 and May 28, 2009.""
  - ""The observation of a single street segment took 15 minutes on average.""",,"- The study used two primary data sources: interviews with drug dealers and systematic observations of street segments.
- Interviews were conducted with 50 active drug dealers in downtown Amsterdam, which provided qualitative and quantitative data.
- Systematic observations were made of 262 street segments in the study area to gather data on physical and social environmental characteristics.
- The data collection involved both structured and open-ended interview protocols, as well as systematic observations by trained observers.
- There is no mention of using police databases, crime records, census data, administrative records, government agencies, or commercial databases as data sources in this study."
Discrete choice analysis of spatial attack sites,"Michael A Smith, Ae D E Brown, Donald E Brown",-,-,Inf. Syst. E Bus. Manag.,16,2007,"- Focus on breaking and entering crimes in Richmond, VA, limiting generalizability to other crimes or locations.
- Data restricted to residential crimes in the third quarter of 1997, limiting temporal and spatial scope.
- Administrative boundary constraints due to grid circumscribing city limits.
- Grid resolution determined by inter-centroid spacing, affecting spatial analysis precision.
- Aggregation requirements due to demographic data at census block group level, with potential multicollinearity issues.","The authors mention that the grid resolution must be fine enough to capture spatial feature variance, and the choice of grid size and inter-centroid spacing suggests a balance between detail and computational feasibility. No explicit computational constraints like memory limitations or processing time are mentioned.",No alternative units discussed. The paper mentions considering different grid resolutions based on the nature of features used but does not specify other alternative units or scales that were considered but not used.,Third quarter of 1997,Richmond City Records Management Center; publicly available GIS layers; census data,"  - ""The complete dataset consists of all reported breaking and entering crime in the City of Richmond, VA for calendar year 1997.""
  - ""To make the assumption of consistent preferences reasonable, only residential breaking and entering crimes occurring in the third quarter of the year were used.""
  - ""The choice set was defined using the following steps. The smallest rectangle that would wholly circumscribe the boundaries of the City of Richmond was the extents of a grid with 100 rows and 100 columns.""
  - ""A spatial intersection operation was then performed to remove those grid cells falling wholly outside the city limits.""
  - ""The remaining 4,895 centroids constitute the choice set.""
  - ""The north-south inter-centroid spacing is 170 m, the east-west inter-centroid spacing is 191 m.""
  - ""The candidate predictor set, F, consists of proximity measurements to each of 30 features in the geographic space and 38 demographic profile variables aggregated at the census block group level.""
  - ""The presence of such features creates a possibility of extreme multicollinearity if care is not taken in feature selection.""",,"- The study focused on breaking and entering crimes in Richmond, VA, which might limit the generalizability of the findings to other types of crimes or locations.
- The data was restricted to residential crimes in the third quarter of 1997, which could limit the temporal and spatial scope of the analysis.
- The choice set was defined by a grid that circumscribed the city limits, which might introduce administrative boundary constraints.
- The grid resolution was determined by the inter-centroid spacing, which could affect the precision of spatial analysis.
- The use of demographic data aggregated at the census block group level might introduce aggregation requirements and potential issues with multicollinearity.
- The study did not mention any specific privacy concerns or confidentiality requirements, but the use of aggregated data could be related to such considerations.","  - ""The resolution of the grid used must be fine enough to capture the variance of spatial features. Determining adequate resolution depends on the nature of features used.""
  - ""The choice set was defined using the following steps. The smallest rectangle that would wholly circumscribe the boundaries of the City of Richmond was the extents of a grid with 100 rows and 100 columns.""
  - ""If features are aggregated areally, such as demographic data reported by census tract, then a grid resolution finer than the aggregation area is unnecessary.""
  - ""Similarly, if features are proximity measures, such as distances to key locations, then the inter-centroid spacing should be smaller than the minimum distance between these locations.""
  - ""The north-south inter-centroid spacing is 170 m, the east-west inter-centroid spacing is 191 m.""",,"- The paper discusses the need for the grid resolution to be fine enough to capture the variance of spatial features, which implies a computational constraint related to the level of detail required for accurate analysis.
- The authors mention that the grid resolution should be determined based on the nature of the features used, indicating a balance between detail and computational feasibility.
- The choice of grid size (100 rows and 100 columns) and inter-centroid spacing (170 m and 191 m) suggests a compromise between capturing spatial variance and managing computational demands.
- The paper does not explicitly mention memory constraints, processing time, or software limitations, but the discussion on grid resolution implies a consideration for computational feasibility in terms of data processing and analysis.","  - ""The choice set was defined using the following steps. The smallest rectangle that would wholly circumscribe the boundaries of the City of Richmond was the extents of a grid with 100 rows and 100 columns. A spatial intersection operation was then performed to remove those grid cells falling wholly outside the city limits. The remaining 4,895 centroids constitute the choice set. The north-south inter-centroid spacing is 170 m, the east-west inter-centroid spacing is 191 m.""
  - ""The resolution of the grid used must be fine enough to capture the variance of spatial features. Determining adequate resolution depends on the nature of features used. If features are aggregated areally, such as demographic data reported by census tract, then a grid resolution finer than the aggregation area is unnecessary. Similarly, if features are proximity measures, such as distances to key locations, then the inter-centroid spacing should be smaller than the minimum distance between these locations.""",,"- The paper discusses the importance of selecting an appropriate grid resolution to capture the variance of spatial features. This implies that the authors considered different grid resolutions as alternative units.
- The authors mention that if features are aggregated areally, such as demographic data reported by census tract, a grid resolution finer than the aggregation area is unnecessary. This suggests that they considered using census tracts as an alternative unit but decided against it because it was not necessary for their analysis.
- The final choice of a grid with 100 rows and 100 columns, resulting in 4,895 centroids, was based on the need to capture the variance of spatial features effectively. This indicates that the authors selected this grid size after considering the requirements for their analysis.
- The paper does not explicitly mention other alternative units or scales that were considered but not used. The focus is on the grid resolution and its adequacy for capturing spatial feature variance.","  - ""To make the assumption of consistent preferences reasonable, only residential breaking and entering crimes occurring in the third quarter of the year were used.""
  - ""The complete dataset consists of all reported breaking and entering crime in the City of Richmond, VA for calendar year 1997.""",,"- The paper specifies that the complete dataset consists of all reported breaking and entering crimes in the City of Richmond, VA for the calendar year 1997. This indicates that the data collection period is the entire year of 1997.
- However, the paper further narrows down the data used for analysis to only residential breaking and entering crimes that occurred in the third quarter of 1997. This suggests that the specific data collection period for the analysis is the third quarter of 1997.","  - ""The dataset of breaking and entering crime analyzed here was obtained from the Richmond City Records Management Center and augmented with publicly available GIS layers to introduce proximity measurements and census information.""
  - ""The complete dataset consists of all reported breaking and entering crime in the City of Richmond, VA for calendar year 1997.""
  - ""The candidate predictor set, F, consists of proximity measurements to each of 30 features in the geographic space and 38 demographic profile variables aggregated at the census block group level.""",,"- The primary source of data for the study is the ""Richmond City Records Management Center,"" which provided the dataset of breaking and entering crimes.
- The dataset was augmented with ""publicly available GIS layers,"" which are used to introduce proximity measurements.
- The study also used ""census information,"" which is part of the demographic profile variables aggregated at the census block group level.
- The mention of ""census block group level"" indicates that census data was used to obtain demographic variables."
Residential burglary target selection: An analysis at the property-level using Google Street View,"Samuel H Langton, Wouter Steenbeek",-,-,,40,2017,"- Inability of Google Street View to capture isolated properties, leading to a biased sample.
- Preference of burglars for isolated properties, which were not captured.
- Limitation to daylight hours due to Google Street View data availability.
- Selection of neighborhoods based on data availability from a community survey, limiting the number of neighborhoods to 86.
- Concerns about administrative boundary constraints addressed through robustness checks with alternative neighborhood boundaries.",The inability of the Google Car to capture isolated properties leads to a biased sample because these properties cannot be coded. This is a limitation in data collection rather than a computational constraint like memory or processing time.,No alternative units discussed.,2008-2009 (crime event data from 2009; physical attributes collected using GSV images from 2008 and 2009),The Hague Police Force; Official municipality data registrations; Community survey conducted in The Hague; Google Maps and Google Street View,"  - ""The data collection technique is not without its drawbacks. The inability of the Google Car to capture isolated properties inevitably leads to a bias sample, as these cannot be coded.""
  - ""Given that some interviewed offenders even stated that they preferred isolated properties, this is a particularly problematic shortcoming.""
  - ""Robustness checks were carried out using alternative neighbourhood boundaries to explore whether the reported results were a statistical artefact caused by a poorly defined neighbourhood unit.""
  - ""A resolvable issue for future research would be an exploration into whether behaviour varies depending on the time of day (e.g. Montoya, Junger, & Ongena, 2016). One would expect that burglars place less importance on attributes relating to surveillability during hours of darkness.""
  - ""The present study followed suit, and consequently only burglary events within the remaining 86 neighbourhoods were kept in the data. It could therefore be guaranteed that the burglarised sample on the property-level would be nested within usable neighbourhood-level data.""",,"- The study faced limitations due to the inability of Google Street View to capture isolated properties, which led to a biased sample since these properties could not be coded. This is a significant limitation as it affects the representativeness of the data.
- The preference of burglars for isolated properties, which were not captured, further exacerbates this limitation.
- The study was constrained by the availability of data from Google Street View, which limited the analysis to daylight hours and excluded nighttime burglaries.
- The study had to select neighborhoods based on the availability of data from a community survey, which limited the number of neighborhoods included to 86.
- The study conducted robustness checks using alternative neighborhood boundaries to address potential issues with the definition of neighborhood units, indicating a concern about administrative boundary constraints.","  - ""The data collection technique is not without its drawbacks. The inability of the Google Car to capture isolated properties inevitably leads to a bias sample, as these cannot be coded.""
  - ""Given that some interviewed offenders even stated that they preferred isolated properties, this is a particularly problematic shortcoming.""
  - ""A resolvable issue for future research would be an exploration into whether behaviour varies depending on the time of day (e.g. Montoya, Junger, & Ongena, 2016). One would expect that burglars place less importance on attributes relating to surveillability during hours of darkness.""",,"- The authors mention a limitation related to the data collection technique using Google Street View (GSV). The inability of the Google Car to capture isolated properties leads to a biased sample because these properties cannot be coded. This is a computational constraint in terms of data collection and processing.
- The limitation is not about memory or processing time but rather about the capability of the data collection tool (Google Street View) to access and capture data from all types of properties, particularly isolated ones.
- The authors do not mention any specific computational limitations such as memory constraints or processing challenges. The constraint is more about the data collection method's limitations rather than computational resources.","  - ""The principle disadvantage of this research is that it remains unclear whether the actual behaviour by burglars outside of the interview room concurs with these findings.""
  - ""Researchers have recently come to acknowledge the role Google Maps can play in re-imagining the geospatial analysis of crime (Vandeviver, 2014), but its specific role in remedying the field's lack of micro-level data has not yet been established.""
  - ""We argue that collecting new Systematic Social Observation (SSO) data using Google Street View (GSV)dGoogle Maps' built-in virtual reality tooldoffers a cost-effective way to investigate property-level burglary target selection.""
  - ""Thus, the present study uses quantitative data on burglary events and residential units to test the previous findings from offender-based literature, answering calls from recent research (Vandeviver et al., 2015).""
  - ""Quantitative analyses partly support findings from the offender-based research on residential burglary.""
  - ""We encourage future research to consider using GSV as a method of collecting fresh data, with the broader aim of explaining criminal behaviour at micro-spatial scales.""
  - ""Though collecting small-scale bespoke data runs against the grain, this study has shown that by collecting such tailored information, one can shed a different light on a phenomenon than by using readily available, generic data.""
  - ""The data collection technique is not without its drawbacks. The inability of the Google Car to capture isolated properties inevitably leads to a bias sample, as these cannot be coded.""
  - ""A resolvable issue for future research would be an exploration into whether behaviour varies depending on the time of day (e.g. Montoya, Junger, & Ongena, 2016).""
  - ""One would expect that burglars place less importance on attributes relating to surveillability during hours of darkness.""",,"- The paper discusses the use of Google Street View (GSV) as a tool for collecting micro-level data on property-level burglary target selection. This suggests that the authors considered using GSV as a primary method for data collection.
- The authors mention the limitations of using GSV, such as the inability to capture isolated properties, which could imply that they considered alternative methods or units that might address these limitations.
- The paper encourages future research to explore different scales or methods, such as varying the time of day for data collection, which suggests that alternative units or scales were considered but not used in this study.
- The authors do not explicitly mention alternative spatial units or scales that were considered and rejected. Instead, they focus on the advantages and limitations of using GSV for property-level analysis.","  - ""For this study, a selection of 150 dwellings that were burglarised during daylight hours in 2009 is made from geocoded, timestamped data from The Hague Police Force, the Netherlands.""
  - ""the crime event data contains information on all reported burglary incidences reported in the year 2009.""
  - ""Data on the attributes of individual street addresses was primarily collected through Systematic Social Observation (SSO). That is, the recording and encoding of behaviours and environments 'in situ', carried out in accordance with specific procedures in alignment with the aims of empirical research""
  - ""Physical attributes of residential units are therefore captured as close as 1-month beforehand.""
  - ""The availability of GSV images within Google Maps gives the prospect of matching crime data with images that were taken prior to the criminal event.""
  - ""The data collection technique is not without its drawbacks. The inability of the Google Car to capture isolated properties inevitably leads to a bias sample, as these cannot be coded.""",,"- The study used crime event data from 2009, as indicated by the selection of burglarized dwellings during daylight hours in that year.
- The crime event data itself was reported in 2009, suggesting that this is the primary data collection period for crime incidents.
- The physical attributes of residential units were collected using Google Street View (GSV) images, which were available for the years 2008 and 2009. This implies that the data collection for physical attributes occurred around these years.
- The study mentions that physical attributes were captured as close as 1-month beforehand, indicating that the data collection for these attributes likely occurred in 2008 or early 2009 to match the crime events of 2009.
- The use of GSV images taken prior to the criminal event suggests that the data collection for physical attributes was conducted before the actual burglaries occurred in 2009.","  - ""Sourced from The Hague Police Force, the crime event data contains information on all reported burglary incidences reported in the year 2009.""
  - ""Measures for collective efficacy were sourced from a community survey conducted in the city of The Hague in 2009""
  - ""Part of official municipality data registrations, this data source provides information on all addresses and buildings in the Netherlands.""
  - ""The items collected using SSO were selected for the purposes of objectively measuring the four principle concepts deemed particularly prominent in offender-based research.""
  - ""The physical characteristics of these residential units and their immediate surrounding area are measured through Systematic Social Observation (SSO), using Google Maps and its built-in virtual reality tool, Google Street View (GSV).2""",,"- The study used crime event data from The Hague Police Force, which is a government agency, to gather information on burglary incidents.
- Official municipality data registrations were used to obtain information on addresses and buildings in the Netherlands, which is an administrative record.
- A community survey conducted in The Hague in 2009 was used to measure collective efficacy, which is a survey data source.
- Google Maps and Google Street View were used for Systematic Social Observation (SSO) to collect data on physical characteristics of residential units, which is a commercial database.
- The study did not mention using census data or other government agencies beyond the police force and municipality records."