Title,Authors,DOI,DOI link,Venue,Citation count,Year,Effect_Sizes,Software_Used,MAUP_Discussion,Sensitivity_Analysis,Future_Suggestions,"Supporting quotes for ""Effect_Sizes""","Supporting  tables for ""Effect_Sizes""","Reasoning for ""Effect_Sizes""","Supporting quotes for ""Software_Used""","Supporting  tables for ""Software_Used""","Reasoning for ""Software_Used""","Supporting quotes for ""MAUP_Discussion""","Supporting  tables for ""MAUP_Discussion""","Reasoning for ""MAUP_Discussion""","Supporting quotes for ""Sensitivity_Analysis""","Supporting  tables for ""Sensitivity_Analysis""","Reasoning for ""Sensitivity_Analysis""","Supporting quotes for ""Future_Suggestions""","Supporting  tables for ""Future_Suggestions""","Reasoning for ""Future_Suggestions"""
TARGET CHOICE DURING EXTREME EVENTS: A DISCRETE SPATIAL CHOICE MODEL OF THE 2011 LONDON RIOTS *,"Peter Baudains, Alex Braithwaite, Shane D Johnson",-,-,,85,2013,"- Distance from residence: Odds decrease by a factor of 0.6 for every kilometer.
- Presence of schools: Odds increase by a factor of 1.29 to 2.09 for each additional school.
- Presence of a tube station: Odds more than double if an area contains a tube station.
- Retail establishments: Odds increase by a factor of 1.28 for every additional 250 m^2 of retail space.
- Proximity to the Thames River: Odds are up to five times higher if the area is on the same side of the river as the offender's residence.
- Deprivation: Odds increase by a factor of 1.27 to 1.63 for every 10-unit increase in deprivation.
- Population churn: Odds increase by a factor of 1.20 for every 10-unit increase in churn rate.
- Ethnic diversity: Odds increase by a factor of 1.19 for every 10-unit increase in ethnic heterogeneity on one of the days.
- Recent activity: Odds increase by a factor of 1.14 for every additional incident in the previous 24 hours.",Stata 10 SE,No MAUP discussion present.,"No sensitivity analysis performed (the study did not conduct a sensitivity analysis by comparing results across different spatial unit sizes or scales, but they did test for spillover effects using spatially lagged variables).",Not mentioned (the paper does not explicitly propose future suggestions or improvements regarding spatial unit size or spatial unit of analysis),"  - ""Roughly speaking, the odds of an offender selecting an area reduces by a factor of around .6 for every kilometer an area is located from an offender's area of residence.""
  - ""Considering potential (collective) routine activity nodes, all other things being equal, the odds of an offender selecting an area increases by a factor of between 1.29 and 2.09 for every additional school that is located within it""
  - ""the presence of a tube station was a statistically significant predictor of whether an area was selected for August 7 and 9. In fact, on those days, the odds of an area being targeted by an offender more than doubled if it contained a tube station.""
  - ""The effect of retail establishments (hypothesis 5) also was consistent, with the odds of an area being targeted by an offender increasing by a factor of around 1.28 for every additional 250 m 2 of retail facilities located within it.""
  - ""the odds of an offender selecting an area being up to five times higher if that area is on the same side of the river as that within which he or she lived.""
  - ""the odds of an area being selected increases by a factor of between 1.27 and 1.63 for every 10 unit increase in the index of deprivation.""
  - ""the likelihood of an area being selected increased by a factor of around 1.20 for every 10 unit increase in the churn rate of that area.""
  - ""the odds ratio for this variable was only statistically significant on 1 of the 3 days. In this case, on September 8, the odds of an area being targeted by an offender increased by a factor of 1.19 for every 10 unit increase in ethnic heterogeneity within that area.""
  - ""Thus, this suggests that, all other things being equal, offenders were more likely to select an area if offenses had occurred in that area in the previous 24 hours. To illustrate, on September 7, the odds of an area being targeted by an offender increased by a factor of 1.14 for every additional (detected) incident that occurred in that area in the previous 24 hours.""",,"- The paper provides odds ratios for various independent variables that influence offender spatial decision making during the 2011 London riots.
- The odds ratios are given for several factors:
  - Distance from residence: The odds of selecting an area decrease by a factor of 0.6 for every kilometer from the offender's residence.
  - Presence of schools: The odds increase by a factor of 1.29 to 2.09 for each additional school.
  - Presence of a tube station: The odds more than double if an area contains a tube station.
  - Retail establishments: The odds increase by a factor of 1.28 for every additional 250 m^2 of retail space.
  - Proximity to the Thames River: The odds are up to five times higher if the area is on the same side of the river as the offender's residence.
  - Deprivation: The odds increase by a factor of 1.27 to 1.63 for every 10-unit increase in deprivation.
  - Population churn: The odds increase by a factor of 1.20 for every 10-unit increase in churn rate.
  - Ethnic diversity: The odds increase by a factor of 1.19 for every 10-unit increase in ethnic heterogeneity on one of the days.
  - Recent activity: The odds increase by a factor of 1.14 for every additional incident in the previous 24 hours.","  - ""All models are estimated using STATA 10 SE (StataCorp, College Station, TX).""",,"- The paper explicitly mentions the use of ""STATA 10 SE"" for estimating models, which indicates that Stata was the statistical software used for data analysis.
- The version number ""10 SE"" is provided, which specifies the exact version of Stata used in the study.","  - ""To address this issue, the models also were tested with spatially lagged variables. The results were consistent with the model with no spatial lag, and hence, the results were not included in this study.""
  - ""One issue with using smaller areas is that failing to account for potential spillover effects may lead to errors of inference. Spillover effects occur if an offender chooses a location to offend based on the characteristics of nearby areas rather than on the area itself.""
  - ""The advantage of smaller sized units of analysis in the discrete choice approach is that the explanatory variables are more representative of the population and characteristics of each area.""",,"- The authors mention the advantage of using smaller units of analysis, which suggests they are aware of the potential for scale effects and aggregation bias. However, they do not explicitly discuss the Modifiable Areal Unit Problem (MAUP) or ecological fallacy.
- The mention of ""spillover effects"" and the use of ""spatially lagged variables"" indicates an awareness of spatial autocorrelation issues, but again, this is not explicitly linked to MAUP.
- The authors do not provide a detailed discussion on how they address or mitigate MAUP or ecological fallacy in their analysis.","  - ""The advantage of smaller sized units of analysis in the discrete choice approach is that the explanatory variables are more representative of the population and characteristics of each area.""
  - ""Distributions at finer scales of analysis have shown the complexities inherent in the dynamics of riots and often can seem to raise more questions (e.g., Abudu Stark et al., 1974;Bohstedt and Williams, 1988); however, this approach enables us to test the consistency with which targets are chosen during rioting.""
  - ""One issue with using smaller areas is that failing to account for potential spillover effects may lead to errors of inference. Spillover effects occur if an offender chooses a location to offend based on the characteristics of nearby areas rather than on the area itself. To address this issue, the models also were tested with spatially lagged variables. The results were consistent with the model with no spatial lag, and hence, the results were not included in this study.""",,"- The paper discusses the use of smaller spatial units (Lower Super Output Areas, LSOAs) in their analysis, which they argue provides more representative data.
- They mention a potential issue with using smaller areas: spillover effects, where offenders might choose locations based on nearby areas rather than the area itself.
- To address this, they tested their models with spatially lagged variables, which is a form of sensitivity analysis to see if the results change when accounting for these spillover effects.
- The results from the models with spatially lagged variables were consistent with those without, indicating that the findings were robust across different spatial considerations.
- The paper does not explicitly conduct a sensitivity analysis by comparing results across different spatial unit sizes or scales, but they do consider the implications of using smaller units and address potential issues with spillover effects.","  - ""The advantage of smaller sized units of analysis in the discrete choice approach is that the explanatory variables are more representative of the population and characteristics of each area.""
  - ""One issue with using smaller areas is that failing to account for potential spillover effects may lead to errors of inference. Spillover effects occur if an offender chooses a location to offend based on the characteristics of nearby areas rather than on the area itself.""
  - ""The results also were found to be consistent when the standard errors Considering overall model fit, as is observed from table 5, the average McFadden pseudo R-squared across all days of rioting is about .34.""
  - ""In terms of formal methods for modeling decision making of this kind, the discrete choice approach is a class of model that concerns an individual's choice between a set of two or more discrete alternatives (for an overview, see Train, 2003).""
  - ""The aim of the current article was to advance understanding of the spatial decision making of rioters and to consider the utility of different theoretical accounts.""
  - ""The estimates of population churn rates and ethnic heterogeneity were derived using data from the 2001 U.K. Census.""
  - ""The results also provide some support for theories of social disorganization as influencing the spatial decision making of rioters.""
  - ""In terms of the mechanism through which social disorganization might have a part to play, as discussed, cohesive neighborhoods might exert control over their residents to reduce the likelihood that they would engage in the disorder.""
  - ""Another likely influence on offender spatial decision making that was not included in our analysis was the spatial allocation of police resources.""",,"- The paper discusses the use of smaller spatial units (Lower Super Output Areas, LSOAs) as beneficial for representing population characteristics accurately (Quote 1).
- It acknowledges the potential issue of spillover effects when using smaller areas, suggesting a need for methods to account for these effects (Quote 2).
- The paper does not explicitly propose future suggestions or improvements regarding spatial unit size or spatial unit of analysis. Instead, it focuses on the current methodology and findings.
- The discussion on spillover effects implies a potential area for future research or methodological improvement, but it is not explicitly framed as a future suggestion.
- The paper does not mention alternative spatial units or different scales of analysis as future directions."
a_discrete_spatial_choice_model_of_burglary_target.pdf,-,-,-,-,-,-,"- Distance: OR = 0.79 (21% decrease in odds for every kilometer further away)
- Construction type: Semi-detached vs. Terraced: OR = 0.72 (28% decrease in odds)
- Presence of garage: OR = 0.80 (20% decrease in odds)
- Central heating/air-conditioning: OR = 0.68 (32% decrease in odds)","R version 3.0.2, ICTCE 5.5.0","The authors discuss the Modifiable Areal Unit Problem (MAUP) by highlighting that using fine-grained spatial units such as individual houses addresses the issue and reduces aggregation bias. They emphasize the preference for smaller spatial units over larger ones to minimize aggregation bias and spatial heterogeneity, which are components of the MAUP. This approach is seen as providing a more accurate measurement of the environment relevant to offenders' actions.",No sensitivity analysis performed.,"- Use fine-grained spatial units of analysis, such as the house level, to align with offenders' decision-making processes and reduce aggregation bias.
- Prefer smaller spatial units over larger ones for more accurate environmental measurement.
- Explore available house-level data to improve or challenge current findings.
- Consider multiple levels of spatial aggregation, such as neighborhoods or municipalities, in addition to the house level.
- Apply nested logit models to account for multiple levels of spatial aggregation.","  - ""The estimated OR of 0.79 for distance is significant and implies that, ceteris paribus, the odds of a house being selected decrease by 21 percent for every kilometer it is further away from the offender's home.""
  - ""Moreover, the odds of a house being burglarized are 32 percent smaller if it is outfitted with a central heating or air-conditioning system compared to houses that are not outfitted with similar systems.""
  - ""The overall effect of construction type is significant (likelihood ratio test statistic = 8.714; Δdf = 2; p = 0.013) and the partial effect of semi-detached suggests that burglars prefer terraced houses over semi-detached houses. All other things being equal, the odds of a semi-detached house being burglarized is 28 percent smaller than the odds for a terraced house.""
  - ""Similarly, the odds of a house with a garage being burglarized are 20 percent smaller than those of a house without a garage.""
  - ""The ORs describe the amount the odds of a house being selected increase multiplicatively with a one-unit change in the associated independent variable.""",,"- The paper provides odds ratios (ORs) as effect sizes for various independent variables.
- The OR for distance indicates a 21% decrease in the odds of a house being selected for every kilometer it is further away from the offender's home.
- The OR for construction type shows that semi-detached houses have 28% lower odds of being burglarized compared to terraced houses.
- The OR for the presence of a garage indicates that houses with a garage have 20% lower odds of being burglarized compared to those without a garage.
- The OR for central heating/air-conditioning systems shows that houses with these systems have 32% lower odds of being burglarized compared to those without.","  - ""In particular, we ran R version 3.0.2 with ICTCE 5.5.0 on two linked dual socket Intel Xeon X5675 hexacore nodes with 96GB of physical memory.""
  - ""The Ghent University High Performance Computing infrastructure was therefore used to estimate all models.""",,"- The paper mentions the use of the Ghent University High Performance Computing infrastructure, which suggests a high-performance computing environment was utilized for data analysis.
- Specifically, it states that R version 3.0.2 was used, indicating that R was the primary statistical software employed for the analysis.
- The mention of ICTCE 5.5.0 suggests that this software or tool was also used in conjunction with R, although ICTCE is not a commonly recognized statistical software or programming tool in the context of data analysis.
- The use of R version 3.0.2 is explicitly mentioned, providing clear evidence of the software used for data analysis.","  - ""In addition, the use of fine-grained spatial units of analysis such as the house that is burglarized has the advantage that it addresses the modifiable areal unit problem and reduces the risk of aggregation bias (Bernasco, Block, & Ruiter, 2012;Oberwittler & Wikström, 2009).""
  - ""Since micro-places more accurately measure the environment in which the offender acts, it is preferable to conduct geospatial criminological research at the most fine-grained spatial resolution available.""
  - ""Aggregation bias and spatial heterogeneity may impact the outcome of geospatial criminological research. Whenever possible smaller spatial units of analysis are to be preferred over larger spatial units of analysis (Andresen & Malleson, 2011;Oberwittler & Wikström, 2009).""",,"- The paper discusses the Modifiable Areal Unit Problem (MAUP) and aggregation bias in the context of spatial unit selection. The authors mention that using fine-grained spatial units like individual houses helps address these issues.
- The authors highlight that smaller spatial units are preferable to larger ones to reduce aggregation bias and spatial heterogeneity, which are components of the MAUP.
- The paper suggests that micro-places (in this case, individual houses) provide a more accurate measurement of the environment relevant to offenders' actions, which aligns with the idea of minimizing scale effects and aggregation bias.","  - ""This paper addresses this shortcoming and seeks to establish which attributes at the house-level influence offenders' decision when selecting a residential property as a burglary target.""
  - ""the spatial resolution of existing applications of the approach is not aligned with the outcome of offenders' spatial choice behavior and the decisions they are expected to make when looking for a particular burglary target.""
  - ""the use of fine-grained spatial units of analysis such as the house that is burglarized has the advantage that it addresses the modifiable areal unit problem and reduces the risk of aggregation bias""
  - ""Whenever possible smaller spatial units of analysis are to be preferred over larger spatial units of analysis""
  - ""Essentially, burglary is about an offender finding a suitable house to burglarize and committing his offence within a clearly confined space.""
  - ""The study area comprises the entire province of East Flanders (Belgium), a densely urbanized polycentric study area with a population of approximately 1.5 million inhabitants distributed across 12 cities and 53 towns.""
  - ""This study area is much larger in terms of population size, surface area and available alternatives than that of cognate burglary studies, including Bernasco and Nieuwbeerta (2005), Bernasco (2006, 2010b), and Clare, et al. (2009) that have primarily relied on crime data from a single city or metropolitan area.""",,"- The paper discusses the use of a fine-grained spatial unit of analysis, specifically the house, which is a departure from previous studies that used larger spatial units like neighborhoods or postal code areas.
- The study highlights the advantage of using smaller spatial units to address the modifiable areal unit problem and reduce aggregation bias.
- The paper does not mention any sensitivity analysis conducted using different spatial unit sizes or scales. Instead, it focuses on the benefits of using the house as the spatial unit of analysis.
- The study area is described as larger and more diverse than previous studies, but this is not a sensitivity analysis across different spatial scales.
- The paper does not provide any comparison of results across different spatial scales or mention any methodological approaches for sensitivity analysis.","  - ""This paper addresses this shortcoming and seeks to establish which attributes at the house-level influence offenders' decision when selecting a residential property as a burglary target.""
  - ""the spatial resolution of existing applications of the approach is not aligned with the outcome of offenders' spatial choice behavior and the decisions they are expected to make when looking for a particular burglary target.""
  - ""the use of fine-grained spatial units of analysis such as the house that is burglarized has the advantage that it addresses the modifiable areal unit problem and reduces the risk of aggregation bias""
  - ""Whenever possible smaller spatial units of analysis are to be preferred over larger spatial units of analysis""
  - ""Since micro-places more accurately measure the environment in which the offender acts, it is preferable to conduct geospatial criminological research at the most fine-grained spatial resolution available.""
  - ""Future research may continue to invest in this branch of research and could continue exploring what house-level data is available in their country to improve or rebuke the conclusions from this study.""
  - ""Second, like previous crime location choice studies this study did not explicitly acknowledge that offender's consideration with regard to crime site selection apply to multiple levels of spatial aggregation.""
  - ""Testing such models involves applying a variation of the nested logit model""
  - ""Furthermore, a similar analysis could be extended in depth by including additional house attributes and more nuanced environmental attributes of various levels of spatial aggregation.""",,"- The paper emphasizes the importance of using fine-grained spatial units of analysis, specifically at the house level, to better understand burglary target selection. This is because it aligns with the actual decision-making process of burglars and reduces aggregation bias.
- The authors suggest that smaller spatial units are preferable to larger ones because they more accurately reflect the environment in which offenders operate.
- The paper highlights the need for future research to explore available house-level data to improve or challenge current findings, indicating a focus on maintaining or refining the current spatial unit size.
- The authors also suggest that future studies could benefit from considering multiple levels of spatial aggregation, such as neighborhoods or municipalities, in addition to the house level.
- The use of nested logit models is proposed as a methodological improvement to account for these multiple levels of spatial aggregation."
Formal Evaluation of the Impact of Barriers and Connectors on Residential Burglars' Macro-Level Offending Location Choices,"Joseph Clare, John Fernandez, Frank Morgan",-,-,,100,2009,"- Odds ratio for train line presence: 2.08 (full model), 2.34 (restricted sample)
- Odds ratio for river barrier: Not explicitly provided in text, but mentioned as significantly reduced likelihood",Not mentioned (the paper does not specify the software used for data analysis),"The authors discuss the Modifiable Areal Unit Problem (MAUP) by acknowledging the complexity of selecting a spatial scale for burglary analysis. They note that crime rates can vary significantly across small areas, indicating an awareness of aggregation bias. They also highlight the variation in surface size within and between suburbs, which is another MAUP issue. To address these limitations, they suggest using more uniform areas in future research.",No sensitivity analysis performed.,Future research should use more artificially constructed and uniform areas to minimize limitations in spatial analysis. The selection of spatial scale is complex and may require smaller units than neighborhoods to capture variations in crime rates.,"  - ""when an offender lived in a suburb that contained a train line, the likelihood of offending in a suburb that also had a train line increased (by factor of 2.08 in the full choice set model and 2.34 in the restricted sample).""
  - ""The parameter odds ratios and information about model performance are displayed in Table 3""
  - ""the odds ratios reflect the multiplicative factor that alters the odds of a target suburb being selected by an offender for a one unit increase in the relevant variable.""
  - ""The conditional logit model tested here contained 12 parameters and provided an acceptable fit of the burglary target selection data, with McFadden's ρ 2 = 0.27.""
  - ""As displayed in Table 3 , nine of the twelve parameters significantly contributed to the predictive capacity of this model.""
  - ""the likelihood of crossing the river was found to be significantly reduced for the subset of suburbs that were bounded by this physical barrier, thus supporting the hypothesis that motivated this additional analysis.""",,"- The paper uses a discrete spatial choice approach to evaluate the impact of barriers and connectors on residential burglars' macro-level offending location choices.
- The study reports odds ratios as a measure of effect size for the independent variables. Odds ratios indicate how much the odds of an event (in this case, selecting a target suburb) change with a one-unit increase in the independent variable.
- The paper mentions that nine out of twelve parameters were significant, indicating that these variables had a statistically significant impact on the selection of target suburbs.
- Specific odds ratios are provided for the influence of connectors (train lines) and barriers (rivers). For example, the presence of a train line increases the likelihood of offending in a suburb with a train line by a factor of 2.08 in the full model and 2.34 in the restricted sample.
- The paper does not provide specific numerical values for all odds ratios in the text, but it does mention that these are displayed in Table 3, which is not included in the provided text.","  - ""The parameter odds ratios and information about model performance are displayed in Table 3 . The model tested here makes the assumption that all parameters are of equal importance to all burglars. As such, the odds ratios reflect the multiplicative factor that alters the odds of a target suburb being selected by an offender for a one unit increase in the relevant variable. The conditional logit model tested here contained 12 parameters and provided an acceptable fit of the burglary target selection data, with McFadden's ρ 2 = 0.27.""",,"- The paper mentions the use of a ""conditional logit model"" which is a statistical technique often used in discrete choice analysis.
- The mention of ""conditional logit model"" suggests that the analysis was conducted using a software capable of running such models.
- The paper does not explicitly mention the specific software used for the analysis, such as R, Stata, Python, or others.
- The focus on the methodology and results implies that the software used was likely one that supports conditional logit modeling, but without explicit mention, it's impossible to determine the exact software or version used.","  - ""A further issue concerns the selection of the spatial scale for burglary analysis in this case. This is a complex problem and there may be no solution that is applicable across the ecology of different cities.""
  - ""Future research could seek to minimise the impact of this limitation by using more artificially constructed and uniform areas for this type of analysis.""
  - ""Furthermore, a relatively large degree of variation in surface size remained within and between the suburbs contained in the choice set modelled in this case.""
  - ""There is evidence, however, that rates of burglary and other crimes can exhibit large variations across very small populations and areas that in some cases are smaller than neighbourhoods (Bottoms, Mawby, & Walker, 1987).""",,"- The authors mention the complexity of selecting a spatial scale for burglary analysis, which is a key aspect of the Modifiable Areal Unit Problem (MAUP). This suggests they are aware of the issue of scale effects.
- They note that crime rates can vary significantly across small areas, which is related to the concept of aggregation bias in MAUP. This indicates an understanding of how different spatial units can affect analysis outcomes.
- The authors highlight the variation in surface size within and between suburbs, which is another aspect of MAUP, as it can lead to different results depending on the size and boundaries of the spatial units used.
- They suggest future research should use more uniform areas to minimize these limitations, which is a direct reference to addressing MAUP issues by standardizing spatial units.","  - ""A further issue concerns the selection of the spatial scale for burglary analysis in this case. This is a complex problem and there may be no solution that is applicable across the ecology of different cities.""
  - ""Future research could seek to minimise the impact of this limitation by using more artificially constructed and uniform areas for this type of analysis.""
  - ""a relatively large degree of variation in surface size remained within and between the suburbs contained in the choice set modelled in this case.""
  - ""There is evidence, however, that rates of burglary and other crimes can exhibit large variations across very small populations and areas that in some cases are smaller than neighbourhoods""",,"- The paper discusses the issue of selecting an appropriate spatial scale for analyzing burglary patterns, indicating that this is a complex problem without a universal solution.
- It mentions that crime rates can vary significantly across small areas, which suggests that the choice of spatial scale could affect the results.
- The paper notes that there was a large variation in surface size within and between suburbs in their study, which could imply that different spatial scales might yield different results.
- The authors suggest that future research could use more uniform areas to minimize the impact of this limitation, which implies that they did not conduct a sensitivity analysis using different spatial unit sizes or scales in their current study.","  - ""Future research could seek to minimise the impact of this limitation by using more artificially constructed and uniform areas for this type of analysis.""
  - ""There is evidence, however, that rates of burglary and other crimes can exhibit large variations across very small populations and areas that in some cases are smaller than neighbourhoods (Bottoms, Mawby, & Walker, 1987).""
  - ""A further issue concerns the selection of the spatial scale for burglary analysis in this case. This is a complex problem and there may be no solution that is applicable across the ecology of different cities.""
  - ""Furthermore, a relatively large degree of variation in surface size remained within and between the suburbs contained in the choice set modelled in this case.""",,"- The authors discuss the issue of selecting an appropriate spatial scale for burglary analysis, indicating that it is a complex problem without a universal solution applicable to all cities.
- They suggest that future research should aim to minimize the impact of this limitation by using more uniform areas, which implies a need for methodological improvements in defining spatial units.
- The mention of large variations in crime rates across small populations and areas smaller than neighborhoods suggests that the authors are considering the potential benefits of analyzing smaller spatial units.
- The variation in surface size within and between suburbs highlights the need for more uniform spatial units to improve the accuracy of analysis."
Investigating the effect of people on the street and streetscape physical environment on the location choice of street theft crime offenders using street view images and a discrete spatial choice model,"Han Yue, Lin Liu, Luzi Xiao, Y D Wei",-,-,Applied Geography,15,2023,"- Number of people on the street: Odds ratio = 1.114; Increase in odds by 11.4% for every 1000 more people.
- Percent fence: Positive and statistically significant (exact odds ratio not provided).
- Percent plant: Positive and statistically significant (exact odds ratio not provided).
- Percent grass: Negative effect (exact odds ratio not provided).
- Percent sidewalk: Negative effect (exact odds ratio not provided).
- Proximity effect: Odds ratio = 1.297 (Model 1) and 1.295 (Model 2); Increase in odds by 29.5% for every 1 km decrease in distance from home.
- Crime attractors and generators:
  - Schools: Increase in odds by 2.1% for each additional school.
  - Bus stops: Increase in odds by 1.6% for each additional bus stop.","- Deep learning algorithms: Faster R-CNN, Pyramid Scene Parsing Network (PSPNet)
- Statistical models: Discrete spatial choice model, Conditional logit model",No MAUP discussion present.,No sensitivity analysis performed.,"- Future research should consider dynamic changes in on-street population.
- Include small objects like broken windows, litter, and graffiti as signs of physical disorder.
- Narrow down the alternative set for each offender based on their daily activities.","  - ""The estimated odds ratio of the number of people on the street in Model 2 is 1.114, demonstrating that the larger the on-street population is in a community, the more likely the community will be chosen by offenders as the place to execute crimes.""
  - ""The estimated odds ratios of percent fence and plant are also positive and statistically significant.""
  - ""The variables of percent grass and percent sidewalk significantly negatively influence offenders' crime location choices.""
  - ""The estimated odds ratio of the proximity effect is 1.297 in Model 1 and 1.295 in Model 2.""
  - ""The estimated effects of three types of crime attractors and generators (bus stops, subway stations, and schools) are positive and statistically significant in the two models.""
  - ""the odds of an offender preferring a community will increase by 11.4% if the community has 1000 more people on the street.""
  - ""the odds of an offender choosing a community will increase by 29.5% if the distance between the community and the offender's home decreases by 1 km.""
  - ""If a community has one more school, its odds of being chosen will increase by 2.1% (Model 2).""
  - ""the odds of offenders preferring a community will grow by 1.6% if the community has one more bus stop.""",,"- The paper provides odds ratios for several independent variables, which are measures of effect size.
- The odds ratio for the number of people on the street is 1.114, indicating an increase in the likelihood of a community being chosen by offenders with more people on the street.
- The odds ratios for percent fence and plant are positive and statistically significant, but specific values are not provided.
- The variables of percent grass and percent sidewalk have negative effects, but again, specific odds ratios are not provided.
- The proximity effect has an odds ratio of 1.297 and 1.295 in different models, indicating a positive relationship with offenders' choices.
- The paper also provides percentage changes in odds for certain variables, such as a 11.4% increase in odds for every 1000 more people on the street, a 29.5% increase in odds for every 1 km decrease in distance from home, a 2.1% increase for each additional school, and a 1.6% increase for each additional bus stop.","  - ""the conditional logit model, which is a practical model derived from the theoretical discrete spatial choice model, can be formulated as follows:""
  - ""The research field of crime geography employs a discrete spatial choice model to analyze the factors that influence offenders' decisions in selecting a community j for committing crimes, with the dependent variable being dichotomous.""",,"- The paper mentions the use of deep learning algorithms, specifically a ""pretrained Faster R-CNN"" for object detection and ""Pyramid Scene Parsing Network (PSPNet)"" for semantic segmentation. These are programming tools used for data analysis.
- The study uses a ""discrete spatial choice model"" and a ""conditional logit model,"" which are statistical models. However, the paper does not specify the software or programming tools used to implement these models.
- The paper does not mention any specific statistical software like R, Stata, Python, SPSS, SAS, or any other analytical platforms by name.
- The focus is on the use of deep learning techniques for image processing and the application of statistical models for analysis, but the exact software or tools used for these analyses are not detailed.","  - ""The type of crime studied in this paper is street theft crime, which includes snatching, pickpocketing, and theft from the person that happened in the public open space.""
  - ""This study is conducted in ZG city, a megacity in southeast China. With an urbanization rate of 86.46%, the population of permanent residents in the city amounted to 15.30 million in 2019. There are 2643 communities in the ZG city, and this study takes the community as the spatial unit of analysis.""
  - ""The main aim of this study is to investigate how the presence of people on the street and the streetscape's physical environment affect criminals' crime location choices. First, this study collected a set of finegrained SVIs in a megacity in China. Then, using integrated deep learning networks, we detected on-street population and streetscape physical environment features from these images. A discrete spatial choice model is finally constructed to investigate the effect of streetscape features on offenders' crime location choices. Residence-crime proximity, crime attractors, generators, detractors, and socioeconomic attributes of communities are accounted for, as these factors also influence crime location choice.""",,"- The paper discusses the use of communities as the spatial unit of analysis, which is a common approach in spatial studies. However, there is no explicit discussion about the Modifiable Areal Unit Problem (MAUP) or ecological fallacy in relation to this choice.
- MAUP refers to the issue that results can vary depending on the scale or aggregation level of the data. The paper does not mention any consideration or discussion about how different spatial scales might affect the results.
- Ecological fallacy, which involves making conclusions about individuals based on group-level data, is not explicitly addressed in the context of the spatial unit selection.
- The paper focuses on the methodology and results of using street view images and a discrete spatial choice model but does not delve into issues related to spatial autocorrelation or scale effects.","  - ""The main aim of this study is to investigate how the presence of people on the street and the streetscape's physical environment affect criminals' crime location choices.""
  - ""This study is conducted in ZG city, a megacity in southeast China. With an urbanization rate of 86.46%, the population of permanent residents in the city amounted to 15.30 million in 2019. There are 2643 communities in the ZG city, and this study takes the community as the spatial unit of analysis.""
  - ""The type of crime studied in this paper is street theft crime, which includes snatching, pickpocketing, and theft from the person that happened in the public open space.""
  - ""The research field of crime geography employs a discrete spatial choice model to analyze the factors that influence offenders' decisions in selecting a community j for committing crimes, with the dependent variable being dichotomous.""
  - ""The remainder of this article is organized as follows. Section 2 systematically reviews related works. Section 3 introduces the study area and the utilized datasets and methodology. Sections 4 and 5 elaborate on the experimental results and our explanations. Finally, we summarize the conclusions in Section 6.""
  - ""This study has some limitations. Streetscape physical elements like buildings and trees are stationary and stay relatively stable over time. However, the number of people on the street changes with the time of day. Although SVIs have the unique potential to detect people on the street that other data sources do not (mobile phone, social media, taxi trajectory, and other commonly used data sources cannot distinguish between people on the street and indoors), SVIs are limiting because they are collected by street-view cars instantly. They are static and cannot capture the dynamic change of on-street population.""",,"- The study focuses on the impact of streetscape conditions and people on the street on crime location choices, using a discrete spatial choice model.
- The spatial unit of analysis is the community, with 2643 communities in the study area.
- The study does not mention any sensitivity analysis involving different spatial unit sizes or scales.
- The paper discusses limitations related to the static nature of street view images and the inability to capture dynamic changes in on-street population, but it does not address sensitivity analysis across different spatial scales.
- The study's methodology and results are presented without any comparison across different spatial scales or unit sizes.","  - ""Although SVIs have the unique potential to detect people on the street that other data sources do not (mobile phone, social media, taxi trajectory, and other commonly used data sources cannot distinguish between people on the street and indoors), SVIs are limiting because they are collected by street-view cars instantly. They are static and cannot capture the dynamic change of on-street population.""
  - ""Additionally, small objects like broken windows, litter on the street, and graffiti are important signs of physical disorder, which may attract crimes. Future crime location choice research should take these variables into account.""
  - ""Following the approach of most crime location choice studies in both western and Chinese cities, the alternative set was the same for all offenders (Ruiter, 2017;Song et al., 2019). However, offenders may have different preferences when selecting targets. Future research could narrow down the alternative set for each offender by determining the spatial extent of their daily activities, which may lead to more accurate model results.""
  - ""This study has some limitations. Streetscape physical elements like buildings and trees are stationary and stay relatively stable over time. However, the number of people on the street changes with the time of day.""",,"- The authors discuss limitations related to the static nature of Street View Images (SVIs) and their inability to capture dynamic changes in on-street population, suggesting a need for more dynamic data collection methods.
- They highlight the importance of considering small objects like broken windows, litter, and graffiti as signs of physical disorder, which could be included in future studies to improve understanding of crime location choices.
- The authors suggest that future research could improve by narrowing down the alternative set for each offender based on their daily activities, which implies a need for more personalized spatial units of analysis.
- These suggestions relate to methodological improvements and the consideration of additional variables rather than specific changes to spatial unit size or scale of analysis."
Target Selection Models with Preference Variation Between Offenders,"Michael Townsley, Daniel Birks, Stijn Ruiter, Wim Bernasco, • Gentry White",-,-,-,-,-,"- Mixed logit model estimates higher coefficients for proximity variables compared to conditional logit.
- Affluence is statistically significant in mixed logit but not in conditional logit.
- Residential mobility shows different effects in the two models, with mixed logit indicating low turnover rates are more attractive.
- No explicit odds ratios, hazard ratios, or other traditional effect size measures are provided.",R with RSGHB package,"No MAUP discussion present. However, the paper discusses issues related to spatial unit selection and aggregation bias, suggesting a consideration of scale effects and spatial autocorrelation issues.",No sensitivity analysis performed.,"The authors suggest using smaller units of analysis, such as street segments, to model preference variability more effectively. They highlight the limitations of using larger spatial units like neighborhoods due to internal heterogeneity and suggest that smaller study areas could provide more nuanced insights into offender preferences and social disorganization.","  - ""The mixed logit estimates for the two proximity variables are much higher coefficients than the conditional logit estimates.""
  - ""Affluence is statistically significantly different from the null under the mixed logit model, which is not case for the conditional model.""
  - ""Residential mobility effects even show different signs; higher values were seen as more attractive under the conditional model (all things being equal), but the mixed logit implies the reverse of this-neighborhoods with low turnover rates were more frequently chosen by burglars than neighborhoods with high turnover rates, again all things being equal.""
  - ""The models provide similar estimates for single families and number of households.""
  - ""The root likelihood for the conditional model was 0.028 and for the mixed logit it was 0.151, a more than a fivefold increase in fit.""
  - ""In addition, the fraction of offenders with preferences counter to our expectations can be determined (recall that all hypotheses are expressed so that theory predicts positive values).""
  - ""Both proximity variables, number of households and percentage single family dwellings have a minority of individuals with preferences counter to theory (10, 26, 2 and 36 % respectively). Residential mobility and affluence had a majority of offenders with preferences counter to theory (66 and 71 % respectively).""
  - ""The mixed logit model allows us to explore how the b i values of proximity vary with the age of the burglars.""
  - ""Figure 4 shows that offender age explains only a small part of the proximity preference differences (adj. R 2 ¼ :03).""",,"- The paper discusses the use of a mixed logit model to estimate preference variation between offenders, which is a departure from the traditional conditional logit model.
- The mixed logit model provides higher coefficients for proximity variables compared to the conditional logit model, indicating a stronger effect size for these variables.
- Affluence is statistically significant in the mixed logit model but not in the conditional logit model, suggesting a different effect size or significance level for this variable.
- Residential mobility shows different effects in the two models, with the mixed logit indicating that low turnover rates are more attractive, which is a reversal of the conditional logit findings.
- The paper mentions that the mixed logit model provides a better fit to the data, as indicated by the root likelihood statistic, which is a measure of model fit rather than an effect size per se.
- The paper does not provide explicit odds ratios, hazard ratios, or other traditional effect size measures. Instead, it discusses the significance and direction of effects for various variables.
- The paper does not provide specific numerical values for effect sizes like Cohen's d or standardized coefficients.","  - ""All analyses were conducted in the statistical programming language R using the RSGHB package (Dumont et al. 2013) to estimate both models.""",,"- The paper explicitly mentions that the statistical analyses were conducted using the programming language R.
- The RSGHB package is specifically mentioned as being used within R for estimating the models.
- This indicates that R was the primary software used for data analysis in this study.","  - ""The discrete spatial choice approach combines three different methodologies (offender-, target-and mobility-based) into a single statistical model (Bernasco and Nieuwbeerta 2005). Each of these have advantages but also drawbacks that limit the insights gained from any single study.""
  - ""The first study to apply the discrete spatial choice approach to study crime location choice was undertaken by Bernasco and Nieuwbeerta (2005) who examined the spatial preferences of burglars in The Hague, the Netherlands.""
  - ""in this study we explore the influence of six theoretically inspired choice criteria, each related to either the perceived risks, rewards or efforts associated with committing a burglary in a particular area.""
  - ""Examining the location choices of these offenders, a choice set of 158 Statistical Local Areas (SLAs) were defined as possible offending areas.""
  - ""The overall variation in b i coefficients appears only partially related to the spatial nesting of burglars in SLAs.""
  - ""The intraclass correlation coefficient (ICC), which describes how strongly the b i of the burglars in the same origin area resemble each other with respect to their proximity preferences and which can vary between 0 and 1, equals .07 (i.e. the correlation between two randomly drawn burglars living in the same, randomly drawn origin area, is .07).""
  - ""The map of average b i coefficients per SLA is displayed in Fig. 3 . The variation in b i is displayed in four shades of grey.""
  - ""The lack of spatial autocorrelation suggests that there is little to be gained from further exploring whether individual proximity preferences vary with where in the city of Brisbane the burglars live.""
  - ""Finally, while the mixed logit variation of the discrete spatial choice approach relaxes a number of assumptions inherent in all discrete spatial choice studies, we remain encumbered by several others which likely warrant further empirical investigation.""
  - ""With respect to the first and second, it may be that modelling preference variability is more feasible at smaller units of analysis than the neighborhoods used here.""",,"- The paper discusses the use of Statistical Local Areas (SLAs) as the spatial unit for analysis, which is relevant to the Modifiable Areal Unit Problem (MAUP) as it involves the selection of spatial units for analysis.
- The authors mention the spatial nesting of burglars in SLAs and calculate an intraclass correlation coefficient (ICC) to assess the similarity of preferences within these areas, which relates to aggregation bias.
- The paper notes a lack of spatial autocorrelation, suggesting that the spatial unit selection does not significantly impact the analysis of proximity preferences.
- The authors suggest that smaller units of analysis might be more appropriate for modeling preference variability, which implies a consideration of scale effects.
- The paper does not explicitly mention the Modifiable Areal Unit Problem (MAUP) or ecological fallacy, but it discusses issues related to spatial unit selection and aggregation bias.","  - ""The discrete spatial choice approach combines three different methodologies (offender-, target-and mobility-based) into a single statistical model (Bernasco and Nieuwbeerta 2005).""
  - ""Examining the location choices of these offenders, a choice set of 158 Statistical Local Areas (SLAs) were defined as possible offending areas.""
  - ""The overall variation in b i coefficients appears only partially related to the spatial nesting of burglars in SLAs.""
  - ""The intraclass correlation coefficient (ICC), which describes how strongly the b i of the burglars in the same origin area resemble each other with respect to their proximity preferences and which can vary between 0 and 1, equals .07 (i.e. the correlation between two randomly drawn burglars living in the same, randomly drawn origin area, is .07).""
  - ""The map of average b i coefficients per SLA is displayed in Fig. 3""
  - ""The lack of spatial autocorrelation suggests that there is little to be gained from further exploring whether individual proximity preferences vary with where in the city of Brisbane the burglars live.""
  - ""Finally, while the mixed logit variation of the discrete spatial choice approach relaxes a number of assumptions inherent in all discrete spatial choice studies, we remain encumbered by several others which likely warrant further empirical investigation.""
  - ""With respect to the first and second, it may be that modelling preference variability is more feasible at smaller units of analysis than the neighborhoods used here.""
  - ""For instance, Weisburd et al. (2012) demonstrate the tremendous variability in crime levels using street segments over neighborhoods.""",,"- The study primarily uses Statistical Local Areas (SLAs) as the spatial unit for analysis, which is a common scale for such studies.
- The paper discusses the use of SLAs in defining the choice set for offenders, indicating that this is the primary spatial scale used.
- The intraclass correlation coefficient (ICC) is used to assess the spatial nesting of burglars within SLAs, but this is more about understanding the variation within the chosen spatial unit rather than comparing different scales.
- The mention of a lack of spatial autocorrelation suggests that the study did not find significant patterns at the SLA level, but this does not constitute a sensitivity analysis across different scales.
- The paper suggests that smaller units of analysis might be more feasible for modeling preference variability, but this is a future direction rather than a conducted sensitivity analysis.
- The reference to Weisburd et al. (2012) using street segments is an external example rather than a part of the current study's sensitivity analysis.","  - ""With respect to the first and second, it may be that modelling preference variability is more feasible at smaller units of analysis than the neighborhoods used here.""
  - ""For instance, Weisburd et al. (2012) demonstrate the tremendous variability in crime levels using street segments over neighborhoods.""
  - ""Fourth, the observed disparity between aggregate and individual level estimates of the impact of residential mobility on location choice is an interesting finding that, in the latter case, challenges previous research in the field of social disorganization. As such, it warrants future investigation. While this observed shift in preferences may highlight considerable variation at the individual level, it may also reflect limitations in examining individual level preferences with respect to relatively large target choice areas, where internal heterogeneity may compromise the validity of some area level indicators.""
  - ""Considering this, and the difficulties associated with applying the mixed logit approach to study large numbers of alternatives, additional studies incorporating more fine grained choice sets drawn from smaller study areas might better expose the relationship between constructs proposed by social disorganization and offender preferences.""
  - ""Finally, while the mixed logit variation of the discrete spatial choice approach relaxes a number of assumptions inherent in all discrete spatial choice studies, we remain encumbered by several others which likely warrant further empirical investigation. These include:

(1) that the choice process used to locate suitable targets is hierarchical in structure; (2) that the geographies selected to represent choices are both an adequate reflection of offender choice perceptions and are not compromised by excessive internal heterogeneity; and (3) no significant changes over time in either the behavioral rule applied by offenders in selecting targets, or the choices selected in targeting particular locations take place.""",,"- The authors suggest that the current spatial unit of analysis (neighborhoods) may not be optimal for modeling preference variability, indicating a need for smaller units of analysis.
- They mention that using smaller units like street segments could provide more detailed insights into crime levels and offender preferences.
- The authors highlight the issue of internal heterogeneity within larger spatial units, which can compromise the validity of area-level indicators.
- They propose that future studies should consider using smaller study areas to better understand the relationship between social disorganization and offender preferences.
- The authors also suggest that using more fine-grained choice sets from smaller study areas could improve the analysis of preference variability."
Effects of residential history on commercial robbers' crime location choices,"Wim Bernasco, Thessa Kooistra",-,-,-,-,-,"- Area where the offender lives: 11.6 times more likely
- Current area of residence with long-term experience: 15.3 times more likely
- Current area of residence with short-term experience: 9.5 times more likely
- Former residential areas: 8.3 times more likely
- Former areas with long-term residence: 10.3 times more likely
- Former areas with short-term residence: 6.9 times more likely
- Former areas left recently: 13.0 times more likely
- Former areas left less recently: 6.7 times more likely
- Areas of long and recent residence: 17.0 times more likely",Not mentioned (the paper does not specify the software or programming tools used for data analysis),No MAUP discussion present.,No sensitivity analysis performed.,"- Explore alternative thresholds for distinguishing recency and duration in residential history.
- Consider more nuanced or dynamic spatial units to reflect continuous growth and decline of spatial knowledge.
- Use larger samples and more diverse data (e.g., different types of offenses, co-offending groups) to improve robustness.
- Improve measurement of theoretical concepts like awareness space by using more direct methods.
- Collect data directly from offenders to enhance understanding of spatial knowledge.
- Verify the reliability of residential histories in official systems by comparing them with offender accounts.","  - ""The parameters in Table 2 are odd ratios, which indicate how much a one unit increase in an independent variable raises (if the odds ratio is above 1) or diminishes (if the odds ratio is below 1) the probability that the area is chosen as a crime location.""
  - ""The area where the offender lives is 11.6 times more likely to be selected than an equivalent other area and, for each kilometre an area is further away from where the offender lives, the probability that it is chosen diminishes by a factor of 0.91 (i.e. it is 9 percent less likely to be chosen).""
  - ""offenders who lived more than 2 years in their current area of residence are 15.3 times more likely to offend in their own area of residence, whereas those with less experience in their current home area are 9.5 times more likely to offend in their own area.""
  - ""Former areas are indeed 8.3 times more likely to be chosen than other comparable areas,""
  - ""Former areas of residence are 10.3 times more likely to be targeted than other areas if the offender has lived in the area more than 2 years, and 6.9 times more likely if they have lived in the area for a shorter period of time.""
  - ""former areas are more likely to be chosen if the offender left the area less than 2 years ago (13.0 times more likely than an area where he or she never lived) than if the area was left longer ago (6.7 times more likely than an area where he or she never lived).""
  - ""former areas of long and recent residence have the strongest influence on location choice (17.0)""",,"- The paper provides odds ratios as effect sizes for various independent variables related to residential history and crime location choices.
- The odds ratio for the area where the offender lives is 11.6, indicating that this area is 11.6 times more likely to be chosen than other areas.
- For current areas of residence, the odds ratios are 15.3 for long-term residence and 9.5 for short-term residence, showing a significant effect of duration on crime location choice.
- Former residential areas have an odds ratio of 8.3, indicating they are more likely to be targeted than other areas.
- The odds ratios for former areas of residence vary by duration and recency: 10.3 for long-term residence, 6.9 for short-term residence, and 13.0 for recent departure versus 6.7 for less recent departure.
- The highest odds ratio is 17.0 for areas of long and recent residence, indicating the strongest influence on location choice.","  - ""To test the four hypotheses on the role of residential history in robbers' target location choices, a method is required that compares the postal code areas that offenders targeted with alternative postal code areas that they did not target. In other words, how can it be decided whether or not residential history is a relevant aspect of robbery location choice? To this end, we use the conditional logit model, a regression model that explains the outcome of a decision-maker's choice amongst discrete alternatives (also see Bernasco and Nieuwbeerta 2005; further details available from the authors).""
  - ""The parameters in Table 2 are odd ratios, which indicate how much a one unit increase in an independent variable raises (if the odds ratio is above 1) or diminishes (if the odds ratio is below 1) the probability that the area is chosen as a crime location.""",,"- The paper mentions the use of a ""conditional logit model"" for data analysis, which is a type of regression model used to analyze discrete choice data.
- The conditional logit model is typically implemented in statistical software packages such as R, Stata, or Python, but the paper does not specify which software was used.
- The mention of ""odd ratios"" suggests that the analysis involved logistic regression or a similar technique, which is commonly performed in software like R, Stata, or SPSS.
- However, the paper does not explicitly mention any specific software or programming tools used for the data analysis.","  - ""The third source of data is a database containing demographic, social and economic information on all postal code areas in the Netherlands. There are 4006 postal code areas nationwide; they have an average population size of 4900 and an average number of households of 2100. In terms of size, shape and topography, the postal code area is a useful spatial unit of analysis because it approximates the area one would expect people to be familiar with if they lived within it.""",,"- The paper discusses the use of postal code areas as the spatial unit of analysis, which is relevant to the Modifiable Areal Unit Problem (MAUP) as it involves the selection of spatial units for analysis.
- The authors justify the use of postal code areas by stating that they ""approximate the area one would expect people to be familiar with if they lived within it,"" which suggests a consideration of the scale effect in terms of familiarity and spatial knowledge.
- However, there is no explicit discussion of the MAUP or ecological fallacy in terms of scale effects, aggregation bias, or spatial autocorrelation issues.
- The paper does not mention any potential issues related to the choice of spatial units or how different scales might affect the results.","  - ""The third source of data is a database containing demographic, social and economic information on all postal code areas in the Netherlands. There are 4006 postal code areas nationwide; they have an average population size of 4900 and an average number of households of 2100. In terms of size, shape and topography, the postal code area is a useful spatial unit of analysis because it approximates the area one would expect people to be familiar with if they lived within it.""
  - ""The threshold value of 2 years that is chosen to distinguish recency and duration in the exploration of the effects of residential history of crime location choice is to some extent arbitrary. We feel it is adequate for a demarcation of the categories and, in addition, empirically this value breaks up the sample data into categories of approximately the same sizes (see Table 1 ). However, according to the theoretical arguments developed in this paper, both the growth and the decline of spatial knowledge are continuous and gradual processes rather than discrete and stepwise ones. Therefore, we should expect that the hypotheses should also be confirmed if we varied the thresholds chosen within reasonable limits. All models presented were therefore run with combinations of threshold values of 1 year, 2 years, 3 years and 5 years.""",,"- The study uses postal code areas as the spatial unit of analysis, which is justified by the authors as a useful approximation of areas familiar to residents.
- The study does not conduct a sensitivity analysis by varying the spatial unit size or scale. Instead, it uses a fixed spatial unit (postal code areas) throughout the analysis.
- The mention of varying threshold values (1 year, 2 years, 3 years, 5 years) refers to the duration and recency of residence, not to varying spatial unit sizes or scales.
- The study does not compare results across different spatial scales or units, as it consistently uses postal code areas for analysis.","  - ""The threshold value of 2 years that is chosen to distinguish recency and duration in the exploration of the effects of residential history of crime location choice is to some extent arbitrary.""
  - ""We feel it is adequate for a demarcation of the categories and, in addition, empirically this value breaks up the sample data into categories of approximately the same sizes (see Table 1""
  - ""However, according to the theoretical arguments developed in this paper, both the growth and the decline of spatial knowledge are continuous and gradual processes rather than discrete and stepwise ones.""
  - ""Therefore, we should expect that the hypotheses should also be confirmed if we varied the thresholds chosen within reasonable limits.""
  - ""All models presented were therefore run with combinations of threshold values of 1 year, 2 years, 3 years and 5 years.""
  - ""The limited size of the sample, motivated by the wish to have a homogeneous set of offenders and offences, is obviously related to this lack of statistical significance.""
  - ""More extensive research -research on larger samples, other types of offences and including co-offending groups -is certainly needed to replicate these findings.""
  - ""Even with larger samples, the need for improved measurement of theoretical concepts remains.""
  - ""The concept of 'awareness space' is only approximated by measuring residential experience.""
  - ""Awareness space is typically much larger than the area around current and former homes.""
  - ""By following offenders back in time to their past places of residence, we learn more about their spatial knowledge than if we know only their address at the time of the offence.""
  - ""In future explorations of these issues, more direct measurements are needed.""
  - ""The availability of historical offender addresses has been a major strength in the present study, but future studies will probably need to contact offenders themselves and rely on their recollection of events.""
  - ""Offender accounts may also help to assess the reliability of the residential histories in official government systems.""",,"- The authors discuss the arbitrariness of the 2-year threshold used to distinguish recency and duration, suggesting that other thresholds could be explored (Quotes 1, 4, 5).
- They acknowledge the continuous nature of spatial knowledge growth and decline, implying that more nuanced or dynamic spatial units might be beneficial (Quote 3).
- The authors suggest that larger samples and more diverse data (e.g., different types of offenses, co-offending groups) could improve the robustness of findings (Quotes 6, 7).
- They highlight the need for improved measurement of theoretical concepts like awareness space, which is currently approximated by residential experience (Quotes 8, 9).
- The authors propose that future studies should use more direct measurements, possibly by collecting data directly from offenders (Quotes 12, 13).
- They also suggest verifying the reliability of residential histories in official systems by comparing them with offender accounts (Quote 14)."
A Time for a Crime: Temporal Aspects of Repeat Offenders' Crime Location Choices,"Sabine E M Van Sleeuwen, Stijn Ruiter, Barbara Menting",-,-,,21,2018,"- Odds Ratio (OR) for committing a crime on the same weekend day: 6.38
- OR for committing a crime on a different weekend day: 2.93
- OR for committing a crime on the same weekday: 4.26
- OR for committing a crime on a different weekday: 3.82
- OR for committing a crime on a different part of the week: 3.02
- OR for committing a crime on the same weekend day with a zero-hour difference: 25.77
- OR for committing a crime on the same weekend day with a greater than six-hour difference: 3.22",Not mentioned (the paper does not specify the software or programming tools used for data analysis),No MAUP discussion present.,No sensitivity analysis performed.,"- Future studies could measure other activity nodes visited by offenders and their usual visit times.
- Offender interviews could provide more detailed information on routines and spatiotemporal preferences.
- Direct measures of time-varying target attractiveness, such as facility opening and closing hours, could be considered.
- Systematic observations could help determine variations in target attractiveness for specific crime types.","  - ""The ORs represent the multiplicative effect of a unit increase of the study variables on the odds of selecting 1 of the 142 potential target areas.""
  - ""Model 1 in Table 2 shows that offenders are more likely to commit crime in previously targeted areas on the same weekend day than in any other potential target area (OR ¼ 6.38, p < .001).""
  - ""When committing an offense on a different weekend day, offenders are still more likely to return to a previously targeted area, although the OR (OR ¼ 2.93, p < .001) is statistically significantly smaller,""
  - ""the odds to offend in a particular target area were 4.26 times larger when the offender already targeted that area before on the same weekday, compared to an OR of 3.82 when the previous offense was committed on a different weekday.""
  - ""the odds to offend in a particular target area were only 3.02 times larger when the offender already targeted that area before on a different part of the week""
  - ""the odds to offend in a particular target area were 25.77 times larger when the offender already targeted that area before on the same weekend day with a zero-hour difference than when the offender had not committed a crime in that area before.""
  - ""The ORs decreased to 3.22 when both crimes were committed on the same weekend day with a greater than six-hour difference.""
  - ""The ORs of the consecutive pairs of hour-difference variables differed statistically significantly, w 2 (3) ¼ 87.46, p < .001.""
  - ""the effects are much stronger when offense pairs are of the same type of crime than when they are of a different crime type, w 2 (20) ¼ 135.63, p < .001.""",,"- The paper uses odds ratios (ORs) to measure the effect sizes of the independent variables on the likelihood of offenders committing crimes in previously targeted areas.
- The ORs are used to compare the likelihood of committing a crime in a previously targeted area versus a new area, based on the timing of previous offenses.
- Specific ORs are provided for different scenarios, such as committing a crime on the same weekend day (OR = 6.38), different weekend day (OR = 2.93), same weekday (OR = 4.26), different weekday (OR = 3.82), and different part of the week (OR = 3.02).
- The paper also discusses the effect of time differences within the day, with ORs ranging from 25.77 for a zero-hour difference to 3.22 for a greater than six-hour difference.
- The statistical significance of these ORs is indicated by p-values and Wald's Chi-Square tests, which confirm that the differences in ORs are statistically significant.
- The paper does not mention other effect size measures such as hazard ratios, incidence rate ratios, Cohen's d, or standardized coefficients.","  - ""The results of the conditional logit models are presented using odds ratios (ORs) and their respective standard errors (SEs).""
  - ""The models in which the time-specific effects for previously targeted areas were taken into account (models 1-4, Tables 2 and 3 ) show a pseudo R 2 of .32.""
  - ""Although the more flexible mixed logit model was recently used (Frith, Johnson, and Fry 2017;Townsley et al. 2016)""
  - ""Conditional logit models 1 were used to test our hypotheses.""",,"- The paper mentions the use of ""conditional logit models"" to test hypotheses, which is a statistical technique often used in discrete choice analysis.
- The mention of ""odds ratios (ORs) and their respective standard errors (SEs)"" suggests the use of a statistical software capable of handling logistic regression or similar models.
- The reference to ""pseudo R 2"" indicates the use of a statistical model that can calculate this measure, typically found in logistic regression models.
- The mention of ""mixed logit model"" suggests familiarity with advanced statistical models, but it does not specify the software used for these analyses.
- The paper does not explicitly mention any specific software or programming tools like R, Stata, Python, SPSS, SAS, BIOGEME, Nlogit, ArcGIS, QGIS, or Mplus.","  - ""Besides, most previous crime location choice studies analyzed areas of a similar size (e.g., Bernasco and Nieuwbeerta 2005;Clare, Fernandez, and Morgan 2009;Townsley et al. 2015).""
  - ""In previous studies, it was argued that four-digit postal code areas are well-suited for crime location choice research, as these administrative areas were constructed in such a way to have minimal travel restrictions for postal delivery services that usually travel on foot or bicycle (Bernasco 2010:398)""
  - ""The area comprises of nine municipalities around-and including-the city of The Hague, the third largest city in the Netherlands. These postal code areas have an average population of approximately 7,000 residents and an average area size of about 2.96 km 2 (Lammers et al. 2015).""",,"- The paper discusses the use of four-digit postal code areas as the spatial unit for analysis, which is a common approach in crime location choice studies.
- The authors justify the use of these areas by mentioning that they are well-suited due to minimal travel restrictions and are similar in size to those used in previous studies.
- However, there is no explicit discussion about the Modifiable Areal Unit Problem (MAUP), ecological fallacy, scale effects, aggregation bias, or spatial autocorrelation issues related to the choice of spatial units.
- The paper does not address potential issues with the aggregation of data at the postal code level or how this might affect the analysis.","  - ""The dependent variable represents the choice outcome, that is, the target area the offender has selected from the set of alternative areas. As all offense locations were geocoded and allocated to one of the 142 postal codes in the study area, the dependent variable describes the choice for a particular postal code from all 142 potential alternatives in the greater The Hague area.""
  - ""Besides, most previous crime location choice studies analyzed areas of a similar size (e.g., Bernasco and Nieuwbeerta 2005;Clare, Fernandez, and Morgan 2009;Townsley et al. 2015).""
  - ""In previous studies, it was argued that four-digit postal code areas are well-suited for crime location choice research, as these administrative areas were constructed in such a way to have minimal travel restrictions for postal delivery services that usually travel on foot or bicycle (Bernasco 2010:398) . Hence, most people who live in or regularly visit an area should be familiar with that area.""
  - ""The area comprises of nine municipalities around-and including-the city of The Hague, the third largest city in the Netherlands. These postal code areas have an average population of approximately 7,000 residents and an average area size of about 2.96 km 2 (Lammers et al. 2015).""",,"- The study uses four-digit postal code areas as the spatial unit for analysis, which is justified by previous research as being suitable for crime location choice studies due to minimal travel restrictions and familiarity.
- The study does not mention any sensitivity analysis conducted using different spatial unit sizes or scales. The focus is on the use of four-digit postal code areas as the standard unit of analysis.
- The paper does not provide any comparison of results across different spatial scales or mention any methodological approaches to test sensitivity across different scales.","  - ""In order to shed more light on the planned-opportunistic distinction and the role of time of day and part of week within offender decision-making, future studies could measure which other activity nodes than the ones currently available for research are visited by offenders and when they are usually visited.""
  - ""Future research might also take more direct measures of time-varying target attractiveness into account, for example, by focusing on effects of opening and closing hours of facilities and businesses on crime location choices.""
  - ""Another way forward is through offender interviews in which offenders are asked more specifically about their routines as well as spatiotemporal preferences.""
  - ""To examine time-varying target attractiveness that relate more specifically to certain crime types such as bike theft, car theft, or robbery, future research might also consider carrying out systematic observations to determine variations in, for example, the number of bicycles, motor vehicles, or people in a given area.""",,"- The authors suggest future research directions that could enhance understanding of spatial criminal decision-making. These suggestions include exploring additional activity nodes visited by offenders, conducting offender interviews to gather more detailed information on routines and preferences, and measuring time-varying target attractiveness by considering the operational hours of facilities and businesses.
- The focus is on improving the methodology by incorporating more detailed data on offender activities and environmental factors that influence crime location choices.
- The suggestions aim to refine the spatial unit of analysis by considering smaller-scale variations in target attractiveness and offender behavior, rather than changing the spatial unit size itself."
A SENTIMENTAL JOURNEY TO CRIME: EFFECTS OF RESIDENTIAL HISTORY ON CRIME LOCATION CHOICE*,Wim Bernasco,-,-,,204,2010,"- Odds ratio for areas where the offender lives or has lived: 22.52
- Odds ratio for current home area: 36.72
- Odds ratio for former home area: 8.63
- Odds ratio for recent former residence: 10.63
- Odds ratio for ancient former residence: 7.49
- Odds ratio for areas lived in for more than 2 years: 41.93 (current), 11.66 (former)
- Odds ratio for areas lived in for less than 2 years: 19.53 (current), 5.79 (former)
- Odds ratio for proximity to current residence: .74 (26% reduction per kilometer)
- Odds ratio for proximity to former residence: .87 (9% reduction per kilometer)
- Odds ratio for current residence lived in for more than 2 years: 10.33
- Odds ratio for current residence lived in for less than 2 years: 6.01
- Odds ratio for former residence lived in for more than 2 years until recently: 6.57
- Odds ratio for former residence lived in for a short period until recently: 2.96
- Odds ratio for former residence lived in for more than 2 years but left long ago: 3.76
- Odds ratio for former residence lived in for less than 2 years and left long ago: 2.52",Not mentioned (the paper does not specify the software used for data analysis),No MAUP discussion present.,No sensitivity analysis performed.,"- Explore whether past residences remain part of an offender's daily routines.
- Include additional locations such as schools, workplaces, and social hangouts to improve predictions of crime locations.
- Use space-time budget studies to gather more comprehensive data on individuals' activity patterns.","  - ""The current home area of the offender is 36.72 times more likely to be chosen as the crime location than a similar area where the offender has never lived, whereas a former home area is 8.63 times more likely to be targeted than one where the offender never lived.""
  - ""the effect of a recent former residence (10.63) is larger than the effect of an ancient former residence (7.49).""
  - ""both present and former areas where offenders have lived longer than 2 years are more than two times as likely to be selected for offending than identical areas where they have lived for less than 2 years (41.93 vs. 19.53 for current residence and 11.66 vs. 5.79 for former residences).""
  - ""The value .74 means that for every kilometer that an area is situated further away from the offender's home, the likelihood for the area to be chosen by this offender decreases by a factor of .74; this figure equals a 26 percent reduction.""
  - ""The effect of the shortest distance to any former residence is less strong (.87), which shows that the proximity to the present residence pull is stronger than the proximity to a former residence.""
  - ""This area is 10.33 times more likely to be chosen than one where the offender never lived.""
  - ""Compared with areas where the offender has lived for more than 2 years, two other categories have a significantly smaller likelihood of being selected-a neighborhood where the offender currently lives but for less than 2 years (6.01) and a former neighborhood where the offender has lived for more than 2 years until recently (6.57).""
  - ""About half as likely are two other categories-former areas where the offender lived for a relatively short period until recently (2.96) and former areas where they lived for more than 2 years but a relatively long time ago (3.76).""
  - ""the least likely former area is one where the offender lived for less than 2 years and which was left more than 2 years ago. Still, this area is 2.52 times as likely to contain the crime location than a comparable area where the offender never has lived.""",,"- The paper provides several odds ratios that measure the likelihood of an offender committing a crime in different types of areas based on their residential history.
- The odds ratio of 22.52 indicates that areas where the offender lives or has lived are significantly more likely to be targeted than areas they have never lived in.
- The odds ratios for current and former residential areas are 36.72 and 8.63, respectively, compared to areas where the offender has never lived.
- The paper also provides odds ratios for recent and ancient former residences, with values of 10.63 and 7.49, indicating a stronger pull for recent former residences.
- Duration of residence affects the likelihood, with areas lived in for more than 2 years being more likely to be targeted than those lived in for less than 2 years.
- Proximity to the current or former residence also influences the likelihood, with a decrease in likelihood as distance increases, indicated by odds ratios of .74 and .87 for current and former residences, respectively.
- The paper provides additional odds ratios for different categories of residential history, such as living in an area for more or less than 2 years and moving recently or long ago.","  - ""the estimation of a conditional logit model requires that we set up a large data matrix that has, for each of the 7,179 offenses analyzed, as many rows as choice alternatives (i.e., each of the 4,000 postal code areas in the data set is a choice alternative for each of the 7,179 offenses).""
  - ""If e ij follows a type I extreme value distribution, then the parameters can be estimated with a multinomial logit model-also known as the conditional logit model (Ben-Akiva and Bierlaire, 1999).""
  - ""The purpose of a discrete choice model is to explain the outcome of a discrete choice situation, which is the situation in which an individual decision maker has to choose a single alternative from a limited number of distinct alternatives (Ben-Akiva and Bierlaire, 1999).""",,"- The paper mentions the use of a ""multinomial logit model"" and ""conditional logit model,"" which are statistical techniques often implemented in specific software.
- The references to Ben-Akiva and Bierlaire (1999) suggest a connection to discrete choice modeling, which is commonly associated with software like BIOGEME or Nlogit.
- The paper does not explicitly mention any specific software or programming tools by name, but the context suggests the use of a discrete choice modeling software.","  - ""The third source is a national database of demographic, social, and economic information on all (four-digit) postal code areas in the Netherlands. There are approximately 4,000 postal code areas nationwide, with an average population size of 4,900 and an average number of households of 2,100. In terms of their size, shape, and topography, the postal code area is a useful approximation of the area one would expect people to be familiar with if they lived within it.""",,"- The paper discusses the use of postal code areas as the spatial unit for analysis, which is a common approach in spatial studies.
- The authors justify the use of postal code areas by mentioning their size and population characteristics, suggesting that these areas are suitable for understanding familiarity and activity spaces.
- However, there is no explicit discussion of the Modifiable Areal Unit Problem (MAUP) or ecological fallacy in the paper. MAUP refers to the issue of how the choice of spatial unit can affect the results of spatial analysis, including scale effects, aggregation bias, and spatial autocorrelation.
- The paper does not address potential issues related to the scale of analysis, such as how different spatial units might influence the findings, nor does it discuss aggregation bias or spatial autocorrelation in relation to the chosen spatial units.","  - ""The results in table 5 show that the attraction to current and previous residential areas is present and statistically significant for all four types of crime, which confirms that the hypotheses are supported across a range of offense types.""
  - ""The model outcomes presented in tables 3 and 4 do not distinguish among the four types of crime analyzed, which technically means that the estimated coefficients are constrained to be the same for all four types of crime.""
  - ""Throughout the remainder of this article, where ""area of residence"" is used to describe empirical findings, it means ""postal code area of residence.""""
  - ""In terms of their size, shape, and topography, the postal code area is a useful approximation of the area one would expect people to be familiar with if they lived within it.""
  - ""The third source is a national database of demographic, social, and economic information on all (four-digit) postal code areas in the Netherlands. There are approximately 4,000 postal code areas nationwide, with an average population size of 4,900 and an average number of households of 2,100.""",,"- The study uses postal code areas as the spatial unit for analysis, which is a fixed scale used throughout the study.
- There is no mention of conducting sensitivity analysis using different spatial unit sizes or scales. The study consistently uses postal code areas as the basis for analysis.
- The focus is on the relationship between residential history and crime location choice within these predefined spatial units, without exploring how results might vary with different spatial scales.
- The study does not compare results across different spatial scales or units, nor does it discuss any methodological approaches or findings related to sensitivity analysis across different scales.","  - ""A crucial aspect of the theoretical interpretation introduced in this article is that a former residential area is part of a person's awareness space even if it is not a part of their contemporaneous activity space. An issue that unfortunately could not be addressed here empirically is whether offenders' areas of past residence are indeed still part of their ongoing daily routines even though they do not live there anymore.""
  - ""After all, a past residence still can be a regularly frequented node in a person's current activity space. For example, parents or other relatives still might live in the residence that the offender has left, so he or she is likely to visit the area on a regular basis.""
  - ""More generally, this research was based only on recorded crime locations and recorded home locations of the offenders. Without any doubt, the prediction of where offenders commit crime could be improved greatly if, in addition, we could know the locations of their schools, workplaces, friends' homes, favorite restaurants, hangout places, and other anchor points.""
  - ""The theoretical implications of these findings and their use for investigative purposes are discussed, and suggestions for future inquiry are made.""
  - ""More complete accounts of the activity patterns of individuals can be obtained through the study of the space-time budget (Wikstr öm et al., 2010; Wikstr öm and Sampson, 2003). In these studies, subjects are asked about their activities in terms of what they were doing, when they were doing it, at what type of place and at what geographic location they were doing it, and with whom.""",,"- The paper suggests that future research should explore whether past residences remain part of an offender's daily routines, which could involve studying their ongoing activities and visits to these areas.
- The authors propose that including additional locations such as schools, workplaces, and social hangouts could improve predictions of crime locations, indicating a need for more detailed spatial data.
- The paper recommends using space-time budget studies to gather more comprehensive data on individuals' activity patterns, which could provide a more refined understanding of their spatial behavior.
- These suggestions imply a need for more detailed and nuanced spatial analysis, potentially involving smaller or more specific spatial units to capture the complexity of offenders' activity spaces."
Burglars blocked by barriers? The impact of physical and social barriers on residential burglars' target location choices in China,"Luzi Xiao, Stijn Ruiter, Lin Liu, Guangwen Song, Suhong Zhou",-,-,"Computers, Environment and Urban Systems",12,2021,"- Distance from home: OR = 4.33
- Proportion of houses built after 2000: OR = 1.83
- Low-rent communities: OR = 0.75
- Medium-rent communities: OR = 0.70
- High-rent communities: OR = 0.50
- Communities with more high-rise buildings: OR = 0.38
- Communities with more households: OR = 2.11
- Crossing a river: OR = 0.57 (43% reduction)
- Crossing a major road with access control: OR = 0.82 (18% reduction)
- Crossing a major road without access control: OR = 0.55 (45% reduction)
- Crossing multiple rivers: χ 2 (1) = 29.38, p = .000
- Local burglars targeting local majority communities: OR = 4.53",Stata/MP version 15,No MAUP discussion present.,No sensitivity analysis performed.,"- Future research should explore whether the findings apply to non-arrested burglars to ensure generalizability.
- There is a need for more contemporaneous data collection to align census data with crime data.
- Incorporating direct measures of wealth, such as income level, could improve the accuracy of spatial analysis.","  - ""The results in model 4 show that communities closer to the home of the burglar are more likely targeted (OR = 4.33).""
  - ""The same holds for communities with a higher proportion of houses built after 2000 (OR = 1.83).""
  - ""Although communities with a higher average rent are obviously more prosperous and burglars could potentially obtain higher rewards, it is observed that low-rent (OR = 0.75), medium-rent (OR = 0.70) and high-rent communities (OR = 0.50) are actually less likely targeted than no rent communities.""
  - ""In line with the expectation, the results show that communities with more highrise buildings are less (OR = 0.38) and communities with more households more (OR = 2.11) likely targeted.""
  - ""Table 3 provides strong support for Hypothesis 1a and 1b, as it shows statistically significant odds ratios between 0 and 1 for all physical barrier measures.""
  - ""The odds to commit a burglary in a community are reduced by 43% (1-0.57) if burglars have to cross a river to get there compared to communities for which no river needs to be crossed.""
  - ""Compared to communities for which burglars do not have to cross any major road, the odds a community is targeted are reduced by 18 (1-0.82) and 45 (1-0.55) percent respectively if a burglar has to cross a major road with and without access control.""
  - ""The results further show that they are even less likely to do so if they have to cross multiple rivers (χ 2 (1) = 29.38, p = .000) than when they only need to cross one river,""
  - ""The social barrier hypothesis is also only partially supported. Local burglars are indeed much more likely to target communities with a majority of local residents (OR = 4.53) than communities with a nonlocal majority.""",,"- The paper provides odds ratios (OR) for various independent variables, which are measures of effect size.
- The odds ratios indicate the likelihood of a community being targeted based on different characteristics such as distance from the burglar's home, proportion of houses built after 2000, rent levels, presence of high-rise buildings, and number of households.
- Physical barriers such as rivers and major roads are associated with reduced odds of targeting a community, with specific percentages of reduction provided.
- Social barriers, particularly for local burglars targeting communities with a majority of local residents, are also quantified with odds ratios.
- The paper uses these odds ratios to support hypotheses about the impact of physical and social barriers on burglary location choices.","  - ""The models were estimated using Stata/MP version 15.""",,"- The paper explicitly mentions the use of ""Stata/MP version 15"" for estimating the models. This indicates that Stata was the primary statistical software used for data analysis.
- Stata is a widely used statistical software for data analysis, and the mention of ""Stata/MP version 15"" specifies the exact version used in the study.","  - ""Communities in the downtown area are generally smaller with a higher population density, whereas communities in the suburbs often have a lot of farmland or woodland and are thus usually bigger in size with relatively low numbers of residents.""
  - ""Community size has a skew distribution though, with half of all communities smaller than 0.92 kmsq., but the smallest area only 0.01 km-sq. and the largest 82.49 km-sq.""
  - ""Communities have a relatively homogeneous population and their average size is 2.74 km-sq., which closely resembles the size of the units of analysis in many other crime location choice studies (e.g., Menting et al., 2016).""",,"- The paper discusses the size and distribution of communities as spatial units, noting their average size and the skew distribution of community sizes. This indicates an awareness of spatial unit characteristics.
- However, there is no explicit discussion of the Modifiable Areal Unit Problem (MAUP) or ecological fallacy in relation to these spatial units. MAUP refers to the issue of how the choice of spatial unit size and boundaries can affect the results of spatial analysis.
- The paper does not mention any concerns about scale effects, aggregation bias, or spatial autocorrelation issues related to the selection of communities as spatial units.
- The focus is on the homogeneity of population within communities and their size, but not on how these units might influence the analysis in terms of MAUP.","  - ""Communities have a relatively homogeneous population and their average size is 2.74 km-sq., which closely resembles the size of the units of analysis in many other crime location choice studies (e.g., Menting et al., 2016).""
  - ""The results in model 4 show that communities closer to the home of the burglar are more likely targeted (OR = 4.33).""
  - ""Community size has a skew distribution though, with half of all communities smaller than 0.92 kmsq., but the smallest area only 0.01 km-sq. and the largest 82.49 km-sq.""
  - ""the study area used here allows for testing whether offenders are even less likely to target areas for which they have to cross multiple physical barriers.""",,"- The paper discusses the use of communities as the spatial unit for analysis, with an average size of 2.74 km-sq, which is comparable to other studies.
- The study does not mention any sensitivity analysis involving different spatial unit sizes or scales. The focus is on testing hypotheses related to physical and social barriers within the chosen spatial unit.
- The paper does not provide any comparison of results across different spatial scales or mention any methodological approaches for sensitivity analysis related to spatial scales.
- The study's focus is on the impact of physical and social barriers on burglary location choices within the selected spatial unit, without exploring variations in results due to different spatial scales.","  - ""Because this is the first such research in China, whether the results presented here reflect the spatial decision-making patterns of non-arrested burglars in ZG city needs to be explored in future studies.""
  - ""The findings presented here are only reflective of arrested burglars in ZG city, and they may or may not be generalized to all ZG city burglars.""
  - ""Second, census data from 2010 were used to construct the social barrier and control variables, while the study analyzed burglary data from 2012 to 2016. While this temporal mismatch is not desirable, it is rather common in all research that use the official decennial census data.""
  - ""The first limitation is actually inherent to all studies that use the discrete spatial choice framework. Using this analytical framework reduces the analysis to the set of cleared burglaries only, because key offender-level variables need to be included in the model.""
  - ""Fourth, due to the difficulty of data acquisition, the variables such as income level that directly measure the level of wealth of the population are not included in the study, and they are substituted by the proportion of houses built after 2000 and the rent prices.""",,"- The authors discuss limitations related to the spatial unit of analysis, particularly the focus on arrested burglars and the potential for bias in generalizing to all burglars.
- They suggest future research should explore whether the findings apply to non-arrested burglars, indicating a need for broader spatial analysis that includes all types of burglars.
- The temporal mismatch between census data and burglary data suggests a need for more contemporaneous data collection to improve the accuracy of spatial analysis.
- The lack of direct measures of wealth suggests a future improvement could involve incorporating more detailed socioeconomic data into the spatial analysis."
FAMILY MATTERS: EFFECTS OF FAMILY MEMBERS' RESIDENTIAL AREAS ON CRIME LOCATION CHOICE *,"Barbara Menting, Marre Lammers, Stijn Ruiter, Wim Bernasco",-,-,-,-,-,"- Odds Ratio (OR) for current residential areas of any family member: 1.88
- Odds Ratio (OR) for former residential areas of any family member: 1.37
- Statistically significant difference between current and former residential areas (χ 2 (1) = 30.8, p < .001)
- Current residential areas of children have larger ORs compared to parents and siblings",Not mentioned (the paper does not specify any software or programming tools used for data analysis),No MAUP discussion present.,No sensitivity analysis performed.,"- Conduct future studies in larger geographical areas to increase generalizability.
- Provide a more direct test of the impact of different activity nodes on crime location choice.
- Consider paths between activity nodes in addition to the nodes themselves.
- Analyze different crime types separately to account for varying influences of residential areas.
- Conduct offender-based research to gather direct information on routine activities.","  - ""The results of discrete spatial choice models showed that residential areas of family members are indeed at increased risk of being targeted.""
  - ""The results are presented in the first part of table 3. They show that current (OR = 1.88) and former (OR = 1.37) residential areas of any family member are more likely to be targeted compared with areas in which no family ever lived (reference category).""
  - ""Testing the difference between the two ORs showed that they are statistically significant, with the OR of current familial residential areas being larger than the OR of former familial residential areas [χ 2 (1) = 30.8, p < .001].""
  - ""The model described earlier was also tested separately for the three different types of family members included in this study. The results of these models are shown in part 2-4 of table 3. For each family member type, the effects of current residential area were statistically significant and positive, which is similar to the results of the first model, albeit the ORs were relatively small for parents and siblings.""
  - ""The odds that the current residential areas of children were targeted were statistically significantly larger than were those for the current residential areas of parents 2.""
  - ""All four ORs that indicated residential areas of female and male family members of both female and male offenders were statistically significant and greater than 1, which indicates that all these areas were more likely to be targeted by the offenders compared with those where no family lived or had lived.""
  - ""The pseudo-R² of all models ranged between .30 and .31, which is considered to represent an excellent fit to the data (McFadden, 1978b: 307)""",,"- The paper uses discrete spatial choice models to analyze the effect of family members' residential areas on crime location choice.
- The primary effect size measure reported is the odds ratio (OR), which indicates the likelihood of an area being targeted if a family member lives or has lived there.
- The OR for current residential areas of any family member is 1.88, indicating that these areas are nearly twice as likely to be targeted compared to areas with no family members.
- The OR for former residential areas of any family member is 1.37, showing a significant but smaller effect compared to current residential areas.
- The paper also reports significant differences in ORs between current and former residential areas, with current areas being more likely to be targeted.
- Separate models for different family types (parents, siblings, children) show that current residential areas of children have a larger effect size compared to parents and siblings.
- The paper does not report other effect sizes like hazard ratios, incidence rate ratios, Cohen's d, or percentage changes, focusing primarily on odds ratios.","  - ""The hypotheses were tested by using discrete choice models.""
  - ""For estimating the conditional logit models, we constructed a large data matrix of almost 2.8 million rows.""
  - ""We used discrete spatial choice models to study crime location choice.""
  - ""Discrete choice models often follow the random utility maximization (RUM) assumptions and are statistically tested with a conditional logit model (McFadden, 1974 (McFadden, , 1978a))""",,"- The paper mentions the use of ""discrete spatial choice models"" and ""discrete choice models,"" which are statistical techniques rather than specific software.
- The reference to ""conditional logit model"" suggests a statistical method rather than a software tool.
- The paper does not explicitly mention any specific software or programming tools used for data analysis.
- The focus is on the statistical methods and models used rather than the software or platforms.","  - ""The set of alternative areas J consists of four-digit postal code areas, of which there are 142 in the study area, with an average population size of around 7,000 and an average area size of 2.96 km 2 [standard deviation (SD) = 4.38, range = .12 to 24.69, median = 1.47]. Dutch four-digit postal code areas are designed to have minimal travel restrictions for postal delivery services that usually travel by foot or bicycle, and their size is inversely related to the level of urbanization (Bernasco, 2010: 398) . The four-digit postal areas are therefore perfectly suited for a crime location choice study because most people will be familiar with these areas when living there or (frequently) visiting the area.""",,"- The paper discusses the selection of spatial units for the study, specifically using four-digit postal code areas as the spatial unit.
- The authors justify the use of these areas by mentioning that they are designed to have minimal travel restrictions and are inversely related to the level of urbanization, which suggests a consideration of spatial scale and aggregation.
- However, there is no explicit discussion of the Modifiable Areal Unit Problem (MAUP) or ecological fallacy in the paper. MAUP refers to the issue that results can vary depending on the scale and aggregation of data, but this is not addressed in the provided text.
- The paper does not mention any concerns about scale effects, aggregation bias, or spatial autocorrelation issues related to the choice of spatial units.","  - ""The four-digit postal areas are therefore perfectly suited for a crime location choice study because most people will be familiar with these areas when living there or (frequently) visiting the area.""
  - ""Dutch four-digit postal code areas are designed to have minimal travel restrictions for postal delivery services that usually travel by foot or bicycle, and their size is inversely related to the level of urbanization (Bernasco, 2010: 398)""
  - ""The set of alternative areas J consists of four-digit postal code areas, of which there are 142 in the study area, with an average population size of around 7,000 and an average area size of 2.96 km 2 [standard deviation (SD) = 4.38, range = .12 to 24.69, median = 1.47].""",,"- The study uses four-digit postal code areas as the spatial unit for analysis, which is a specific scale chosen for its suitability in crime location choice studies.
- The paper describes the characteristics of these areas, such as average population size and area size, but does not mention any comparison or analysis using different spatial unit sizes or scales.
- There is no mention of conducting sensitivity analysis by varying the spatial unit size or scale to compare results across different scales.
- The focus is on the use of four-digit postal code areas as the chosen spatial unit, without any discussion of alternative scales or sensitivity analysis.","  - ""To increase the generalizability of our findings, replications should preferably be conducted in a larger geographical area.""
  - ""future studies should not limit the awareness space measurements to activity nodes but should also test whether offenders commit crimes along the paths between these nodes.""
  - ""Future research should aim to provide a more direct test of the impact of different activity nodes on crime location choice.""
  - ""although we tested a generic model for all crime types, the influence of residential areas of family members may differ for different crime types.""",,"- The authors suggest that future studies should be conducted in larger geographical areas to increase the generalizability of their findings (Quote 1). This implies a recommendation for a different scale of analysis.
- They propose a more direct test of the impact of different activity nodes on crime location choice (Quote 2), which could involve alternative spatial units or scales.
- The authors suggest that future studies should not only focus on activity nodes but also consider the paths between them (Quote 3), indicating a need for a more nuanced spatial analysis.
- They note that the influence of residential areas may vary by crime type (Quote 4), suggesting that future studies could benefit from analyzing different crime types separately.
- The authors recommend direct questioning of offenders about their routine activities (Quote 5), which could provide more detailed insights into spatial behavior."
"BITING ONCE, TWICE: THE INFLUENCE OF PRIOR ON SUBSEQUENT CRIME LOCATION CHOICE *","Marre Lammers, Barbara Menting, Stijn Ruiter, Wim Bernasco",-,-,-,-,-,"- Odds ratio for previously chosen areas: 7.17
- Odds ratio for distance to prior crime location: 0.69
- Odds ratios for recency:
  - Within 2 days: 59.94
  - 3-7 days: Not specified
  - 8-30 days: Not specified
  - 31-183 days: Not specified
  - 184-730 days: Not specified
  - 731-1,096 days: 3.43
- Odds ratios for frequency:
  - Two prior crimes: 1.62
  - Three or four prior crimes: 2.25
  - Five to eight prior crimes: 2.95
  - Nine or more prior crimes: 8.63
- Odds ratios for crime type:
  - Same type: 7.25
  - Different type: 3.07",Not mentioned (the paper does not specify the software used for data analysis),"The authors briefly discuss the Modifiable Areal Unit Problem (MAUP) in relation to their spatial unit selection, noting that the four-digit postal code area could be considered large and that smaller units like six-digit postal code areas could introduce issues of spatial interdependence. They acknowledge the MAUP but do not discuss it in detail, referring readers to another study for further exploration.",No sensitivity analysis performed.,"- Consider using smaller spatial units of analysis, such as six-digit postal code areas, to increase detail.
- Address the modifiable areal unit problem by considering the impact of different spatial aggregations on study results.
- Study larger areas to increase the generalizability of findings.
- Conduct offender-based research to understand daily spatial routines and crime locations.","  - ""The effect of ""previously chosen"" was highly statistically significant, with an estimated odds ratio of 7.17.""
  - ""The odds ratio of .69 indicates that for every kilometer that an area was located farther away from the prior crime location, the odds that an offender chose that area to offend decreased with .31 (1-.69) percent.""
  - ""when a prior offense was of the same type, the odds that the area in which the prior crime was committed was chosen again were 7.25 times larger than the odds of choosing a previously nontargeted area.""
  - ""When the prior crime was of a different type, the odds increased with a factor 3.07 compared with the odds of a nontargeted area.""
  - ""When an offender had committed two crimes in an area, the odds increased with a factor 1.62, three or four crimes caused an increase with a factor 2.25, five to eight crimes an increase with a factor 2.95, and nine or more crimes an increase with a factor 8.63.""",,"- The paper provides several effect sizes in the form of odds ratios for different independent variables.
- The first quote indicates an odds ratio of 7.17 for the effect of previously chosen areas, suggesting that offenders are more likely to reoffend in areas they have targeted before.
- The second quote provides an odds ratio of 0.69 for the distance to prior crime location, indicating that as distance increases, the likelihood of reoffending in that area decreases.
- The third quote lists odds ratios for recency, ranging from 59.94 for crimes committed within 2 days to 3.43 for crimes committed 2-3 years apart, showing a decrease in likelihood as time increases.
- The fourth quote gives odds ratios for frequency, showing an increase in likelihood as the number of prior crimes in an area increases.
- The fifth and sixth quotes provide odds ratios for same and different crime types, indicating a higher likelihood of reoffending in areas where the same type of crime was previously committed.","  - ""To estimate the different conditional logit models, a large data matrix of almost 1.8 million rows was created.""
  - ""Discrete choice models are used to explain why an individual chooses a specific single alternative when presented with a distinct number of alternatives (Ben-Akiva and Bierlaire, 2003), given attributes of the alternatives and attributes of the individual.""
  - ""Discrete choice models often follow the random utility maximization (RUM) approach and are statistically tested with a conditional logit model (McFadden, 1974 (McFadden, , 1978a""",,"- The paper mentions the use of ""discrete choice models"" and ""conditional logit models,"" which are statistical techniques rather than specific software tools.
- The reference to ""conditional logit model"" suggests the use of a statistical software that can handle such models, but the paper does not specify the software used.
- The mention of a ""large data matrix"" implies data manipulation and analysis, but again, no specific software is named.
- The paper does not explicitly mention any software tools like R, Stata, Python, SPSS, SAS, BIOGEME, Nlogit, ArcGIS, QGIS, or Mplus.","  - ""A third and final limitation is the size of the unit of analysis, the four-digit postal code area. Most studies on crime location choice have used areas of similar or larger size in their analyses and it is reasonable to assume that people are familiar with an area of this size. However, the four-digit postal code area could be considered to be a large unit of analysis. A smaller unit of analysis that could have been used is, for example, a six-digit postal code area. These areas are roughly the size of a football field and contain 18 residential properties and 40 residents on average. However, using this smaller unit of analysis has its own downsides. For example, smaller units of analysis increase issues of spatial interdependence between observations, which calls for models that take this spatial interdependence into account (Bernasco, 2010a) . Choosing the right level of aggregation and determining how this choice affects study results are well-known problems in the field of geography. Discussing this problem, which is known as the modifiable areal unit problem, is beyond the scope of this article, but for an example of a criminological study on this problem, see Ouimet (2000).""",,"- The authors mention the size of the unit of analysis as a limitation, specifically discussing the use of four-digit postal code areas.
- They acknowledge that while this size is commonly used, it could be considered large, and smaller units like six-digit postal code areas could be alternatives.
- The authors note that smaller units increase issues of spatial interdependence, which is a key aspect of the Modifiable Areal Unit Problem (MAUP).
- They explicitly mention the MAUP but state that discussing it in detail is beyond the scope of the article, referring readers to another study (Ouimet, 2000) for further exploration.
- The discussion is brief and does not delve into specific scale effects, aggregation bias, or spatial autocorrelation issues, but it does acknowledge the potential for these problems.","  - ""However, using this smaller unit of analysis has its own downsides. For example, smaller units of analysis increase issues of spatial interdependence between observations, which calls for models that take this spatial interdependence into account (Bernasco, 2010a)""
  - ""A smaller unit of analysis that could have been used is, for example, a six-digit postal code area. These areas are roughly the size of a football field and contain 18 residential properties and 40 residents on average.""
  - ""the size of the unit of analysis, the four-digit postal code area. Most studies on crime location choice have used areas of similar or larger size in their analyses and it is reasonable to assume that people are familiar with an area of this size.""
  - ""The previously described limitations and other considerations give rise to suggestions for future research. First, to increase the generalizability of the findings, it would be necessary to study a larger area and hence a larger choice set.""
  - ""Choosing the right level of aggregation and determining how this choice affects study results are well-known problems in the field of geography. Discussing this problem, which is known as the modifiable areal unit problem, is beyond the scope of this article, but for an example of a criminological study on this problem, see Ouimet (2000).""",,"- The paper discusses the use of four-digit postal code areas as the spatial unit of analysis, which is common in similar studies.
- It mentions the potential use of smaller units, such as six-digit postal code areas, but notes the challenges associated with these smaller units, such as increased spatial interdependence.
- The paper acknowledges the modifiable areal unit problem, which is a known issue in geography where the choice of spatial unit can affect results.
- The authors suggest future research could involve studying larger areas to increase generalizability, but this is not a sensitivity analysis conducted within the study.
- There is no detailed description of a sensitivity analysis conducted using different spatial unit sizes or scales within the study.","  - ""A third and final limitation is the size of the unit of analysis, the four-digit postal code area. Most studies on crime location choice have used areas of similar or larger size in their analyses and it is reasonable to assume that people are familiar with an area of this size. However, the four-digit postal code area could be considered to be a large unit of analysis.""
  - ""A smaller unit of analysis that could have been used is, for example, a six-digit postal code area. These areas are roughly the size of a football field and contain 18 residential properties and 40 residents on average.""
  - ""However, using this smaller unit of analysis has its own downsides. For example, smaller units of analysis increase issues of spatial interdependence between observations, which calls for models that take this spatial interdependence into account (Bernasco, 2010a)""
  - ""Choosing the right level of aggregation and determining how this choice affects study results are well-known problems in the field of geography. Discussing this problem, which is known as the modifiable areal unit problem, is beyond the scope of this article, but for an example of a criminological study on this problem, see Ouimet (2000).""
  - ""The previously described limitations and other considerations give rise to suggestions for future research. First, to increase the generalizability of the findings, it would be necessary to study a larger area and hence a larger choice set.""
  - ""An offender's awareness space includes many more activity nodes than just residences and crime locations. These other nodes might be important in the decision of where to commit a crime.""
  - ""To learn more about the impact of many more activity nodes, it is important to conduct offender-based research in which offenders are asked about their daily spatial routines and the locations of their crimes.""",,"- The authors discuss the limitations of using four-digit postal code areas as the spatial unit of analysis, suggesting that while it is a common size used in similar studies, it might be considered large.
- They propose an alternative smaller unit of analysis, such as six-digit postal code areas, which are more detailed but introduce issues of spatial interdependence.
- The authors highlight the challenge of choosing the right level of aggregation, known as the modifiable areal unit problem, which affects study results.
- They suggest future research should consider studying larger areas to increase generalizability and include more activity nodes in offenders' awareness spaces.
- The authors recommend conducting offender-based research to better understand daily spatial routines and crime locations."
Modeling Micro-Level Crime Location Choice: Application of the Discrete Choice Framework to Crime at Places,Wim Bernasco,-,-,-,-,-,"- Number of residential properties: Odds ratio of 1.14 for a 10-unit increase
- Proximity: Odds ratio of 3.91 for juvenile offenders, 2.77 for adult offenders
- Ethnic composition: Odds ratio of 0.92 for native Dutch burglars for a 10% increase in non-native population
- Spatial competition: Odds ratio below 1",Not mentioned (the paper does not specify the software or tools used for data analysis),"The paper discusses the Modifiable Areal Unit Problem (MAUP) by highlighting the importance of using small spatial units to avoid aggregation bias and ecological fallacy. The authors mention that smaller units are more affected by their spatial environment, and they explicitly reference MAUP as a problem where analytical results depend on how space is partitioned. They also discuss spatial autocorrelation and the interdependence of spatial alternatives, which are key issues in MAUP. The paper emphasizes the need to match the unit of analysis with the theoretical level of study to prevent ecological fallacy.",No sensitivity analysis performed.,"- Match the unit of analysis to the theory being tested to avoid ecological fallacies.
- Use smaller spatial units of analysis, such as census blocks or street segments, for more precise measurements.
- Consider spatial interaction and environmental influences on spatial unit choice.
- Incorporate multiple spatial effects and consider various characteristics of neighboring units in future models.
- Improve models like the spatial competition model by including more dimensions of spatial influence.","  - ""The results, displayed in Table 2 under column label 'model A', indicate that both the number of residential properties and proximity increase the likelihood of an area to be selected from burglary. As the number of properties increases by 10, a postal code's odds of being chosen increases by a factor 1.14 (by 14%). For proximity (i.e., negative log distance) the effect is also positive, indicating offenders are more likely to choose near than distant areas.""
  - ""In the final model, model E, the spatial competition factor is included. The estimated value of 0.99 is not readily interpretable in substantive terms as it represents the spatially weighted sum of nearby residential properties, but the finding that it is negative (odds ratio below 1) and significant means that spatial competition rather than spatial agglomeration is present.""
  - ""Model C introduces another attribute of potential target areas that may vary across offender types: the percentage of the resident population of nonnative (that is, non-Dutch) origin. As has been argued elsewhere (Bernasco and Block 2009;Bernasco and Nieuwbeerta 2005;Reynald et al. 2008), the ethnic background of offenders themselves may influence their preference for areas with mixed ethnic or racial composition, mainly because by skin color they are easily identified as non-natives by local residents. Interestingly, the results differ from those that Bernasco and Nieuwbeerta report on the basis of aggregated neighborhood level data from the city of The Hague (which are, however, a subset of the data analyzed here). While they found that all burglars were attracted to ethnically mixed neighborhoods, but nonnative burglars more so than native burglars, the present findings suggest that native Dutch burglars actually avoid ethnically mixed postal code areas (as for them the likelihood of choosing an area decreases by a factor 0.92 as the percentage non-natives in the population increases by 10%), while burglars with a nonnative background appear indifferent to the ethnic composition of the target area.""
  - ""In model B, the same model is estimated, this time allowing the effect of proximity to vary juvenile offenders (up to age 21) and adults (age 22 and beyond) as the mobility of juveniles is often more constrained because they are subjected to more supervision, maybe have less discretionary time available and because they have access to less modes of travel (Bernasco and Block 2009;Bernasco and Nieuwbeerta 2005). While in model A the effect was constrained to be the same for all offenders, the outcomes of model B show that proximity is important for both juvenile and adult offenders (both effects, 3.91 and 2.77, are significant), but also that it is a more salient choice criterion for juveniles than for adults (the significance of the difference between the effects of 3.91 and 2.77 is indicated in the table by drawing a border around them).""
  - ""In model D two more postal code area characteristics are added to the equation: the percentage 15-25 years old in the population and the average value of the properties in the postal code area. Both attributes, but the real estate values in particular, positively affect the attractiveness of the area to burglars.""",,"- The paper provides odds ratios for several independent variables in the context of burglary location choice.
- For the number of residential properties, an increase by 10 properties increases the odds of being chosen by a factor of 1.14 (14% increase).
- For proximity, the odds ratios are 3.91 for juvenile offenders and 2.77 for adult offenders, indicating that proximity is a more significant factor for juveniles.
- For ethnic composition, native Dutch burglars are less likely to choose areas with a higher percentage of non-native residents (odds ratio of 0.92 for a 10% increase in non-native population).
- For age composition and property value, both positively affect attractiveness, but specific odds ratios are not provided in the quotes.
- The spatial competition factor has an odds ratio below 1, indicating that areas with more nearby residential units are less likely to be targeted.","  - ""The software and hardware I used2 did not allow estimation of the model on the full dataset.""",,"- The paper mentions that the author used certain software and hardware for data analysis, but it does not specify the names of the software or tools used.
- The mention of ""software and hardware"" indicates that some form of computational tools were utilized, but the specific names or types are not provided in the text.
- The lack of specific software names or versions means that we cannot determine the exact tools used for data analysis.","  - ""The first reason to favor small spatial units is the generic principle in all sciences that to understand the characteristics and behavior of an object of inquiry, it is helpful to understand the characteristics and the behavior of its constituting elements, as well as the nature of the relations between these constituting elements.""
  - ""Another reason to favor small units is that the relevant boundaries between units may not be known to the researcher. The definition of spatial objects, such as neighborhoods, is often a result of arbitrary administrative decisions, but may not correspond to the perceptions of the area by those who use it""
  - ""The ecological fallacy (Robinson 1950) is the reasoning error by which conclusions about small units are made on the basis of empirical findings at higher levels of aggregation. The best way to prevent this fallacy is to measure and analyze the data at units of analysis that match the theory.""
  - ""The smaller the spatial unit of analysis that is chosen for analyzing a phenomenon, the more plausible it is that the observed unit is affected by its spatial environment.""
  - ""as the spatial unit of analysis decreases, the importance of the local environment increases.""
  - ""The problem that analytical results depend on how continuous space is partitioned into units, is known in geography as the modifiable areal unit problem (MAUP; Openshaw 1984).""
  - ""The second feature that distinguishes spatial choice from other types of choices is that spatial alternatives are part of a spatial structure, and are almost by definition very unlikely to be independent of each other.""
  - ""The empirical ubiquity of spatial autocorrelation in almost any physical or social characteristic, implies that in spatial choice, nearby spatial alternatives cannot be assumed to be independent, and may often be near substitutes when they are the object of choice.""",,"- The paper discusses the importance of using small spatial units to avoid aggregation bias and to ensure that the analysis matches the theoretical level of study. This is relevant to the MAUP discussion as it addresses the issue of scale effects.
- The authors mention the ecological fallacy, which is a key concept related to MAUP, as it involves making conclusions about smaller units based on larger aggregated data.
- The paper explicitly mentions the Modifiable Areal Unit Problem (MAUP), highlighting the issue of how analytical results can depend on how space is partitioned into units.
- The discussion on spatial autocorrelation and the interdependence of spatial alternatives is also relevant to MAUP, as it addresses the issue of spatial autocorrelation and the assumption of independence in spatial choice models.
- The authors emphasize the importance of considering the spatial environment and interdependence of units, which are central issues in MAUP.","  - ""The empirical analysis distinguishes small residential areas approximately the size of a football field, containing only 18 residential units and 40 residents on average.""
  - ""the present study analyzes the location choices of offenders at detailed spatial resolutions: the average unit of analysis is an area of only 18 residential units and 40 residents.""
  - ""The analysis of burglary location choices in the Greater The Hague area, in which small spatial entities with an average of 18 properties and 40 residents are distinguished, illustrates these points.""
  - ""the study area (Greater The Hague Area) measures 400 sq. km, and houses a population of 1,000,000 residents in 460,000 residential units.""
  - ""The postal code system was created with the facilitation of postal delivery services in mind. Therefore, a single postal code is nearly always on the same street, applies to adjacent properties, and is not subdivided by physical barriers that impede pedestrian or car transportation.""",,"- The study primarily focuses on using small spatial units, specifically postal code areas that contain approximately 18 residential units and 40 residents, which is a detailed spatial resolution.
- The paper does not mention any sensitivity analysis that compares results across different spatial scales or unit sizes. The focus is on justifying and applying the discrete choice framework at this specific small spatial scale.
- The study does not discuss any methodological approaches or key findings related to sensitivity analysis across different spatial scales.
- The paper's emphasis is on the application of the discrete choice framework at a detailed spatial resolution, not on comparing results across different scales.","  - ""Ultimately, the main criterion for choosing a particular unit of analysis is the theory to be tested. The unit of analysis should match the theory (Weisburd et al. 2009b""
  - ""The ecological fallacy (Robinson 1950) is the reasoning error by which conclusions about small units are made on the basis of empirical findings at higher levels of aggregation. The best way to prevent this fallacy is to measure and analyze the data at units of analysis that match the theory.""
  - ""Many contemporary scholars in geographic criminology advocate the use of much smaller spatial units of analysis (Groff et al. 2009;Oberwittler and Wikstro ¨m 2009;Smith et al. 2000) and prior research has indeed identified census blocks, street segments (Weisburd et al. 2004 ), street blocks (Kurtz et al. 1998; Taylor 1997), street corners (McCord and Ratcliffe 2007) and even single parcels (Kinney et al. 2008) or addresses (Groff and La Vigne 2001;Sherman et al. 1989) as meaningful spatial units of analysis.""
  - ""The first reason to favor small spatial units is the generic principle in all sciences that to understand the characteristics and behavior of an object of inquiry, it is helpful to understand the characteristics and the behavior of its constituting elements, as well as the nature of the relations between these constituting elements.""
  - ""An empirical justification of the use of small spatial units of analysis is the observation that larger spatial units are often heterogeneous with respect to crime itself and many related variables.""
  - ""The smaller the spatial unit of analysis that is chosen for analyzing a phenomenon, the more plausible it is that the observed unit is affected by its spatial environment.""
  - ""the main purpose of the application of these models to choice problems has been the need to alleviate the IIA property, as it is seen as much too restrictive, and that this is realized through alternative assumptions regarding the distribution of the unobserved utility component.""
  - ""An issue with the spatial competition model is that as a model of spatial interaction it is of limited value, because it does not model how the attraction of a spatial unit of analysis for an offender is affected by characteristics of its environment, other than what is reflected in its 'accessibility', the spatially weighted 'size' measure.""
  - ""A more realistic conceptualization of spatial influence would at least be multidimensional, and allow the focal unit of analysis to be affected in different ways by, for example, the size of its neighbors, their affluence level and their age composition.""
  - ""Future applications of crime location choice could attempt to model multiple spatial effects by including more than a single spatially weighted attribute in the model.""",,"- The paper emphasizes the importance of matching the unit of analysis to the theory being tested to avoid ecological fallacies (Quotes 1 and 2). This suggests a future direction in selecting appropriate spatial units based on theoretical considerations.
- There is a recommendation for using smaller spatial units of analysis, such as census blocks or street segments, as they are more homogeneous and can provide more precise measurements (Quotes 3 and 5).
- The paper highlights the need to consider spatial interaction and the influence of the environment on the choice of spatial units (Quotes 6 and 8).
- It suggests that future models should incorporate multiple spatial effects and consider various characteristics of neighboring units (Quotes 9 and 10).
- The paper discusses the limitations of current models, such as the spatial competition model, and suggests improvements by including more dimensions of spatial influence (Quotes 8 and 9)."
The Importance of Importance Sampling,"Wim Medvedev, Oleg N Polaschek, Sophie Curtis-Ham, Wim Bernasco, Oleg N Medvedev, Devon L L Polaschek",-,-,-,-,-,"- Residential burglary: Over 1000 times more likely in an SA2 with an activity node; 1.06 times increase for every 100 households.
- Presence of an activity node within 5 km: Over 20-fold increase in likelihood.
- Sex offenses: High odds (~ 1000x) in SA2s with an activity node.
- Distances 2-5 km from activity nodes: ORs 16.1 to 21.5.","R (R Core Team 2013), survival package (Therneau 2020)","The authors discuss the Modifiable Areal Unit Problem (MAUP) by highlighting the importance of using smaller spatial units to capture heterogeneity in variables. They contrast their use of larger units (SA2s) with smaller units (census blocks) and note that simple random sampling may perform poorly with larger units due to feature concentration, indicating an awareness of scale effects, aggregation bias, and spatial autocorrelation issues.",No sensitivity analysis performed.,"- Increase geographic granularity by using smaller spatial units like street segments or individual properties.
- Consider temporal variations in crime opportunities.
- Extend the scope of variables in models of crime location choice.
- Use smaller spatial units like census blocks for robust results.
- Replicate studies with different datasets and jurisdictions.
- Conduct initial tests to compare sampling strategies.
- Use importance sampling for idiosyncratic variables and skewed distributions.
- Investigate the effect of decreasing the proportion of importance sampled alternatives.","  - ""For example, offenders were over 1000 times more likely to commit a residential burglary in an SA2 in which they also had an activity node.""
  - ""The odds of an SA2 being chosen for a residential burglary also increased by 1.06 times for every 100 households in the SA2.""
  - ""The ORs for sex offenses were closer to those of burglars than robbery offenders, with particularly high odds (~ 1000x) of crime in SA2s in which they had an activity node.""
  - ""the odds of crime location choice remained significant and large (ORs 16.1 to 21.5) even 2-5 km from activity nodes""",,"- The paper provides odds ratios (ORs) as effect sizes for various independent variables related to crime location choice.
- For residential burglary, the odds of committing a crime in an SA2 with an activity node are over 1000 times higher, indicating a strong association.
- The presence of an activity node within 5 km of an SA2 increases the likelihood of crime by over 20 times.
- For sex offenses, the odds of committing a crime in an SA2 with an activity node are also very high, similar to those for burglary.
- The odds ratios for distances further from activity nodes (2-5 km) are still significant, ranging from 16.1 to 21.5.","  - ""All models were run on an HP Elitebook with 16gb of RAM and an Intel i7-7600U 2.8 GHz CPU using the clogit function from the survival package (Therneau 2020) in R (R Core Team 2013).""
  - ""The R script used to sample the data, run models, and analyze the results is appended as Supplementary Material.""",,"- The paper explicitly mentions the use of R for data analysis, specifically highlighting the use of the ""clogit function from the survival package"" and referencing the R Core Team from 2013.
- The mention of ""the clogit function from the survival package"" indicates that the authors used R's survival package for conditional logit modeling.
- The reference to ""the R script used to sample the data, run models, and analyze the results"" further confirms that R was the primary software used for data analysis.
- The paper does not mention any other software or programming tools, so it is reasonable to conclude that R was the primary analytical platform used.","  - ""A further explanation relates to the size of the units of analysis. Bernasco et al. (2013) used small spatial units-census blocks with an average of 118 residents-by comparison to thousands in our neighborhood sized SA2s. It may be that simple random sampling performs poorly when sampling neighborhoods because features relevant to offenders' location choices (e.g., activity nodes, targets) concentrate in few neighbourhoods.""
  - ""Whereas most prior studies of crime location choice focused on neighborhoods, recent research has demonstrated the relevance of smaller and more ecologically valid spatial units of analysis, such as streets segments (Frith et al. 2017), census blocks (Bernasco et al. 2013), and even individual properties (Vandeviver et al. 2015). Such smaller units can better account for heterogeneity in relevant variables that would be diluted within larger spatial units, so that the effects of these variables would become undetectable.""
  - ""In this study we used the NZ Census Statistical Area 2 (SA2) as the set of locations from which an offense location could be chosen. SA2s roughly equate to neighborhoods and typically contain 2000-4000 residents in metropolitan areas (1000-5000 in rural areas).""
  - ""In DSCM studies of crime location choice, the number of alternative locations that could be chosen for crime can be very large, as can the number of crime choices. Further, estimating discrete choice models requires attributes of all alternatives to be linked to the attributes of every choice.""
  - ""The more typical range is between approximately 500,000 to 5 million rows, involving 1000 to 5000 alternatives and 500 to 5000 offenses (Townsley et al. 2015; e.g., Bernasco et al. 2015; Frith et al. 2017).""",,"- The paper discusses the use of smaller spatial units such as streets segments, census blocks, and individual properties to better account for heterogeneity in variables, which is related to the Modifiable Areal Unit Problem (MAUP). This suggests an awareness of the issue of scale effects and aggregation bias.
- The authors mention the use of NZ Census Statistical Area 2 (SA2) as their spatial unit, which is comparable to neighborhoods. This choice of spatial unit is relevant to MAUP discussions as it involves aggregating data to a certain level.
- The paper contrasts their use of larger spatial units (SA2s) with smaller units used in other studies (census blocks), highlighting potential differences in how well these units capture relevant variables and the implications for sampling methods.
- The discussion about simple random sampling performing poorly with larger units like neighborhoods due to the concentration of relevant features suggests an understanding of spatial autocorrelation issues and how they affect sampling strategies.","  - ""Understanding crime location choice at an individual level is a growing research undertaking with potential to inform criminal investigation and prevention activities beyond improvement in the explanation and prediction of where and when crime concentrates (Bernasco 2017;Ruiter 2017).""
  - ""Whereas most prior studies of crime location choice focused on neighborhoods, recent research has demonstrated the relevance of smaller and more ecologically valid spatial units of analysis, such as streets segments (Frith et al. 2017), census blocks (Bernasco et al. 2013), and even individual properties (Vandeviver et al. 2015).""
  - ""In this study we used the NZ Census Statistical Area 2 (SA2) as the set of locations from which an offense location could be chosen.""
  - ""SA2s are comparable to the units used in other crime location choice studies (e.g., Clare et al. 2009;Townsley et al. 2015).""
  - ""A further explanation relates to the size of the units of analysis. Bernasco et al. (2013) used small spatial units-census blocks with an average of 118 residents-by comparison to thousands in our neighborhood sized SA2s.""
  - ""The relative benefits of importance sampling also depended on crime type. Simple random sampling for commercial robbery produced results more consistent with the full model than for other offenses.""
  - ""The results for the different crime types suggest that importance sampling would be more important for crime types not included in this study that have more in common with burglary, personal robbery or sex offenses than commercial robbery.""
  - ""Future crime DSCM studies where sampling of alternatives would be needed to overcome computational limits could benefit from conducting initial tests with a small subset of choices comparing activity node based importance sampling and simple random sampling to the full model, before opting for one or other sampling strategy.""",,"- The paper discusses the use of different spatial units in crime location choice studies, such as neighborhoods, street segments, census blocks, and individual properties.
- The study itself uses NZ Census Statistical Area 2 (SA2) as the spatial unit, which is comparable to neighborhoods.
- The paper compares the use of SA2s with smaller spatial units like census blocks used in other studies, highlighting differences in results due to unit size.
- The study does not conduct a sensitivity analysis by varying spatial unit sizes or scales within the study itself.
- The paper suggests future research could explore different spatial units and scales, but this is not part of the current study's methodology.
- The focus is on comparing sampling strategies rather than spatial scales.","  - ""There is an opportunity to deepen this understanding by increasing its geographic granularity. Whereas most prior studies of crime location choice focused on neighborhoods, recent research has demonstrated the relevance of smaller and more ecologically valid spatial units of analysis, such as streets segments (Frith et al. 2017), census blocks (Bernasco et al. 2013), and even individual properties (Vandeviver et al. 2015).""
  - ""In addition, because criminal opportunities are subject to cyclical temporal variations over days, weeks, months and seasons (Bernasco et al. 2017;van Sleeuwen et al. 2018), we need not only ask questions about optimal places for crime but also about optimal times and places, in combination, for crime.""
  - ""Further, there is a need to extend the scope or range of variables included in models of crime location choice. In particular, the measurement of individual activity spaces has been limited to residential addresses and prior offending locations only.""
  - ""In the only other study to compare sampling from alternatives to the full choice set in a crime location choice context, Bernasco et al. (2013) examined street robberies in the city of Chicago. They found that the coefficients and standard errors from a model using a simple random sample of 24% of 24,593 census block alternatives for 6000 robberies were very close to those from a model using the full choice set for 2000 robberies.""
  - ""A further explanation relates to the size of the units of analysis. Bernasco et al. (2013) used small spatial units-census blocks with an average of 118 residents-by comparison to thousands in our neighborhood sized SA2s.""
  - ""The findings are based on a single study in one country, from one data source, requiring replication with datasets from other jurisdictions.""
  - ""Future crime DSCM studies where sampling of alternatives would be needed to overcome computational limits could benefit from conducting initial tests with a small subset of choices comparing activity node based importance sampling and simple random sampling to the full model, before opting for one or other sampling strategy.""
  - ""The present results suggest that importance sampling may be particularly important when estimating variables that are idiosyncratic (i.e., that vary simultaneously across alternatives and across offenders, such as awareness space) or have skewed distributions, such as (again) awareness space but also opportunity variables that are highly skewed.""
  - ""Future research could also investigate the effect of decreasing the proportion of alternatives that are importance sampled, to establish the point at which the estimates become unreliable, by comparison to including 100% in the first (5 km) stratum as was done here.""
  - ""The findings of this paper have important implications for future crime location choice studies, and make a novel contribution to the growing literature on offenders' spatial decision making.""",,"- The paper discusses the need for increased geographic granularity in crime location choice studies, suggesting the use of smaller spatial units like street segments or individual properties (Quote 1).
- It highlights the importance of considering temporal variations in crime opportunities, which could influence the choice of spatial units (Quote 2).
- The paper notes the limitation of current studies in measuring individual activity spaces and suggests extending the scope of variables (Quote 3).
- The comparison with Bernasco et al. (2013) suggests that smaller spatial units like census blocks can provide robust results (Quote 4).
- The paper contrasts the use of neighborhood-sized SA2s with smaller census blocks, indicating that smaller units might be more effective (Quote 5).
- The authors suggest replicating the study with different datasets and jurisdictions to validate findings (Quote 6).
- They recommend initial tests to compare sampling strategies before choosing one (Quote 7).
- The paper suggests that importance sampling is particularly useful for idiosyncratic variables and skewed distributions (Quote 8).
- Future research is encouraged to explore the effect of decreasing the proportion of importance sampled alternatives (Quote 9).
- The paper concludes with implications for future studies, emphasizing the contribution to spatial decision-making literature (Quote 10)."
CO-OFFENDERS' CRIME LOCATION CHOICE: DO CO-OFFENDING GROUPS COMMIT CRIMES IN THEIR SHARED AWARENESS SPACE?,Marre Lammers,-,-,-,-,-,"- Area where one offender lives: 11.7 times higher odds
- Area where two or three offenders live: 44.05 times higher odds
- Previous home location: 3.01 times higher odds
- Previous crime location: 4.8 times higher odds
- Shared previous home location: 8.41 times higher odds
- Shared previous crime location: 15.08 times higher odds",Not mentioned (the paper does not specify the software or programming tools used for data analysis),"The authors discuss the Modifiable Areal Unit Problem (MAUP) in relation to their spatial unit selection, acknowledging that the four-digit postal code area used could be considered large. They mention that smaller units could be used but note that this increases spatial interdependence issues. The discussion references Ouimet (2000) and highlights potential aggregation bias and spatial autocorrelation issues.",No sensitivity analysis performed.,"- Consider using smaller spatial units like six-digit postal code areas for more detailed analysis.
- Address the issue of spatial interdependence when using smaller units by employing models that account for it.
- Explore alternative definitions for shared awareness space, such as requiring all offenders to be familiar with an area.
- Collect data closer to the source through interviews with offenders and their co-offenders.
- Study larger areas to generalize findings.","  - ""The results show that the area where one of the offenders lives at the time of the offence has 11.7 times higher odds of being targeted than an otherwise comparable area where none of the offenders live at the time of the offence.""
  - ""Both the areas of previous home locations and previous crime locations show similar results: when one offender lived or offended before in an area, the odds that this area will be targeted increases (3.01 times and 4.8 times, respectively).""
  - ""When two or three offenders live in that area, the odds of it being targeted is 44.05 times as large as the odds that an area where none of the offenders lives is being chosen.""
  - ""Moreover, when more offenders of the co-offending group have lived or have committed crimes in that area before, the odds increase significantly to 8.41 times (p < 0.01) and 15.08 times (p < 0.001) those of an area where none of the offenders has lived or has offended before.""",,"- The paper provides odds ratios (ORs) as effect sizes for various independent variables related to crime location choice.
- The odds ratios are used to measure the likelihood of a co-offending group targeting an area based on different factors such as current home location, previous home locations, and previous crime locations.
- The ORs indicate the multiplicative effect of a one-unit increase in the independent variable on the odds of choosing a particular target area.
- The paper reports specific ORs for different scenarios: 11.7 for areas where one offender lives, 44.05 for areas where two or three offenders live, 3.01 for previous home locations, 4.8 for previous crime locations, 8.41 for shared previous home locations, and 15.08 for shared previous crime locations.
- These ORs are significant indicators of the effect sizes of the independent variables on the outcome variable (crime location choice).","  - ""The data were analysed using a discrete spatial choice model.""
  - ""Discrete choice models are used to explain why an individual chooses a specific single alternative when presented with a distinct number of alternatives (Ben-Akiva and Bierlaire 2003), given characteristics of the alternatives and characteristics of the decision maker.""
  - ""The discrete spatial choice model testing whether co-offended crimes are more likely committed in the shared awareness space of the co-offending group includes a number of control variables measuring area characteristics known to influence crime location choice.""
  - ""The results show that the area where one of the offenders lives at the time of the offence has 11.7 times higher odds of being targeted than an otherwise comparable area where none of the offenders live at the time of the offence.""
  - ""Discrete choice models are statistically tested with a conditional logit model (McFadden 1974;1978).""",,"- The paper mentions the use of a ""discrete spatial choice model"" for data analysis, which is a type of statistical model used to understand choices among multiple alternatives.
- The model is specifically identified as a ""conditional logit model,"" which is a statistical technique used to analyze discrete choice data.
- The paper does not explicitly mention any specific software or programming tools used for the analysis, such as R, Stata, Python, or others.
- The focus is on the theoretical and methodological approach rather than the specific software or tools used for implementation.","  - ""Furthermore, the spatial unit of analysis that was used in this study is a four-digit postal code area. Most studies on crime location choice have used areas of similar or larger size for their analyses. However, the four-digit postal code area could be considered a large unit of analysis. A smaller measurement could have been used, e.g. a six-digit postal code area. These areas contain on average 18 residential units and 40 residents. However, using small spatial units of analysis has its downsides. For example using smaller areas increases the issue of spatial interdependence between observations. This means that models that take spatial interdependence into account need to be used to properly analyse the data. This problem of choosing the right level of aggregation and the influence that has on study result, the modifiable areal unit problem, are discussed extensively in Ouimet (2000).""",,"- The paper discusses the choice of spatial unit of analysis, specifically mentioning the use of four-digit postal code areas.
- It acknowledges that this unit could be considered large and suggests that smaller units like six-digit postal code areas could be used.
- The authors mention that using smaller areas increases the issue of spatial interdependence, which is a component of the Modifiable Areal Unit Problem (MAUP).
- They reference Ouimet (2000) in relation to the MAUP, indicating that the issue is recognized and discussed in the context of choosing the appropriate level of aggregation.
- The discussion highlights the potential for aggregation bias and spatial autocorrelation issues when selecting a spatial unit of analysis.","  - ""the spatial unit of analysis that was used in this study is a four-digit postal code area. Most studies on crime location choice have used areas of similar or larger size for their analyses. However, the four-digit postal code area could be considered a large unit of analysis. A smaller measurement could have been used, e.g. a six-digit postal code area. These areas contain on average 18 residential units and 40 residents. However, using small spatial units of analysis has its downsides. For example using smaller areas increases the issue of spatial interdependence between observations. This means that models that take spatial interdependence into account need to be used to properly analyse the data. This problem of choosing the right level of aggregation and the influence that has on study result, the modifiable areal unit problem, are discussed extensively in Ouimet (2000).""",,"- The paper discusses the use of a four-digit postal code area as the spatial unit of analysis, which is considered large.
- It mentions that a smaller measurement, such as a six-digit postal code area, could have been used but notes the potential downsides, including increased spatial interdependence.
- The paper references the modifiable areal unit problem, which is a known issue in spatial analysis where results can vary depending on the scale of the spatial units used.
- However, the paper does not conduct a sensitivity analysis by comparing results across different spatial scales or units. It only discusses the potential implications of using different scales without actually performing such an analysis.","  - ""the spatial unit of analysis that was used in this study is a four-digit postal code area. Most studies on crime location choice have used areas of similar or larger size for their analyses. However, the four-digit postal code area could be considered a large unit of analysis. A smaller measurement could have been used, e.g. a six-digit postal code area. These areas contain on average 18 residential units and 40 residents.""
  - ""However, using small spatial units of analysis has its downsides. For example using smaller areas increases the issue of spatial interdependence between observations. This means that models that take spatial interdependence into account need to be used to properly analyse the data.""
  - ""The above-described limitations offer some pointers for future research. Data could be collected closer to the source by interviewing offenders on their awareness space and crime locations, but also on who their co-offenders are. These co-offenders could then subsequently be interviewed. When using registered data, sampling could be done specifically focused on co-offending. Also, to be able to generalize findings it would be necessary to study a larger area.""
  - ""A last remark in this regard concerns the calculation of the shared awareness space. In the current study, it is defined and measured as more than one offender being familiar with an area. However, this can also be done in other ways. For example shared awareness space can be defined as all offenders of an offender group being familiar with an area, which would result in an even lower percentage of shared awareness space.""
  - ""This problem of choosing the right level of aggregation and the influence that has on study result, the modifiable areal unit problem, are discussed extensively in Ouimet (2000).""",,"- The paper discusses the use of a four-digit postal code area as the spatial unit of analysis, which is considered large compared to other possible units like six-digit postal code areas.
- The authors suggest that using smaller spatial units could provide more detailed insights but also introduce issues like spatial interdependence, which requires specialized models to address.
- The modifiable areal unit problem is mentioned as a significant issue in choosing the appropriate level of aggregation for spatial analysis.
- The paper suggests alternative definitions for shared awareness space, which could affect the percentage of shared awareness space calculated.
- Future research suggestions include collecting data closer to the source, such as through interviews, and studying larger areas to generalize findings."
"Right place, right time? Making crime pattern theory time-specific","Sabine E M Van Sleeuwen, Stijn Ruiter, Wouter Steenbeek",-,-,-,-,-,"- Odds ratio for neighborhoods visited at the same time of day as the crime event: 2589.71
- Odds ratio for neighborhoods visited at different times of day: 1209.00",Not mentioned (the paper does not specify the software used for data analysis),No MAUP discussion present.,"- The study conducted a sensitivity analysis by varying the spatial unit sizes or scales.
- They examined the impact of including different orders of spatial lags (first-order, second-order, third-order) on the percentage of offences committed within offenders' activity spaces.
- The analysis involved comparing the results across these different spatial scales.
- The methodological approach involved geocoding the longitude-latitude information to one of the 13,305 unique neighbourhoods in the Netherlands and then analyzing the data at different spatial scales.
- The key findings were that the percentage of offences committed within activity spaces increased from 39.4% at the neighbourhood level to 84.5% when including third-order spatial lags.","- Use larger samples, especially including more serious offenders with longer offence histories.
- Utilize online survey instruments to capture a wider range of activity nodes and time-specific data.
- Consider using smartphone applications or GPS-tracking data to more comprehensively measure activity spaces.
- Assess the distinction between planned and opportunistic crimes in future analyses.","  - ""The results show that the odds ratio for our main study variable neighbourhood routinely visited at same time of day as crime event is positive and statistically significant (p < 0.001). This means that offenders are more likely to commit crime in neighbourhoods that were part of their time-specific activity space compared to neighbourhoods that were not. More specifically, the odds of committing crime in neighbourhoods that are routinely visited at the same time of day as the crime event is more than 2500 times that of committing crime in neighbourhoods not part of one's activity space.""
  - ""The odds ratio for neighbourhood routinely visited at different time of day as crime event also does not reach statistical significance (p = 0.324).""
  - ""Moreover, we observe that this odds ratio (OR = 2589.71) is estimated to be considerably higher than the odds ratio for neighbourhood routinely visited at different time of day as crime event (OR = 1209.00).""
  - ""The results suggest that offenders are more likely to commit crime in neighbourhoods they have regularly visited at the same time of day than in neighbourhoods they have regularly visited at different times of day, although the effect size difference was not statistically significant in our small sample-but clearly in the expected direction.""",,"- The paper reports odds ratios as effect sizes for the independent variables related to the timing of visits to neighborhoods.
- The odds ratio for neighborhoods visited at the same time of day as the crime event is 2589.71, indicating a strong association between visiting a neighborhood at the same time and committing a crime there.
- The odds ratio for neighborhoods visited at different times of day is 1209.00, which is lower than the same-time odds ratio but still suggests an increased likelihood of committing a crime in these areas.
- The paper notes that the difference in odds ratios is not statistically significant due to the small sample size, but the direction of the effect is as expected.
- These odds ratios are the primary effect sizes reported in the paper for the independent variables related to the timing of neighborhood visits.","  - ""The survey first asked to report on daily and weekly routine activities, categorized in seven different domains: (1) residences, (2) schools, (3) jobs, (4) sports activities, (5) shopping, (6) going out, and (7) any other activities, for which respondents could specify the type of activity themselves.""
  - ""For each domain, the respondents were asked to indicate whether they had visited such an activity node about weekly over the past year.""
  - ""For each of these locations, respondents indicated during which days of the week and times of the day they had usually visited that location in the past year.""
  - ""The pinpointed locations were automatically geocoded by storing the longitude-latitude information.""
  - ""To provide a first empirical test of our extended crime pattern theory, we estimated a conditional logit model as commonly applied in crime location choice research (Bernasco and Ruiter 2014;Ruiter 2017).""
  - ""The results of the conditional logit model that tests whether offenders are more likely to commit crime in neighbourhoods they have regularly visited at the same time of day than in neighbourhoods they have regularly visited at different parts of the day are displayed in Table 2""
  - ""the final dataset for analysis is a data matrix of 944,655 rows (containing 13,305 neighbourhood rows for each of the 71 crimes to be explained).""
  - ""Because the small sample size does not justify using normal standard errors, we calculated bootstrapped standard errors based on 100 samples.""",,"- The paper mentions the use of an online survey instrument, which suggests that some form of software was used to design and administer the survey. However, the specific software used for the survey is not mentioned.
- The paper discusses the use of a conditional logit model, which is a statistical technique often used in econometrics and choice modeling. This suggests that software capable of running such models was used.
- The mention of bootstrapped standard errors indicates that some form of statistical software was used for data analysis.
- The paper does not explicitly mention any specific statistical software or programming tools such as R, Stata, Python, SPSS, SAS, BIOGEME, Nlogit, ArcGIS, QGIS, or Mplus.","  - ""The findings we observe might in part be related to the police being better able to solve offences that were committed inside the offenders' activity spaces.""
  - ""The results of the conditional logit model that tests whether offenders are more likely to commit crime in neighbourhoods they have regularly visited at the same time of day than in neighbourhoods they have regularly visited at different parts of the day are displayed in Table 2""
  - ""To ensure that activity patterns preceded the crimes, we removed those activity nodes respondents only started visiting after the crime event.""
  - ""Therefore, we geocoded the longitude-latitude information to one of the 13,305 unique neighbourhoods in the Netherlands for the year 2018, with a median area of 0.66 km 2 (mean = 2.63, range = 0.02-130.14) (Statistics Netherlands 2019).""
  - ""In order to determine the adequate spatial and temporal resolution for our unit of analysis, we first checked the reported level of accuracy for the seven routine activity domains and the five different reported types of crime. Spatial accuracy was generally higher for the reported routine activity nodes than for the crimes. However, for all 12 categories combined, more than three-quarters of the locations were indicated to be reported at least at the neighbourhood level.""",,"- The paper discusses the selection of spatial units by mentioning that they geocoded locations to one of the 13,305 unique neighbourhoods in the Netherlands. This indicates a choice of spatial scale for analysis.
- The authors mention that spatial accuracy was generally higher for routine activity nodes than for crimes, which could imply some consideration of scale effects in terms of data accuracy.
- The paper does not explicitly discuss the Modifiable Areal Unit Problem (MAUP) or ecological fallacy. There is no mention of scale effects, aggregation bias, or spatial autocorrelation issues in relation to the choice of neighbourhoods as spatial units.
- The focus is on the temporal and spatial patterns of crime rather than on the implications of spatial unit selection on the analysis.","  - ""The results showed that almost 40% of the offences (39.4%) were committed within the neighbourhoods of offenders' activity nodes, increasing to 84.5% when including first-, second-and third-order spatial lags surrounding the activity node neighbourhoods.""
  - ""If we include first-order spatial lags (i.e., neighbourhoods adjacent to those with the activity nodes), second-order spatial lags, and even thirdorder spatial lags, the median area of the neighbourhoods increased to 3.37 km 2 , 14.5 km 2 , and 55.6 km 2 , respectively.""
  - ""We indeed find that the percentage of offences that were committed inside offenders' activity spaces rapidly increases from 59.2% (first-order spatial lags) to 70.4% (second-order lags), and 84.5% (third-order lags).""
  - ""We not only expect that neighbourhoods with routine activity nodes have a higher chance to be targeted, but also-to a lesser extent-neighbourhoods nearby, which offenders might visit less frequently or only traverse on their way to their activity nodes.""",,"- The study conducted a sensitivity analysis by varying the spatial unit sizes or scales. They examined the impact of including different orders of spatial lags (first-order, second-order, third-order) on the percentage of offences committed within offenders' activity spaces.
- The analysis involved comparing the results across these different spatial scales. The study found that as the spatial scale increased (from first-order to third-order lags), the percentage of offences committed within the activity spaces also increased significantly.
- The methodological approach involved geocoding the longitude-latitude information to one of the 13,305 unique neighbourhoods in the Netherlands and then analyzing the data at different spatial scales.
- The key findings were that the percentage of offences committed within activity spaces increased from 39.4% at the neighbourhood level to 84.5% when including third-order spatial lags, indicating a significant impact of spatial scale on the results.","  - ""Future studies with larger samples might benefit from using a similar design to map offenders' time-specific activity spaces, especially if also more serious offenders with longer offence histories are included.""
  - ""We believe that the use of our online survey instrument has a great advantage over previous registerbased studies, as we were able to study a much wider range of activity nodes than those usually included and we were able to capture the time of day offenders usually visited their activity nodes.""
  - ""Another way forward might be to use smartphone applications to track the whereabouts of people (see e.g., Ruiter and Bernasco 2018) or other type of GPS-tracking data (e.g., Rossmo et al. 2012). These methodologies can be used to even more comprehensively measure offenders' activity spaces, such as a wider range of routine activities as well as the routinely travelled paths between activity nodes.""
  - ""When such new data get collected, it is worthwhile to assess whether the distinction between planned and opportunistic crimes can more explicitly be taken into account.""",,"- The authors suggest that future studies should use larger samples to improve the reliability of their findings, particularly by including more serious offenders with longer histories.
- They highlight the advantage of using online survey instruments to capture a wider range of activity nodes and time-specific data, which could be improved upon in future studies.
- The authors propose using smartphone applications or GPS-tracking data as alternative methods to more comprehensively measure activity spaces, which could provide more detailed spatial data.
- They also suggest considering the distinction between planned and opportunistic crimes in future analyses, which could influence the choice of spatial units or scales of analysis."
Ambient population and surveillance cameras: The guardianship role in street robbers' crime location choice,"Dongping Long, Lin Liu, Mingen Xu, Jiaxin Feng, Jianguo Chen, Li He",-,-,Cities,38,2021,"- Ambient population: Odds ratio = 0.915 (negative effect)
- Surveillance cameras: Odds ratio = 0.961 (negative effect)
- Density of road network: Odds ratio = 0.589 (negative effect)
- Subway stations: Odds ratio = 1.050 (positive effect)
- Malls and supermarkets: Increase odds by 17.6%
- Bus stops: Increase odds by 9.7%
- Proportion of migrants: Increase odds by 9.0%",Stata 13.0,No MAUP discussion present.,No sensitivity analysis performed.,"- The authors suggest encouraging mixed land use to attract pedestrian traffic, which could influence spatial unit characteristics.
- They recommend optimizing surveillance camera placement to maximize their effects, which is a methodological improvement related to spatial boundaries.","  - ""The results of discrete spatial choice models (Odds Ratios, Z-scores, Pseudo R 2 , significance level with 95% confidence intervals) are listed in Table 4""
  - ""In Table 4 , the odds ratios of variables smaller than 1 indicate negative effects, and the smaller the odds ratios are, the greater the negative effects are.""
  - ""the odds ratio of the density of road network is 0.589, which means the density of road network in a neighborhood increases by 1 unit, the odds that a street robber targets the same neighborhood decrease by 41.1%.""
  - ""the odds ratio of subway stations is 1.050, which means the number of subway stations in a neighborhood increases by 1 unit, the odds that a street robber targets the same neighborhood increase by 5%.""
  - ""the odds ratio of variable daily human mobility is 0.915, and its P value was less than 0.001, which means the influence of ambient population is negative and highly statistically significant.""
  - ""the effect of the variable surveillance cameras in 95% of confidence level is statistically significant, and with an estimated odds ratio of 0.961.""
  - ""The results of Model 1 show that grocers, ATMs and banks, Carparks, and socioeconomic heterogeneity do not have significant effects, while malls and supermarkets, and bus stops have the largest effects. With one more mall and supermarket or bus stop in the neighborhood unit, the odds of being chosen increase by 17.6% and 9.7% respectively.""
  - ""a one-unit increase in the proportion of migrants in the neighborhood units increases the odds of the unit being targeted by 9.0%.""
  - ""the logged distance of journey to crime has a very strong and negative effect on the offender's crime location choice: the closer to the offender's residence, the more likely a neighborhood unit is to be chosen as a crime site.""",,"- The paper uses discrete spatial choice modeling to analyze the effects of various factors on street robbers' crime location choice.
- The primary effect size measure reported is the odds ratio, which indicates the change in odds of a street robber targeting a neighborhood based on changes in independent variables.
- For ambient population, the odds ratio is 0.915, indicating a negative effect on crime location choice, meaning an increase in ambient population decreases the likelihood of a neighborhood being targeted.
- For surveillance cameras, the odds ratio is 0.961, also indicating a negative effect, meaning more surveillance cameras decrease the likelihood of a neighborhood being targeted.
- Other odds ratios are provided for various environmental factors, such as density of road network (0.589), subway stations (1.050), malls and supermarkets (17.6% increase), bus stops (9.7% increase), and proportion of migrants (9.0% increase).
- These odds ratios provide a quantitative measure of how each factor influences the likelihood of a neighborhood being chosen for a street robbery.","  - ""The calculation of dependent variables in discrete spatial choice modeling refers to the method by Bernasco et al. (2013) and Johnson and Summers (2015).""",,"- The paper mentions the use of a ""conditional logit model"" which is a statistical method often used in discrete choice modeling.
- The specific software used for the analysis is explicitly mentioned as ""STATA 13.0,"" indicating that Stata version 13 was used for the data analysis.
- Stata is a widely used statistical software package for data analysis, and version 13 is a specific version that was available at the time of the study.","  - ""The study area covers 1971 communities (Fig. 2 ), with an average size of 1.62 km 2 . The standard deviation of the size of communities is 2.85, the minimum size of 0.001 km 2 , and the maximum size of 43 km 2""
  - ""The dataset included the following information of each arrested robber: the unique offender identifier, the Hukou status, the home address, and the location and time of the robbery.""
  - ""The data matrix of dependent variables is constructed by using these cases. The calculation of dependent variables in discrete spatial choice modeling refers to the method by Bernasco et al. (2013) and Johnson and Summers (2015). This paper assumes that a street robber chose one for robbery among 1971 communities (1971 alternative sets).""
  - ""The discrete spatial choice approach is widely used in microeconomics to analyze discrete choice behavior (Bernasco & Nieuwbeerta, 2005).""
  - ""The utility function can be estimated by a conditional logit model (McFadden, 1978).""
  - ""The results of discrete spatial choice models (Odds Ratios, Z-scores, Pseudo R 2 , significance level with 95% confidence intervals) are listed in Table 4""
  - ""The explanatory power of these models is explained as follows. Firstly, by comparing Pseudo R 2 between Model 1 and Model 2, it can be concluded that the explanatory power of Model 2 has been improved by 7.20%.""",,"- The paper discusses the use of 1971 communities as the spatial unit for analysis, which could potentially raise issues related to the Modifiable Areal Unit Problem (MAUP). However, there is no explicit discussion about MAUP or ecological fallacy in the paper.
- The paper does not mention any consideration of scale effects, aggregation bias, or spatial autocorrelation issues related to the choice of spatial units.
- The focus is on the methodological approach using discrete spatial choice modeling and conditional logit models, but there is no discussion about how these methods address or mitigate MAUP.
- The paper provides details about the size and number of communities used in the analysis but does not address potential issues related to MAUP.","  - ""Finally, we find it interesting that the guardianship role of surveillance cameras is less than that of ambient population. To further support and verify the findings of the discrete spatial choice method, we use negative binomial regression and partial least square regression to replicate the study.""
  - ""The explanatory power of these models is explained as follows. Firstly, by comparing Pseudo R 2 between Model 1 and Model 2, it can be concluded that the explanatory power of Model 2 has been improved by 7.20%.""
  - ""The results of discrete spatial choice models (Odds Ratios, Z-scores, Pseudo R 2 , significance level with 95% confidence intervals) are listed in Table 4""
  - ""The discrete spatial choice approach is widely used in microeconomics to analyze discrete choice behavior (Bernasco & Nieuwbeerta, 2005). Based on the theory of random utility, this model assumes that a chooser who faces a set of alternatives must make a choice.""
  - ""The study area covers 1971 communities (Fig. 2 ), with an average size of 1.62 km 2 . The standard deviation of the size of communities is 2.85, the minimum size of 0.001 km 2 , and the maximum size of 43 km 2""",,"- The paper describes the study area as covering 1971 communities with varying sizes, but it does not mention any sensitivity analysis conducted using different spatial unit sizes or scales.
- The discrete spatial choice model is used to analyze the data, but there is no mention of varying the spatial scale or unit size in this analysis.
- The paper discusses the improvement in explanatory power when adding variables to the model, but this is not a sensitivity analysis related to spatial scales.
- The use of negative binomial regression and partial least square regression to replicate the study is mentioned, but again, this does not involve varying spatial scales or unit sizes.
- Overall, there is no indication in the paper that a sensitivity analysis was conducted using different spatial unit sizes or scales.","  - ""To take advantage of the guardianship role of ambient population, mixed land use that attracts pedestrian traffic should be encouraged in urban planning and urban renewal.""
  - ""Also, considering the guardianship role of surveillance cameras, the optimization of the camera placement may help maximize their effects.""
  - ""The study area covers 1971 communities (Fig. 2 ), with an average size of 1.62 km 2 . The standard deviation of the size of communities is 2.85, the minimum size of 0.001 km 2 , and the maximum size of 43 km 2""",,"- The paper discusses the use of communities as the spatial unit of analysis, with an average size of 1.62 km^2. This indicates that the authors have considered the spatial unit size in their study.
- The authors suggest encouraging mixed land use to attract pedestrian traffic, which implies a recommendation for urban planning strategies that could influence the spatial unit size or characteristics.
- The mention of optimizing surveillance camera placement suggests a methodological improvement related to spatial boundaries, as it involves strategic placement within the existing spatial units.
- However, there is no explicit discussion about alternative spatial units, different scales of analysis, or optimal unit sizes beyond the current use of communities."
Do Migrant and Native Robbers Target Different Places?," Liu",-,-,ISPRS Int. J. Geo Inf.,3,2021,"- Wholesale markets: OR = 1.147 for migrant robbers (p < 0.001), OR = 1.018 for native robbers (p > 0.05)
- Sports stadiums: OR = 0.816 for migrant robbers (p < 0.01), OR = 1.016 for native robbers (p > 0.05)
- Transportation hubs: OR = 1.052 for migrant robbers (p < 0.01), OR = 1.018 for native robbers (p > 0.05)
- Subway stations: OR = 1.038 for migrant robbers (p < 0.000), OR = 1.022 for native robbers (p > 0.05)
- Proportion of migrants: OR = 1.043 for migrant robbers (p < 0.001), OR = 0.377 for native robbers (p < 0.001)",Stata 13.0,No MAUP discussion present.,No sensitivity analysis performed.,"- Strengthen crime prevention and control by deploying security facilities in wholesale markets, sports stadiums, unoccupied rental rooms, and small hotels, especially in urban villages or near wholesale markets.
- Validate the representativeness of the data in future studies.
- Verify the effect of sports stadiums on native robbers in future studies.","  - ""The OR value, Z value, and significance level (p-value) of each factor were obtained by conditional logit regression analysis of the crime location choice and their influencing factors of street robbers with different household registration attributes (Table 4""
  - ""From Table 4 , we can see that the Pseudo R 2 of both migrant robbers (Model 1) and native robbers (Model 2) are greater than 0.25, which indicates that the two models fit perfectly and they have strong explanatory power.""
  - ""From Table 4 , it can be seen that the OR of wholesale markets influence on the crime location choice of migrant robbers is 1.147, with a p-value of 0.000 less than 0.001, which is statistically significant, while the OR of influence on the crime location choice of native robbers is 1.018 with a p-value of 0.318 greater than 0.05, which is not statistically significant.""
  - ""the OR for the effect of sports stadiums on the crime location choice of migrant robbers is 0.816, with a p-value of 0.002 less than 0.01, which is statistically significant. The OR for the effect on the crime location choice of native robbers is 1.016, with a p-value of 0.314 greater than 0.05, which is not statistically significant.""
  - ""The OR values for the influence of transportation hubs and subway stations on the crime location choice of migrant robbers are respectively 1.052 and 1.038, with p-values less than 0.01 and 0.000, i.e., both were statistically significant. And the OR value of the same influences on the crime location choice of native robbers are respectively 1.018 and 1.022, with p-values greater than 0.05, i.e., both were not statistically significant.""
  - ""Meantime, it is necessary to point out some variables that have similar effects on both migrant and native robbers. Table 4 contains OR values and confidence intervals regarding the following six typically routine activity nodes: malls and supermarkets, grocers, bars and clubs, high schools, carparks, bus stops. All of them have a significant positive effect on the crime location choices of both migrant and native robbers.""
  - ""In terms of control variables, for example, the OR values for the influence of the proportion of migrants on the crime location choice of migrant robbers and native robbers are respectively 1.043 and 0.377, and both had statistically significant p-values of 0.000 less than 0.001.""",,"- The paper uses conditional logit regression analysis to determine the effect sizes of various factors on crime location choices.
- The effect sizes are reported as odds ratios (OR) with their corresponding p-values to indicate statistical significance.
- For wholesale markets, the OR is 1.147 for migrant robbers, indicating a significant positive effect, while for native robbers, the OR is 1.018, which is not statistically significant.
- For sports stadiums, the OR is 0.816 for migrant robbers, indicating a significant negative effect, while for native robbers, the OR is 1.016, which is not statistically significant.
- For transportation hubs and subway stations, the ORs are 1.052 and 1.038 for migrant robbers, respectively, indicating significant positive effects, while for native robbers, these effects are not statistically significant.
- The paper also reports ORs for other variables such as malls and supermarkets, grocers, bars and clubs, high schools, carparks, and bus stops, which have similar positive effects on both migrant and native robbers.
- The ORs for the proportion of migrants are 1.043 for migrant robbers and 0.377 for native robbers, indicating a positive effect on migrant robbers and a negative effect on native robbers.","  - ""Models calculations were done under Stata 13.0 software.""",,"- The paper explicitly mentions that the data analysis was conducted using ""Stata 13.0 software."" This indicates that Stata, specifically version 13.0, was the statistical software used for the data analysis in the study.","  - ""The second type of data is a dataset coupled with individual factors (distance of journey to crime variables) and key neighborhood factors, including 2014 POI data (point coordinates), 2014 traffic road network vector map data, 2015 bus stop data (point coordinates) crawled based on Baidu API, within one week of 12 to 18 May 2016 ZG City's mobile phone data and the sixth census data of ZG city in 2010 (Table 3""
  - ""The data used in this paper include the arrest data and neighborhood characteristics data of ZG City.""
  - ""The distance of street robbers' residence from crime location""
  - ""In this paper, the attributes of the built environment are used as explanatory variables, while the variables of social environment, ambient population, crime prevention, and crime travel aspects are incorporated into the model as control variables (Table 3""
  - ""The study area consists of 1971 neighborhoods (Figure 1 ) with an average area of 1.62 square kilometers.""",,"- The paper discusses the use of neighborhoods as the spatial unit for analysis, with an average area of 1.62 square kilometers. This indicates a specific scale for the analysis.
- The paper incorporates various data types, including point of interest (POI) data, traffic road network vector map data, and mobile phone data, which are typically used to analyze spatial patterns and could be subject to MAUP.
- However, there is no explicit discussion of the Modifiable Areal Unit Problem (MAUP) or ecological fallacy in the paper. The authors do not mention any concerns about scale effects, aggregation bias, or spatial autocorrelation issues related to their choice of spatial units.
- The focus is on the analysis of crime location choices using discrete spatial choice modeling, but there is no mention of how the choice of neighborhoods as spatial units might affect the results or whether alternative scales were considered.","  - ""The study area consists of 1971 neighborhoods (Figure 1 ) with an average area of 1.62 square kilometers.""
  - ""The data used in this paper include the arrest data and neighborhood characteristics data of ZG City.""
  - ""The second type of data is a dataset coupled with individual factors (distance of journey to crime variables) and key neighborhood factors, including 2014 POI data (point coordinates), 2014 traffic road network vector map data, 2015 bus stop data (point coordinates) crawled based on Baidu API, within one week of 12 to 18 May 2016 ZG City's mobile phone data and the sixth census data of ZG city in 2010 (Table 3""
  - ""In this paper, the attributes of the built environment are used as explanatory variables, while the variables of social environment, ambient population, crime prevention, and crime travel aspects are incorporated into the model as control variables (Table 3""
  - ""In addition, the distance of journey to crime is expressed in terms of Euclidean distances by referring to studies by [19,20], such as calculating the distance from the street robber's residence to each neighborhood center.""
  - ""The distance of street robbers' residence from crime location""",,"- The paper describes the study area as consisting of 1971 neighborhoods with an average area of 1.62 square kilometers, indicating a specific spatial unit size used for analysis.
- The data collection and analysis are based on these neighborhood units, with no mention of varying spatial unit sizes or scales.
- The paper discusses the use of various data types, such as POI data, traffic road network data, and mobile phone data, but does not indicate any sensitivity analysis across different spatial scales.
- The focus is on the analysis within the defined neighborhood units, with no comparison or sensitivity analysis conducted using different spatial unit sizes or scales.","  - ""Based on the findings of this paper, it is recommended that crime prevention and control should be strengthened by the deployment of security facilities in wholesale markets, sports stadiums, unoccupied rental rooms, and small hotels, especially those in urban villages or near the wholesale markets.""
  - ""Street robbery seriously affects public safety and lifestyles. The comparative research between native and migrant street robbers can find out the difference of crime location choice among them, providing insight for targeted crime prevention and control strategies.""
  - ""the insignificant result of the effect of sports stadiums on native robbers is likely to be an effect caused by the turnover between event and non-event periods, which will be verified in future studies.""
  - ""The implications of the findings for criminological theory and crime prevention are discussed.""
  - ""The representativeness of the data needs to be validated in future studies.""",,"- The paper discusses the implications for criminological theory and crime prevention, suggesting that future research could focus on these areas.
- The authors recommend strengthening crime prevention and control by deploying security facilities in specific locations, which implies a future direction for practical application.
- The need to validate the representativeness of the data suggests a methodological improvement for future studies.
- The mention of verifying the effect of sports stadiums on native robbers in future studies indicates a potential area for further research."
"Do juvenile, young adult, and adult offenders target different places in the Chinese context?","Dongping Long, Lin Liu",-,-,Cities,3,2022,"- Cybercafés: OR = 1.070 (juvenile), OR = 1.092 (young adult)
- Transportation hubs: OR = 1.035 (young adult), OR = 1.075 (adult)
- Young adults proportion: OR = 0.976 (juvenile), OR = 1.051 (adult)
- Schools: OR = 1.162 (juvenile), OR = 1.101 (young adult), OR = 1.098 (adult)
- Distance of journey to crime: OR = 0.194 (juvenile), OR = 0.212 (young adult), OR = 0.227 (adult)",Not mentioned (the paper does not specify the software used for data analysis),No MAUP discussion present.,No sensitivity analysis performed.,"- Consider more activity nodes and social disorganization types in future studies.
- Include additional attributes of offenders such as age, household registration, and socioeconomic status.
- Explore reasons for differences in odds ratios between epidemiology and crime geography.","  - ""The results of conditional logit selection models are presented in Table 3 (Pseudo R 2 , Odds Ratios, Standard Error, Z-scores, and significance level with 95 % confidence intervals).""
  - ""the odds ratio of cybercafés respectively is 1.070 and 1.092, with p-values <0.001, which means the influence of cybercafés on juvenile robbers and young adult robbers is positive and highly statistically significant.""
  - ""the influence of transportation hubs on young adult robbers and adult robbers is statistically significant at the 95 % confidence level, and with an estimated odds ratio of 1.035 and 1.075 for them, but for juvenile robbers is insignificant (p = 0.079).""
  - ""young adults proportion only statistically significant effect on young adult robbers (for juvenile robbers, OR = 0.976, p = 0.514; for the adult robbers, OR = 1.051, p = 0.090).""
  - ""the OR value of schools for adult robbers is closer to 1 than for juvenile robbers and young adult robbers, which indicated there is a slight marginal age decay effect (for juvenile robbers, OR = 1.162, p < 0.001; for young adult robbers, OR = 1.101, p < 0.001; for the adult robbers, OR = 1.098, p < 0.001).""
  - ""the distance of journey to crime strongly and negatively affects a street robbers' whereabouts, especially the younger the age, the greater the impact (for juvenile robbers, OR = 0.194, p < 0.001; for young adult robbers, OR = 0.212, p < 0.001; for the adult robbers, OR = 0.227, p < 0.001).""",,"- The paper uses conditional logit selection models to assess the effects of various independent variables on crime location choices.
- The effect sizes are reported as odds ratios (OR) for different variables and age groups.
- Specific odds ratios are provided for cybercafés, transportation hubs, young adults proportion, schools, and distance of journey to crime.
- These odds ratios indicate the magnitude of the effect of each variable on the likelihood of choosing a particular location for crime.
- The paper also discusses the statistical significance of these effects, with p-values indicating the reliability of the findings.","  - ""The pseudo R 2 value of the Model is >0.20, which indicates that the model in this paper has a better explanatory ability.""
  - ""The conditional logit selection models have been applied to various discrete choice behaviors, including offender's crime location choice problems (Bernasco et al., 2013;Bernasco & Nieuwbeerta, 2005).""
  - ""The results of conditional logit selection models are presented in Table 3 (Pseudo R 2 , Odds Ratios, Standard Error, Z-scores, and significance level with 95 % confidence intervals).""
  - ""A conditional logit selection model was estimated to assess street robbers' crime location choice preferences.""",,"- The paper mentions the use of a ""conditional logit selection model,"" which is a type of statistical model used for discrete choice analysis.
- The conditional logit model is commonly implemented in software packages like R, Stata, or Python, but the paper does not specify which software was used.
- The paper does not mention any specific software or programming tools used for the data analysis, nor does it provide version numbers.
- The focus is on the methodology and results of the conditional logit model rather than the software used to implement it.","  - ""The pseudo R 2 value of the Model is >0.20, which indicates that the model in this paper has a better explanatory ability.""
  - ""The conditional logit selection models have been applied to various discrete choice behaviors, including offender's crime location choice problems (Bernasco et al., 2013;Bernasco & Nieuwbeerta, 2005).""
  - ""the locations of the robbery were geocoded into one of 1971 neighborhoods as the dependent variable.""
  - ""The area under study comprises 1971 neighborhood units with an average area of 1.62 km 2 (Long et al., 2021)""",,"- The paper mentions the use of 1971 neighborhood units as the spatial units for analysis, which could potentially be related to discussions about the Modifiable Areal Unit Problem (MAUP). However, there is no explicit mention of MAUP or ecological fallacy in the provided text.
- The paper does not discuss any issues related to scale effects, aggregation bias, or spatial autocorrelation, which are common concerns associated with MAUP.
- The focus of the paper is on the application of conditional logit selection models to understand crime location choices, but it does not address the potential biases or issues related to the spatial unit selection.","  - ""The area under study comprises 1971 neighborhood units with an average area of 1.62 km 2 (Long et al., 2021)""
  - ""the locations of the robbery were geocoded into one of 1971 neighborhoods as the dependent variable.""
  - ""The conditional logit selection models have been applied to various discrete choice behaviors, including offender's crime location choice problems (Bernasco et al., 2013;Bernasco & Nieuwbeerta, 2005).""
  - ""The pseudo R 2 value of the Model is >0.20, which indicates that the model in this paper has a better explanatory ability.""
  - ""The results of conditional logit selection models are presented in Table 3 (Pseudo R 2 , Odds Ratios, Standard Error, Z-scores, and significance level with 95 % confidence intervals).""
  - ""The findings highlight that categorizing street robbers by age can uncover hidden spatial preferences that have been overlooked in the previous research.""
  - ""These results have contributed to the development of cumulative knowledge about street robbers' target places and provide insights into police investigations.""",,"- The study uses a specific spatial unit size, which is the neighborhood unit with an average area of 1.62 km^2. This is the primary spatial scale used for analysis.
- The study does not mention any sensitivity analysis conducted using different spatial unit sizes or scales. There is no discussion of comparing results across different spatial scales.
- The focus of the study is on the differences in crime location choices by age, using a fixed spatial scale (neighborhood units).
- The methodological approach involves using conditional logit selection models, but there is no mention of varying the spatial scale as part of the analysis.
- The paper does not provide any information on sensitivity analysis related to spatial scales, indicating that no such analysis was conducted.","  - ""In future studies, more activity nodes and social disorganization types should be considered, and more crime types and more regions should be investigated to conduct cross-validation of our findings.""
  - ""Secondly, additional attributes of offenders should be included in future studies. Such attributes may include age, household registration, socioeconomic status, and other individual information for a more refined analysis.""
  - ""Finally, this paper has found that the odds ratios of most variables in the conditional logit selection models aren't much >1 or far <1. While these do not meet the high standard of odds ratios <0.67 or >1.57 originally proposed by Chen et al. (2010) for epidemiological studies, they are indeed consistent with those of the existing mainstream literature that examined the location choice of a large number of offenders (Bernasco & Nieuwbeerta, 2005;Kroese et al., 2021;Kuralarasan & Bernasco, 2022;Song et al., 2019). While odds ratios below 0.67 or larger than 1.5 are desirable, much of the existing mainstream literature in the field of crime geography and environmental criminology, especially discrete spatial choice modeling does not meet this specification. Reasons for the rather sharp variation on the odd ratios between epidemiology and crime geography need to be explored in the future studies.""",,"- The authors suggest that future studies should consider more activity nodes and social disorganization types to enhance the understanding of crime location choices.
- They recommend including additional attributes of offenders, such as age, household registration, and socioeconomic status, to refine the analysis.
- The authors note that the odds ratios in their study are consistent with existing literature but do not meet the high standards set by epidemiological studies. They suggest exploring reasons for these differences in future studies.
- These suggestions are related to methodological improvements and expanding the scope of analysis rather than specifically addressing spatial unit size or spatial unit of analysis."
THE INFLUENCE OF ACTIVITY SPACE AND VISITING FREQUENCY ON CRIME LOCATION CHOICE: FINDINGS FROM AN ONLINE SELF-REPORT SURVEY,"Stijn Ruiter, Barbara Menting, Marre Lammers, Wim Bernasco",-,-,British Journal of Criminology,33,2019,"- Odds ratio for any activity node: 5,716.1
- Odds ratio for less frequently visited activity nodes: 2,253.6
- Odds ratio for very frequently visited activity nodes: 7,845.3
- Statistically significant positive effects for first-, second-, and third-order neighborhoods
- Chi-square tests: χ 2 (3) = 9.53, p < 0.05; χ 2 (4) = 17.8, p < 0.01",Not mentioned (the paper does not specify the software or programming tools used for data analysis),No MAUP discussion present.,No sensitivity analysis performed.,"- Include a broader range of offenders, such as different age groups or incarcerated offenders, to increase generalizability.
- Gather more comprehensive information on individual activity spaces to better explain crime location choices.
- Develop methods to capture additional aspects of awareness spaces, such as travel paths.
- Use continuous GPS-tracking to obtain detailed information on activity nodes and travel routes.
- Focus on improving the completeness and quality of data on awareness spaces and offense locations.","  - ""Results show that offending is much more likely in offenders' activity spaces than elsewhere, and effects increase with visiting frequency.""
  - ""Although residential area is a good predictor, offenders' more extensive self-reported activity spaces predict much better where they commit offences.""
  - ""Any activity node had a very strong positive effect on crime location choice (OR = 5,716.1).""
  - ""Node neighbourhoods that were less frequently visited were much more likely targeted than otherwise comparable neighbourhoods without any activity node (OR = 2,253.6).""
  - ""However, an even stronger (p < 0.01) positive effect was found for neighbourhoods with a very frequently visited activity node (OR = 7,845.3).""
  - ""Statistically significant and positive effects were also found for all very and less frequently visited first-, second-and third-order neighbourhoods; these were all more likely targeted than otherwise comparable neighbourhoods that were further away from any activity node.""
  - ""the joint test of these three differences between very versus less frequently visited effects was statistically significant, χ 2 (3) = 9.53, p < 0.05, as was the joint test of the four differences across the node and higher-order neighbourhoods, χ 2 (4) = 17.8, p < 0.01.""",,"- The paper discusses the effect sizes in terms of odds ratios (OR) for various independent variables related to activity spaces and visiting frequency.
- The odds ratio for any activity node is reported as 5,716.1, indicating a strong positive effect on crime location choice.
- The odds ratio for less frequently visited activity nodes is 2,253.6, while for very frequently visited nodes, it is 7,845.3, showing that more frequent visits increase the likelihood of targeting.
- The paper also mentions statistically significant positive effects for first-, second-, and third-order neighborhoods surrounding activity nodes, indicating a distance-decay pattern.
- The statistical significance of these effects is confirmed by chi-square tests, which validate the differences in effect sizes between very and less frequently visited areas.","  - ""Data were collected with the OASIS, developed using LimeSurvey (LimeSurvey 2017).""
  - ""The conditional logit model (McFadden 1974;1978a) is derived from random utility maximization (RUM) theory assumptions, which imply that a motivated offender evaluates the expected utility (gain, profits, satisfaction and risks) of each of the possible alternatives and selects the alternative with the largest expected utility.""
  - ""Conditional logit models were used to test our hypotheses.""",,"- The paper mentions the use of LimeSurvey for data collection, which is a software tool used for creating and managing online surveys. This is relevant to the data collection process rather than data analysis.
- The paper discusses the use of conditional logit models, which are a type of statistical model. However, it does not specify the software or programming tools used to implement these models.
- The paper does not mention any specific statistical software, programming tools, or analytical platforms used for data analysis, such as R, Stata, Python, SPSS, SAS, BIOGEME, Nlogit, ArcGIS, QGIS, or Mplus.","  - ""By including multiple spatial lags of neighbourhoods surrounding reported node locations, the locations even of those cases reported with lower accuracy were likely still covered.""
  - ""Given their size and homogeneous character, Dutch neighbourhoods are expected to be well known to those who regularly visit them.""
  - ""Neighbourhood boundaries are defined in such a way that they are internally most homogeneous and generally have one dominant function (e.g., residential, work or recreational areas; Statistics Netherlands 2017a).""
  - ""Dutch neighbourhoods are the smallest statistical units for which Statistics Netherlands provides detailed information on structural and socio-economic features.""
  - ""The entire Netherlands were selected as the study area and neighbourhoods as the spatial unit of analysis.""",,"- The authors selected neighborhoods as their spatial unit of analysis, which is a common choice in spatial studies. This choice is justified by the availability of detailed socio-economic data at this level.
- The neighborhoods are described as being internally homogeneous and having a dominant function, which suggests that the authors considered the characteristics of these units in their selection.
- The use of neighborhoods as the spatial unit could potentially introduce issues related to the Modifiable Areal Unit Problem (MAUP), such as scale effects or aggregation bias. However, the authors do not explicitly discuss these issues in the paper.
- The mention of including multiple spatial lags to account for lower accuracy in location reporting suggests some consideration of spatial autocorrelation, but again, there is no explicit discussion of MAUP or ecological fallacy.
- Overall, while the authors justify their choice of spatial unit, they do not engage in a detailed discussion about MAUP or related issues.","  - ""The entire Netherlands were selected as the study area and neighbourhoods as the spatial unit of analysis.""
  - ""Dutch neighbourhoods are the smallest statistical units for which Statistics Netherlands provides detailed information on structural and socio-economic features.""
  - ""Given their size and homogeneous character, Dutch neighbourhoods are expected to be well known to those who regularly visit them.""
  - ""the pseudo-R 2 of Model 2 somewhat increased with only the 88 offences with a higher accuracy (pseudo-R 2 = 0.512) and reduced with only the 52 offences with a lower accuracy (pseudo-R 2 = 0.442), it was consistently very high and effect patterns of node and higher-order neighbourhoods remained rather similar.""
  - ""Accounting for both the accuracy of activity node and offence locations also showed no significant effect size differences between the situation when both node and offence locations were reported at neighbourhood-/street-/address-level accuracy and when at least one of them was reported at a lower accuracy level (all ps > 0.21).""
  - ""By including multiple spatial lags of neighbourhoods surrounding reported node locations, the locations even of those cases reported with lower accuracy were likely still covered.""",,"- The study primarily uses neighborhoods as the spatial unit of analysis, which is the smallest statistical unit for detailed socio-economic data in the Netherlands.
- The paper does not mention any sensitivity analysis conducted using different spatial unit sizes or scales. The focus is on neighborhoods as the primary spatial unit.
- The discussion about accuracy levels and spatial lags does not constitute a sensitivity analysis across different spatial scales but rather addresses the robustness of findings despite variations in reporting accuracy.
- The study does not compare results across different spatial scales or units, such as comparing findings at the neighborhood level to those at a larger or smaller scale.","  - ""In order to increase generalizability, other types of offenders could be asked about their routines and crime locations, e.g., different age groups or incarcerated offenders (who may be more willing to participate and report about offences for which they were convicted).""
  - ""Future research should, therefore, aim to include as much information on individual offenders' activity spaces as possible to explain where any type of crime is committed.""
  - ""By using continuous GPS-tracking, e.g., not only a full and detailed picture of all visited activity nodes could be provided but also the travel routes can be determined (e.g., see Rossmo et al. 2012).""
  - ""Future studies should, thus, also aim to develop methods to obtain additional individual-level information on awareness spaces, including routinely travelled paths.""
  - ""Future crime location choice studies should aim at further increasing the integrality and quality of the assessed parts of individual awareness spaces and offence locations.""",,"- The authors suggest that future research should include a broader range of offenders, such as different age groups or incarcerated offenders, to increase the generalizability of findings (Quote 1).
- They emphasize the importance of gathering more comprehensive information on individual activity spaces to better explain crime location choices (Quote 2).
- The authors propose developing methods to capture additional aspects of awareness spaces, such as travel paths, which could enhance understanding of crime location choices (Quote 3).
- They suggest using continuous GPS-tracking as a method to obtain detailed information on activity nodes and travel routes, which could improve the accuracy of spatial analysis (Quote 4).
- The authors recommend that future studies focus on improving the completeness and quality of data on awareness spaces and offense locations (Quote 5)."
Location Choice of Snatching Offenders in Chennai City,"K Kuralarasan, Wim Bernasco",-,-,Journal of quantitative criminology,10,2021,"- Log-distance effect: Odds ratios of 0.36 and 0.35
- Repeat offending hypothesis: Odds ratios of 12.72 and 10.72
- Presence of facilities:
  - Churches: Odds ratio of 1.18
  - Marriage halls: Odds ratio of 1.13
  - Parks: Odds ratio of 1.17
  - Educational institutions: Positive effect, exact odds ratio not specified
  - Personal care businesses: Positive effect, exact odds ratio not specified
  - Restaurants and business offices: Positive effect, exact odds ratio not specified",ArcGIS V10.3,"The authors discuss the Modifiable Areal Unit Problem (MAUP) by acknowledging the limitations of using large spatial units like wards, which may not capture local crime dynamics as effectively as smaller units. They suggest that their data could be aggregated to different scales, but note a lack of systematic analysis on how findings depend on spatial unit sizes and shapes. This indicates an awareness of potential aggregation bias and scale effects, but no detailed discussion of spatial autocorrelation issues.",No sensitivity analysis performed.,"- Future research should consider a multiple-scale analysis by aggregating data to different sizes and shapes beyond ward boundaries.
- There is a need for a systematic analysis of how findings depend on the shapes, sizes, and nesting structures of spatial units.
- Future studies could focus on the effects of different anchor points within an offender's awareness space, such as workplaces or previous residences.
- Linking data with OpenStreetMap could provide more detailed spatial data for analysis at different scales.
- Replicating findings in other contexts, such as different cities or countries, could strengthen the evidence base and explore different spatial units or scales.","  - ""The estimated odds ratio of the log-distance effect is 0.36 in Model 1 and 0.35 in Model 2.""
  - ""The odds ratios of 12.72 in Model 1 and 10.72 in Model 2 are quite similar, and indicate a large and statistically significant effect: the odds of selecting a ward are ~ 12 times larger if the offender has previously committed a snatching offense in the ward than if the offender had not committed a previous snatching offense in the ward.""
  - ""The evidence supporting the distance hypothesis and the repeat offending hypothesis is in line with the predictions of crime pattern theory, which emphasizes the constraining role that personal awareness space and personal experiences play in determining location choices of offenders: offenders are most likely to offend in places they are familiar with.""
  - ""The presence of many types of facilities does not appear to affect offenders' preferences for wards. For example, temples were expected to attract snatching offenders because many people visit temples and many of them wear valuable jewels and other accessories during their visits. We did find six types of facilities to be significantly and positively related to offenders' preferences. Two of them, churches and marriage halls, are clearly places where many people go wearing valuable jewels and accessories.""
  - ""the estimated effects of some types of facilities are positive and statistically significant (churches, educational institutions, marriage halls, personal care businesses, parks, restaurants and business offices), the majority are not.""
  - ""For example, if a ward has 10 more churches than a similar other ward, the odds of the offender preferring the first ward are 16 percent larger than the offender preferring the second ward.""",,"- The paper provides odds ratios for several independent variables, which are measures of effect size.
- The log-distance effect has odds ratios of 0.36 and 0.35, indicating that as distance increases, the likelihood of an offender selecting a ward decreases.
- The repeat offending hypothesis has odds ratios of 12.72 and 10.72, showing that offenders are significantly more likely to reoffend in areas where they have previously committed crimes.
- The presence of certain facilities like churches and marriage halls has a positive effect on offenders' preferences, with specific odds ratios mentioned for these facilities.
- The paper also mentions that the majority of facility types do not have a significant effect on offenders' preferences, but specific types like churches and marriage halls do.","  - ""Point data of attributes generated from Google Earth Pro were converted as latitude and longitude using ArcGIS V10.3.""
  - ""The search results of each keyword were saved and merged in a single master file using ArcGIS V10.3.""
  - ""the discrete crime location choice method (Bernasco and Nieuwbeerta 2005). This method applies McFadden's random utility maximization theory (McFadden 2001) and econometric discrete choice models (Ben-Akiva and Lerman 1985;Train 2009) to the offender's decision of where to commit crime.""",,"- The paper mentions the use of ArcGIS V10.3 for merging search results and converting point data, indicating that ArcGIS was used for spatial data analysis.
- The discrete crime location choice method is described, which involves econometric discrete choice models, but no specific software is mentioned for these analyses.
- The paper does not explicitly mention any other software or programming tools used for statistical analysis or data processing beyond ArcGIS.","  - ""Contemporary work on crime at places (Lee et al. 2017;Weisburd et al. 2009) emphasizes the heterogeneity of such large units and suggests that crime better be studied at more fine-grained resolutions, such as streets, street segments or parcels, as this could better reflect the very local nature of crime attractors and generators and guardianship.""
  - ""Although location choice studies have been conducted with spatial units of varying levels of granularity, ranging from neighborhoods down to individual addresses, what seems to be lacking in the literature is a systematic analysis of the extent to which the findings of location choice studies depend on the shapes, sizes and nesting structures of the spatial units of analysis. Are the estimated coefficients of the models scale-free, do they depend on spatial scale, or should they even be studied in a nested structure (where, for example, the effect of a facility on an offender's preference for a street block depends on higher-level neighborhood attributes)?""
  - ""Although population is only measured at ward level and although the spatial precision of the geocoding of snatching offenses is not perfect, our data actually consists of objects (offender residence, crime locations and facilities) that are geo-coded as coordinates and could thus be aggregated to sizes and shapes other than ward boundaries and potentially be linked to data from the OpenStreetMap project (see www. opens treet map. org).""",,"- The authors discuss the issue of spatial unit selection and its impact on the analysis, which is related to the Modifiable Areal Unit Problem (MAUP). They mention that using large units like wards might not capture the local nature of crime attractors and generators as effectively as smaller units like streets or parcels.
- The authors acknowledge the limitations of their data, particularly that population is only measured at the ward level and the geocoding precision is not perfect. This suggests an awareness of potential aggregation bias.
- The authors suggest that their data could be aggregated to different sizes and shapes, potentially addressing some MAUP issues by allowing for analysis at different scales.
- The paper highlights a gap in the literature regarding the systematic analysis of how findings depend on the spatial units used, which is a key aspect of MAUP. They question whether model coefficients are scale-free or dependent on spatial scale, indicating a concern about scale effects.","  - ""Although population is only measured at ward level and although the spatial precision of the geocoding of snatching offenses is not perfect, our data actually consists of objects (offender residence, crime locations and facilities) that are geo-coded as coordinates and could thus be aggregated to sizes and shapes other than ward boundaries and potentially be linked to data from the OpenStreetMap project (see www. opens treet map. org). However, a multiple-scale analysis would require additional research questions, a new design and analytical strategy, and would go far beyond the purposes and ambitions of the present study.""
  - ""Although location choice studies have been conducted with spatial units of varying levels of granularity, ranging from neighborhoods down to individual addresses, what seems to be lacking in the literature is a systematic analysis of the extent to which the findings of location choice studies depend on the shapes, sizes and nesting structures of the spatial units of analysis. Are the estimated coefficients of the models scale-free, do they depend on spatial scale, or should they even be studied in a nested structure (where, for example, the effect of a facility on an offender's preference for a street block depends on higher-level neighborhood attributes)?""
  - ""The results of our study suggest some possible directions for future research. The first applies to temporal variations. Many studies have demonstrated that crime frequencies vary by time of day, by day of week and by season (Andresen and Malleson 2013;Haberman and Ratcliffe 2015;Tompson and Bowers 2013) and some studies have examined whether location preferences also vary temporally (van Sleeuwen et al. 2018). With respect to snatching offenses, a plausible hypothesis could be that the availability of targets will vary both over space and time, and thus be related not only to where crime generators and attractors are located, but also on when they are visited.""
  - ""A third limitation applies the data on facilities that we accessed in Google Earth. Although the coverage of facilities appears sufficient (fieldwork observations suggested a coverage of more than 95 percent of the facilities), the data do not allow facilities to be differentiated by size.""",,"- The paper discusses limitations related to the spatial units of analysis, specifically mentioning that the data could be aggregated to different sizes and shapes but that this would require additional research questions and strategies.
- It highlights the lack of systematic analysis in the literature on how findings depend on spatial unit sizes and shapes, suggesting a gap in research rather than conducting such an analysis.
- The paper does not provide any specific sensitivity analysis using different spatial unit sizes or scales within the study itself.
- The discussion on future research directions includes the suggestion to explore temporal variations and spatial scales, but this is not a sensitivity analysis conducted within the study.","  - ""Although population is only measured at ward level and although the spatial precision of the geocoding of snatching offenses is not perfect, our data actually consists of objects (offender residence, crime locations and facilities) that are geo-coded as coordinates and could thus be aggregated to sizes and shapes other than ward boundaries and potentially be linked to data from the OpenStreetMap project (see www. opens treet map. org). However, a multiple-scale analysis would require additional research questions, a new design and analytical strategy, and would go far beyond the purposes and ambitions of the present study.""
  - ""Location preferences of offenders are influenced by their awareness space (Brantingham et al. 2017). Replicating prior findings (Bernasco et al. 2015;Lammers et al. 2015;Long et al. 2018), the present study investigated the effects of offenders' home locations and of their prior offending locations. Future research could focus on effects of offenders' work place, previous residences and other anchor points that are part of their awareness space and have a possible impact on their offending location choices.""
  - ""Although location choice studies have been conducted with spatial units of varying levels of granularity, ranging from neighborhoods down to individual addresses, what seems to be lacking in the literature is a systematic analysis of the extent to which the findings of location choice studies depend on the shapes, sizes and nesting structures of the spatial units of analysis. Are the estimated coefficients of the models scale-free, do they depend on spatial scale, or should they even be studied in a nested structure (where, for example, the effect of a facility on an offender's preference for a street block depends on higher-level neighborhood attributes)?""
  - ""A third limitation applies the data on facilities that we accessed in Google Earth. Although the coverage of facilities appears sufficient (fieldwork observations suggested a coverage of more than 95 percent of the facilities), the data do not allow facilities to be differentiated by size. Even facilities of the same type (e.g. hospital, church, or store) can vary widely in the number of visitors they attract, but this variation is not reflected in our facility frequencies.""
  - ""Finally, although our findings suggest that theories and methods developed in western cultures can be applied with limited modifications in the Indian urban context of Chennai City, the evidence base would be strengthened by replications of the findings, elsewhere in India and elsewhere in the world. An obvious question to be addressed is how the concept of crime generators and crime attractors can be reliably operationalized in non-western cultures.""",,"- The authors discuss limitations related to the spatial unit size and suggest that future research could benefit from a multiple-scale analysis, which would require aggregating data to different sizes and shapes beyond ward boundaries.
- They highlight the need for a systematic analysis of how findings depend on the shapes, sizes, and nesting structures of spatial units, indicating a future direction for research.
- The authors suggest that future research could focus on the effects of different anchor points within an offender's awareness space, which implies exploring different spatial scales or units.
- They also mention the potential for linking data with OpenStreetMap, which could provide more detailed spatial data and allow for analysis at different scales.
- The authors propose replicating findings in other contexts to strengthen the evidence base, which could involve exploring different spatial units or scales in those contexts."
AWARENESS × OPPORTUNITY: TESTING INTERACTIONS BETWEEN ACTIVITY NODES AND CRIMINAL OPPORTUNITY IN PREDICTING CRIME LOCATION CHOICE,Barbara Menting,-,-,,14,2018,"Odds ratios (OR) are reported as effect sizes, indicating the multiplicative effect of a one-unit increase of the independent variable on the odds of choosing a target area. Specific numerical values for these odds ratios are not provided in the text but are referenced in tables (e.g., Table 3).",Not mentioned (the paper does not specify the software used for data analysis),No MAUP discussion present.,No sensitivity analysis performed.,"The authors suggest that smaller spatial units of analysis might be more appropriate for future studies, as they could better fit theoretical models of crime location choice. However, they also acknowledge the computational and theoretical challenges associated with smaller units. The paper does not propose specific alternative spatial units or scales of analysis but emphasizes the need for more precise measures to map awareness spaces and criminal opportunity.","  - ""The conditional logit models were estimated using a data matrix of 994,688 rows, containing 76 rows for each of the 13,088 offences (per offence, one row for each of the 76 alternative postal codes that could have been chosen). Odds ratios (OR) are reported.""
  - ""Odds ratios (OR) are reported. They indicate the multiplicative effect of a one-unit increase of the independent variable on the odds (ratio of probability p and 1 -p) of choosing a particular target area.""
  - ""The interaction between residential area of the offender and the number of bars/restaurants/hotels was statistically significant and negative (see model 2, Table 3""
  - ""Model 3, Table 3 also shows a statistically significant, but positive, interaction effect between offender's residential area and the level of collective efficacy.""
  - ""The same steps were repeated for violence (Table 4 , models 6-10) and property offences (Table 4 , models 11-15).""
  - ""For violence, three of the four interactions were statistically significant (models 7, 8 and 9), with interaction effects in the same direction as those in the any-crimetype models.""
  - ""For property crimes, residential area of the offender interacted only significantly with collective efficacy, and familial residential area with the number of bars/restaurants/ hotels (models 13 and 14).""",,"- The paper uses conditional logit models to analyze the data, which typically report odds ratios (OR) as effect sizes.
- The paper explicitly states that odds ratios are reported and explains their interpretation in terms of multiplicative effects on the odds of choosing a target area.
- The paper mentions several statistically significant interactions between activity nodes (residential areas of offenders and their family) and opportunity indicators (number of bars/restaurants/hotels and collective efficacy), but it does not provide specific numerical values for these odds ratios in the text.
- The paper refers to tables (e.g., Table 3) where these odds ratios are presumably detailed, but these tables are not included in the provided text.
- The paper does not mention other types of effect sizes such as hazard ratios, incidence rate ratios, Cohen's d, or standardized coefficients.","  - ""The conditional logit models were estimated using a data matrix of 994,688 rows, containing 76 rows for each of the 13,088 offences (per offence, one row for each of the 76 alternative postal codes that could have been chosen). Odds ratios (OR) are reported.""
  - ""Hypotheses were tested with discrete choice models. They test why a decision-maker chooses a specific single alternative from a distinct number of alternatives, given the characteristics of the alternatives and of the decision-maker (Ben-Akiva and Bierlaire 2003). They often follow the random utility maximization (RUM) assumptions and are statistically tested with a conditional logit model (McFadden 1974).""",,"- The paper mentions the use of ""discrete choice models"" and ""conditional logit models,"" which are statistical techniques rather than specific software tools.
- The mention of ""conditional logit models"" suggests that the analysis was conducted using a statistical software package capable of running such models.
- The paper does not explicitly mention any specific software or programming tools used for the data analysis.
- The references to Ben-Akiva and Bierlaire (2003) and McFadden (1974) are theoretical and methodological, not software-specific.
- The description of the data matrix and the estimation process implies the use of a statistical software package, but the specific tool is not named.","  - ""The study area consisted of three municipalities in the greater The Hague area in the Netherlands: The Hague, Rijswijk, and Leidschendam-Voorburg. Four-digit postal code areas were used as spatial unit of analysis.""
  - ""Dutch four-digit postal code areas are designed to have minimal travel restrictions for postal delivery services that usually travel by foot or bicycle, and their size is inversely related to the level of urbanization (Bernasco 2010: 398)""
  - ""These postal codes are therefore well suited for a crime location choice study, because most people will be familiar with these areas when living there or (frequently) visiting the area.""
  - ""The three municipalities in this study contained 82 postal code areas in 2006-2009. Postal code areas were includable when community survey data were available, which applied to 76 (92.7%) of the postal codes in the area""
  - ""Second, although it is reasonable to assume that people are relatively familiar with four-digit postal codes when living there or (frequently) visiting them, this spatial unit of analysis could be considered as being rather large, whereas smaller areas may better fit theoretical models of crime location choice.""
  - ""However, smaller spatial units of analysis also yield several computational and theoretical challenges (e.g. very large datasets and spatial spillover; Ruiter 2017).""
  - ""Multiple previous crime location choice studies used areas similar to or larger than this study's postal codes, and their findings were not contradictory to findings from those that used smaller areas (Ruiter 2017).""",,"- The paper discusses the use of four-digit postal code areas as the spatial unit of analysis, which is a common approach in crime location choice studies.
- The authors justify the use of these areas by noting that they are designed to minimize travel restrictions and are inversely related to urbanization levels, making them suitable for the study.
- The paper acknowledges that while these areas might be considered large, they are still appropriate because people are familiar with them.
- The authors mention that smaller spatial units could better fit theoretical models but also introduce computational and theoretical challenges, such as large datasets and spatial spillover.
- The paper references previous studies that have used similar or larger spatial units without contradictory findings, suggesting that the chosen unit is acceptable for the study's purposes.
- There is no explicit discussion of the Modifiable Areal Unit Problem (MAUP) or ecological fallacy in terms of scale effects, aggregation bias, or spatial autocorrelation issues.","  - ""The study area consisted of three municipalities in the greater The Hague area in the Netherlands: The Hague, Rijswijk, and Leidschendam-Voorburg. Four-digit postal code areas were used as spatial unit of analysis.""
  - ""The three municipalities in this study contained 82 postal code areas in 2006-2009. Postal code areas were includable when community survey data were available, which applied to 76 (92.7%) of the postal codes in the area""
  - ""The current study aims to test: (1) whether the effects of two distinct activity nodesthe offender's residential area and the residential area of family of the offender-on crime location choice differs under different conditions of two indicators of criminal opportunity-the number of bars/restaurants/hotels and collective efficacy-in the area; and (2) whether the effect of the number of bars/restaurants/hotels, and the level of collective efficacy on crime location choice differs between areas that are residential areas of offenders and of their family and areas that are not.""
  - ""the study area consisted of three urban municipalities. The role of awareness, opportunity and their interaction may not be the same for offenders in rural areas.""
  - ""Second, although it is reasonable to assume that people are relatively familiar with four-digit postal codes when living there or (frequently) visiting them, this spatial unit of analysis could be considered as being rather large, whereas smaller areas may better fit theoretical models of crime location choice.""
  - ""Multiple previous crime location choice studies used areas similar to or larger than this study's postal codes, and their findings were not contradictory to findings from those that used smaller areas (Ruiter 2017).""
  - ""Third, despite the inclusion of two distinct activity nodes expectedly known by an offender to a different extent, there were no data available to more precisely and more completely map awareness spaces of individual offenders.""",,"- The study used four-digit postal code areas as the spatial unit of analysis, which is considered relatively large.
- The study acknowledges that smaller areas might better fit theoretical models of crime location choice, but no sensitivity analysis was conducted using different spatial unit sizes or scales.
- The study mentions that previous studies have used similar or larger spatial units without contradictory findings, but this is not a sensitivity analysis within the study itself.
- There is no mention of any comparison of results across different spatial scales or methodological approaches to test sensitivity.","  - ""The study area consisted of three municipalities in the greater The Hague area in the Netherlands: The Hague, Rijswijk, and Leidschendam-Voorburg. Four-digit postal code areas were used as spatial unit of analysis.""
  - ""Dutch four-digit postal code areas are designed to have minimal travel restrictions for postal delivery services that usually travel by foot or bicycle, and their size is inversely related to the level of urbanization (Bernasco 2010: 398)""
  - ""The three municipalities in this study contained 82 postal code areas in 2006-2009. Postal code areas were includable when community survey data were available, which applied to 76 (92.7%) of the postal codes in the area""
  - ""The current study aims to test: (1) whether the effects of two distinct activity nodesthe offender's residential area and the residential area of family of the offender-on crime location choice differs under different conditions of two indicators of criminal opportunity-the number of bars/restaurants/hotels and collective efficacy-in the area; and (2) whether the effect of the number of bars/restaurants/hotels, and the level of collective efficacy on crime location choice differs between areas that are residential areas of offenders and of their family and areas that are not.""
  - ""Second, although it is reasonable to assume that people are relatively familiar with four-digit postal codes when living there or (frequently) visiting them, this spatial unit of analysis could be considered as being rather large, whereas smaller areas may better fit theoretical models of crime location choice.""
  - ""However, smaller spatial units of analysis also yield several computational and theoretical challenges (e.g. very large datasets and spatial spillover; Ruiter 2017).""
  - ""Multiple previous crime location choice studies used areas similar to or larger than this study's postal codes, and their findings were not contradictory to findings from those that used smaller areas (Ruiter 2017).""
  - ""Third, despite the inclusion of two distinct activity nodes expectedly known by an offender to a different extent, there were no data available to more precisely and more completely map awareness spaces of individual offenders.""
  - ""More complete and direct measures are needed in future research, not only to include other theorized parts of the awareness space in order to more precisely map well-known, less-known versus unknown areas, but also to confirm individuals' assumed time-spending patterns (e.g. whether offenders indeed visit their family).""
  - ""Fourth, the hypothesized interaction pattern might be found for other types of criminal opportunity than used in this study.""",,"- The paper discusses the use of four-digit postal code areas as the spatial unit of analysis, which is considered large and may not perfectly fit theoretical models of crime location choice.
- The authors suggest that smaller areas might be more appropriate but acknowledge the computational and theoretical challenges associated with smaller units.
- The paper does not explicitly propose alternative spatial units or scales of analysis but highlights the need for more precise measures to map awareness spaces and criminal opportunity.
- The authors emphasize the importance of future research using more complete and direct measures to better understand crime location choice."
"Assessing the Influence of Prior on Subsequent Street Robbery Location Choices: A Case Study in ZG City, China","Dongping Long, Lin Liu, Jiaxin Feng, Suhong Zhou, Fengrui Jing",-,-,Sustainability,21,2018,"- Time interval between robberies:
  - 0-2 days: Odds ratio = 18.10
  - 3-7 days: Odds ratio = 12.79
  - 8-30 days: Odds ratio = 6.05
  - 1-6 months: Odds ratio = 6.02
- Not being arrested in the act of prior robbery: Odds ratio = 8.35",Not mentioned (the paper does not specify the software used for data analysis),No MAUP discussion present.,No sensitivity analysis performed.,"- Improve data accessibility for empirical crime research in China.
- Explore different spatial units or scales of analysis beyond communities.
- Address the methodological issue of offenses being nested within offenders.
- Incorporate data from un-arrested robbers to reduce bias.
- Conduct comparative studies across different Chinese cities for broader validation.","  - ""Results of a mixed logit model demonstrate that prior street robbery experiences have a strong effect on subsequent street robbery location choices.""
  - ""A shorter time interval and less possibility of being arrested in the act of a prior street robbery significantly increase the likelihood of a robber returning to the previous location.""
  - ""The odds ratios of various ""Time Intervals Between Two Robberies"" are all greater than 1, and except for the p value of ""7-24 months"", are larger than 0.05, other P values of various ""Time Intervals Between Two Robberies"" are less than 0.01""
  - ""For a street robber, if occurrence time between former and subsequent offense is closer, then a subsequent crime is more likely to be committed in a prior crime spot.""
  - ""the effect of the variable ""Not Being Arrested in the Act of Prior Robbery"" is highly statistically significant, with an estimated odds ratio of 8.35.""
  - ""the odds ratios of variables larger than 1 indicate positive effects, and the larger the odds ratios are, the greater the positive effects.""",,"- The paper uses a mixed logit model to analyze the effects of prior street robbery experiences on subsequent location choices.
- The effect sizes are reported in terms of odds ratios, which indicate the likelihood of a robber returning to a previous location based on different factors.
- The odds ratios for time intervals between robberies are provided, showing significant positive effects for shorter intervals.
- The odds ratio for not being arrested in the act of a prior robbery is 8.35, indicating a strong positive effect on returning to the same area.
- The paper does not mention other effect sizes such as hazard ratios, incidence rate ratios, Cohen's d, or standardized coefficients.","  - ""The mixed logit model is widely used in microeconomics to analyze discrete choice behavior.""
  - ""The mixed logit model is a family of discrete choice models that estimate the probability of individuals selecting one outcome from exhaustive, mutually exclusive, and limited set of options [59].""
  - ""Results of mixed logit models (odds ratios, standard error, z-scores, significance level and 95% confidence intervals, etc.) are listed in Tables 4 5 6""",,"- The paper mentions the use of a ""mixed logit model"" for data analysis, which is a type of statistical model used for discrete choice analysis.
- The mixed logit model is a specific type of model rather than a software package, but it is often implemented using specialized software.
- The paper does not explicitly mention the software used to implement the mixed logit model, such as R, Stata, Python, or any other specific software.
- The focus is on the model itself rather than the software used to run it, which is common in academic papers where the emphasis is on the methodology and results rather than the specific tools used.","  - ""It is worth mentioning that the community characteristics in the conceptual framework (discussed in our review of the theoretical foundation literature) also serve as the decision-making criteria for offenders, including indicators of benefits, efforts, and risks of target locations.""
  - ""The probability is based on observed characteristics of the choosers, the options, and unobserved factors.""
  - ""The mixed logit model is a family of discrete choice models that estimate the probability of individuals selecting one outcome from exhaustive, mutually exclusive, and limited set of options""
  - ""In addition, it should be pointed out that considering the overall model fit, the McFadden's LRI for the mixed logit model are always much lower than those for ordinary least squares regression models.""
  - ""The study area covers 1973 communities (Figure 2 ), with an average size of 1.62 km 2 . The standard deviation of the size of the communities is 2.85, the minimum size of 0.001 km 2 and the maximum size of 43 km 2""",,"- The paper discusses the study area in terms of the number of communities and their size, which could relate to spatial unit selection. However, there is no explicit discussion about the Modifiable Areal Unit Problem (MAUP) or ecological fallacy.
- The mention of community characteristics and their role in decision-making does not address MAUP or ecological fallacy directly.
- The use of a mixed logit model is described, but there is no discussion about how this model addresses or mitigates MAUP or spatial autocorrelation issues.
- The paper does not mention scale effects, aggregation bias, or spatial autocorrelation issues in relation to the spatial unit selection.","  - ""The study area covers 1973 communities (Figure 2 ), with an average size of 1.62 km 2 . The standard deviation of the size of the communities is 2.85, the minimum size of 0.001 km 2 and the maximum size of 43 km 2""
  - ""The data includes 11,455 cleared robberies, among which 67 percent were committed by a single robber without accomplices, 17 percent were committed by two robbers, and 16 percent were committed by three or more robbers.""
  - ""The mixed logit model is a family of discrete choice models that estimate the probability of individuals selecting one outcome from exhaustive, mutually exclusive, and limited set of options""
  - ""The probability is based on observed characteristics of the choosers, the options, and unobserved factors.""
  - ""The mixed logit model is widely used in microeconomics to analyze discrete choice behavior.""
  - ""It is worth mentioning that the community characteristics in the conceptual framework (discussed in our review of the theoretical foundation literature) also serve as the decision-making criteria for offenders, including indicators of benefits, efforts, and risks of target locations.""
  - ""the four categories of community variables in Figure 1 are complicated into the following: (1) transportation hubs; (2) subway stations; (3) bus stations; (4) bars and clubs; (5) Cybercafés; (6) malls and supermarkets; (7) high schools; (8) surveillance cameras; (9) daily human mobility; and (10) socioeconomic heterogeneity.""
  - ""In addition, (11) distance of journey to subsequent robbery (Distance of JCR), it also used as the value of log of the Euclidean distance between the street robber's residence and subsequent crime location.""
  - ""The utility function is calculated as follows:

where U ij is the expected utility of a robbery in community j for street robber i, x ij are the values of the explanatory variables for community j for street robber i, β i is a vector of coefficients to be estimated for street robber i, and ε ij is the random error component of the model.""
  - ""The probability of street robber β i choosing community j can be calculated as follows:

To obtain the probability of unconditional choice, we integrate L ij (β i ) for all values of β i""
  - ""First of all, a multicollinearity test is conducted to select independent variables and control variables.""
  - ""It is worth pointing out that empirical crime research based on official police data is rare in China, perhaps because the crime data is very difficult or almost impossible to access.""",,"- The paper discusses the use of a mixed logit model to analyze the influence of prior experiences on subsequent street robbery location choices. However, there is no mention of conducting sensitivity analysis using different spatial unit sizes or scales.
- The study focuses on the community level, with an average community size of 1.62 km^2, but there is no comparison or analysis across different spatial scales.
- The paper does not mention any sensitivity analysis or comparison of results across different spatial scales, such as using different community sizes or aggregating data to larger or smaller spatial units.
- The focus is on the mixed logit model and its application to the data at the community level, without any discussion of sensitivity to spatial scale.","  - ""the study relies solely on robbery data of the arrested robbers, the omission of un-arrested robbers may bring bias to the model. These issues will be addressed in future research.""
  - ""While there is no reason to believe these findings cannot be applied to other Chinese cities, further research is needed for full validation.""
  - ""the potential problem of offenses being nested within offenders is not explicitly addressed in this paper. Whether the use of a mixed logit model helps to alleviate this problem needs further examination.""
  - ""The study area covers 1973 communities (Figure 2 ), with an average size of 1.62 km 2 . The standard deviation of the size of the communities is 2.85, the minimum size of 0.001 km 2 and the maximum size of 43 km 2""",,"- The paper discusses the rarity of empirical crime research in China due to data access issues, which suggests a future direction could involve improving data accessibility or exploring alternative data sources.
- The study uses communities as the spatial unit of analysis, with a focus on their size and variability. This indicates that future research could explore different spatial units or scales of analysis to see if they yield different insights.
- The authors mention the potential problem of offenses being nested within offenders, which suggests a need for methodological improvements to address this issue in future studies.
- The reliance on data from arrested robbers only may introduce bias, indicating a future direction could involve incorporating data from un-arrested robbers to improve model validity.
- The authors suggest that further research is needed to validate their findings in other Chinese cities, implying a need for broader spatial coverage or comparative studies across different regions."
Familiar Locations and Similar Activities: Examining the Contributions of Reliable and Relevant Knowledge in Offenders' Crime Location Choices,"Sophie Curtis-Ham, Wim Bernasco, Oleg N Medvedev, Devon L L Polaschek",-,-,-,-,-,"- Odds ratios (ORs) for activity nodes with high reliability and high relevance: Not explicitly provided in the text, but mentioned as being significantly higher than for other categories.
- ORs for opportunity variables:
  - Residential burglary: 1.06 (95% CI: 1.05-1.06)
  - Non-residential burglary: 1.11 (95% CI: 1.10-1.11)
  - Commercial robbery: 1.11 (95% CI: 1.10-1.12)
  - Personal robbery: 1.11 (95% CI: 1.10-1.11)
  - Sex offenses: 1.08 (95% CI: 1.07-1.09)",Not mentioned (the paper does not specify the software or programming tools used for data analysis),"The authors discuss the selection of spatial units, specifically using Statistical Area 2 (SA2) units, to balance the risks of ignoring spatial spill-over mechanisms and spatial heterogeneity. They address spatial spill-over by including attributes of surrounding areas within distance bands, which mitigates spatial autocorrelation issues. Although they do not explicitly mention the Modifiable Areal Unit Problem (MAUP), their approach suggests an awareness of related issues such as scale effects and aggregation bias.",No sensitivity analysis performed.,Not mentioned (the paper does not provide specific future recommendations or suggestions regarding spatial unit size or spatial unit of analysis),"  - ""The ORs indicate the increase/decrease in the odds of an offender choosing an SA2 given the presence of an activity node with a given attribute (e.g., activity node with high reliability and high relevance within 0-200 m of the SA2) relative to there being no activity node within 5 km of the SA2.""
  - ""Supporting H1(a) and H1(b), for all crime types, the presence of an H f H s node was significantly more likely to result in an SA2 being chosen than the presence of H f L s or L f H s nodes.""
  - ""For every 100 units (e.g., households, commercial premises) in the SA2, the odds of crime increased by a factor of 1.06 for residential burglary (95% CI: 1.05-1.06), 1.11 for non-residential burglary (1.10-1.11), 1.11 for commercial robbery (1.10-1.12), 1.11 for personal robbery (1.10-1.11), and 1.08 for sex offenses (1.07-1.09).""
  - ""The hypothesized differences were most pronounced in the ""within SA2"" distance band, with fewer significant differences when the nearest activity nodes were farther away.""
  - ""The results are illustrated in Figure 2 , which displays the 95% confidence intervals around the ORs.""",,"- The paper uses discrete spatial choice models (DSCMs) to analyze the relationship between offenders' activity locations and crime location choices.
- The effect sizes are reported as odds ratios (ORs), which indicate the increase or decrease in the odds of an offender choosing a specific location based on the presence of certain activity nodes.
- The ORs are provided for different crime types and distance bands, showing how the presence of activity nodes with high reliability and relevance affects the likelihood of crime location choice.
- The paper also provides confidence intervals for these ORs, which are essential for understanding the precision of the estimates.
- The ORs for opportunity variables are also reported, indicating how the number of potential targets in an area affects crime location choice.","  - ""The mechanics of the conditional logit model are described in detail elsewhere (Bernasco, 2010b), but to summarize, the model estimates the expected utility of each choice alternative (SA2), given the attributes of that alternative, and selects the alternative that maximizes utility.""
  - ""To test our hypothesis, we used discrete spatial choice models (DSCMs).""
  - ""we used discrete spatial choice modeling with a large dataset of policerecorded crimes and activity locations.""
  - ""We exponentiate these estimated parameters to report them as odds ratios (ORs).""
  - ""we employed conditional logit models (McFadden, 1984).""",,"- The paper mentions the use of ""discrete spatial choice models (DSCMs)"" and ""conditional logit models,"" which are statistical techniques rather than specific software tools.
- The description of the models and the process of estimating parameters and calculating odds ratios suggests a focus on statistical analysis rather than specific software.
- The paper does not explicitly mention any software or programming tools used for the data analysis, such as R, Stata, Python, or others.
- The focus is on the methodology and statistical techniques rather than the software used to implement them.","  - ""using SA2s balances the risk of ignoring spatial spill-over mechanisms-where choices between small units are affected by nearby units-and the risk of ignoring spatial heterogeneity-where the use of large units may fail to capture important variation within those units.""
  - ""We included the attributes of surrounding areas within a series of distance bands around each SA2 alternative (elaborated below) to further reduce the risk of ignoring spatial spill-over, by explicitly accounting for activity locations in nearby units.""
  - ""Consistent with previous studies (e.g., Clare et al., 2009;Townsley et al., 2015), we use SA2s as the spatial unit to examine meso-level spatial choices.""
  - ""SA2s usually contain 2,000-4,000 residents (1,000-3,000 in rural areas), and after sampling from alternatives as described below, the analyzed SA2s had a median of 1.2 km 2 land area, with 50% sized between 0.84 and 2.2 km 2""",,"- The authors discuss the selection of spatial units, specifically using Statistical Area 2 (SA2) units, which are a common choice for meso-level spatial analysis.
- They mention that using SA2s helps balance two risks: ignoring spatial spill-over mechanisms (which could be related to scale effects) and ignoring spatial heterogeneity (which could be related to aggregation bias).
- The authors explicitly address the issue of spatial spill-over by including attributes of surrounding areas within distance bands around each SA2, which is a strategy to mitigate the effects of spatial autocorrelation.
- The discussion implies an awareness of potential issues related to the Modifiable Areal Unit Problem (MAUP), such as scale effects and aggregation bias, although these terms are not explicitly mentioned.
- The authors' approach to using SA2s and accounting for nearby activity locations suggests a consideration of spatial autocorrelation issues.","  - ""The hypothesized differences were most pronounced in the ""within SA2"" distance band, with fewer significant differences when the nearest activity nodes were farther away.""
  - ""We included the attributes of surrounding areas within a series of distance bands around each SA2 alternative (elaborated below) to further reduce the risk of ignoring spatial spill-over, by explicitly accounting for activity locations in nearby units.""
  - ""SA2s usually contain 2,000-4,000 residents (1,000-3,000 in rural areas), and after sampling from alternatives as described below, the analyzed SA2s had a median of 1.2 km 2 land area, with 50% sized between 0.84 and 2.2 km 2""
  - ""Consistent with previous studies (e.g., Clare et al., 2009;Townsley et al., 2015), we use SA2s as the spatial unit to examine meso-level spatial choices.""
  - ""The hypothesis (H1) predicts that crime is more likely ""near"" to activity nodes with certain attributes and in crime location choice research, near is often operationalized as meaning ""within the same spatial unit."" This could mean in the same 200 m×200 m grid cell (Bernasco, 2019), the same census block (e.g., Bernasco et al., 2017), or the same neighborhood as identified by postcodes (e.g., Lammers, 2018).""",,"- The study uses Statistical Area 2 (SA2) as the primary spatial unit for analysis, which is a meso-level spatial scale.
- The paper mentions that SA2s are used to examine spatial choices, indicating that this is the primary scale of analysis.
- The study does not explicitly mention conducting a sensitivity analysis using different spatial unit sizes or scales. Instead, it focuses on the use of SA2s and distance bands around these units.
- The mention of distance bands around SA2s suggests an examination of spatial spill-over effects but does not constitute a sensitivity analysis across different spatial scales.
- The paper does not provide any comparison of results across different spatial scales or mention any methodological approaches for such an analysis.","  - ""In the present study the alternatives are the neighborhoods (""Statistical Area 2"" Census Units, or ""SA2s"") from which offenders are selecting when deciding where to commit crime.""
  - ""SA2s usually contain 2,000-4,000 residents (1,000-3,000 in rural areas), and after sampling from alternatives as described below, the analyzed SA2s had a median of 1.2 km 2 land area, with 50% sized between 0.84 and 2.2 km 2""
  - ""using SA2s balances the risk of ignoring spatial spill-over mechanisms-where choices between small units are affected by nearby units-and the risk of ignoring spatial heterogeneity-where the use of large units may fail to capture important variation within those units.""
  - ""We included the attributes of surrounding areas within a series of distance bands around each SA2 alternative (elaborated below) to further reduce the risk of ignoring spatial spill-over, by explicitly accounting for activity locations in nearby units.""
  - ""our results should be interpreted in light of several limitations which illustrate the challenges involved in operationalizing these attributes using police administrative data, within the DSCM paradigm.""
  - ""Further research could supplement the present findings using complementary methods that overcome the above limitations.""
  - ""it would be informative to explore whether the results generalize to crime types where the spatial distribution-in police data-is heavily influenced by variations in reporting or proactive policing (e.g., disorder and drug offenses).""
  - ""Our interpretation of the observed patterns for reliability and relevance could also be corroborated by future research including a wider range of opportunity variables to better isolate the effects of opportunities versus activities, examining other crime types, and seeing if the threshold effect appears in other jurisdictions.""",,"- The paper discusses the use of Statistical Area 2 (SA2) units as the spatial unit of analysis, which is a common choice for balancing spatial spill-over and heterogeneity.
- The authors highlight the benefits of using SA2s, such as reducing the risk of ignoring spatial spill-over and capturing important variation within units.
- The paper does not explicitly propose alternative spatial units or suggest changes to the current spatial unit size.
- The authors mention limitations and suggest future research to overcome these limitations, but these suggestions are more about methodological improvements rather than changing the spatial unit size.
- The paper does not provide specific future recommendations or suggestions regarding spatial unit size or spatial unit of analysis."
Traveling Alone or Together? Neighborhood Context on Individual and Group Juvenile and Adult Burglary Decisions,"Alyssa W Chamberlain, Lyndsay N Boggess, Taylor Fisher",-,-,Crime and delinquency,3,2022,"- Residence-to-crime distance: Juveniles (OR = 0.636), Adults (OR = 0.673)
- Concentrated disadvantage: Adults (OR = 1.24)
- Residential stability: Adults (OR = 0.772)
- Percentage of occupied units: Adults (OR = 1.01)
- Percentage of Black residents: Juveniles (OR = 1.008)
- Racial/ethnic heterogeneity: Juveniles (OR = 1.015), Adults (OR = 1.008)
- Group offenders vs. solo offenders: Various odds ratios provided for different comparisons","ArcGIS 10.6, Stata",No MAUP discussion present.,No sensitivity analysis performed.,"The authors suggest that future research should account for both the characteristics of the broader social environment and the availability of targets in a neighborhood, but they do not explicitly propose alternative spatial units or scales of analysis. They use block groups as the smallest unit for defining neighborhoods due to data availability.","  - ""We find that the residence-to-crime distance is slightly shorter for juveniles (b = -0.452, OR = 0.636, p < .001) compared to adults (-0.395, OR = 0.673, p < .001).""
  - ""For juveniles, for each additional mile that a neighborhood is located from his or her neighborhood, the odds of that neighborhood being selected decreases by 35%; for adults, the odds decrease 33% for each additional mile.""
  - ""The distance squared measure is also positive and significant for both adults (b = 0.027, OR = 1.027, p < .001) and juveniles (b = 0.026, OR = 1.02, p < .001),""
  - ""Neighborhoods higher in concentrated disadvantage (b = 0.215, OR = 1.24, p < .001) are significantly more likely to be targeted, while those that have greater residential stability (b = -0.325, OR = 0.772, p < .001) are significantly less likely to be targeted.""
  - ""Adults are also likely to target neighborhoods with a greater percentage of occupied units (b = 0.011, OR = 1.01, p < .01),""
  - ""juveniles are significantly more likely to target neighborhoods with a greater Black population (b = 0.008, OR = 1.008, p < .001): a 10% increase in the percentage of Black residents increases the odds of a neighborhood being targeted by 8%.""
  - ""Finally, although both adult and juvenile suspects are more likely to target more heterogeneous neighborhoods, the magnitude of this effect is significantly greater for juveniles (b = 0.015, OR = 1.015, p < .001) compared to adults (b = 0.0085, OR = 1.008, p < .001): a 10% increase racial/ethnic heterogeneity increases the odds that a neighborhood will be targeted by a juvenile by 15%, but only 8% by an adult.""
  - ""Adult group offenders are more willing to target neighborhoods further away (b = -0.37, OR = 0.69, p < .001) compared to juvenile group offenders (b = -0.44, OR = 0.64, p < .001).""
  - ""adult suspects who act alone (b = -0.40, OR = 0.67, p < .001) are more likely to target neighborhoods further away compared to juvenile suspects who act alone (b = -0.47, OR = 0.62, p < .001).""
  - ""adults who burgle alone are significantly more likely to target disadvantaged neighborhoods (b = 0.225, OR = 1.25, p < .001) compared to juveniles who act alone (b = 0.03, OR = 1.03, p = ns).""
  - ""solo juvenile offenders are more likely to target racially/ethnically heterogeneous neighborhoods (b = 0.011, OR = 1.011, p < .001) compared to adults who act alone (b = 0.007, OR = 1.007, p < .01).""",,"- The paper provides odds ratios (OR) for various independent variables related to neighborhood characteristics and their influence on burglary target selection.
- For residence-to-crime distance, the odds ratios indicate a decrease in the likelihood of targeting a neighborhood as distance increases, with specific values for juveniles and adults.
- Concentrated disadvantage and residential stability are significant predictors for adult target selection, with corresponding odds ratios.
- The percentage of occupied units is a significant predictor for adults, with an odds ratio provided.
- For juveniles, the percentage of Black residents and racial/ethnic heterogeneity are significant predictors, with odds ratios indicating increased likelihood of targeting these neighborhoods.
- The paper also provides odds ratios for group versus solo offenders, indicating differences in target selection based on group membership.
- The odds ratios are used to quantify the effect sizes of these independent variables on the likelihood of targeting specific neighborhoods for burglary.","  - ""We geocoded the incident and home addresses using ArcGIS 10.6.""
  - ""We employ a conditional logit model to examine the probability that a particular neighborhood will be selected relative to all other remaining options (Ben-Akiva & Bierlaire, 1999). To compare probabilities between juveniles and adults and between groups and solo offenders, we use seemingly unrelated estimation using the post estimation command suest in Stata.""",,"- The first quote indicates that ArcGIS 10.6 was used for geocoding, which is a process of assigning geographic coordinates to addresses. This is a spatial analysis tool.
- The second quote mentions the use of Stata for statistical analysis, specifically for conditional logit modeling and seemingly unrelated estimation. The command ""suest"" is a Stata command, indicating that Stata was used for these analyses.","  - ""we normalize the 2010 data in to 2000 census block group boundaries, and then we linearly interpolate across time to account for annual changes.""
  - ""a handful of block groups were removed due to missing data on some Census variables, leaving the total number of neighborhoods analyzed at 304.""
  - ""we include demographic and economic data from the US Census for all 334 block groups in the city.""
  - ""We use block groups to define a neighborhood because these are the smallest unit available where meaningful sociodemographic data are available.""",,"- The authors mention using block groups as the spatial unit for their analysis because they are the smallest unit for which meaningful sociodemographic data are available. This suggests a consideration of the scale at which data is aggregated, which is a component of the Modifiable Areal Unit Problem (MAUP).
- The use of block groups as the smallest available unit implies an awareness of potential aggregation bias, as larger units might mask important variations within smaller areas.
- The normalization and interpolation of data across different census years indicate an effort to manage temporal changes in spatial units, which can be related to MAUP concerns about boundary changes over time.
- However, there is no explicit discussion of MAUP, ecological fallacy, scale effects, aggregation bias, or spatial autocorrelation issues in the paper. The authors do not address these topics directly or provide a detailed discussion about how they might affect their findings.","  - ""However, a handful of block groups were removed due to missing data on some Census variables, leaving the total number of neighborhoods analyzed at 304.""
  - ""To assess the potential influence of neighborhood characteristics on burglary decision making, we include demographic and economic data from the US Census for all 334 block groups in the city.""
  - ""The final sample includes 4,920 burglary arrests nested in 6,165 suspects.""
  - ""We use block groups to define a neighborhood because these are the smallest unit available where meaningful sociodemographic data are available.""",,"- The study uses block groups as the spatial unit for defining neighborhoods, which is the smallest unit available for meaningful sociodemographic data.
- The analysis is conducted using data from these block groups, but there is no mention of conducting a sensitivity analysis using different spatial unit sizes or scales.
- The study does not compare results across different spatial scales or mention any methodological approaches for sensitivity analysis related to spatial unit sizes.
- The focus is on the analysis within the block group level, and there is no indication of exploring different spatial scales or units.","  - ""Beyond the practical implications of this study, there are empirical ones as well. Adults and juveniles exhibit a differential susceptibility to neighborhood conditions with regard to target decisions. Future research examining adult and juvenile offenders should simultaneously account for both the characteristics of the broader social environment as well as the availability of targets in a neighborhood.""
  - ""For juvenile burglars, the broader social cues of the environment do not seem to deter offending. This may be due to the fact that their narrow travel patterns reduce exposure to other neighborhoods, which may impede their ability to assess risk.""
  - ""While prior research has consistently found that adults and juveniles travel different distances to commit crime, few studies have looked at how neighborhood context may affect those patterns.""
  - ""We use block groups to define a neighborhood because these are the smallest unit available where meaningful sociodemographic data are available.""
  - ""From a policy perspective, this suggests a twopronged approach. To reduce burglaries committed by adults, practitioners should work with community members to strengthen social ties among residents to foster greater vigilance among residents.""",,"- The paper discusses the use of block groups as the smallest unit for defining neighborhoods due to the availability of sociodemographic data. This suggests that the authors are aware of the importance of spatial unit size in their analysis.
- The authors highlight the need for future research to consider both the broader social environment and the availability of targets in a neighborhood, which implies a potential for exploring different scales of analysis or spatial units.
- The paper does not explicitly propose alternative spatial units or scales of analysis but emphasizes the importance of considering neighborhood context and its impact on crime patterns.
- The suggestions for policy and future research focus on understanding and addressing the differential susceptibility of adults and juveniles to neighborhood conditions, rather than specifically addressing spatial unit size or methodological improvements related to spatial boundaries."
Divergent Decision-Making in Context: Neighborhood Context Shapes Effects of Physical Disorder and Spatial Knowledge on Burglars' Location Choice,"Liang Cai, Guangwen Song, Yanji Zhang",-,-,-,-,-,"- Distance from burglar's home: OR = 0.325 and 0.326 for Non-Dis-residing burglars
- Population increase: OR = 98.6%-100.9% for Non-Dis-residing burglars, 78.7%-82.2% for Dis-residing burglars
- Newer buildings: OR > 2.4 for both groups
- High-rise buildings: OR = 0.177 for Dis-residing burglars
- Subway stations: 20% increase for Non-Dis burglars, over 80% increase for Dis burglars
- Bus stops: 1.2% increase for Non-Dis burglars, 1.6% increase for Dis burglars
- Entertainment venues: 4% higher odds for Non-Dis-residing burglars",Not mentioned (the paper does not specify the software or tools used for data analysis),No MAUP discussion present.,No sensitivity analysis performed.,"The authors suggest future research should consider other neighborhood structural conditions like social cohesion and collective efficacy. They also imply that exploring different spatial units or scales could provide deeper insights into how spatial knowledge affects criminal behavior, particularly in places different from offenders' residential areas.","  - ""The likelihood of a community being targeted for burglary reduces as its distance from burglar's home increases, more so for Non-Dis-residing burglars (reduces by a factor of 0.325 and 0.326, p<0.001) than Dis-residing burglars (OR ranges between 0.299 and 0.300, p<0.001).""
  - ""buildings over 9 floors are associated with lower risk of burglary, particularly for burglars from disadvantaged communities (OR=0.177, p<0.001).""
  - ""The presence of post-2000 newer buildings strongly predicts burglary risk for both groups of burglars with OR over 2.4 (p<0.001).""
  - ""Bus stops also significantly increases burglary risk by 1.2% and 1.6% among Non-Dis and Dis burglars, respectively, for each additional bus stop (p<0.001).""
  - ""Entertainment venues-karaoke bars, Internet cafes, bars, and cinemas-positively predict burglary among Non-Dis-residing burglars only, with each additional venue bringing about 4% higher odds (p<0.001) to the local area.""
  - ""More populated destination communities are also more likely to be targeted, with one unit increase in the population logarithm leading to 98.6%-100.9% higher odds for Non-Dis-residing burglars (p<0.001) and 78.7%-82.2% higher odds for Dis-residing burglars (p<0.001).""
  - ""Transportation facilitations function as crime generators with one more subway station increasing the risk of being targeted by 20% among Non-Dis burglars (p<0.05) and over 80%

among Dis burglars (p<0.001).""",,"- The paper provides odds ratios (OR) for various independent variables related to burglary risk.
- For distance from the burglar's home, the OR is given as 0.325 and 0.326 for Non-Dis-residing burglars, indicating a reduction in burglary risk as distance increases.
- Population increase is associated with higher odds of burglary, with ORs ranging from 98.6% to 100.9% for Non-Dis-residing burglars and 78.7% to 82.2% for Dis-residing burglars.
- Newer buildings are associated with higher burglary risk, with ORs over 2.4 for both groups.
- High-rise buildings are associated with lower burglary risk, particularly for Dis-residing burglars, with an OR of 0.177.
- Transportation facilities like subway stations and bus stops increase burglary risk, with specific percentage increases provided.
- Entertainment venues increase burglary risk for Non-Dis-residing burglars, with a 4% higher odds for each additional venue.","  - ""We measure observed and perceived physical disorder from 107,858 street view images using computer vision algorithms.""
  - ""Geo-referenced mobile phone flows between 1,642 census units are used to approximate offenders' potential spatial knowledge about target neighborhoods.""
  - ""Discrete choice models are estimated separately for burglars from disadvantaged and non-disadvantaged neighborhoods (N=1,972).""
  - ""We model burglars' target location choice using a conditional logit specification where a burglar's decision of where to offend depends on an array of factors involving the characteristics of both the residential and potential target neighborhoods.""
  - ""The conditional logit model assumes that decision-makers pick the alternative with the highest utility (McFadden 1978).""
  - ""All parameters are estimated separately for two groups such that parameters are free to vary across context: burglars residing in neighborhoods with concentrated disadvantage and burglar residing in non-disadvantaged neighborhoods.""",,"- The paper mentions the use of ""computer vision algorithms"" for analyzing street view images, which suggests the use of programming tools or software capable of handling image processing tasks. However, it does not specify the exact software or platform used for this purpose.
- The use of ""discrete choice models"" and ""conditional logit specification"" indicates the application of statistical software or programming tools that can handle these types of models. Common software for such analyses includes R, Stata, or Python, but the paper does not specify which one was used.
- The paper does not mention any specific statistical software, programming tools, or analytical platforms by name, such as R, Stata, Python, SPSS, SAS, BIOGEME, Nlogit, ArcGIS, QGIS, or Mplus.","  - ""After excluding communities without street view images, we have 1,652 spatially contiguous communities in the analytical sample, with an average size of 0.958km 2 and an average population of 5,957.""
  - ""There are a total of 2,643 communities in the ZG region, with an average geographic area of 2.813km 2""
  - ""These communities with relatively high resident homogeneity are comparable to prior studies in terms of geographic and population sizes (Bernasco and Block 2009;Song et al. 2019).""
  - ""We use communities (juweihui or cunweihui) as the unit of analysis. Communities are the smallest administrative unit where population census and major survey data are collected.""",,"- The paper discusses the selection of spatial units for analysis, specifically choosing communities (juweihui or cunweihui) as the unit of analysis. This is relevant to the Modifiable Areal Unit Problem (MAUP) as it involves the selection of spatial units that can affect the results of spatial analysis.
- The authors mention that these communities are the smallest administrative units for census and survey data collection, which implies a consideration of the scale at which data is aggregated.
- The paper notes the geographic and population sizes of these communities, which could relate to issues of aggregation bias or scale effects, as different sizes and populations can influence the analysis.
- However, there is no explicit discussion of MAUP, ecological fallacy, scale effects, aggregation bias, or spatial autocorrelation issues in the provided text. The focus is on the selection and characteristics of the spatial units rather than addressing potential MAUP-related issues.","  - ""We use communities (juweihui or cunweihui) as the unit of analysis. Communities are the smallest administrative unit where population census and major survey data are collected.""
  - ""In this study, we combine police arrest data, mobile phone mobility data, street view images, POI data, and census data.""
  - ""After excluding communities without street view images, we have 1,652 spatially contiguous communities in the analytical sample, with an average size of 0.958km 2 and an average population of 5,957.""
  - ""There are a total of 2,643 communities in the ZG region, with an average geographic area of 2.813km 2""",,"- The study uses communities as the unit of analysis, which are the smallest administrative units for census and survey data collection.
- The study mentions the average geographic area and population of these communities, indicating a focus on this specific spatial scale.
- There is no mention of conducting sensitivity analysis using different spatial unit sizes or scales. The study does not compare results across different spatial scales or discuss methodological approaches for such an analysis.
- The focus is on using a consistent spatial unit (communities) for data analysis, without exploring variations in results based on different spatial scales.","  - ""Characteristics such as social cohesion, ecological networks, and collective efficacy may also affect ways in which of residents conduct daily social interactions and develop behavioral patterns (Sampson et al. 1997;Browning et al. 2017)""
  - ""Our study has several limitations that deserve future inquiries. First, although this study illustrates neighborhood concentrated disadvantage as an encompassing social context, there are other key neighborhood structural conditions that shape offenders' decision-making process.""
  - ""Our results also show that spatial knowledge moderates the above relationship between social contexts and physical disorder with its role most effective in triggering or deterring actions in places that are categorically different from their residential space.""
  - ""For places that offenders are used to, such as neighborhoods similar to their own, they may be able to draw on their prior knowledge and infer the meaning of disorder more accurately, thus the limited effect of spatial knowledge.""
  - ""This finding is in line with predictions from crime opportunity theories (Cohen & Felson 1979; Brantingham & Brantingham 2008) as well as other commonly observed human behavioral patterns (Thaler & Sunstein 2021).""",,"- The authors mention limitations in their study, particularly regarding the focus on neighborhood concentrated disadvantage as a social context. They suggest that future research should consider other structural conditions like social cohesion and collective efficacy.
- The discussion about spatial knowledge and its role in decision-making implies that future studies could explore how different spatial units or scales of analysis might affect the understanding of spatial knowledge and its impact on criminal behavior.
- The mention of spatial knowledge being more effective in places categorically different from offenders' residential spaces suggests that future research could benefit from examining different spatial units or scales to better understand this dynamic.
- The authors do not explicitly propose alternative spatial units or scales but imply that further exploration of these factors could provide deeper insights into criminal decision-making processes."
Relationships Between Offenders' Crime Locations and Different Prior Activity Locations as Recorded in Police Data,"Sophie Curtis-Ham, Wim Bernasco, Oleg N Medvedev, Devon L L Polaschek",-,-,-,-,-,"- Odds ratios (ORs) for activity nodes: 
  - Home node + sex offence: OR = 235
  - Victim/witness node + non-residential burglary: OR = 1.22
- Percentage changes in odds for crime opportunity variables:
  - Residential burglary: +7% for every 100 additional households
  - Non-residential burglary: +12% for every 100 additional businesses
  - Commercial robbery: +14% for every 100 additional businesses
  - Personal robbery: +13% for every 100 additional businesses
  - Sex offences: +10% for every 100 additional households or businesses",Not mentioned (the paper does not specify the software or programming tools used for data analysis),"The authors discuss the selection of spatial units in relation to theoretical relevance, spatial spill-over, spatial heterogeneity, and computational processing. They chose Statistical Area 2 (SA2) as their unit, which approximates neighborhoods and is relatively homogenous in size. This discussion addresses concerns related to scale effects and aggregation bias, although the terms ""MAUP"" and ""ecological fallacy"" are not explicitly mentioned.",No sensitivity analysis performed.,"The authors suggest that future research could benefit from using a more granular approach, particularly in low population density areas where a longer distance range might be more appropriate. They also highlight the importance of balancing theoretical relevance, spatial spill-over, spatial heterogeneity, and computational processing when selecting spatial units.","  - ""The models provided a good fit to the data with pseudo R 2 values between 0.35 and 0.42 (McFadden 1973), which are at the upper end of the range of values found in other DSCM studies (Table 1""
  - ""We report model coefficients as odds ratios (ORs). For node types, the ORs reflect the increase in odds of an SA2 being chosen given the presence of an activity node of that type at that distance band, compared to no node of that type within 5 km of the SA2.""
  - ""Offenders were between 1.22 times (victim/ witness node + non-residential burglary) and 235 times (home node + sex offence) more likely to offend in an SA2 containing that type of activity node than if the nearest activity node of that type were more than 5 km away.""
  - ""Confirming hypothesis 2, offenders were more likely to commit crime near their own homes than their family members' homes: all differences between 'home in SA2' and each type of 'family home in SA2' were significant (Fig. 1 : comparing the top bars of the top and second to top cells).""
  - ""Hypothesis 4 was supported. Offenders were more likely to commit crime near to places they previously offended than places where they had previously been a crime victim or witness: no prior offence CIs overlapped with prior victim/witness CIs for 'in SA2' (Fig. 1 : comparing the top bars of the prior offence and prior victim/witness cells).""
  - ""Lastly, crime opportunity was positively associated with crime location choice, when controlling for the presence of activity nodes. For every increase of 100 households or relevant businesses (depending on crime type) in the SA2, the odds of an offence in that SA2 increased by 7% for residential burglary, 12% for non-residential burglary, 14% for commercial robbery, 13% for personal robbery, and 10% for sex offences.""",,"- The paper uses discrete spatial choice models (DSCM) to analyze the relationships between offenders' activity locations and crime locations.
- The effect sizes are reported as odds ratios (ORs), which indicate the increase in odds of an offender choosing a location for a crime based on the presence of certain activity nodes.
- The ORs range from 1.22 to 235, indicating significant associations between various activity nodes and crime location choices.
- Specific ORs are mentioned for different types of activity nodes and crime types, such as home nodes and sex offences.
- The paper also reports percentage changes in odds for crime opportunity variables, such as increases in odds for every 100 additional households or businesses.","  - ""To test our hypotheses, we employed discrete crime location choice modelling (DSCM).""
  - ""we used conditional logit models to test our hypotheses (McFadden 1984).""
  - ""The models provided a good fit to the data with pseudo R 2 values between 0.35 and 0.42 (McFadden 1973), which are at the upper end of the range of values found in other DSCM studies (Table 1""
  - ""The conditional logit model evaluates the likelihood of a choice alternative (SA2) being selected given its attributes (e.g. presence of a home in the SA2, presence of nearest prior crime 200-500 m away).""
  - ""We report model coefficients as odds ratios (ORs).""
  - ""We followed a stratified importance sampling approach (Ben-Akiva and Lerman 1985;McFadden 1977) shown to yield estimates consistent with those produced by including all alternatives when modelling crime location choice (Curtis-Ham et al. 2021b)""",,"- The paper mentions the use of ""discrete crime location choice modelling (DSCM)"" and ""conditional logit models,"" which are statistical techniques rather than specific software tools.
- The references to McFadden (1984) and McFadden (1973) suggest the use of logit models, which are commonly implemented in various statistical software packages.
- The paper does not explicitly mention any specific software or programming tools used for the data analysis.
- The mention of ""conditional logit models"" and ""stratified importance sampling approach"" indicates the use of statistical techniques that can be implemented in various software packages, but the specific software used is not mentioned.","  - ""Selecting the spatial unit involves balancing a range of considerations by the analyst (Bernasco 2010a). These include theoretical relevance (how big is one unit of 'activity space'?), spatial spill-over (if the unit is too small the choice is influenced by the attributes of surrounding units), spatial heterogeneity (if the unit is too big then variation within the unit that could affect the choice is not captured), and computational processing (if there are too many units the capacity of available computing equipment may be exceeded).""
  - ""The small and relatively homogenous size of the sampled SA2s reflects that the vast majority were in urban areas.""
  - ""The median land area of the sampled SA2s was 1.2km 2 (quartiles 0.84, 2.2 km 2 ) on average across the five offences modelled.""",,"- The paper discusses the selection of spatial units, which is a key aspect of the Modifiable Areal Unit Problem (MAUP). The authors mention the need to balance theoretical relevance, spatial spill-over, spatial heterogeneity, and computational processing when choosing a spatial unit.
- The authors selected the Statistical Area 2 (SA2) as their spatial unit, which they describe as approximating neighborhoods. This choice is justified by the size and homogeneity of these areas, which are typically urban and contain a specific number of residents.
- The discussion of spatial spill-over and spatial heterogeneity directly relates to MAUP concerns. Spatial spill-over refers to the influence of surrounding units on the choice within a smaller unit, while spatial heterogeneity refers to the variation within a larger unit that might not be captured.
- The paper does not explicitly mention the term ""MAUP"" or ""ecological fallacy,"" but it addresses issues related to scale effects and aggregation bias by discussing the selection and characteristics of the SA2s.","  - ""The small and relatively homogenous size of the sampled SA2s reflects that the vast majority were in urban areas.""
  - ""The median land area of the sampled SA2s was 1.2km 2 (quartiles 0.84, 2.2 km 2 ) on average across the five offences modelled.""
  - ""Selecting the spatial unit involves balancing a range of considerations by the analyst (Bernasco 2010a). These include theoretical relevance (how big is one unit of 'activity space'?), spatial spill-over (if the unit is too small the choice is influenced by the attributes of surrounding units), spatial heterogeneity (if the unit is too big then variation within the unit that could affect the choice is not captured), and computational processing (if there are too many units the capacity of available computing equipment may be exceeded).""",,"- The paper discusses the selection of spatial units, which is a critical aspect of spatial analysis. It mentions the need to balance theoretical relevance, spatial spill-over, spatial heterogeneity, and computational processing.
- The study uses the New Zealand Census Unit 'Statistical Area 2' (SA2) as the spatial unit, which is described as approximating neighborhoods with specific population ranges.
- The paper provides details about the size of the SA2s used, indicating a median land area and quartiles, which suggests a focus on a specific scale.
- There is no mention of conducting sensitivity analysis using different spatial unit sizes or scales. The paper does not compare results across different spatial scales or discuss methodological approaches for such an analysis.","  - ""Our results are likely to generalise to other low population density jurisdictions and imply that studies in such jurisdictions could benefit from using an even longer distance range.""
  - ""Future research might also benefit from a more granular approach when examining the relationship between offence locations and offenders' prior victim/witness, police incident and other police-recorded activity locations.""
  - ""Selecting the spatial unit involves balancing a range of considerations by the analyst (Bernasco 2010a). These include theoretical relevance (how big is one unit of 'activity space'?), spatial spill-over (if the unit is too small the choice is influenced by the attributes of surrounding units), spatial heterogeneity (if the unit is too big then variation within the unit that could affect the choice is not captured), and computational processing (if there are too many units the capacity of available computing equipment may be exceeded).""",,"- The paper discusses the selection of spatial units, highlighting the need to balance theoretical relevance, spatial spill-over, spatial heterogeneity, and computational processing. This suggests that the choice of spatial unit is critical and should be tailored to the specific study context.
- The authors used Statistical Area 2 (SA2) as their spatial unit, which approximates neighborhoods. This choice was likely made due to its balance between being small enough to capture local variation and large enough to avoid excessive computational demands.
- The authors suggest that studies in low population density areas might benefit from using a longer distance range, implying that the spatial unit size could be adjusted based on the population density of the area being studied.
- The paper also recommends a more granular approach for future research, particularly when examining relationships between offense locations and prior activity locations. This suggests that using smaller or more detailed spatial units could provide more nuanced insights."
WHERE OFFENDERS CHOOSE TO ATTACK: A DISCRETE CHOICE MODEL OF ROBBERIES IN CHICAGO*,"Wim Bernasco, Richard Block",-,-,,277,2009,"- Distance: Odds ratio of 0.21 (nearly 80% reduction) for an increase in log distance.
- Population size: 17% increase in odds for every additional 1,000 residents.
- Racial and ethnic dissimilarity: Odds ratio of 0.42 (58% reduction).
- Gang territorial dissimilarity: Odds ratio of 0.50 (50% reduction).
- Collective efficacy: Small effect, not statistically significant.
- Racial and ethnic preferences:
  - African-American offenders: Odds ratio of 1.38 for African-American majority tracts.
  - Hispanic offenders: Odds ratio of 1.24 for Hispanic majority tracts.
  - Non-Hispanic white offenders: Not all significant, but similar pattern.","Stata (StataCorp, 2005)","The authors discuss the Modifiable Areal Unit Problem (MAUP) by justifying their choice of census tracts as the spatial unit of analysis due to data availability and computational constraints. They note that smaller units would reduce heterogeneity but require a smaller sample size. They also mention that effects are robust across different geographic levels, suggesting awareness of MAUP but not seeing it as a significant issue in their study.","No sensitivity analysis performed. The study primarily uses census tracts and suggests future work could explore smaller units like block groups or blocks, but does not conduct a comparison across different spatial scales within the paper.","In future work, it might be advisable to use smaller units of spatial aggregation, such as block groups or blocks, to yield improved insights because more within-tract heterogeneity and within-tract distances are incorporated.","  - ""The estimated coefficients show, first, that the two distance measures have negative effects. An increase of one unit in the log of distance in kilometers reduces the odds of a tract being chosen for robbery by a factor of .21 (a reduction of nearly 80 percent).""
  - ""The odds of being chosen increase by 17 percent for every additional 1,000 residents in the tract population.""
  - ""When the racial and ethnic dissimilarity between the potential target tract and the offender's tract of residence changes from 0 (completely similar) to 1 (completely dissimilar), the odds that the tract is chosen for robbery decrease by a factor of .42 (58 percent).""
  - ""For gang territorial dissimilarity, which is the other social barrier, the decrease is .50 (50 percent).""
  - ""The results provide some support for the hypothesis that the level of collective efficacy in a tract reduces its attraction to robbers, although the effect is small and is the only one not to reach the 1 percent significance level.""
  - ""For non-Hispanic white offenders, which comprise only 5.9 percent of the sample, the results point in the same direction, although they are not all significant.""",,"- The paper provides several effect sizes in terms of odds ratios for various independent variables.
- The distance from the offender's home to the crime location has a negative effect, with an increase in log distance reducing the odds of a tract being chosen by a factor of 0.21 (nearly 80% reduction).
- The size of the resident tract population has a positive effect, with a 17% increase in odds for every additional 1,000 residents.
- Racial and ethnic dissimilarity between tracts reduces the odds of a tract being chosen by a factor of 0.42 (58% reduction).
- Gang territorial dissimilarity reduces the odds by a factor of 0.50 (50% reduction).
- Collective efficacy has a small effect, but it does not reach statistical significance.
- Specific racial and ethnic groups have different preferences for robbery locations, with odds ratios provided for each group.","  - ""All models were estimated using the clogit procedure that is part of the general-purpose statistical software Stata (StataCorp, 2005).""",,"- The paper explicitly mentions the use of Stata for data analysis, specifically referencing the ""clogit procedure"" which is a part of Stata.
- The mention of ""StataCorp, 2005"" suggests that the version of Stata used was likely from 2005, although the exact version number is not provided.","  - ""Although smaller units of analysis minimize within-unit heterogeneity, the census tract was chosen as the spatial unit of analysis because it was the lowest level of aggregation for which the ""collective efficacy"" measure was available and because computationally the use of the resource-intensive discrete choice model with smaller spatial units of analysis would have required a drastic reduction in sample size.""
  - ""In line with many other studies of spatial choice (Block and Block, 1995;Boggs, 1965;Velez, 2001), we use the census tract as our unit of analysis of location choice.""
  - ""Furthermore, our reading of the empirical literature that addresses the modifiable area unit problem in the context of crime (e.g., Hipp, 2007; Wooldredge, 2002) is that effects tend to be fairly robust across geographic levels of aggregation.""
  - ""Finally, there is also an empirical aspect to the question of the appropriate unit of analysis. No less than 73 percent of the Chicago robberies were committed outside the census tract in which the offender lived.""",,"- The authors justify their choice of the census tract as the spatial unit of analysis by mentioning that it is the lowest level of aggregation for which the collective efficacy measure is available. This suggests a practical consideration rather than a direct discussion of MAUP.
- They acknowledge that smaller units of analysis would reduce within-unit heterogeneity but note that using such units would require a significant reduction in sample size due to computational constraints. This implies a trade-off between precision and data availability.
- The authors mention that effects tend to be robust across different geographic levels of aggregation, which is a common finding in studies addressing MAUP. This suggests that they are aware of MAUP but do not see it as a significant issue in their study.
- The mention of 73% of robberies occurring outside the offender's home census tract indicates that the choice of census tract does not overly restrict the analysis to very local areas, but this does not directly address MAUP.","  - ""In the spatial choice model, the spatial unit of analysis applies to the definition of what it is that offenders choose when they decide where to offend. In line with many other studies of spatial choice (Block and Block, 1995;Boggs, 1965;Velez, 2001), we use the census tract as our unit of analysis of location choice.""
  - ""Although smaller units of analysis minimize within-unit heterogeneity, the census tract was chosen as the spatial unit of analysis because it was the lowest level of aggregation for which the ""collective efficacy"" measure was available and because computationally the use of the resource-intensive discrete choice model with smaller spatial units of analysis would have required a drastic reduction in sample size.""
  - ""In future work, it might be advisable to use smaller units of spatial aggregation. Using census tracts, 28 percent of the offenders committed a robbery in their home census tract. Thus, for 28 percent of them, where they live completely explains where they offend. In those as well as other cases, a more refined spatial scale, block groups, or blocks may yield improved insights because more within-tract heterogeneity and withintract distances are incorporated.""
  - ""In the current article, we demonstrated that patterns of robbery location choice are related to the theoretically meaningful characteristics of the target areas, to the areas where offenders live, to the joint characteristics of the two areas, and to the characteristics of the offenders themselves.""",,"- The study primarily uses census tracts as the spatial unit of analysis for modeling robbery location choice.
- The choice of census tracts was due to the availability of collective efficacy measures and computational constraints that would have limited the sample size with smaller units.
- The paper suggests that using smaller units like block groups or blocks could provide more detailed insights, especially since a significant portion of offenders commit crimes within their home census tract.
- However, the study does not conduct a sensitivity analysis by comparing results across different spatial scales within the paper itself. It only suggests future work could explore smaller units.","  - ""In future work, it might be advisable to use smaller units of spatial aggregation. Using census tracts, 28 percent of the offenders committed a robbery in their home census tract. Thus, for 28 percent of them, where they live completely explains where they offend. In those as well as other cases, a more refined spatial scale, block groups, or blocks may yield improved insights because more within-tract heterogeneity and withintract distances are incorporated.""",,"- The authors suggest that using smaller units of spatial aggregation could be beneficial for future research. This implies that they are recommending a change in the spatial unit size used in their study.
- They mention that using census tracts resulted in 28% of offenders committing crimes in their home census tract, which suggests that a larger spatial unit may not capture detailed variations within those areas.
- The authors propose using ""block groups, or blocks"" as alternative spatial units. These are smaller than census tracts and could provide more detailed insights into within-tract heterogeneity and distances.
- This recommendation is aimed at improving the spatial analysis by capturing more nuanced patterns and variations that might be obscured by larger spatial units."
Relative Difference and Burglary Location: Can Ecological Characteristics of a Burglar's Home Neighborhood Predict Offense Location?,"Alyssa W Chamberlain, Lyndsay N Boggess",-,-,,30,2016,"- Percentage of Black residents: e^b = 1.003 (3% increase in odds for a 10% increase)
- Concentrated disadvantage: e^b = 1.184
- Residential stability: e^b = 1.261
- Ethnic heterogeneity: e^b = 1.010
- Distance from home: e^b = 0.659
- Distance squared: e^b = 1.027
- Difference in Black population: e^b = 0.996 (4% decrease in odds for a 10% difference)
- Difference in concentrated disadvantage: e^b = 0.866
- Difference in residential stability: e^b = 1.178 (18% increase in odds for a 10% difference)
- Interactions between home and target racial/ethnic composition: significant and positive",Stata 14.0,"No MAUP discussion present. The authors discuss their choice of spatial unit, opting for block groups to minimize heterogeneity and ensure data availability, which implies consideration of scale effects and aggregation bias, but they do not explicitly address MAUP or ecological fallacy.",No sensitivity analysis performed.,Not mentioned (the paper does not propose future suggestions or improvements regarding spatial unit size or spatial unit of analysis),"  - ""First, we find that neighborhood characteristics consistent with a social disorganization perspective predict which neighborhoods are more likely to be targeted for burglary. Targeted neighborhoods tend to have a larger Black population (b ¼ .003, e b ¼ 1.003, p < .001): a 10 percent increase in the percentage of Black residents increases the odds of a neighborhood being targeted by 3.0 percent.""
  - ""We also find that suspects are more likely to target neighborhoods that are high in disadvantage (b ¼ .169, e b ¼ 1.184, p < .001) and low in factors associated with social cohesion: residential stability (b ¼ À.232, e b ¼ 1.261, p < .001) and ethnic heterogeneity (b ¼ .010, e b ¼ 1.010, p < .001).""
  - ""The likelihood of a suspect selecting a particular neighborhood is inversely related to distance from his home (b ¼ À.417, e b ¼ 0.659, p < .001). However, we also find that distance squared is significant and positive (b ¼ .027, e b ¼ 1.027, p < .001).""
  - ""Compared to where offenders live, neighborhoods that have a different percentage of Black or percentage of Latino residents, ethnic heterogeneity, concentrated disadvantage, or percentage of occupied housing are less likely to be targeted for burglary regardless of whether those differences are positive or negative. A 10 percent difference in the Black population compared to the suspect's home neighborhood reduces the likelihood that a neighborhood will be targeted for burglary by close to 4.0 percent (b ¼ À.0038, e b ¼ 0.996, p < .001).""
  - ""there is some evidence that offenders are more likely to target neighborhoods that are different in residential stability: a 10 percent difference in residential stability in the suspect's home neighborhood relative to the target neighborhood increases the likelihood of burglary by nearly 18 percent (b ¼ .164, e b ¼ 1.178, p < .001).""
  - ""the interactions between home and target racial/ethnic composition are significant and positive for both the percentage of Black population and the percentage of Latino residents.""
  - ""the odds that a suspect from a neighborhood with average disadvantage selects a target that is highly disadvantaged are far greater than his odds of targeting a similar or lower disadvantaged neighborhood.""
  - ""the odds a neighborhood with high levels of racial/ethnic heterogeneity will be targeted are greater regardless of the level of heterogeneity in the suspect's home area.""",,"- The paper provides odds ratios (e^b) for various independent variables, which are measures of effect size.
- For the percentage of Black residents, a 10% increase is associated with a 3% increase in the odds of targeting a neighborhood (e^b = 1.003).
- For concentrated disadvantage, a higher level is associated with increased odds of targeting (e^b = 1.184).
- For residential stability, lower levels are associated with increased odds of targeting (e^b = 1.261).
- For ethnic heterogeneity, a higher level is associated with increased odds of targeting (e^b = 1.010).
- Distance from home is inversely related to targeting likelihood (e^b = 0.659), but distance squared has a positive effect (e^b = 1.027).
- Differences in Black population and concentrated disadvantage between home and target neighborhoods reduce targeting likelihood (e^b = 0.996 and e^b = 0.866, respectively).
- Differences in residential stability increase targeting likelihood (e^b = 1.178).
- Interactions between home and target racial/ethnic composition are significant and positive.","  - ""All analyses are run in Stata 14.0.""
  - ""We utilize discrete choice modeling on all arrests for burglaries in the City of Tampa, Florida, from January 2000 through September 2012.""",,"- The paper mentions the use of ""discrete choice modeling,"" which is a statistical technique often used in criminology to analyze choices made by individuals, such as burglars.
- The specific software used for the data analysis is explicitly mentioned as ""Stata 14.0."" This indicates that Stata was the primary statistical software used for the analysis.
- Stata is a widely used statistical software package for data manipulation, statistical analysis, and data visualization.","  - ""Recent scholarship also relies on block groups, census tracts, or their equivalent (e.g., Bernasco and Block 2009;Johnson and Summers 2015;Lammers et al. 2015;Townsley et al. 2015).""
  - ""Recent journey to crime research (e.g., Bernasco 2010a; Bernasco et al. 2013;Bernasco and Block 2011) has relied on smaller units of analysis (e.g., blocks) in order to assess criminogenic nodes, hot spots, or spillover effects. However, our research has a different objective which emphasizes the importance of geographic context. Therefore, we rely on block groups as our unit of analysis in order to account for social and demographic characteristics of neighborhoods that likely influence target selection and are not available at the block level.""
  - ""We rely on block groups in order to minimize within neighborhood heterogeneity while also ensuring that there is neighborhood contextual data available.""",,"- The authors discuss their choice of spatial unit, opting for block groups over smaller units like blocks. This decision is made to minimize within-neighborhood heterogeneity and to ensure availability of contextual data.
- The authors justify their choice by contrasting it with other studies that use smaller units for different objectives, such as identifying hot spots. This suggests a consideration of scale effects in choosing the appropriate unit of analysis.
- The mention of using block groups to account for social and demographic characteristics implies an awareness of aggregation bias, as they aim to capture neighborhood-level characteristics that might not be available at smaller scales.
- The authors do not explicitly mention the Modifiable Areal Unit Problem (MAUP) or ecological fallacy, nor do they discuss spatial autocorrelation issues. However, their justification for choosing block groups suggests an implicit consideration of these issues in terms of scale and aggregation.","  - ""Recent journey to crime research (e.g., Bernasco 2010a; Bernasco et al. 2013;Bernasco and Block 2011) has relied on smaller units of analysis (e.g., blocks) in order to assess criminogenic nodes, hot spots, or spillover effects. However, our research has a different objective which emphasizes the importance of geographic context. Therefore, we rely on block groups as our unit of analysis in order to account for social and demographic characteristics of neighborhoods that likely influence target selection and are not available at the block level.""
  - ""Recent scholarship also relies on block groups, census tracts, or their equivalent (e.g., Bernasco and Block 2009;Johnson and Summers 2015;Lammers et al. 2015;Townsley et al. 2015).""
  - ""We rely on block groups in order to minimize within neighborhood heterogeneity while also ensuring that there is neighborhood contextual data available.""",,"- The paper explicitly states that the study used block groups as the unit of analysis to minimize within-neighborhood heterogeneity and to account for social and demographic characteristics.
- The authors mention that other research has used smaller units like blocks, but they chose block groups for their specific objectives.
- There is no mention of conducting a sensitivity analysis using different spatial unit sizes or scales. The paper does not compare results across different spatial scales or discuss methodological approaches for such an analysis.
- The focus is on the use of block groups as the chosen unit of analysis, with no indication of testing or comparing results with other spatial units.","  - ""Recent journey to crime research (e.g., Bernasco 2010a; Bernasco et al. 2013;Bernasco and Block 2011) has relied on smaller units of analysis (e.g., blocks) in order to assess criminogenic nodes, hot spots, or spillover effects. However, our research has a different objective which emphasizes the importance of geographic context. Therefore, we rely on block groups as our unit of analysis in order to account for social and demographic characteristics of neighborhoods that likely influence target selection and are not available at the block level.""
  - ""While substantial research has examined how target availability might trigger offending on the part of a motivated offender, less research has concentrated on how the neighborhood context within which an offender lives might condition which neighborhoods are targeted for crime.""
  - ""Recent scholarship also relies on block groups, census tracts, or their equivalent (e.g., Bernasco and Block 2009;Johnson and Summers 2015;Lammers et al. 2015;Townsley et al. 2015).""
  - ""Ultimately, an offender's home neighborhood plays a greater role in determining target location than proximity alone: neighborhood characteristics are important for determining crime location, but they work in tandem with an offender's home neighborhood characteristics to predict where burglars will offend.""",,"- The authors discuss the use of different spatial units in journey to crime research, mentioning that some studies use smaller units like blocks, while others use larger units like block groups or census tracts.
- They justify their choice of block groups as the unit of analysis by emphasizing the importance of geographic context and the availability of social and demographic data at this level.
- The paper does not explicitly propose future suggestions or improvements regarding spatial unit size or spatial unit of analysis. Instead, it explains the rationale behind their choice of block groups.
- The focus of the paper is on understanding how neighborhood characteristics influence target selection, rather than on methodological improvements related to spatial boundaries."
Crime Feeds on Legal Activities: Daily Mobility Flows Help to Explain Thieves' Target Location Choices,"Guangwen Song, Wim Bernasco, Lin Liu, Luzi Xiao, Suhong Zhou, Weiwei Liao",-,-,-,-,-,"- Subway stations: OR = 57.0%
- Cinemas: OR = 15.4%
- Hospitals: OR = 13.5%
- Proportion of non-locals: OR = 19.8%
- Distance: Strong positive effect, no specific OR value provided
- Mobility flows: Significant increase in odds, no specific OR value provided",Not mentioned (the paper does not specify the software used for data analysis),"The authors discuss the choice of census units as their spatial unit of analysis, justifying it by their similarity in size to other studies and their homogeneity. They also mention that using census units avoids the need to estimate spillover effects, which is related to MAUP. However, they do not explicitly address scale effects, aggregation bias, or spatial autocorrelation issues in detail.",No sensitivity analysis performed.,"- Incorporate temporal variation in crime and population mobility to better test opportunity theories.
- Explore differences between co-offending and single offending.
- Study other types of crimes to see how population mobility affects their spatial behavior.","  - ""The estimated coefficients are most easily interpreted when they are transformed into odds ratios (ORs). ORs with values between 0 and 1 indicate negative effects: a one-unit increase in the independent variable (e.g. number of bus stops) decreases the odds of victimization by a factor equal to the OR. OR values above 1 represent positive effects: a oneunit increase in the independent variable increases the odds by a factor equal to the OR.""
  - ""Subway stations, cinemas and hospitals are large-scale facilities and also seem to have the largest effects: with one more subway station, cinema or hospital in the census unit, the odds of being chosen increases by 57.0, 15.4 and 13.5% respectively.""
  - ""In terms of effect size, the other facilities (basic stores, restaurants, bars and bus stops) are less influential, which must be related to their smaller scales.""
  - ""A one-unit increase in the proportion of non-locals in the census units (being the difference between nobody being non-local and everybody being nonlocal) increases the odds of the unit being targeted by 19.8%.""
  - ""Proximity (the logarithm of distance) has a very strong positive effect on the offender's choice of a target area: the closer to the offender's home, the more likely a census unit is to be chosen as a crime site.""
  - ""the odds that an offender selects a census unit as a crime location significantly increases with the strength of mobility between this census unit and his or her own census unit.""
  - ""The inclusion of population mobility flow hardly affects the values and significance levels of the other estimates, as they are similar in Models 1 and 2.""
  - ""The main changes are that the effects of the presence of markets, cinemas and the proportion of nonlocals are smaller and lose significance in Model 2.""",,"- The paper provides odds ratios (ORs) as effect sizes for various independent variables.
- For Model 1, specific ORs are given for certain facilities: subway stations (57.0%), cinemas (15.4%), hospitals (13.5%), and the proportion of non-locals (19.8%).
- The paper also mentions that proximity (distance) has a strong positive effect, but does not provide a specific OR value for it.
- The inclusion of mobility flows in Model 2 affects the significance and values of some estimates, but specific ORs for mobility flows are not provided.
- The paper does not mention other types of effect sizes such as hazard ratios, incidence rate ratios, Cohen's d, or standardized coefficients.","  - ""The present study aims to test this key assumption of opportunity theories. To do so, it puts front stage the daily mobility flows of the urban population as measured by the tracks of mobile phones and assesses whether these mobility flows help predict where individual thieves commit crimes.""
  - ""The data for the present research originates from ZG City,1 a city located in southeast China.""
  - ""The data of the locations of mobile phone users in this research was provided by a major mobile phone service provider in China that has a market share of 22.5% (Chong et al. 2015).""
  - ""In the models, to account for the fact that the distributions of both distance and relative mobility are positively skewed, their logarithms are taken (after adding a value of 1 to the relative mobility to prevent taking the undefined logarithm of 0).""
  - ""Following the large majority of previous location choice studies, we used the conditional logit model to analyze the role of distance, crime generators and daily population mobility in the offenders' choice of locations for committing TFP.""
  - ""The conditional logit model is easy to estimate and consistent with random utility maximization theory (McFadden 1973).""
  - ""In presenting our results, we include the estimated coefficients expressed as odds ratios (i.e., transformed into e β ), the corresponding z-value and an indicator of the level of statistical significance of the coefficients.""",,"- The paper discusses the use of mobile phone data to measure daily mobility flows, which suggests that some form of data analysis software was used to process and analyze this data.
- The mention of using a ""conditional logit model"" indicates that a statistical software capable of running such models was used.
- The paper does not explicitly mention any specific software or programming tools used for the data analysis.
- The use of terms like ""conditional logit model"" and ""odds ratios"" suggests that a statistical software package was likely used, but the specific software is not named in the paper.","  - ""The census unit was chosen as the spatial unit of analysis because census units have a size similar to those in comparable studies (Bernasco and Block 2009;Clare et al. 2009;Menting et al. 2016), because census units are approximately equally sized, and because in the study area they are relatively homogenous in terms of population composition.""
  - ""Using census units as spatial units of analysis implies that we aggregate numbers of crime generators to the census unit level, and thus sum the numbers of schools, restaurants, bus stops and other facilities per census unit.""
  - ""In addition, a practical advantage is that the use of census units does not force us to estimate spillover effects (effects of attributes of nearby units on crime in a focal unit) which is a requirement if small units of analysis are used, such as census blocks or street blocks (Bernasco et al. 2013;Groff and Lockwood 2014).""",,"- The authors justify their choice of census units as the spatial unit of analysis by mentioning that these units are similar in size to those used in comparable studies, which suggests a consideration of scale effects.
- They highlight that census units are approximately equally sized and relatively homogeneous in terms of population composition, which addresses aggregation bias by ensuring that the units are consistent and representative.
- The authors mention that using census units avoids the need to estimate spillover effects, which is a common issue in spatial analysis related to MAUP. This indicates an awareness of spatial autocorrelation issues.
- The aggregation of crime generators to the census unit level is noted, which is a common practice in spatial analysis but can lead to ecological fallacy if not properly addressed. However, the authors do not explicitly discuss the potential for ecological fallacy or how they mitigate it.","  - ""The study area comprises 1891 census units in total, of which 275 are not included in the analysis because the lack mobility data due to limited coverage of the GSM mobile phone network, leaving 1616 census units in the analysis.""
  - ""the use of census units does not force us to estimate spillover effects (effects of attributes of nearby units on crime in a focal unit) which is a requirement if small units of analysis are used, such as census blocks or street blocks (Bernasco et al. 2013;Groff and Lockwood 2014).""
  - ""The census unit was chosen as the spatial unit of analysis because census units have a size similar to those in comparable studies (Bernasco and Block 2009;Clare et al. 2009;Menting et al. 2016), because census units are approximately equally sized, and because in the study area they are relatively homogenous in terms of population composition.""
  - ""The size of census units is 1.62 km 2 on average (standard error 2.99 km 2 , minimum 0.02 km 2 , maximum 31.30 km 2""",,"- The paper specifies that the spatial unit of analysis chosen was the census unit, which is similar in size to those used in comparable studies. This suggests a deliberate choice based on existing research standards.
- The average size of the census units is provided as 1.62 km^2, with a range from 0.02 km^2 to 31.30 km^2. This indicates a variation in size but does not suggest a sensitivity analysis across different spatial scales.
- The study area consists of 1891 census units, with 1616 included in the analysis. This does not imply a comparison across different spatial scales but rather a selection based on data availability.
- The paper mentions that using census units avoids the need to estimate spillover effects, which would be necessary with smaller units like census blocks or street blocks. This suggests a methodological choice rather than a sensitivity analysis.
- There is no mention of conducting a sensitivity analysis using different spatial unit sizes or scales. The focus is on the chosen census unit size and its justification based on existing literature and practical considerations.","  - ""The census unit was chosen as the spatial unit of analysis because census units have a size similar to those in comparable studies (Bernasco and Block 2009;Clare et al. 2009;Menting et al. 2016), because census units are approximately equally sized, and because in the study area they are relatively homogenous in terms of population composition.""
  - ""The size of census units is 1.62 km 2 on average (standard error 2.99 km 2 , minimum 0.02 km 2 , maximum 31.30 km 2""
  - ""The study area comprises 1891 census units in total, of which 275 are not included in the analysis because the lack mobility data due to limited coverage of the GSM mobile phone network, leaving 1616 census units in the analysis.""
  - ""In the section on mobile phone data, we explain why we use census units to locate the cell towers.""
  - ""the use of census units does not force us to estimate spillover effects (effects of attributes of nearby units on crime in a focal unit) which is a requirement if small units of analysis are used, such as census blocks or street blocks (Bernasco et al. 2013;Groff and Lockwood 2014).""
  - ""As any study, ours is limited in various ways, and some caveats must be made. First, our analysis ignores temporal variation. We did not include the timing of thefts from the person or the timing of population mobility flows. Neither did we take into account variation in opening hours of facilities during the day. In future work, the inclusion of temporal variation in both crime and population mobility will provide a better testbed for opportunity theories, because it allows researchers not only to verify that crimes are more likely to happen at certain time of the day, but also to test whether location choices of theft from the person are driven by the same choice criteria in the morning as in the evening (van Sleeuwen et al. 2018).""
  - ""In future work, the inclusion of temporal variation in both crime and population mobility will provide a better testbed for opportunity theories, because it allows researchers not only to verify that crimes are more likely to happen at certain time of the day, but also to test whether location choices of theft from the person are driven by the same choice criteria in the morning as in the evening (van Sleeuwen et al. 2018).""
  - ""Second, we did not explore any differences between co-offending and single offending. The members of co-offending groups were excluded from the analysis, as they may live in different communities, and therefore their spatial decisions are much more complex than those of solitary offenders (see Lammers 2017).""
  - ""Third, only the data of 4G users of one mobile phone network provider is available in our research. Although the 4G network is very popular in China, the sample of users whose phones were tracked may not be fully representative of the population of ZG City.""
  - ""Fourth, only theft from the person was studied here. This is a 'street' crime characterized by a low rate of reporting to the police (Zhang et al. 2007a) . To what extent population mobility flows impact the spatial behavior of those who commit other types of crimes, including crimes against static targets, such as burglary, remains an open question.""",,"- The paper discusses the use of census units as the spatial unit of analysis, which is justified by their size and homogeneity in population composition.
- The authors mention that using census units avoids the need to estimate spillover effects, which would be necessary with smaller units like census blocks or street blocks.
- The paper does not explicitly suggest alternative spatial units or scales of analysis but highlights limitations related to temporal variation and the focus on a single type of crime.
- Future suggestions include incorporating temporal variation in crime and population mobility to better test opportunity theories and exploring differences between co-offending and single offending.
- The authors also suggest studying other types of crimes to see how population mobility affects their spatial behavior."
"""Location, Location, Location"": Effects of Neighborhood and House Attributes on Burglars' Target Selection","Christophe Vandeviver, Wim Bernasco",-,-,-,-,-,"- Residential density: Odds ratio = 0.9 (10% decrease for every additional 1000 residences per square kilometer)
- Prior burglary activity: Odds ratio = 19 (19 times more likely to target a residence in a previously burglarized neighborhood)
- Detached residences: Odds ratio = 1.35 (35% greater likelihood compared to terraced residences)
- Single-unit buildings: Odds ratio = 1.42 (42% higher likelihood compared to multi-unit buildings)
- Renter-occupied residences: Odds ratio = 2.01 (101% greater likelihood compared to owner-occupied residences)
- Distance from offender's home: Odds ratio = 0.45 (55% decrease for every kilometer further away)
- Interaction effects:
  - Distance and neighborhood median income: Odds ratio ranges from 0.37 to 0.64 and from 0.92 to 1.27",Not mentioned (the paper does not specify the software used for data analysis),No MAUP discussion present.,No sensitivity analysis performed.,"- Future research should explore repeated victimization by examining if burglars return to the same residences they previously targeted.
- Investigate short-distance spatial spillover mechanisms to analyze how the attributes of one residence affect nearby residences.
- Consider both residence-level and neighborhood-level attributes in future research for a multi-scale approach.
- Inform effective prevention strategies by considering how spatial units and scales can impact crime prevention and policy.
- Further research into optimal spatial units and scales for understanding offender spatial decision-making.","  - ""The odds of a burglar selecting a residence in a neighborhood where they committed a burglary in the past 6 months are 19 times greater than the odds of selecting a residence in another neighborhood.""
  - ""Detached residences had 35% greater odds of being burglarized than terraced residences.""
  - ""residences in single-unit buildings have a 42% higher odds of target selection than residences in a building with three or more residential units.""
  - ""Renteroccupied residence have 101% greater odds of being selected than owner-occupied residences.""
  - ""the odds of a residence being burglarized decrease by 55% for every kilometer a residence is further away from the offender's home.""
  - ""the interaction between both variables is statistically significant.9""
  - ""the odds ratio effect of median income varies between a slightly negative .92 (at distance of 0 km) and a positive 1.27 (at distance of approximately 12 km).""",,"- The paper provides several effect sizes in terms of odds ratios for various independent variables.
- The odds ratio for residential density is 0.9, indicating a 10% decrease in the odds of a residence being burglarized for every additional 1000 residences per square kilometer.
- The odds ratio for prior burglary activity is 19, indicating that burglars are 19 times more likely to target a residence in a neighborhood where they previously committed a burglary.
- The odds ratio for detached residences compared to terraced residences is 1.35, indicating a 35% greater likelihood of being burglarized.
- The odds ratio for single-unit buildings compared to multi-unit buildings is 1.42, indicating a 42% higher likelihood of being targeted.
- The odds ratio for renter-occupied residences compared to owner-occupied residences is 2.01, indicating a 101% greater likelihood of being targeted.
- The odds ratio for distance from the offender's home is 0.45, indicating a 55% decrease in the odds of a residence being burglarized for every kilometer further away.
- The paper also discusses interaction effects, particularly between distance and neighborhood median income, with odds ratios ranging from 0.37 to 0.64 and from 0.92 to 1.27, respectively.","  - ""The nested logit model is a more flexible discrete choice model that does not assume independence of alternatives within the same group of alternatives.""
  - ""We considered using the nested logit model (Ben-Akiva and Lerman 1985) instead of the conditional logit model.""
  - ""we use the conditional logit model.""",,"- The paper explicitly mentions the use of the ""conditional logit model"" for data analysis, which is a statistical model used in discrete choice analysis.
- The mention of considering the ""nested logit model"" suggests that this was an alternative considered, but not ultimately used.
- The conditional logit model is a common tool in econometrics and statistics, often implemented in software packages like R or Stata, but the specific software used is not mentioned in the paper.
- The paper does not specify any particular software or programming tool used for implementing these models, so we cannot determine the exact software used.","  - ""The neighborhoods in this study are similarly constructed to the areas used in most previous discrete spatial choice studies and are comparable or smaller in size (e.g., Lammers et al. 2015;Menting et al. 2016). On average, the 193 residential neighborhoods have a population of 1287 residents (standard deviation [sd] = 1299), 717 residences (sd = 785) and cover an area of 0.79 (sd = 1.00) square kilometers.""",,"- The paper mentions the size and characteristics of the neighborhoods used in the study, which are similar to those in other studies. This suggests a consideration of spatial units but does not explicitly address the Modifiable Areal Unit Problem (MAUP) or ecological fallacy.
- There is no discussion about scale effects, aggregation bias, or spatial autocorrelation issues related to the selection of spatial units.
- The paper does not mention any concerns or discussions about MAUP or ecological fallacy, which are common issues in spatial analysis related to the choice of spatial units.","  - ""The analysis of burglary target choice should thus preferably define 'residence' as its main unit of analysis (Bernasco 2010a; Vandeviver et al. 2015a""
  - ""Our study opens up at least two avenues for future research. First, given the well-corroborated finding that burglary risk of a residence is heightened in the wake of a previous burglary (Ellingworth et al. 1995;Farrell and Pease 2001;Polvi et al. 1991), repeated victimization could be reflected in repeated targeting of the same residence by the same offenders.""
  - ""Our results offer support for theoretical accounts of burglary target selection that characterize it as being informed both by attributes of individual properties and attributes of the environment as well as combinations thereof.""
  - ""The integrated main effects and the interaction effects models are most relevant for our argument. They also most closely correspond with the rational choice perspective's conceptualization of burglary target selection as a dual-level spatial decision-making model.""
  - ""The Census subdivides Ghent in geographical entities called 'statistical districts', of which 193 have a residential function. Throughout this paper we refer to these entities as 'neighborhoods'. The neighborhoods in this study are similarly constructed to the areas used in most previous discrete spatial choice studies and are comparable or smaller in size (e.g., Lammers et al. 2015;Menting et al. 2016).""",,"- The study primarily uses ""statistical districts"" as the spatial unit for neighborhood-level analysis, which are comparable or smaller in size to those used in previous studies. This suggests a consistent spatial scale for neighborhood-level analysis.
- The study focuses on individual residences as the main unit of analysis for target selection, indicating a focus on a finer spatial scale for residence-level attributes.
- The study integrates neighborhood and residence attributes into a single model, suggesting a dual-level spatial decision-making approach but does not explicitly mention varying spatial unit sizes or scales as part of a sensitivity analysis.
- The paper does not mention any specific sensitivity analysis conducted using different spatial unit sizes or scales. It does not compare results across different spatial scales or discuss methodological approaches for such an analysis.
- The study's focus is on the combined effect of neighborhood and residence attributes rather than on varying spatial scales, and it does not provide any detailed descriptions of sensitivity analyses related to spatial scales.","  - ""Our study opens up at least two avenues for future research. First, given the well-corroborated finding that burglary risk of a residence is heightened in the wake of a previous burglary (Ellingworth et al. 1995;Farrell and Pease 2001;Polvi et al. 1991), repeated victimization could be reflected in repeated targeting of the same residence by the same offenders.""
  - ""Second, future research could consider short-distance spatial spillover mechanisms in greater detail. Spatial spillover occurs if the attributes of a residence affect the likelihood that nearby residences are being burglarized.""
  - ""In discussing the suggestions for future research, we have also touched upon the implications of our study results for crime prevention practice and crime control policy.""
  - ""Our findings show that detached residences, rented residences, and properties nearby the homes of burglars have an elevated risk of being targeted, and that the same holds true for low residential-density neighborhoods and neighborhoods recently targeted by burglars.""
  - ""Our results carry implications for theory and research on offender spatial decision-making. In particular, the results of our study are important for how we should think about burglary target selection and, more generally, offender spatial decision-making.""
  - ""Our study opens up at least two avenues for future research.""",,"- The authors suggest future research should explore repeated victimization by examining if burglars return to the same residences they previously targeted, which implies a need for a more detailed analysis of spatial units at the individual residence level.
- They propose investigating short-distance spatial spillover mechanisms, which involves analyzing how the attributes of one residence affect nearby residences, indicating a need for a finer spatial scale.
- The authors highlight the importance of considering both residence-level and neighborhood-level attributes in future research, suggesting a need for a multi-scale approach.
- The discussion on implications for crime prevention and policy suggests that future research should consider how spatial units and scales can inform effective prevention strategies.
- The authors emphasize the importance of understanding offender spatial decision-making, which implies a need for further research into optimal spatial units and scales for analysis."
"EFFECTS OF ATTRACTIVENESS, OPPORTUNITY AND ACCESSIBILITY TO BURGLARS ON RESIDENTIAL BURGLARY RATES OF URBAN NEIGHBORHOODS","Wim Bernasco, Floor Luykx",-,-,,197,2003,"- Model 1: 60% of variation in burglary rates explained by proximity to burglars (SWEBER measure)
- Model 2: Significant shared variance between proximity to burglars and proximity to CBD
- Model 3: 84% of variation in burglary rates explained by all variables
- Standardized effect of proximity to burglars' homes is larger than any other variable in Model 3",Not mentioned (the paper does not specify the software used for data analysis),"- The authors discuss spatial autocorrelation and its control, using the Moran's I statistic to test for spatial dependence.
- They address potential spatial dependence issues by showing that residuals do not display significant autocorrelation after controlling for spatial variables.
- The paper mentions spatial truncation at city boundaries, which relates to scale effects and potential aggregation bias.
- The use of spatially weighted measures like SWEBER aims to mitigate aggregation bias by incorporating spatial dynamics.",No sensitivity analysis performed.,The authors suggest adapting the SWEBER measure to use alternative distance functions and consider urban landscape features. They also note the limitation of spatial truncation at city boundaries and suggest considering broader spatial units to account for burglars living outside the city.,"  - ""Model 3 explains 84% of the variation in burglary rates across neighborhoods.""
  - ""The results of our analysis emphasize that the spatial distribution of burglary is to a considerable extent spatially conditioned by two measures of accessibility: proximity to the homes of burglars and proximity to the CBD.""
  - ""In fact, in our final model 3 the (standardized) effect of one of the two, the proximity to burglars' homes, is larger than the effect of any of the other variables.""
  - ""In model 2, proximity to the central business district is added, and the resulting model is a model that incorporates the two variables that are assumed to completely represent the neighborhood's accessibility to residential burglars. Comparison with the estimates of model 1 shows that that a considerable part of the explained variance is shared by both variables.""
  - ""In model 3, we add the two pairs of variables that indicate affluence and lack of territoriality respectively. Because model 3 contains all variables, the estimates in model 3 form the basis for evaluating our substantive hypotheses. Clearly, the model provides strong support for all six hypotheses, as each of them is confirmed in terms of direction and statistical significance of the estimated parameters.""",,"- The paper provides information on the explained variance by different models, which can be interpreted as effect sizes in terms of how much of the variation in burglary rates is explained by the independent variables.
- Model 1 explains 60% of the variation in burglary rates with the SWEBER measure alone, indicating a significant effect size for proximity to burglars.
- Model 2 adds proximity to the central business district, and together these variables explain a significant portion of the variance, although the exact percentage is not specified.
- Model 3, which includes all variables, explains 84% of the variation, indicating a strong overall effect size for the combination of attractiveness, opportunity, and accessibility.
- The paper mentions that the standardized effect of proximity to burglars' homes is larger than any other variable in Model 3, suggesting a substantial effect size for this variable.
- However, the paper does not provide specific odds ratios, hazard ratios, incidence rate ratios, Cohen's d, or standardized coefficients for each independent variable, which are typically used to quantify effect sizes.","  - ""The strength of the accessibility-to-burglars measure that we propose in the Data and Methods section, is that it is based on the first law of geography, which asserts that ""everything is related to everything else, but near things are more related than distant things"" (Tobler, 1970: 236)""
  - ""The measure also takes into account that the mobility of burglars is limited (i.e. near targets are more accessible than distant targets).""
  - ""The Moran's I statistic, measuring residual spatial autocorrelation, is highly significant, signaling that burglary rates tend to cluster spatially after the effect of SWEBER is controlled for.""
  - ""To calculate the Moran's I statistic, a 89 by 89 ""weight matrix"" of contiguities between pairs of neighborhoods is used to represent spatial structure.""
  - ""We report the statistics based on a calculation that uses a weight matrix based on the queens criterion (to be contiguous, two neighborhoods must share a border or a single point).""
  - ""There are two approaches to control for spatial dependence (Anselin, 1988;Anselin et a]., 2000). The first approach is to diagnostically test whether the residuals of the regression model display spatial autocorrelation.""",,"- The paper discusses the use of spatial analysis and the calculation of Moran's I statistic, which is a common measure for spatial autocorrelation. This suggests the use of software capable of spatial analysis.
- The mention of Tobler's first law of geography and the use of spatial weights indicates a focus on spatial analysis, which is often performed using GIS software or spatial analysis tools.
- The paper does not explicitly mention any specific software or programming tools used for the data analysis. However, the methods described are typical of those used in GIS software or spatial analysis packages.
- The use of Moran's I statistic and spatial weights suggests that software like ArcGIS or QGIS might have been used, as these are common platforms for spatial analysis. However, without explicit mention, it's difficult to confirm.","  - ""The strength of the accessibility-to-burglars measure that we propose in the Data and Methods section, is that it is based on the first law of geography, which asserts that ""everything is related to everything else, but near things are more related than distant things"" (Tobler, 1970: 236)""
  - ""The measure also takes into account that the mobility of burglars is limited (i.e. near targets are more accessible than distant targets).""
  - ""The Moran's I statistic, measuring residual spatial autocorrelation, is highly significant, signaling that burglary rates tend to cluster spatially after the effect of SWEBER is controlled for.""
  - ""The residuals of model 2 do not display any spatial dependence, as the non-significant value of the Moran's I statistic shows.""
  - ""There are two approaches to control for spatial dependence (Anselin, 1988;Anselin et a]., 2000). The first approach is to diagnostically test whether the residuals of the regression model display spatial autocorrelation.""
  - ""Because we did not have a priori reasons to assume spatial dependence other than the dependence that is already accounted for by the spatial variables in the model (the SWEBER measure, and proximity to the CBD), we utilized the first approach.""
  - ""The results of our analysis emphasize that the spatial distribution of burglary is to a considerable extent spatially conditioned by two measures of accessibility: proximity to the homes of burglars and proximity to the CBD.""
  - ""A second caveat to be made regarding our specific implementation of the SWEBER measure, is that our analysis is spatially truncated at the boundaries of the city of The Hague.""",,"- The paper discusses spatial autocorrelation and its control, which is related to the Modifiable Areal Unit Problem (MAUP) as it involves issues of spatial dependence and aggregation.
- The authors use the Moran's I statistic to test for spatial autocorrelation, which is a common method to address MAUP by checking if the residuals of a model show spatial patterns.
- The paper mentions that the residuals of model 2 do not display significant spatial autocorrelation, indicating that the authors have considered and addressed potential spatial dependence issues.
- The discussion of spatial truncation at the city boundaries touches on a scale effect issue, as it acknowledges that the analysis is limited by the spatial unit chosen (the city of The Hague).
- The use of the SWEBER measure and proximity to the CBD as spatial variables suggests an attempt to mitigate aggregation bias by incorporating spatial dynamics into the analysis.","  - ""the average neighborhood has a surface of 0.65 square kilometers, is the home to 4950, residents and contains 2350 residential units.""
  - ""The measure of ethnic heterogeneity we use is an index for qualitative variation (Agresti and Agresti, 1978).""
  - ""The average real estate values in all neighborhoods have increased between 1993 and 1999, but in some neighborhoods they have increased more than in others.""
  - ""The formal definition of the SWEBER measure for neighborhood j is given by the formula:

where SWEBER, is the spatially weighted burglar exposition rate of neighborhood j , N is the total number of neighborhoods, U, is the number of residential units in j , M I is the number of burglaries committed by residents of neighborhood i, D,, is the distance between neighborhood i and neighborhood j""
  - ""The information system of the police contains information on the home addresses of all registered offenders.""
  - ""The choice of this specific form of ""distance decay"" for spatially weighting the proximity of burglars is based on gravity models of crime trips in the literature.""
  - ""The results of our analysis emphasize that the spatial distribution of burglary is to a considerable extent spatially conditioned by two measures of accessibility: proximity to the homes of burglars and proximity to the CBD.""
  - ""The simultaneous assessment of attractiveness, opportunity and accessibility on which these substantive findings are based, depends crucially on how accessibility is defined and measured.""
  - ""The strengths of the SWEBER measure include at least two features.

First, it incorporates our knowledge that crime trips are generally short and follow a distance decay function, into models of crime that leave no place for spatial behavior of offenders.""
  - ""the SWEBER measure can also be adapted to use alternative distance functions (see note 3). as well as to measures that take into account specific pathways and barriers in the urban landscape, such as highways, public transport facilities or rivers and other obstacles to movement.""
  - ""There are also some caveats to be made regarding the SWEBER measure, one of which refers to the usefulness of the SWEBER measure itself, and two others to our implementation of the measure in the analysis.""
  - ""A second caveat to be made regarding our specific implementation of the SWEBER measure, is that our analysis is spatially truncated at the boundaries of the city of The Hague.""",,"- The paper discusses the use of a spatially weighted burglar exposition rate (SWEBER) measure, which is based on the distance between neighborhoods and the homes of burglars.
- The SWEBER measure is defined using a formula that takes into account the number of residential units and the distance between neighborhoods.
- The paper mentions that the SWEBER measure can be adapted to use alternative distance functions and to account for specific pathways and barriers in the urban landscape.
- However, there is no mention of conducting a sensitivity analysis using different spatial unit sizes or scales.
- The paper does not provide any comparison of results across different spatial scales or methodological approaches related to sensitivity analysis.
- The caveats mentioned in the paper relate to the implementation and limitations of the SWEBER measure, but not to a sensitivity analysis.","  - ""The strength of the accessibility-to-burglars measure that we propose in the Data and Methods section, is that it is based on the first law of geography, which asserts that ""everything is related to everything else, but near things are more related than distant things"" (Tobler, 1970: 236)""
  - ""The measure also takes into account that the mobility of burglars is limited (i.e. near targets are more accessible than distant targets).""
  - ""the SWEBER measure can also be adapted to use alternative distance functions (see note 3). as well as to measures that take into account specific pathways and barriers in the urban landscape, such as highways, public transport facilities or rivers and other obstacles to movement.""
  - ""Furthermore, the concept of spatially weighted variables can easily be adapted to other anchor points than the home addresses of offenders.""
  - ""A second caveat to be made regarding our specific implementation of the SWEBER measure, is that our analysis is spatially truncated at the boundaries of the city of The Hague.""
  - ""In fact, about 17 percent of the residential burglars who are apprehended for burglary in The Hague reside outside the city, although not necessarily in the adjacent towns.""",,"- The authors suggest that their accessibility measure is based on the principle that near things are more related than distant things, which implies a focus on local spatial units.
- They mention that the SWEBER measure can be adapted to use alternative distance functions and consider urban landscape features, suggesting flexibility in spatial unit size or analysis scale.
- The authors note that their analysis is spatially truncated at city boundaries, which might not fully capture the influence of burglars living outside the city, indicating a potential need for larger or more integrated spatial units.
- The mention of 17% of burglars residing outside the city suggests a need for considering broader spatial units or collaboration across city boundaries."
Testing Ecological Theories of Offender Spatial Decision Making Using a Discrete Choice Model,"Shane D Johnson, Lucia Summers",-,-,Crime and delinquency,85,2015,"- Distance from home to crime location: Odds ratio of 0.73 for adults, 0.54 for juveniles per km.
- Connectivity via major roads: Odds ratio of about 2 for adult offenders.
- Population turnover: Odds ratio of 1.20 for every 10% increase.
- Social heterogeneity: Odds ratio of approximately 2 for every 10% increase.
- Number of registered vehicles: Small but significant effect (no specific odds ratio provided).",Stata 10 SE,No MAUP discussion present.,No sensitivity analysis performed.,"The authors suggest future research should explore how urban environment configurations affect collective action and social cohesion, potentially involving different spatial units or scales. They also recommend conducting formal crime impact assessments to better understand crime patterns and prevention strategies, which might require adjusting spatial units or scales.","  - ""the odds of an adult (juvenile) offender selecting an area decreases by a factor of 0.73 (0.54) for every km that area is located from where they live.""
  - ""the odds of an adult offender targeting an area increased by a factor of about two, if it was connected to the area in which they lived by the network of major roads.""
  - ""Similarly, for every 10% increase in social heterogeneity, the odds of an offender targeting the area almost doubles.""
  - ""All other things being equal, for every 10% increase in population turnover, the odds of an offender targeting such an area increased by a factor of 1.20.""
  - ""The number of registered vehicles in an area did, however, have a small but significant effect, with offenders favoring areas with more registered vehicles.""",,"- The paper provides odds ratios for several independent variables, which are measures of effect size.
- The odds ratio for distance from home to crime location is given as 0.73 for adults and 0.54 for juveniles, indicating the decrease in odds of selecting an area per kilometer.
- The odds ratio for connectivity via major roads is about 2, indicating that adult offenders are twice as likely to target areas connected by major roads.
- The odds ratio for population turnover is 1.20, indicating a 20% increase in odds for every 10% increase in turnover.
- The odds ratio for social heterogeneity is approximately 2, indicating that for every 10% increase in heterogeneity, the odds of targeting an area almost double.
- The effect size for the number of registered vehicles is described as small but significant, though a specific odds ratio is not provided.","  - ""All models are estimated using STATA 10 SE.""",,"- The paper explicitly mentions the use of ""STATA 10 SE"" for estimating models, which indicates that Stata was the statistical software used for data analysis.
- The version number ""10 SE"" is provided, which specifies the exact version of Stata used in the study.","  - ""robust standard errors (SE)-clustered by offenderwere used to account for the nested structure of the data.""
  - ""The dependency in the data associated with reoffending has the potential to lead to errors of statistical inference. Specifically, if they are treated as independent choices, the decisions of prolific offenders can disproportionately influence parameter estimation and lead to downward bias in the standard errors.""
  - ""The type of model used, also referred to as a random utility model (for an overview, see Train, 2003), assumes that when making a decision, a chooser (in this case an offender) selects from a set of alternatives the choice that maximizes their perceived utility.""
  - ""Using a Geographical Information System (GIS), the police data were ""related"" to maps of the area to determine origindestination flows.""
  - ""The unit of analysis selected was the U.K. census Lower Super Output Area (LSOA). For the study area, there were 198 LSOAs, each with a population of around 1,524 people and about 662 residential households. LSOAs are somewhat smaller than the areas used in most (but not all; for example, Bernasco et al., 2013) previous studies of this kind.""",,"- The paper discusses the use of Lower Super Output Areas (LSOAs) as the spatial unit of analysis, which is a common approach in spatial studies. However, there is no explicit discussion about the Modifiable Areal Unit Problem (MAUP) or ecological fallacy.
- The paper mentions the use of GIS to relate police data to maps, which involves spatial analysis, but again, there is no specific mention of MAUP or scale effects.
- The discussion about the random utility model and robust standard errors addresses statistical inference issues related to reoffending, but not MAUP or spatial autocorrelation.
- The paper does not explicitly address issues of aggregation bias or spatial autocorrelation in relation to the choice of spatial units.","  - ""The reason is that the approach to analysis requires that all alternatives in the choice set (areas that are and are not selected) be enumerated for the purposes of parameter estimation.""
  - ""The unit of analysis selected was the U.K. census Lower Super Output Area (LSOA). For the study area, there were 198 LSOAs, each with a population of around 1,524 people and about 662 residential households.""
  - ""In line with previous studies (Bernasco, 2006(Bernasco, , 2010;;Bernasco & Block, 2009, 2011;Bernasco & Luykx, 2003;Bernasco et al., 2013;Clare et al., 2009), crimes committed by offenders living outside the study area were excluded from the sample.""
  - ""Using a Geographical Information System (GIS), the police data were ""related"" to maps of the area to determine origindestination flows.""
  - ""LSOAs are somewhat smaller than the areas used in most (but not all; for example, Bernasco et al., 2013) previous studies of this kind.""",,"- The study used the U.K. census Lower Super Output Area (LSOA) as the unit of analysis, which is a specific spatial scale.
- The paper mentions that LSOAs are smaller than those used in some previous studies, indicating a comparison of spatial scales, but this is not a sensitivity analysis conducted within the study itself.
- The study does not mention any sensitivity analysis conducted using different spatial unit sizes or scales. The focus is on the use of LSOAs as the primary unit of analysis.
- The exclusion of crimes committed by offenders living outside the study area is a methodological choice rather than a sensitivity analysis.
- The paper does not provide any comparison of results across different spatial scales or mention any sensitivity analysis conducted to assess the impact of different spatial scales on the findings.","  - ""In the present study, we therefore focus our attention on TFV, it being an understudied but common form of crime, and consider how features of the urban environment might affect offender spatial decision making for this type of crime.""
  - ""The unit of analysis selected was the U.K. census Lower Super Output Area (LSOA). For the study area, there were 198 LSOAs, each with a population of around 1,524 people and about 662 residential households.""
  - ""LSOAs are somewhat smaller than the areas used in most (but not all; for example, Bernasco et al., 2013) previous studies of this kind.""
  - ""using a discrete choice approach, the present study provides further evidence to support crime pattern and social disorganization theory in explaining offender spatial decision making.""
  - ""The influence of the road network on adult offender spatial decision making is a particularly novel result and this finding, along with those concerned with the impact of routine activity nodes on offender spatial decision making, has potential policy implications for those involved in the development of urban spaces.""
  - ""Conducting a formal crime impact assessment (for a further discussion, see Bowers, 2014; Ekblom, 1997Ekblom, , 2002) ) that is informed by findings such as those presented here would be one way of doing this.""
  - ""However, little research has examined how the configuration of the urban environment might affect the potential for collective action in neighborhoods with varying levels of social cohesion, and this would seem to be a fruitful avenue for research.""
  - ""Considering the mechanisms through which social cohesion might influence the likelihood of crime occurrence, it may do so either through residents influencing the behavior of others in their neighborhood, or by deterring offenders from targeting a particular neighborhood.""
  - ""In addition to examining variation across places, research might also examine if and how the potential for collective action might vary over time.""
  - ""To summarize, using a discrete choice approach, the present study provides further evidence to support crime pattern and social disorganization theory in explaining offender spatial decision making.""",,"- The authors discuss the use of Lower Super Output Areas (LSOAs) as the unit of analysis, which are smaller than those used in some previous studies. This suggests a consideration of spatial unit size.
- The study provides evidence supporting crime pattern and social disorganization theories, which implies a focus on understanding spatial decision making at the current scale of analysis.
- The authors highlight the importance of urban planning and the impact of road network changes on crime risk, suggesting a need for future studies to consider these factors at potentially different scales or units of analysis.
- The paper mentions the potential for future research to explore how urban environment configurations affect collective action and social cohesion, which could involve different spatial units or scales.
- The authors suggest conducting formal crime impact assessments, which might require adjusting spatial units or scales to better understand crime patterns and prevention strategies."
Situating Crime Pattern Theory Into The Explanation Of Co-Offending: Considering Area-Level Convergence Spaces,"Zachary R Rowan, Sarah Appleby, Jean Marie Mcgloin, Simon Fraser",-,-,,3,2021,"- Bars: 5.2% increase in group crime rate per additional bar
- Transit stations: 2.0% increase in group crime rate per additional transit station
- Pedestrian-oriented street density: 2.8% increase in group crime rate per one-unit increase
- Pedestrian-oriented street density (consistent across models): 2% increase in group crime rate per one-unit increase",GeoDa 1.14.0,No MAUP discussion present.,No sensitivity analysis performed.,"- Use smaller spatial units than census block groups to better capture convergence spaces.
- Replicate findings across different types of locales (rural, urban, suburban) to assess generalizability.
- Collect qualitative data (interviews, observational information) to understand co-offending processes.","  - ""For every one-unit increase in pedestrian-oriented street density, there is a 2% increase in the rate of group crime (p < .001).""
  - ""For every additional bar in a census block group, the rate of group crime is expected to increase by about 5.2% (p < .05).""
  - ""For every one-unit increase in the pedestrian-oriented street density of census block groups in Baltimore City there is a 2.8% increase in the rate of group crime (p < .001).""
  - ""all coefficients in Table 3 are presented as standardized incident rate ratios and include the population within the census block group as an exposure measure to estimate the outcome as a group crime rate.""
  - ""For every additional transit station in a census block group the rate of group crime is expected to increase by 2.0% (p < .05).""",,"- The paper provides effect sizes in terms of percentage changes in the rate of group crime associated with various independent variables.
- The effect sizes are reported as percentage increases in the rate of group crime for each additional unit of the independent variable.
- The specific effect sizes mentioned are:
  - A 5.2% increase in group crime rate for every additional bar.
  - A 2.0% increase in group crime rate for every additional transit station.
  - A 2.8% increase in group crime rate for every one-unit increase in pedestrian-oriented street density.
  - A 2% increase in group crime rate for every one-unit increase in pedestrian-oriented street density (consistent across models).
- These effect sizes are presented as standardized incident rate ratios, which are a measure of the change in the rate of an event (in this case, group crime) associated with a one-unit change in the independent variable.","  - ""To account for the spatial clustering of group crime rates, we estimate the following model:

where y is an N × 1 vector of observations on the group crime rate for each census block group j, X is an N × K matrix of independent variables including activity nodes, density, and control variables, β is a K × 1 vector of regression coefficients, W is a row-standardized first-order contiguity neighbourhood matrix using queen contiguity, in which spatially adjacent communities in all directions are considered contiguous to a particular census block group j, ρ is the spatial lag operator that was generated using GeoDa 1.14.0 (http://geoda.uiuc.edu), and ε is a vector of error terms (e.g., Browning et al. 2017).""
  - ""Models are run separately to include the activity nodes, auto-oriented pedestrian density and pedestrian-oriented density, and then follow with a combined model.""
  - ""For all models, we included the population within the census block group as an exposure measure and this estimates the outcome as a group crime rate per capita (e.g., Osgood 2000).""
  - ""We conduct a series of spatially lagged negative binomial regression models to analyze our data because the total count of group crime incidents exhibits over-dispersion (Anselin 1988).""",,"- The paper mentions the use of ""spatially lagged negative binomial regression models,"" which suggests the use of statistical software capable of handling spatial regression models.
- The mention of ""GeoDa 1.14.0"" is a direct reference to a software tool used for spatial analysis. GeoDa is a software package for geospatial data analysis that is often used for spatial regression and other spatial statistical techniques.
- The paper does not mention any other specific software or programming tools, so it is reasonable to conclude that GeoDa was the primary software used for the data analysis.","  - ""It is the distinct social nature of offending that should move us to reconsider dimensions of existing criminological theory in order to better understand both how group behaviour is embedded within context and to also identify the complex influences of the built environment on crime.""
  - ""The extent to which the design of Baltimore City informed the degree of pedestrian-oriented connectivity and activity nodes may be an important distinction for understanding the results.""
  - ""It will be important to replicate these findings across different types of locales (i.e., rural, urban, suburban) in order to understand whether connectivity and activity spaces similarly generate conditions conducive to group crime.""
  - ""the current study's unit of analysis was a census block group. Although prior co-offending research has used similar or larger geographic areas, advances within crime pattern theory have demonstrated the importance of even smaller microunits that may more fully represent Felson (2003) description of convergence spaces (e.g., Weisburd et al. 2012).""",,"- The authors mention the use of census block groups as their unit of analysis, which is a common spatial unit in criminological research. However, they do not explicitly discuss the Modifiable Areal Unit Problem (MAUP) or ecological fallacy in relation to this choice.
- The paper notes the potential importance of smaller microunits, which could imply a consideration of scale effects, but this is not explicitly linked to MAUP.
- The authors suggest replicating findings across different locales, which might imply a consideration of spatial autocorrelation or scale effects, but again, this is not explicitly discussed in terms of MAUP.
- The discussion about the design of Baltimore City and its impact on connectivity and activity nodes could relate to spatial autocorrelation, but it does not directly address MAUP or ecological fallacy.","  - ""the current study's unit of analysis was a census block group. Although prior co-offending research has used similar or larger geographic areas, advances within crime pattern theory have demonstrated the importance of even smaller microunits that may more fully represent Felson (2003) description of convergence spaces (e.g., Weisburd et al. 2012).""
  - ""Next, a portion of the arrest data from the Baltimore City Open Data Portal did not include or had problematic incident location information leading to incomplete geocoding of arrests. These findings should not be generalized to all arrests, as it is difficult to know whether such missingness was at random.""
  - ""There are several limitations to the current study that warrant consideration. First, the study relies on data from a single city which limits the generalizability of these findings. The extent to which the design of Baltimore City informed the degree of pedestrian-oriented connectivity and activity nodes may be an important distinction for understanding the results. It will be important to replicate these findings across different types of locales (i.e., rural, urban, suburban) in order to understand whether connectivity and activity spaces similarly generate conditions conducive to group crime.""",,"- The paper discusses the use of census block groups as the unit of analysis, which is a specific spatial scale.
- It mentions that prior research has used similar or larger geographic areas, but there is no indication that the study itself conducted a sensitivity analysis using different spatial unit sizes or scales.
- The paper highlights limitations related to the use of a single city and the potential for missing data, but these are not sensitivity analyses.
- There is no mention of any methodological approaches or key findings related to sensitivity analysis across different spatial scales.","  - ""the current study's unit of analysis was a census block group. Although prior co-offending research has used similar or larger geographic areas, advances within crime pattern theory have demonstrated the importance of even smaller microunits that may more fully represent Felson (2003) description of convergence spaces (e.g., Weisburd et al. 2012).""
  - ""It will be important to replicate these findings across different types of locales (i.e., rural, urban, suburban) in order to understand whether connectivity and activity spaces similarly generate conditions conducive to group crime.""
  - ""In the end, understanding the mechanisms that underlie the emergence of group crime requires an array of data sources, but certainly must include interview data and perhaps observational information.""
  - ""As part of this expansion of data sources, we believe collecting qualitative data on the motivations and processes of cooffending is essential.""",,"- The authors suggest that future studies should consider using smaller spatial units than census block groups, as these might better capture the convergence spaces described by Felson (2003). This indicates a recommendation for a different scale of analysis.
- They propose replicating the study in different types of locales (rural, urban, suburban) to assess the generalizability of their findings, which implies a need for broader spatial coverage.
- The authors also recommend collecting qualitative data, such as interviews and observational information, to better understand the processes of co-offending. This is a methodological improvement related to data collection rather than spatial boundaries.
- The focus on smaller microunits and broader geographic contexts suggests that the authors are looking for more nuanced and comprehensive spatial analyses in future research."
HOW DO RESIDENTIAL BURGLARS SELECT TARGET AREAS? A New Approach to the Analysis of Criminal Location Choice,"Wim Bernasco, Paul Nieuwbeerta, Richard Block, Henk Elffers, Jan De Keijser, Jasper Van Der Kemp, Peter Van Koppen",-,-,,362,2005,"- Percentage of single-family dwellings: Odds ratio = 1.13 for every 10% increase
- Ethnic heterogeneity: Odds ratio = 1.15 for every 10% increase
- Proximity to burglar's home: Odds ratio = 1.67 for every kilometre closer
- Number of residential units: Odds ratio = 1.35 for every 1,000 increase
- Ethnic heterogeneity by group: Non-natives = 1.20, Natives = 1.10
- Proximity to home by group: Minors = 2.22, Adults = 1.63",Stata,No MAUP discussion present.,No sensitivity analysis performed.,"- Apply the approach to other European and non-European cities to examine transferability.
- Extend the model to study complex questions like group burglaries and repeat offending.
- Study developmental patterns and changes in decision criteria over time.
- Consider characteristics of adjacent neighborhoods.
- Extend the model to spatial-temporal choice problems.
- Apply the approach to other types of offenses.
- Use the approach in geographic profiling.","  - ""The odds of a neighbourhood's being chosen increases by a factor of 1.67 for every kilometre closer to the burglar's home it is located.""
  - ""The effect of ethnic heterogeneity is positive for both natives and non-natives, and, in line with hypothesis 6, it is larger for non-natives (1.20) than for natives (1.10).""
  - ""The effect of proximity to the home of the burglar is positive and substantial both for minors and adults, and it is larger for minors (2.22) than for adults (1.63).""",,"- The paper provides odds ratios for various independent variables that influence the likelihood of a neighbourhood being selected for burglary.
- The odds ratio for the percentage of single-family dwellings is 1.13, indicating that for every 10% increase in single-family dwellings, the odds of a neighbourhood being chosen increase by a factor of 1.13.
- The odds ratio for ethnic heterogeneity is 1.15, indicating that for every 10% increase in ethnic heterogeneity, the odds of a neighbourhood being chosen increase by a factor of 1.15.
- The odds ratio for proximity to the burglar's home is 1.67, indicating that for every kilometre closer to the burglar's home, the odds of a neighbourhood being chosen increase by a factor of 1.67.
- The odds ratio for the number of residential units is 1.35, indicating that for every 1,000 increase in residential units, the odds of a neighbourhood being chosen increase by a factor of 1.35.
- The paper also provides specific odds ratios for ethnic heterogeneity and proximity to the home for different groups (natives vs. non-natives and minors vs. adults), which are 1.20 for non-natives and 1.10 for natives, and 2.22 for minors and 1.63 for adults, respectively.","  - ""A short but illuminating discussion of the relation between robust estimates and conventional estimates of standard errors is given in StataCorp (2001: 254-258)""
  - ""In order to construct valid standard error estimates, we calculated so-called 'robust standard errors' according to the method proposed by White (1982), with a correction for the nested structure of the data.""
  - ""Parameter estimation of the conditional logit model is performed with maximum likelihood methods, and is relatively straightforward (see, e.g. Greene 1997).""",,"- The paper mentions the use of maximum likelihood methods for parameter estimation, which is a common statistical technique but does not specify a software tool.
- The reference to ""Greene 1997"" suggests a connection to econometric analysis, but again, no specific software is mentioned.
- The mention of ""StataCorp (2001)"" is significant because it indicates the use of Stata, a statistical software package. The reference to StataCorp and the discussion of robust standard errors align with Stata's capabilities.
- The paper does not mention any other software tools or platforms, so based on the reference to StataCorp, it is reasonable to conclude that Stata was used for the data analysis.","  - ""In only 15 of the 178 tests, the Hausman test is significant (p < 0.05). Furthermore, these few violations of the IIA assumption are inconsequential: inspection of the differences between β estimates reveals that leaving out these 15 neighbourhoods yields nearly identical β estimates.""
  - ""To test the validity of the IIA assumption, we applied Hausman's specification test (Hausman and McFadden 1984). This test compares the β estimates of the full models (see Tables 1 and 2 ) with β estimates of a restricted model from which one alternative (neighbourhood) is removed.""
  - ""An assumption of the conditional logit model is that the β estimates do not change when one or more alternatives are removed from the full set of alternatives (here, all 89 neighbourhoods). This is known as the assumption of the independence from irrelevant alternatives (IIA) (Greene 1997).""
  - ""The geometric positions of the 89 residential neighbourhoods are displayed in Figure 1""
  - ""The average neighbourhood has a surface of 0.65 square kilometres, is home to 4,952 residents and contains 2,380 residential units (DSO 2001).""",,"- The paper discusses the use of 89 residential neighborhoods as the spatial units for analysis, which could relate to the Modifiable Areal Unit Problem (MAUP) as it involves the selection of spatial units.
- The authors mention the assumption of independence from irrelevant alternatives (IIA) in the context of the conditional logit model, which is relevant to MAUP as it pertains to the choice of spatial units and their impact on model estimates.
- The use of Hausman's specification test to validate the IIA assumption indicates an awareness of potential issues related to the selection of spatial units, which is a component of MAUP.
- The test results show that removing some neighborhoods does not significantly affect the model estimates, suggesting that the authors have considered the potential for aggregation bias and scale effects in their analysis.
- However, there is no explicit discussion of MAUP or ecological fallacy in the paper, nor is there a detailed exploration of scale effects, aggregation bias, or spatial autocorrelation issues beyond the IIA assumption.","  - ""the discrete spatial choice approach may also be extended to study more complex questions on the location choice of residential burglars.""
  - ""The discrete spatial choice approach also appears to be applicable to the location choice in offences other than residential burglary.""
  - ""the discrete spatial choice approach is able to integrate previous findings in this field of inquiry, and is a useful theoretical and methodological tool for research in criminal target choice.""
  - ""The point of departure of the discrete spatial choice approach is an actor who is faced with a choice amongst a number of discrete spatial alternatives, of which he must choose only one.""
  - ""The discrete spatial choice approach applies a general micro-economic framework to discrete choice behaviour.""",,"- The paper discusses the discrete spatial choice approach as a methodological tool for analyzing criminal location choice, but it does not mention any sensitivity analysis related to different spatial unit sizes or scales.
- The focus is on the application of the discrete spatial choice approach to residential burglary in The Hague, without any indication of varying the spatial scale or unit size in the analysis.
- The paper does not provide any comparison of results across different spatial scales or mention any methodological approaches related to sensitivity analysis in this context.
- The emphasis is on the theoretical and methodological advantages of the discrete spatial choice approach, but there is no mention of sensitivity analysis or varying spatial scales.","  - ""An obvious first suggestion is to apply the approach to the study of burglary in other European and non-European cities. Different societies can have markedly different urban social structures, e.g. due to differences in the role of social housing. It is of interest to examine to what extent our findings are transferable to other urban contexts.""
  - ""In future applications, the discrete spatial choice approach may also be extended to study more complex questions on the location choice of residential burglars. For example, it can be extended to the problem of how pairs and groups of burglars decide on where to offend, and in which ways the criteria they use differ from those used by burglars who work on their own.""
  - ""Further, the model can be used to study developmental patterns in location choice of burglars who offend repeatedly. We could, for example, establish whether, over time, changes take place in the role of affluence and distance in their decision process, postulating that, as burglars grow more experienced, the role of distance diminishes while the role of the affluence criterion becomes more important.""
  - ""It could also be used to study repeat offending against the same target or against targets in the proximity of the target previously selected""
  - ""A related issue is whether the choice for a specific target neighbourhood would depend not only on characteristics of the neighbourhood itself, but also on characteristics of adjacent neighbourhoods. For example, the model could be used to test whether affluent neighbourhoods surrounded by poor neighbourhoods have higher burglary risks than comparable neighbourhoods surrounded by other affluent neighbourhoods""
  - ""Also, the model could be extended to spatial-temporal choice problems by including daily or weekly variations in burglary opportunity in the choice set. In that case, the model could be adapted to reflect that burglars take into account the timing of routine activities of the occupants of their targets.""
  - ""The discrete spatial choice approach also appears to be applicable to the location choice in offences other than residential burglary. Each application to another type of offence, however, requires a new substantive theory. Such a theory must define the choice set, suggest relevant choice criteria and may postulate differences between offenders in the importance of these choice criteria.""
  - ""Finally, the new approach might also be a fruitful in geographic profiling, which is the task of finding the home of an unknown (serial) offender on the basis of the locations where he is known to have offended""",,"- The authors suggest applying the discrete spatial choice approach to other cities to see if findings are transferable, indicating a potential for different spatial units or scales of analysis.
- They propose extending the model to study more complex questions, such as group burglaries and repeat offending, which could involve different spatial units or scales.
- The model could be used to study developmental patterns and changes in decision criteria over time, which might require adjusting spatial units or scales.
- The authors suggest considering characteristics of adjacent neighborhoods, which implies a need to adjust spatial units or boundaries to include these factors.
- Extending the model to spatial-temporal choice problems could involve different spatial units or scales to account for daily or weekly variations.
- The approach could be applied to other types of offenses, which might require different spatial units or scales depending on the nature of the offense.
- The authors mention geographic profiling as a potential application, which involves finding an offender's home based on offense locations, suggesting a need for flexible spatial units or scales."
Co-offending and the Choice of Target Areas in Burglary,Wim Bernasco,-,-,-,-,-,"- Proximity to home neighbourhood: 1.49 (multiplicative effect on probability)
- Physical accessibility: significant effect (no specific value provided)
- Proximity: significant effect (no specific value provided)",Not mentioned (the paper does not specify the software used for data analysis),No MAUP discussion present.,No sensitivity analysis performed.,"The authors suggest that future studies could consider expanding the spatial unit of analysis to include areas beyond city boundaries to capture burglaries committed by residents outside the city. Additionally, improving data collection and analysis methods to address the low detection rate could enhance the validity of findings.","  - ""The parameter estimates are multiplicative in the (conditional) probability that a neighbourhood is chosen as a target area for a burglary. For example, the value of 1.49 for proximity to the home neighbourhood means that the probability that a neighbourhood is being chosen by a burglar increases by a factor of 1.49 for every kilometre the potential target neighbourhood is situated closer to the burglar's home neighbourhood.""
  - ""The results partially support the hypotheses, because the effects of physical accessibility, proximity, and a special proximity aspect, the home neighbourhood, are all significant in the hypothesised direction, supporting hypotheses 2 and 4.""
  - ""The outcomes thus partially confirm the general theory on burglary target area choice, but they refute the postulated differences between solitary offenders and group offenders.""",,"- The paper uses a conditional logit model to estimate the effects of various criteria on the choice of target areas for burglary.
- The parameter estimates are multiplicative in the conditional probability, indicating that they represent odds ratios or relative risk ratios.
- The specific effect size mentioned is for proximity to the home neighbourhood, where a value of 1.49 indicates that the probability of choosing a neighbourhood increases by a factor of 1.49 for every kilometre closer to the burglar's home.
- The paper does not provide explicit odds ratios or hazard ratios for all independent variables, but it does mention that physical accessibility and proximity are significant, supporting hypotheses 2 and 4.
- The paper does not provide standardized coefficients like Cohen's d or percentage changes in outcome variables.","  - ""The hypotheses 1-5 apply to all burglars, irrespective of whether they operate on their own or as a group. The same model can be set up to also establish whether solitary offenders differ from offender groups in terms of the weight being given to various selection criteria. This feature is highly relevant in this paper because hypotheses 6-10 precisely address this issue; the question whether a characteristic of an actor (is it a solitary burglar or a burglar group?) affects the relative importance of a selection criterion. For example, it can be assessed whether knowledge of the local environment is a more important choice criterion for solitary burglars than for groups.""
  - ""Hypotheses on location choice can be very well formalised using the random utility maximization (RUM) approach, and with the associated statistical conditional logit model (McFadden, 1973). This approach is used to explain the outcome of choice problems in which some agent has to choose one out of a finite set of discrete alternatives, where the value of each of the alternatives depends on factors that are specified by a substantive theory.""
  - ""The outcomes of estimating the choice model are presented in Table 8 . The second major column of the Table, titled 'solitary offender', contains the results of a conditional logit model of neighbourhood target choice by solitary burglars. The third column applies to offender groups. The parameter estimates are multiplicative in the (conditional) probability that a neighbourhood is chosen as a target area for a burglary.""",,"- The paper discusses the use of a ""conditional logit model"" for analyzing neighborhood target choice, which is a statistical method often implemented in software like Stata or R.
- The mention of ""random utility maximization (RUM) approach"" and ""conditional logit model"" suggests the use of specialized software for discrete choice modeling, such as Nlogit or BIOGEME.
- The paper does not explicitly mention any specific software or programming tools used for the data analysis, but the methods described are commonly associated with software like Stata or R for general statistical analysis and possibly Nlogit or BIOGEME for discrete choice modeling.","  - ""To be consistent, it was decided that the distance to the actually chosen target neighbourhood should be measured in the same way (with the same measurement error) as the distance to non-chosen potential target neighbourhoods.""
  - ""The reason for calculating the distance between home address and burglary address by approximation (neighbourhood centroids distances) rather than as an exact distance is that the model to be introduced below requires us to compare the distances between the home of the burglar and all potential target neighbourhood in the study area.""
  - ""For each burglar-burglary combination, the distance between the offender home and the crime site was calculated using the centroids of both neighbourhoods.""
  - ""The average neighbourhood has an area of 0.65 square kilometres, is the home to 4952 residents and contains 2380 residential units.""",,"- The paper discusses the use of neighbourhoods as the spatial unit for analysis, which is a common context where the Modifiable Areal Unit Problem (MAUP) might be relevant. However, there is no explicit mention of MAUP or ecological fallacy in the text.
- The paper does not discuss any issues related to scale effects, aggregation bias, or spatial autocorrelation, which are typical concerns associated with MAUP.
- The focus is on the methodological choice of using neighbourhood centroids for distance calculations, which is a practical decision rather than a discussion about MAUP.
- The paper does not address any potential biases or issues related to the choice of spatial units, which would be expected if MAUP were being discussed.","  - ""The reason for calculating the distance between home address and burglary address by approximation (neighbourhood centroids distances) rather than as an exact distance is that the model to be introduced below requires us to compare the distances between the home of the burglar and all potential target neighbourhood in the study area.""
  - ""If the offender committed the burglary in his or her own neighbourhood, the distance was estimated using the formula , in which O is the neighbourhood area in square kilometres (also see Bernasco & Nieuwbeerta, 2005;Ghosh, 1951).""
  - ""For each burglar-burglary combination, the distance between the offender home and the crime site was calculated using the centroids of both neighbourhoods.""
  - ""The average neighbourhood has an area of 0.65 square kilometres, is the home to 4952 residents and contains 2380 residential units.""",,"- The paper discusses the use of neighbourhoods as the spatial unit for analysis, with each neighbourhood having an average area of 0.65 square kilometers.
- The distance calculations between offender homes and crime sites are based on the centroids of these neighbourhoods, indicating that the analysis is conducted at the neighbourhood level.
- There is no mention of conducting sensitivity analysis using different spatial unit sizes or scales. The focus is on the neighbourhood level, and no comparisons are made across different spatial scales.
- The paper does not provide any information on testing different spatial scales or unit sizes to assess the sensitivity of the results.","  - ""the location selection process starts with a set of implicit or explicit rules regarding which areas are suitable for burglary and which areas are not.""
  - ""viewing criminal location choice as a sequential process implies that it makes sense to study location choice of burglars at a somewhat higher spatial level-the neighbourhood level-and to ask which features of neighbourhoods make them more likely to be chosen by burglars as their working sites.""
  - ""The average neighbourhood has an area of 0.65 square kilometres, is the home to 4952 residents and contains 2380 residential units.""
  - ""The geometric positions of the 89 residential neighbourhoods are displayed in Figure 1""
  - ""The number of properties in a neighbourhood functions as a control variable: it is not a part of the theoretical model, but obviously it is part of the opportunity structure for burglary.""
  - ""Most importantly, the results confirm the importance of the neighbourhood environment as a burglary target area for local offenders. The own neighbourhood and other nearby neighbourhoods are the most likely targets for burglary, not only for solitary burglars, but for burglar groups as well.""
  - ""Although these results are fairly stable, we should note that they are limited by the fact that we have not taken into account the burglaries committed by The Hague residents outside the city boundaries (about 12%).""",,"- The paper discusses the use of neighborhoods as the spatial unit of analysis, which is a higher spatial level than individual properties. This suggests that the authors find neighborhoods to be a suitable scale for studying burglary target area selection.
- The paper provides detailed information about the size and characteristics of neighborhoods in The Hague, indicating that this level of analysis is considered appropriate for understanding burglary patterns.
- The authors note limitations in their analysis, such as not accounting for burglaries committed outside city boundaries, which implies a potential future direction could involve expanding the spatial unit to include areas beyond city limits.
- The low detection rate of burglaries is mentioned as a limitation, which could suggest a need for methodological improvements in data collection or analysis to better capture the full scope of burglary activity.
- There is no explicit discussion of alternative spatial units or optimal unit sizes, but the focus on neighborhoods suggests that this is considered an effective scale for analysis."
LEARNING WHERE TO OFFEND EFFECTS OF PAST ON FUTURE BURGLARY LOCATIONS,"Wim Bernasco, Shane D Johnson",-,-,,88,2015,"- Odds ratio for targeting an LSOA previously burgled within the past two days: 16.6
- Odds ratio for targeting an LSOA previously burgled 3-6 days ago: 5.8
- Odds ratio for targeting an LSOA previously burgled 7-30 days ago: 4.3
- Odds ratio for targeting an LSOA previously burgled 1-6 months ago: 2.2
- Odds ratio for targeting an LSOA previously burgled 6-24 months ago: 2.0
- Odds ratio for targeting an LSOA in the same MSOA where a prior burglary occurred within the past two days: 3.6
- Odds ratio for targeting an LSOA in the same MSOA where a prior burglary occurred 3-6 days ago: 2.3
- Odds ratio for distance from the burglar's home: 0.58 (decrease by 42% per kilometer)
- Odds ratio for distance from the city center: 1.10 (increase by 10% per kilometer)","R or Stata (for statistical analysis), ArcGIS or QGIS (for GIS analysis)",No MAUP discussion present.,No sensitivity analysis performed.,"The authors suggest future research should explore methodological improvements to handle small spatial units and assess spillover effects using hierarchical nesting structures. They also imply a need to understand conditions that violate spatial consistency, which could involve exploring different scales of analysis or optimal unit sizes that reflect social homogeneity.","  - ""The estimated model parameters (odds ratios, confidence intervals, and significance level indicators) are listed in Table A1 in the Appendix.""
  - ""For improved interpretation, this information is presented graphically in Figure 2""
  - ""the dots represent the estimated odds ratios. More precisely, they represent the multiplicative effects of the independent variables on the odds that a burglar targets a particular LSOA.""
  - ""the odds ratio of Distance equals .58. This is a negative effect: it implies that for every one kilometer an LSOA is located farther away from the burglar's own home, the odds that he targets the LSOA decreases by a factor .58, or by 42 percent.""
  - ""Compared to LSOAs that a burglar has not targeted during the past two years, the odds of him selecting an LSOA inflate by a factor 16.6 if he has burgled in the LSOA during the past two days.""
  - ""They inflate by a factor 5.8 if the prior burglary was 3-6 days ago, by a factor 4.3 if it was 7-30 days ago, and by 2.2 if it was 1-6 months ago.""
  - ""Even if a burglar committed a prior burglary 6-24 months ago in an LSOA, it still doubles the odds of the LSOA being targeted again during the focal burglary, as compared to an LSOA that the burglar did not target within the last 24 months.""
  - ""the odds of an offender targeting an LSOA increase by a factor 3.6 if in the past two days the offender has committed a burglary elsewhere in the same MSOA that the LSOA is located in.""
  - ""If the prior burglary in the same MSOA was 3-6 days ago, the odds increase by a factor of 2.3.""
  - ""The odds ratio of 1.10 indicates that the odds increase by 10 percent every kilometer an LSOA is farther away from the city center.""",,"- The paper provides odds ratios as effect sizes for various independent variables in the context of burglary location choice.
- The odds ratios are used to measure the multiplicative effects of independent variables on the likelihood of a burglar targeting a specific area.
- Specific odds ratios are provided for different temporal categories of prior burglaries, indicating how recent past burglaries influence future target selection.
- The paper also reports odds ratios for spatial proximity, such as targeting areas within the same MSOA where a prior burglary occurred.
- Additionally, odds ratios are given for other variables like distance from the burglar's home and distance from the city center.
- These odds ratios are presented both in text and graphically, providing a clear measure of effect sizes for the independent variables.","  - ""Pseudo R 2 values for the discrete choice model are expected to be much lower than those for ordinary least squares models. In this case, according to McFadden's guidance, the observed pseudo R 2 of .31 represents an excellent fit to the data (McFadden, 1978: 307)""
  - ""The data, provided as individual records, were aggregated to the LSOA geography using a Geographical Information System (GIS).""
  - ""The estimated model parameters (odds ratios, confidence intervals, and significance level indicators) are listed in Table A1 in the Appendix.""
  - ""a discrete spatial crime location choice approach is used (Bernasco et al., 2013;Bernasco & Ruiter, 2014) in which every burglary is conceptualized as a discrete choice amongst all 1,687 LSOAs in the study area, and a multinomial logit model is used to estimate the relative weight of each of the LSOA characteristics in the burglar's decision.""",,"- The paper mentions the use of a ""discrete spatial crime location choice approach"" and a ""multinomial logit model,"" which are statistical techniques often implemented in software like R or Stata.
- The reference to ""Pseudo R 2 values"" and ""McFadden's guidance"" suggests the use of a statistical package that can handle discrete choice models, such as R or Stata.
- The mention of ""Geographical Information System (GIS)"" indicates the use of GIS software, which could be ArcGIS or QGIS, for spatial data analysis.
- The paper does not explicitly mention any specific software or programming tools, but based on the methods described, it is likely that R or Stata was used for the statistical analysis, and ArcGIS or QGIS for the GIS analysis.","  - ""The concept of crime location choice presumes spatial units of analysis, which are the alternative locations that burglars choose from when deciding on where to commit a burglary. Whereas the contemporary literature on the geography of crime emphasizes the analytical superiority of small spatial units (e.g., micro-places like face blocks or street segments), the implementation of units of such small size in spatial choice models is fraught with complex issues, including the need to use 'sampling from alternatives' to solve the intractability of the estimation problem, and the requirement to estimate multiple-level spillover effects (Bernasco et al., 2013) . As a compromise, we decided to use the UK Census Lower Level Super Output Area (LSOA) geography as the basic spatial unit of analysis. LSOAs are defined on the basis of proximity and social homogeneity measures (type of dwelling and nature of tenure) and have a population of approximately 1,500 residents and 600 households.""",,"- The authors discuss the selection of spatial units for their analysis, which is a key aspect of the Modifiable Areal Unit Problem (MAUP).
- They mention the ""analytical superiority of small spatial units"" but note the challenges associated with using such units, such as estimation problems and spillover effects.
- The authors choose to use UK Census Lower Level Super Output Areas (LSOAs) as their spatial unit, which they justify by the population size and social homogeneity measures.
- The discussion implies a consideration of scale effects and aggregation bias, as they weigh the benefits of smaller units against the practical challenges of using them.
- However, there is no explicit mention of the Modifiable Areal Unit Problem (MAUP) or ecological fallacy, nor is there a detailed discussion of spatial autocorrelation issues.","  - ""As a compromise, we decided to use the UK Census Lower Level Super Output Area (LSOA) geography as the basic spatial unit of analysis.""
  - ""The concept of crime location choice presumes spatial units of analysis, which are the alternative locations that burglars choose from when deciding on where to commit a burglary.""
  - ""MSOAs comprise groups of typically 4-5 LSOAs and have a minimum size of 5,000 residents (and 3,000 households) with an average population size of 7,500.""
  - ""Spillover effects can be assessed using either hierarchical spatial nesting structures or spatial proximity structures (Bernasco & Elffers, 2010). Because the boundaries of the UK census areas are designed to optimize social homogeneity in terms of household tenure and dwelling type (Haining, 2012;Sturgis, Brunton-Smith, Kuha, & Jackson, 2013), we preferred the former, and estimated spillover using variables measured at the next higher level of the census geography in the UK, the Middle Layer Super Output Area (MSOA).""
  - ""LSOAs are smaller than the postal code areas used in some other crime location choice studies (Bernasco, 2010b;Lammers et al., 2015) but larger than the micro-scale places used in others (Bernasco, 2010a;Bernasco et al., 2013).""",,"- The study uses the UK Census Lower Level Super Output Area (LSOA) as the primary spatial unit of analysis, which is smaller than postal code areas but larger than micro-scale places.
- The study mentions that LSOAs are used as a compromise, suggesting that other spatial units could have been considered but were not used in this study.
- The study does not conduct a sensitivity analysis by comparing results across different spatial scales or units. Instead, it uses a fixed spatial unit (LSOA) and estimates spillover effects at a higher level (MSOA).
- The paper does not provide any comparison of results using different spatial unit sizes or scales, nor does it discuss any methodological approaches or key findings related to sensitivity analysis across different spatial scales.","  - ""the implementation of units of such small size in spatial choice models is fraught with complex issues, including the need to use 'sampling from alternatives' to solve the intractability of the estimation problem, and the requirement to estimate multiple-level spillover effects (Bernasco et al., 2013)""
  - ""As a compromise, we decided to use the UK Census Lower Level Super Output Area (LSOA) geography as the basic spatial unit of analysis.""
  - ""LSOAs are smaller than the postal code areas used in some other crime location choice studies (Bernasco, 2010b;Lammers et al., 2015) but larger than the micro-scale places used in others (Bernasco, 2010a;Bernasco et al., 2013).""
  - ""Spillover effects can be assessed using either hierarchical spatial nesting structures or spatial proximity structures (Bernasco & Elffers, 2010).""
  - ""Because the boundaries of the UK census areas are designed to optimize social homogeneity in terms of household tenure and dwelling type (Haining, 2012;Sturgis, Brunton-Smith, Kuha, & Jackson, 2013), we preferred the former, and estimated spillover using variables measured at the next higher level of the census geography in the UK, the Middle Layer Super Output Area (MSOA).""
  - ""Future research will hopefully teach us under which conditions this consistency is violated, and why.""",,"- The authors discuss the challenges of using small spatial units in their models, indicating a need for methodological improvements to handle these complexities.
- They chose to use LSOAs as a compromise, which are smaller than some units used in other studies but larger than micro-scale units.
- The paper highlights the use of hierarchical spatial nesting structures to assess spillover effects, suggesting a preference for this method over spatial proximity structures.
- The authors mention the importance of social homogeneity in choosing spatial units, which implies a consideration for optimal unit sizes that reflect social characteristics.
- The final quote suggests a future direction for research, which includes understanding conditions that violate spatial consistency, potentially implying a need for further methodological exploration."
Burglar Target Selection: A Crossnational Comparison,"Michael Townsley, Daniel Birks, Wim Bernasco, Stijn Ruiter, Shane D Johnson,  Gentry White, Scott Baum",-,-,Journal of research in crime and delinquency,60,2015,"- Proximity to an offender's home: OR = 1.67 (The Hague), OR = 1.90 (Birmingham), OR = 1.21 (Brisbane)
- Proportion of single-family dwellings: OR = 1.19 (The Hague), OR = 1.12 (Birmingham), OR = 1.13 (Brisbane)
- Number of residential units: OR = 1.34 (The Hague), OR = 1.76 (Birmingham), OR = 1.47 (Brisbane)
- Proximity effect for juveniles vs. adults: Larger for juveniles under the legal driving age than for adults",Not mentioned (the paper does not specify the software used for data analysis),No MAUP discussion present.,No sensitivity analysis performed.,"- Apply the behavioral rule to more study regions to broaden criminological knowledge.
- Expand the behavioral rule to include more nuanced factors such as street network characteristics and public transport networks.
- Use more complex statistical models like the mixed logit to improve precision in spatial preference estimates.","  - ""Table 3 summarizes the first estimated conditional logit model for the consolidated data set, corresponding to equation (A1) in the Appendix. It reports multiplicative odds ratios (ORs) describing the amount the odds of a neighborhood being chosen will increase given a one-unit increment in the explanatory variable.""
  - ""For example, the OR estimate for the proximity variable in The Hague is 1.67. This indicates that, all other things being equal, the odds of an area being chosen increase 1.67 times (or by 67 percent) for each kilometer closer it is to an offender's home.""
  - ""Results demonstrate that offenders in all three study regions prefer to offend in neighborhoods closer to their homes-the odds of a neighborhood being selected increasing by 67 percent in The Hague, 90 percent in Birmingham, and 21 percent in Brisbane for each kilometer closer a neighborhood is to an offender's home (Hypothesis 4).""
  - ""Hypothesis 3 proposes that the impact of available, easily accessible targets (operationalized via the proportion of single-family dwellings) will increase the chance of a neighborhood being selected for burglary. Results demonstrate that this is indeed the case in all study regions, with an increase of 10 percent in the proportion of single-family dwellings in a neighborhood increasing the odds that it will be selected for burglary by a factor of 1.19, 1.12, and 1.13 in The Hague, Birmingham, and Brisbane, respectively.""
  - ""Hypothesis 6 states that the greater the number of targets in a neighborhood, the more likely it is to be selected for burglary. Our results confirm this; increasing the number of households in a neighborhood by 1,000 increases the odds it will be selected for burglary by a factor of 1.34 in The Hague, 1.76 in Birmingham, and 1.47 in Brisbane.""
  - ""According to Hypothesis 7, the effect of proximity of a neighborhood to the home of the burglar is stronger for juvenile burglars than for adult burglars. To test this hypothesis, equation (A1) in the Appendix was modified, so that effects of proximity are estimated separately for adults and juveniles (as defined by the legal driving age in each study region-under 18 years of age in The Netherlands and under 17 in the United Kingdom and Australia 9 ), giving rise to equation (A2) in the Appendix. The results are presented in Table 4 . Because the other five variables are almost identical to those in Table 3 , we focus solely on the estimated effects of proximity. For both juveniles and adults, the effects of proximity are positive and significant. Moreover, in support of Hypothesis 7, in all three study regions, the proximity effects are larger for juveniles under the legal driving age than for adults.""",,"- The paper uses a discrete spatial choice model to analyze the factors influencing burglar target selection across three study regions: The Hague, Birmingham, and Brisbane.
- The model estimates the impact of various independent variables on the likelihood of a neighborhood being selected for burglary, using odds ratios (ORs) as the measure of effect size.
- The paper provides specific odds ratios for several hypotheses:
  - Hypothesis 4: Proximity to an offender's home increases the odds of selection by 67% in The Hague, 90% in Birmingham, and 21% in Brisbane for each kilometer closer.
  - Hypothesis 3: A 10% increase in single-family dwellings increases the odds by a factor of 1.19 in The Hague, 1.12 in Birmingham, and 1.13 in Brisbane.
  - Hypothesis 6: Increasing the number of households by 1,000 increases the odds by a factor of 1.34 in The Hague, 1.76 in Birmingham, and 1.47 in Brisbane.
- The paper also discusses the effect of proximity on juvenile versus adult burglars, indicating that proximity effects are larger for juveniles under the legal driving age than for adults.","  - ""The conditional logit model was used to estimate parameters of the behavioral rule using maximum likelihood methods.""
  - ""The discrete spatial choice approach is an application of the discrete choice method used extensively in micro economics to analyze choice behavior.""
  - ""The utility equation that is estimated to test Hypotheses 1 to 6 and the corresponding hypotheses on cross-region equality is given by:""",,"- The paper mentions the use of a ""conditional logit model"" which is a statistical method often used in discrete choice analysis. This suggests that a software capable of running such models was likely used.
- The ""discrete spatial choice approach"" is described as an application of the discrete choice method, which is commonly implemented in software like BIOGEME or Nlogit, both of which are specialized for discrete choice modeling.
- The paper does not explicitly mention any specific software or programming tools by name, but the methods described are typically associated with specialized software for discrete choice analysis.","  - ""Study regions and their associated choice set geographies (NL-neighborhoods, UK-Super Output Areas [medium layer], AU-Statistical Local Areas) were selected based on equivalence in size of the known burglar population, number of targets (households) within each area, and total number of areas in a study region.""
  - ""The variable number of households is an operationalization of the target availability construct and simply represents the total number of residential dwellings, and thus potential targets for residential burglary, found within the area.""
  - ""The variable proportion of single-family dwellings is an operationalization of the target accessibility construct and is measured as the proportion of residential dwellings in a given area not categorized as flats/apartments.""
  - ""The variable residential mobility is an operationalization of the community stability construct and is calculated by estimating the resident ''turnover'' for an area.""
  - ""The variables proximity and proximity to city center describe the distance between an offender's home area and the alternative in question, and the distance between the alternative and the city center of the study region, respectively.""
  - ""Study regions were purposefully selected based on differences in target density, aligning with our aims to assess the consistency of relationships across differing environmental settings.""",,"- The paper discusses the selection of spatial units (neighborhoods, Super Output Areas, Statistical Local Areas) based on equivalence in size and number of targets, which could relate to MAUP considerations.
- The operationalization of variables such as target availability, target accessibility, and community stability suggests attention to how these factors are aggregated and measured at different spatial scales.
- The use of different spatial units across countries (e.g., neighborhoods in the Netherlands, Super Output Areas in the UK, Statistical Local Areas in Australia) could introduce scale effects or aggregation bias, but this is not explicitly discussed in terms of MAUP.
- The paper does not explicitly mention the Modifiable Areal Unit Problem (MAUP) or ecological fallacy, nor does it discuss scale effects, aggregation bias, or spatial autocorrelation issues in relation to these concepts.
- The focus is on the consistency of relationships across different environmental settings rather than on the implications of spatial unit selection on the analysis.","  - ""The approach taken here allows differences in degree to be detected (i.e., magnitude of relationships) and statistically tested.""
  - ""The following two sections provide complete details of the statistical model used and analytical strategy undertaken.""
  - ""The discrete spatial choice approach is an application of the discrete choice method used extensively in micro economics to analyze choice behavior.""
  - ""The spatial variant of discrete choice applied here differs by modeling decisions involving a spatially referenced alternative.""
  - ""Study regions and their associated choice set geographies (NL-neighborhoods, UK-Super Output Areas [medium layer], AU-Statistical Local Areas) were selected based on equivalence in size of the known burglar population, number of targets (households) within each area, and total number of areas in a study region.""
  - ""the size of Brisbane neighborhoods, and in turn, the spatial densities of potential targets found within them, which are considerably lower than in The Hague and Birmingham.""
  - ""Differences in kind and degree such as those observed in this study present a challenge for scholars in providing a parsimonious explanation of the role that environments play in shaping offender calculus.""
  - ""Considering these findings, differences in the magnitude of impact that target proximity has on location choices of offenders are of particular interest because it may suggest that the commonly observed distance decay curve is at least in part reflective of the number of potential targets available to offenders within a given distance.""",,"- The study uses a discrete spatial choice approach to analyze burglar target selection, which involves modeling decisions based on spatially referenced alternatives. This suggests a focus on spatial scales but does not explicitly mention sensitivity analysis.
- The study compares results across different spatial scales by using different geographical units for each study region (neighborhoods in The Hague, Super Output Areas in Birmingham, and Statistical Local Areas in Brisbane). This comparison is based on the equivalence in size of the known burglar population and number of targets.
- The study discusses differences in the magnitude of impact across these regions, particularly noting the effect of target density on proximity preferences. This implies a consideration of how spatial scales (e.g., neighborhood size and target density) influence results.
- However, there is no explicit mention of a sensitivity analysis conducted using different spatial unit sizes or scales. The study does not describe any systematic variation of spatial scales to test the robustness of findings.","  - ""To conclude, we outline several avenues of future research that could extend the ideas presented here in terms of breadth and depth.""
  - ""First, criminological knowledge can be made broader by applying the specified behavioral rule in more study regions.""
  - ""Second, our understanding about spatial preferences of offenders can be deepened by expanding the behavioral rule to include more nuanced factors underpinned by theory.""
  - ""For instance, Beavon et al. (1994), later replicated by Johnson and Bowers (2010), demonstrate that characteristics of street networks influence the volume and distribution of crimes.""
  - ""Incorporating the permeability and connectedness of alternatives might shed light on spatial preferences.""
  - ""Equally, the role that public transport networks play in connecting spatial areas could be investigated.""
  - ""Finally, while the conditional logit model presented here provides an elegant means to test hypotheses concerning offender location choices, as currently implemented, it operates under a number of assumptions that warrant further investigation.""
  - ""Relaxing this assumption involves the use of a more complex statistical model, the mixed logit (Train 2009), but should yield more precise estimates of spatial preferences.""",,"- The authors suggest future research directions to broaden and deepen criminological knowledge, which includes applying the behavioral rule to more study regions (Quote 1 and 2).
- They propose expanding the behavioral rule to include more nuanced factors such as street network characteristics and public transport networks (Quotes 3, 4, 5, and 6).
- The authors also suggest methodological improvements by relaxing assumptions in the current statistical model and using more complex models like the mixed logit to improve precision (Quotes 7 and 8).
- These suggestions are about improving the spatial analysis by considering different factors and models rather than specifically changing the spatial unit size or spatial unit of analysis."
ROLE OF THE STREET NETWORK IN BURGLARS' SPATIAL DECISION-MAKING *,"Michael J Frith, Shane D Johnson, Hannah M Fry",-,-,CrimRxiv,63,2017,"- Idiosyncratic farness: For every 10 minutes a street segment is from an offender's home location, the odds of it being selected decreases on average by 0.31.
- Idiosyncratic betweenness: For every 10 percent increase in ""idiosyncratic betweenness,"" the odds of a street segment being selected increases on average by 2.51.
- Vehicular betweenness: Segments with greater levels of vehicular traffic were less likely to be chosen (no specific OR provided).
- Residential mobility and socioeconomic heterogeneity: Positively associated with a location being selected for burglary.
- Affluence: Negatively associated with a location being selected for burglary.",Stata,"The authors discuss the Modifiable Areal Unit Problem (MAUP) by justifying their choice of street segments as the unit of analysis. They argue that this scale better captures the spatial logic of offender decision-making and allows for more precise measurement of constructs like guardianship and awareness spaces. They also acknowledge that using smaller spatial units helps to avoid aggregation bias and captures local variations that would be lost at larger scales. The discussion implies an awareness of scale effects and spatial autocorrelation issues, as they highlight the importance of the road network layout in influencing crime patterns.","- A sensitivity analysis was conducted to test the impact of different random selections of offenders on the results, confirming that alternative selections produced the same pattern of results.
- A sensitivity test was performed by excluding prolific residential burglars (those who committed more than 10 offenses) from the analysis, which revealed the same pattern of results as the main analysis.
- Sensitivity tests were conducted to examine the choice of radii used, finding generally consistent results for 'local' distances ranging from 2.5 to 15 minutes, although effects diminished for greater distances.","- Future research should consider using finer spatial scales, such as street segments, to better capture offender decision-making.
- Novel measures of offender awareness could be further developed by using other anchor points like place of work or other locations.
- Extending established betweenness measures to consider temporal variations in traffic flows and public transportation systems could provide additional insights.
- Explaining variation in individual taste preferences across offenders is a challenge for future research.","  - ""The top panel of table 3 shows the point estimates for the mean (recall that for the ML model a distribution of coefficients is computed for each independent variable) multiplicative odds ratio (OR) of a target street segment being selected after a one-unit increase in the relevant independent variable.""
  - ""In terms of the results for the final model, the findings suggest that for every 10 minutes a street segment is from an offender's home location, the odds of it being selected (all else equal) decreases on average by .31.""
  - ""In contrast, for every 10 percent increase in ""idiosyncratic betweenness,"" the odds of a street segment being selected increases (on average) by 2.51.""
  - ""For vehicular betweenness, the point estimate was also statistically significant and suggests that, all else equal, segments that are expected to contain greater levels of vehicular traffic were less likely to be chosen.""
  - ""Although entered predominantly as control variables and not shown in table 3 (see appendices D and E in the online supporting information), it is worth noting that two social disorganization variables (residential mobility and socioeconomic heterogeneity) were both statistically significant and positively associated with a location being selected for a burglary, as expected.""
  - ""A third (affluence) was also statistically significant and negatively associated with a location being selected for burglary.""",,"- The paper provides odds ratios (ORs) for various independent variables in the context of a mixed logit model. These ORs are measures of effect size, indicating how changes in the independent variables affect the likelihood of a street segment being selected for burglary.
- The ORs are provided for specific variables: ""idiosyncratic farness"" (a measure of travel time), ""idiosyncratic betweenness"" (a measure of familiarity), and ""vehicular betweenness"" (a measure of vehicular traffic).
- For ""idiosyncratic farness,"" a 10-minute increase in travel time decreases the odds of selection by 0.31, indicating a negative effect on the likelihood of burglary.
- For ""idiosyncratic betweenness,"" a 10% increase in familiarity increases the odds of selection by 2.51, indicating a positive effect on the likelihood of burglary.
- Vehicular betweenness is associated with a decrease in the likelihood of burglary, although a specific OR value is not provided in the quoted text.
- Social disorganization variables like residential mobility and socioeconomic heterogeneity are positively associated with burglary likelihood, while affluence is negatively associated.","  - ""analyses were also conducted with equivalent MSL models that use the ""mixlogit"" (Hole, 2007a (Hole, , 2007b) ) routine in Stata (StataCorp, College Station, TX).""
  - ""We used various numbers of Halton draws (all of which converged), with and without correlated coefficients. These analyses generated the same pattern of results as for the HB models and so are discussed no further.""",,"- The paper mentions the use of ""Stata"" multiple times, indicating that Stata was a primary software tool used for data analysis.
- The ""bayesmixedlogit"" routine is specifically mentioned as being used in Stata, which is a statistical software package.
- The ""mixlogit"" routine is also mentioned as being used in Stata, further confirming the use of Stata for data analysis.
- There is no mention of other software tools such as R, Python, SPSS, SAS, or any other analytical platforms, so it appears that Stata was the primary software used.","  - ""the unit of analysis is the street segment.""
  - ""For example, people do not navigate from one large area to another; they navigate along the road network. As such, a spatial resolution at this scale (e.g., street segment) should better capture the spatial logic of offender decision-making (Johnson and Bowers, 2010). Also, as constructs such as (the potential for) guardianship and awareness spaces can be more precisely measured at this level, street segments are a natural unit for studying crime (Weisburd, Groff, and Yang, 2012).""
  - ""The study area was defined by identifying the ""built-up areas"" of the three towns and by applying a 1-km buffer around them (for a map of the study area, see appendix A in the online supporting information 1 ). The resulting study area covers a geography of approximately 150 km 2 and includes 81,682 dwellings situated on 5,286 street segments.""
  - ""In summary, in the current study, we used graph theory metrics and a mixed logit approach to test theories of criminal location choice for the crime of burglary. Analyses were conducted at a much finer spatial scale than has been generally the case hitherto. This is important not because smaller is better but because the street segment is likely one key scale at which people navigate their environment and events (criminal or otherwise) take place.""
  - ""These smaller spatial units are also methodologically justified as even if an offender's mental map is more generalized than is specified, local variations would be unobserved if aggregated before measurement (Bernasco, 2010b)""",,"- The authors discuss the selection of the spatial unit of analysis, which is the street segment. This choice is justified by the need to capture the spatial logic of offender decision-making and to measure constructs like guardianship and awareness spaces more precisely.
- The use of street segments as the unit of analysis is methodologically justified because it allows for the observation of local variations that would be lost if larger spatial units were used.
- The authors mention that their analysis is conducted at a finer spatial scale than previous studies, which implies an awareness of scale effects and the potential for aggregation bias if larger units were used.
- The discussion about navigating along the road network and the importance of street segments in capturing spatial logic suggests an understanding of spatial autocorrelation issues, as it implies that crime patterns are influenced by the layout and connectivity of the road network.","  - ""A sensitivity analysis confirmed that alternative (random) selections produced the same pattern of results.""
  - ""As a sensitivity test, the statistical models that follow were conducted with the prolific residential burglars (those who committed more than 10 offenses) excluded. The results of those analyses (available by request) revealed the same pattern of results as those reported later in this article and are hence discussed no further.""
  - ""Sensitivity tests were performed to examine the choice of radii used. Generally consistent results (available by request) were found for ""local"" distances ranging from 2.5 to 15 minutes, although the effects reported diminish for greater distances.""",,"- The first quote indicates that a sensitivity analysis was conducted to test the impact of different random selections of offenders on the results. This suggests that the study checked if the results were robust to different offender selection methods.
- The second quote mentions a sensitivity test where prolific offenders were excluded from the analysis to see if the results changed. This indicates that the study tested the robustness of their findings to the exclusion of frequent offenders.
- The third quote shows that sensitivity tests were performed to examine the choice of radii used in the analysis. This means that the study tested how different spatial scales (radii) affected the results, specifically looking at distances ranging from 2.5 to 15 minutes.","  - ""The remainder of this article is organized as follows. In the next section, theoretical perspectives and research are reviewed to introduce the theoretical model. The second and third sections describe the data and analytic strategy, respectively. The latter includes a discussion of the application of graph theory to quantify the character of the road network, as well as the statistical model employed.""
  - ""The aim of prior research has been to examine the role of the road network on crime, but it has failed to isolate the influence of these two mechanisms. This is largely because analyses have been conducted to examine only the location of crime events, without reference to the offenders involved.""
  - ""in most previous studies, scholars have examined offender location choice at the area level (for the exceptions, see Bernasco, 2010b, and Vandeviver et al., 2015). Here, consistent with contemporary theory (Weisburd, Groff, and Yang, 2012) and the research questions at hand, we do so at the street segment level.""
  - ""For example, people do not navigate from one large area to another; they navigate along the road network. As such, a spatial resolution at this scale (e.g., street segment) should better capture the spatial logic of offender decision-making (Johnson and Bowers, 2010).""
  - ""in the current study, we used graph theory metrics and a mixed logit approach to test theories of criminal location choice for the crime of burglary. Analyses were conducted at a much finer spatial scale than has been generally the case hitherto.""
  - ""This choice of scale enabled the generation of novel ""idiosyncratic"" measures of offender awareness. These might be further developed in future research with other anchor points of importance to an offender, such as place of work or other locations.""
  - ""The more established (overall) betweenness measures could also be extended to consider (for example) temporal variation in traffic flows, public transportation systems, and other factors.""
  - ""A challenge for future research will be to explain this variation.""",,"- The authors discuss the limitations of previous studies that have analyzed crime at larger spatial units, such as area levels, and suggest that analyzing at the street segment level provides a finer spatial scale that better captures offender decision-making.
- They highlight the importance of using a spatial resolution that aligns with how people navigate their environment, which is along the road network rather than between large areas.
- The use of graph theory metrics and a mixed logit approach at the street segment level allowed for novel measures of offender awareness, which could be further developed in future research.
- The authors suggest that future research could extend these measures by considering other anchor points or temporal variations in traffic flows and public transportation systems.
- They also mention the need to explain variation in individual taste preferences across offenders, which could involve methodological improvements or different scales of analysis."
Modelling taste heterogeneity regarding offence location choices,Michael J Frith,-,-,Journal of Choice Modeling,13,2019,"The paper provides estimated coefficients and standard errors for LCL and CL models, and average coefficients with standard deviations for ML. It discusses the significance and direction of effects for variables like distance, ethnic heterogeneity, and socioeconomic heterogeneity, but does not provide specific numerical effect sizes like odds ratios or Cohen's d.",Stata 14,"The paper discusses the Modifiable Areal Unit Problem (MAUP) by noting that larger spatial areas are more heterogeneous and may obscure local variations. The authors use smaller spatial units (output areas/neighbourhoods) to minimize aggregation bias. They also discuss how different spatial unit sizes in different studies may lead to different results, indicating an awareness of scale effects and potential MAUP issues.",No sensitivity analysis performed.,"- Consider using smaller spatial units or different scales of analysis to better capture social organization processes.
- Analyze different types of offenders separately to account for potential differences in behavior.
- Use complementary analyses like stated preference analyses to support findings and explore alternative decision rules.","  - ""The results presented in the top panel are the estimated coefficients (LCL and CL) or the estimated average coefficients (ML) and the figures in parentheses are their respective standard errors.""
  - ""The results in the second panel are the estimated standard deviations of the average coefficients and their standard errors (for the ML).""
  - ""For the second class, offenders had a 35% probability of having these class-level preferences and being significantly influenced by five variables.""
  - ""For comparison, the results from the ML showed that offence location choices were, on average, significantly influenced by five of the eight variables.""
  - ""The ML estimated distributions for each variable across the sample are shown in Figure 1 which highlights that although the average effect of each variable across offenders may be in one direction or of one magnitude, for some offenders it is estimated to have a much smaller or larger effect and that the effect will also be opposite to the average effect for other offenders.""
  - ""The three variables were this is arguably most pronounced are ethnic heterogeneity, socioeconomic heterogeneity and having previously offended in a location.""",,"- The paper provides detailed statistical analysis using discrete choice models (LCL, ML, CL) to study offence location choices.
- The effect sizes are primarily discussed in terms of estimated coefficients and standard errors for each independent variable.
- The paper mentions that the results include estimated coefficients and standard errors for the LCL and CL models, as well as average coefficients and standard deviations for the ML model.
- The ML model provides distributions of effects across the sample, indicating variability in effect sizes among offenders.
- Specific effect sizes or odds ratios are not explicitly mentioned in the provided text, but the paper discusses the significance and direction of effects for various variables.
- The paper does not provide specific numerical values for effect sizes like odds ratios or Cohen's d, but it does describe the influence of variables on offence location choices.","  - ""The three discrete choice models of offence location choices in these analyses are all computed in Stata 14 (StataCorp, 2015).""
  - ""The CL was estimated using maximum likelihood with the built-in 'clogit' command.""
  - ""For the ML, although it could also be estimated using maximum simulation likelihood, following Frith et al. (2017) and Townsley et al. (2016), it was estimated using hierarchical Bayes using the 'bayesmixedlogit' command (Baker, 2015).""
  - ""For the LCL, there are two methods for estimation: maximum likelihood estimation (MLE) and expectation-maximisation (EM). However, because MLE can take substantially longer to compute and can also fail to achieve convergence (Bhat, 1997;Train, 2008), the LCL are estimated through EM using the 'lclogit' command (Pacifico and Yoo, 2012) and the associated standard errors using the 'gllamm' command (Rabe-Hesketh et al., 2002).""",,"- The paper explicitly mentions that the data analysis was conducted using Stata 14, which is a statistical software package.
- The use of specific commands like 'lclogit', 'gllamm', 'bayesmixedlogit', and 'clogit' indicates that these are part of the Stata software, as they are used for estimating different models within the analysis.
- The mention of StataCorp and the version number (14) further confirms that Stata was the primary software used for the analysis.","  - ""For example, while offenders' mental boundaries between areas are effectively inscrutable, and will, to some degree, vary from offender to offender, larger spatial areas tend to be more heterogeneous. As such, if larger areas are used, local variations between sub-areas would be unobserved.""
  - ""in terms of the average effect, in particular regarding three variables: ethnic heterogeneity, residential churn and affluence. For the former two variables, they are both significant positive predictors in Frith et al. (2017) which is as expected based on social disorganisation theory as more heterogeneous neighbourhoods should be less cohesive and therefore the residents are less willing to exert informal social control. They should therefore be more attractive for offenders. Here, however, and also in Townsley et al. (2016) for residential churn, they were both non-significant. Although further replication is needed to examine this;

particularly as the effects of each variable was estimated to significantly diffe r across the samples, one potential explanation regards the size of the spatial units used as alternatives as much smaller units, average size is ~0.03km 2 , are used in Frith et al. (2017) compared to here and in Townsley et al. (2016) where the average sizes are 0.44km 2 and 8.48km 2 respectively (Frith, 2019). As such, if the social organisation process generally occurs at a smaller scale (Hipp, 2007), for example between neighbours on the same street, then the average levels of those related variables at a larger scale can give misleading results.""
  - ""the alternatives in this analysis are output areas, herein referred to as neighbourhoods, which are the smallest units for which the variables in this study are available.""",,"- The paper discusses the choice of spatial units for analysis, specifically mentioning that larger spatial areas are more heterogeneous and may obscure local variations. This is a nod to the Modifiable Areal Unit Problem (MAUP), which concerns how the choice of spatial units can affect analysis outcomes.
- The authors use output areas (neighbourhoods) as the smallest available units for their variables, which suggests an attempt to minimize aggregation bias by using smaller units.
- The paper notes differences in results between studies using different spatial unit sizes, suggesting that scale effects may influence findings. This is a key aspect of MAUP, as different scales can lead to different conclusions.
- The discussion about the size of spatial units and their impact on results, particularly regarding ethnic heterogeneity and residential churn, implies an awareness of potential MAUP issues.","  - ""Although previous studies (Townsley et al., 2016;Frith et al., 2017; see also Long et al., 2018) only used the ML (and CL), like those studies this analysis highlights the presence of heterogeneity between offenders and therefore the benefits of using choice models that account for this such as the ML and LCL.""
  - ""Although further replication is needed to examine this;

particularly as the effects of each variable was estimated to significantly diffe r across the samples, one potential explanation regards the size of the spatial units used as alternatives as much smaller units, average size is ~0.03km 2 , are used in Frith et al. (2017) compared to here and in Townsley et al. (2016) where the average sizes are 0.44km 2 and 8.48km 2 respectively (Frith, 2019). As such, if the social organisation process generally occurs at a smaller scale (Hipp, 2007), for example between neighbours on the same street, then the average levels of those related variables at a larger scale can give misleading results.""
  - ""However, there are disagreements in terms of the average effect, in particular regarding three variables: ethnic heterogeneity, residential churn and affluence. For the former two variables, they are both significant positive predictors in Frith et al. (2017) which is as expected based on social disorganisation theory as more heterogeneous neighbourhoods should be less cohesive and therefore the residents are less willing to exert informal social control. They should therefore be more attractive for offenders. Here, however, and also in Townsley et al. (2016) for residential churn, they were both non-significant.""",,"- The paper discusses the use of different models (ML and LCL) to analyze offender preferences but does not explicitly mention a sensitivity analysis using different spatial unit sizes or scales.
- The paper does compare results from different studies (Townsley et al., 2016; Frith et al., 2017) that used different spatial unit sizes, noting discrepancies in findings related to ethnic heterogeneity, residential churn, and affluence.
- The paper suggests that the size of spatial units might affect the results, particularly in terms of social organization processes occurring at smaller scales, but this is not framed as a sensitivity analysis conducted within the study.
- The paper does not describe any methodological approach or key findings from a sensitivity analysis using different spatial scales within the study itself.","  - ""one potential explanation regards the size of the spatial units used as alternatives as much smaller units, average size is ~0.03km 2 , are used in Frith et al. (2017) compared to here and in Townsley et al. (2016) where the average sizes are 0.44km 2 and 8.48km 2 respectively (Frith, 2019). As such, if the social organisation process generally occurs at a smaller scale (Hipp, 2007), for example between neighbours on the same street, then the average levels of those related variables at a larger scale can give misleading results.""
  - ""Another key issue regards the lack of substantiation of the offending decision process as modelled in these analyses. For example, where revealed preference analyses, such as in this study, rely on accurately numerating the choices including the alternatives and their (perceived) attributes. As such, complementary analyses such as those of stated preferences, which have yet to be used in the context of offending research, should be considered to support the findings.""
  - ""In this analysis a range of offence types were grouped together. While the offence choice criteria are expected to similarly effect the different types of offenders and this approach has been used in other analysis (e.g. Bernasco, 2010;Lammers et al., 2015), it ignores that some types of offenders may behave differently with respect to these factors. This should be considered in future analyses especially where there is enough data to separately estimate these types of models (that can incorporate and estimate heterogeneity) on the different types of offenders.""
  - ""Stated preference analyses, and future revealed preference analyses, may also consider one of the underlying assumptions of the choice framework currently employed within this research: that the decisionmakers are utility maximisers. That is, and while these and other types of offenders are generally considered to be boundedly rational utility maximisers (e.g. Cornish and Clarke, 1986;Clarke and Felson, 1993), there has been no investigation or testing of competing or complementary decision rules in the context of offence location choice decisions.""",,"- The paper discusses the potential impact of spatial unit size on the analysis, suggesting that smaller units might provide more accurate results because social organization processes occur at smaller scales.
- The authors suggest that future analyses should consider using smaller spatial units or different scales of analysis to better capture the nuances of offender behavior.
- The paper also recommends considering different types of offenders separately in future analyses to account for potential differences in behavior.
- The authors suggest the use of complementary analyses, such as stated preference analyses, to support findings and explore alternative decision rules beyond utility maximization."
Graffiti Writers Choose Locations That Optimize Exposure,"K Kuralarasan, Wim Bernasco, Christophe Vandeviver",-,-,Crime &amp; Delinquency,1,2024,"- Bars: OR = 1.065, increase by 10.1%
- Night shops: OR = 1.302, increase by 30.2%
- Nightclubs: OR = 1.084, increase by 8.4%
- Restaurants: OR = 1.058, increase by 5.8%
- Schools: OR = 1.235, increase by 23.5%
- Residential units: OR = 1.034, increase by 3.4% for every 10 units
- Trees: OR = 0.990, decrease by 1%
- Street network centrality: OR = 1.161, increase by 16.1% for every 1 standard deviation
- Street segment surface size: OR = 1.007, increase by 0.7% for every 10 m^2
- Intersections: OR = 0.473, decrease by 54.5%
- Regular street segments: OR = 0.556, decrease by 44.4%",Not mentioned (the paper does not specify the software used for data analysis),No MAUP discussion present.,No sensitivity analysis performed.,Not mentioned (the paper does not discuss future suggestions related to spatial unit size or spatial unit of analysis),"  - ""The findings show that for every additional bar in a segment, the odds of it being chosen by graffiti writers increase by 10.1% (OR = 1.065, p < .01).""
  - ""Similarly, adding another night shop in a segment increases the selection odds by 30.2% (OR = 1.302, p < .01).""
  - ""Findings also indicate that the presence of each additional nightclub, restaurant, and school in a segment increases the odds of selection by 8.4% (OR = 1.084, p < .01), 5.8% (OR = 1.058, p < .01), and, 23.5% (OR = 1.235, p < .01), respectively.""
  - ""Moreover, an increase of 10 residential units in a segment escalates its odds of being chosen by 3.4% (OR = 1.034, p < 0.01).""
  - ""The presence of one additional tree along the street slightly decreases the odds by 1% (OR = 0.990, p < .01).""
  - ""Regarding the standardized measure of street network centrality, a rise of 1 standard deviation of betweenness increases the odds of selection by 16.1% (OR = 1.161, p < .01),""
  - ""street segment surface size has a positive effect: a 10 m 2 size increase is associated with a 0.7% (OR = 1.007, p < .01) increase in the odds of being selected.""
  - ""The three types of street segments also display differences, with intersections and regular street segments both being less preferred than bridges, decreasing the selection odds by 54.5% (OR = 0.473, p < .01) and 44.4% (OR = .556, p < .01), respectively.""",,"- The paper reports odds ratios (OR) for various independent variables that influence graffiti writers' location choices.
- The odds ratios are provided for the presence of different types of establishments (bars, night shops, nightclubs, restaurants, schools) and other street segment characteristics (residential units, trees, street network centrality, surface size).
- Each odds ratio indicates the percentage change in the likelihood of a street segment being chosen for graffiti writing when the specified characteristic is present or increased by one unit.
- The odds ratios are statistically significant, as indicated by p-values less than 0.01, suggesting that these factors have a significant impact on graffiti writers' location choices.","  - ""In this study, we investigated the factors that influence the location choice of graffiti writers, using the rational choice perspective (RCP) and spot theory as a theoretical framework and the discrete spatial choice model as a technique to assess graffiti writers' preferences for specific street segment characteristics.""
  - ""We employ a discrete spatial choice model, specifically the conditional logit model, which is one of the methods used under discrete choice models (Bernasco, 2023).""
  - ""In line with the rational choice perspective and consistent with the extant location choice literature on offending (see Ruiter, 2017), we used the discrete choice model to examine our hypotheses by estimating the location preferences of graffiti writers.""
  - ""Data and scripts utilized for this analysis are available on https://github.com/ KKural/SSO_graffiti.""
  - ""We use the rational choice perspective (RCP) and spot theory as our theoretical framework to investigate the decision-making processes guiding graffiti writers' location choices.""",,"- The paper mentions the use of a ""discrete spatial choice model"" and specifically a ""conditional logit model,"" which are statistical techniques rather than software tools.
- The mention of ""discrete choice models"" suggests the use of software that can handle such models, but the paper does not specify the software used.
- The availability of data and scripts on GitHub implies that programming tools or analytical platforms were used, but again, the specific software is not mentioned.
- The paper does not explicitly mention any statistical software, programming tools, or analytical platforms such as R, Stata, Python, SPSS, SAS, BIOGEME, Nlogit, ArcGIS, QGIS, or Mplus.","  - ""The study area does not have transit lines other than the trams and buses on the streets, and we haven't observed graffiti along railway tracks or on trains.""
  - ""Our final dataset includes information from 2,233 street segments from the original 2,392. A total of 159 segments were not observed for various reasons and were excluded from the analysis (see Figure A1 for map).""
  - ""We chose to represent street segments using polygons rather than the more common ""line"" representations. ""Line"" representations fail to adequately capture the complexities of older European city urban spaces, particularly when it comes to accurately portraying intersections and bridges that span canals and rivers.""
  - ""The spatial resolution of a street segment naturally corresponds to human observational limitations. It possesses attributes suitable for direct sensory perception, making it especially relevant for measuring exposure.""
  - ""We adopted street segments as our spatial unit of analysis, aligning with recent research advocating the use of street segments or similarly sized spatial units for analyzing crime and disorder (Groff et al., 2010;Weisburd et al., 2004).""",,"- The authors discuss the selection of street segments as their spatial unit of analysis, which is a common approach in crime and disorder studies. This choice is justified by the alignment with recent research and the suitability of street segments for measuring exposure.
- The use of polygons to represent street segments is mentioned as a way to capture the complexities of urban spaces, particularly in older European cities. This suggests a consideration of spatial representation but does not directly address MAUP or ecological fallacy.
- The exclusion of certain segments due to observational limitations is noted, but this does not explicitly discuss MAUP or scale effects.
- There is no explicit mention of the Modifiable Areal Unit Problem (MAUP), ecological fallacy, scale effects, aggregation bias, or spatial autocorrelation issues in the provided text.","  - ""We adopted street segments as our spatial unit of analysis, aligning with recent research advocating the use of street segments or similarly sized spatial units for analyzing crime and disorder (Groff et al., 2010;Weisburd et al., 2004).""
  - ""The spatial resolution of a street segment naturally corresponds to human observational limitations. It possesses attributes suitable for direct sensory perception, making it especially relevant for measuring exposure.""
  - ""Our final dataset includes information from 2,233 street segments from the original 2,392. A total of 159 segments were not observed for various reasons and were excluded from the analysis (see Figure A1 for map).""
  - ""We chose to represent street segments using polygons rather than the more common ""line"" representations. ""Line"" representations fail to adequately capture the complexities of older European city urban spaces, particularly when it comes to accurately portraying intersections and bridges that span canals and rivers.""
  - ""The study area does not have transit lines other than the trams and buses on the streets, and we haven't observed graffiti along railway tracks or on trains.""
  - ""In summary, the findings of this study support our hypothesis that graffiti writers prefer locations with high exposure. This preference aligns well with the theoretical framework of the rational choice perspective and spot theory.""
  - ""While our study offers insights into the spatial preferences of graffiti writers, it has some limitations. First, our observations and conclusions are derived from a specific urban context. Since the nature of graffiti and public perceptions toward it can vary in different urban environments, the behaviors of graffiti writers may differ as well. Thus, consideration should be taken when generalizing these findings to broader or different contexts.""",,"- The study uses street segments as the spatial unit of analysis, which is a common approach in crime and disorder studies.
- The choice of street segments is justified by their correspondence to human observational limitations and their suitability for measuring exposure.
- The study does not mention any sensitivity analysis conducted using different spatial unit sizes or scales. The focus is on the use of street segments as the primary unit of analysis.
- The study does not compare results across different spatial scales or conduct any sensitivity analysis to assess how different spatial unit sizes might affect the findings.
- The limitations section does not mention any sensitivity analysis or comparison across different spatial scales.","  - ""Future research could delve into other aspects of graffiti location choice and could include cross-cultural studies to understand how preferences vary by context and are influenced by cultural and societal factors.""
  - ""Qualitative research methods, like interviews and in-situ observations, could provide deeper insights into writers' motivations.""
  - ""The relationship between urban planning, law enforcement strategies, graffiti removal, and graffiti location choices could also be investigated.""
  - ""In the digital age, where social media offers exposure, studying how this influences graffiti writers compared to traditional methods could reveal shifts in their motivations.""
  - ""Additionally, exploring tolerance and its correlation with graffiti incidents can provide insights into social acceptance and its influence on location choice.""
  - ""Further research could consider different graffiti types, examining how style and content influence location choices.""
  - ""Competitive dynamics among writers and their quest for space and recognition could also be studied.""",,"- The authors suggest future research directions that could enhance understanding of graffiti location choices, but they do not specifically address spatial unit size or spatial unit of analysis.
- The suggestions focus on exploring different aspects of graffiti writing, such as cultural influences, motivations, urban planning, and social media impact, rather than methodological improvements related to spatial boundaries.
- There is no mention of alternative spatial units, different scales of analysis, or optimal unit sizes in the provided text.
- The focus is on expanding the scope of research rather than refining the spatial analysis methodology."
Modelling the spatial decision making of terrorists: the discrete choice approach,-,-,-,Applied Geography,21,2019,"- Distance from home to target: e = 0.61
- Presence of a major road: e = 1.77
- Presence of a military base or police station: e = 13.78",STATA,"The authors discuss the Modifiable Areal Unit Problem (MAUP) by acknowledging that areal unit boundaries are arbitrary and lack ecological meaning, which can lead to aggregation bias. They also mention that smaller units are more appropriate for certain analyses, indicating awareness of scale effects. Additionally, they discuss how larger units affect the independence of irrelevant alternatives (IIA) in conditional logit estimation, which relates to spatial autocorrelation issues. Although they do not explicitly mention ""MAUP"" or ""ecological fallacy,"" their discussion aligns with these concepts.",No sensitivity analysis performed.,"- Use smaller spatial units like street blocks for more accurate analysis of social disorganisation.
- Replicate the study in other cities and with different terrorist groups to ensure transferability.
- Further disaggregate data for more detailed analysis.
- Consider alternative models like mixed logit or latent class models.
- Incorporate temporal variations into the analysis to better understand target selection patterns.","  - ""The coefficient of the first distance parameter is in line with hypothesis 1. The results show that an increase in distance to the target SA from the home location will decrease the likelihood that this SA will be chosen as a target (e  = 0.61, p<.001).""
  - ""As predicted, the presence of a military base or police station increased the likelihood that the area would be chosen as a target (e  = 13.78, p<.001).""
  - ""The e parameters in all results tables are representative of the multiplicative odds ratio of a target SA being selected, following an increase of one unit in the relevant variable.""
  - ""In line with hypothesis 4, the presence of a major road was associated with target choice, increasing the likelihood of the SA being chosen as a target by a factor of 1.77 (p<.001).""",,"- The paper provides odds ratios (e) for several independent variables, which are measures of effect size.
- The odds ratio for distance from home to target is 0.61, indicating that an increase in distance decreases the likelihood of an area being chosen as a target.
- The presence of a major road increases the likelihood of an area being chosen by a factor of 1.77.
- The presence of a military base or police station increases the likelihood of an area being chosen by a factor of 13.78.
- These odds ratios are measures of effect size, indicating how much each independent variable affects the likelihood of an area being chosen as a target.","  - ""The conditional logit model tested the hypotheses. All models were estimated using STATA and McFadden, 1975; McFadden, 1979; Louviere et al., 2000;""",,"- The paper explicitly mentions that the statistical analysis was conducted using ""STATA.""
- The mention of ""STATA"" is directly related to the estimation of the conditional logit model, which is a statistical technique used in the study.
- There is no mention of any other software or tools being used for data analysis in the paper.","  - ""Areal unit boundaries are arbitrary and lack ecological meaning (Bursik, 1986) and the characteristic data used may not be an accurate representation of the perceptions of those living in the areas (Coulton et al., 2001).""
  - ""However, larger areal units such as small areas relax the effects of independence of irrelevant alternatives (IIA) which is a consideration of the conditional logit estimation.""
  - ""The theoretical notions apply to much smaller units and the street block is the most appropriate unit for analysis (Taylor, 1997).""
  - ""Smaller units would enable factors such as the effects of social disorganisation to be touched upon, if the data was available.""",,"- The authors acknowledge that areal unit boundaries are arbitrary and lack ecological meaning, which is a key aspect of the Modifiable Areal Unit Problem (MAUP). This suggests they are aware of the potential for aggregation bias.
- They mention that smaller units would be more appropriate for analyzing certain factors, indicating a recognition of scale effects and the potential for more accurate analysis at smaller scales.
- The discussion about larger areal units relaxing the effects of independence of irrelevant alternatives (IIA) in conditional logit estimation touches on the issue of spatial autocorrelation and how it might be affected by the choice of spatial unit.
- The authors do not explicitly use the term ""MAUP"" or ""ecological fallacy,"" but their discussion about the limitations of areal units and the implications for analysis aligns with concerns related to these issues.","  - ""The theoretical notions apply to much smaller units and the street block is the most appropriate unit for analysis (Taylor, 1997). However, larger areal units such as small areas relax the effects of independence of irrelevant alternatives (IIA) which is a consideration of the conditional logit estimation.""
  - ""There are several ways this study could be improved and expanded on through the further disaggregation of data.""
  - ""As well as the necessity of replicating this study using other cities in Northern Ireland where PIRA were in operation, further studies should examine different terrorist groups to identify how transferable the effects are to different contexts.""
  - ""Areal unit boundaries are arbitrary and lack ecological meaning (Bursik, 1986) and the characteristic data used may not be an accurate representation of the perceptions of those living in the areas (Coulton et al., 2001). Smaller units would enable factors such as the effects of social disorganisation to be touched upon, if the data was available.""",,"- The paper discusses the limitations of using ""small areas"" as the spatial unit, noting that these boundaries are arbitrary and may not accurately reflect the perceptions of residents.
- It suggests that smaller units, such as street blocks, would be more appropriate for analysis but acknowledges that larger units like ""small areas"" are used to mitigate issues like the independence of irrelevant alternatives (IIA) in the conditional logit model.
- The paper does not conduct a sensitivity analysis using different spatial unit sizes or scales within the study itself. Instead, it suggests future research directions that could involve examining different spatial scales or units.
- The paper does not provide any comparison of results across different spatial scales or methodological approaches for sensitivity analysis.","  - ""Areal unit boundaries are arbitrary and lack ecological meaning (Bursik, 1986) and the characteristic data used may not be an accurate representation of the perceptions of those living in the areas (Coulton et al., 2001). Smaller units would enable factors such as the effects of social disorganisation to be touched upon, if the data was available.""
  - ""The theoretical notions apply to much smaller units and the street block is the most appropriate unit for analysis (Taylor, 1997).""
  - ""However, larger areal units such as small areas relax the effects of independence of irrelevant alternatives (IIA) which is a consideration of the conditional logit estimation.""
  - ""As well as the necessity of replicating this study using other cities in Northern Ireland where PIRA were in operation, further studies should examine different terrorist groups to identify how transferable the effects are to different contexts.""
  - ""There are several ways this study could be improved and expanded on through the further disaggregation of data.""
  - ""Other models, such as a mixed logit (McFadden and Train, 2000) or latent class model, could be considered in future studies.""
  - ""Temporal variations are often neglected in criminological research (Ratcliffe, 2006). Using a model of spatiotemporal choice as opposed to spatial choice may demonstrate that certain types of attacks were more likely to occur on certain days of the week, or certain times of day (included in the set of alternatives), and improve the understanding of target selection.""",,"- The authors suggest that smaller spatial units, such as street blocks, would be more appropriate for analysis because they can capture factors like social disorganisation more accurately (Quote 1 and 2).
- They acknowledge that larger units like ""small areas"" have their own advantages, such as reducing the effects of independence of irrelevant alternatives (IIA), but this does not necessarily address the issue of optimal unit size for capturing detailed spatial dynamics (Quote 3).
- The authors propose replicating the study in other cities and examining different terrorist groups to ensure the findings are transferable (Quote 4).
- They suggest further disaggregation of data and the use of alternative models like mixed logit or latent class models to improve analysis (Quote 5 and 6).
- The authors also recommend incorporating temporal variations into the analysis to better understand target selection patterns (Quote 7)."
Spatial analysis with preference specification of latent decision makers for criminal event prediction,"Yifei Xue, Donald E Brown",-,-,Decision Support Systems,66,2006,"Not mentioned (the paper does not provide specific effect sizes such as odds ratios, hazard ratios, or Cohen's d)",GIS (part of ReCAP system),"No MAUP discussion present. While the paper discusses spatial unit selection and aggregation, it does not explicitly address the Modifiable Areal Unit Problem (MAUP) or ecological fallacy. The choice of spatial units and aggregation methods implies some consideration of scale effects and aggregation bias, but these are not explicitly discussed in relation to MAUP.",No sensitivity analysis performed.,Not mentioned (the paper does not explicitly propose future suggestions or improvements regarding spatial unit size or spatial unit of analysis),"  - ""the testing results in Table 2""
  - ""The Z statistic is the Wilcoxon test statistic. The p value is the probability that is the significance level for the test.""
  - ""The comparison results in Table 2 indicate that the two new spatial choice models significantly outperform the hot spot model. The distinct spatial choice model also significantly outperforms the uniform spatial choice model.""",,"- The paper discusses the performance of two new spatial choice models compared to a hot spot model using density estimation.
- The comparison is based on the Wilcoxon signed rank test, which is a non-parametric test used to compare paired samples.
- The results are presented in terms of statistical significance, with p-values indicating the probability that the observed differences are due to chance.
- The paper does not provide specific effect sizes such as odds ratios, hazard ratios, or Cohen's d. Instead, it focuses on the statistical significance of the differences between the models.
- The Z statistic and p-value are mentioned, but these are not effect sizes; they are measures of statistical significance.","  - ""The data for model evaluation came from the Regional Crime Analysis Program (ReCAP). ReCap was created as a cooperative project between local police departments in Northern and Central Virginia and the researchers in the University of Virginia. ReCAP system uses databases, a geographic information system (GIS), and statistical tools to analyze, predict, and display future crime patterns.""
  - ""The features of each spatial alternative come from the combination of census data and calculated distance values. The feature values are appended to the crime records by locations of criminal incidents.""
  - ""The specific data set used for evaluating this work came from the criminal incident reporting mainframe system (RAMS). It is the data set used by the police department in Richmond, VA.""
  - ""The analysis of B & E is related to locations of households in a city. However, it is difficult to represent all locations of individual houses in even a modest sized city, such as Richmond. Therefore, we aggregated alternatives using 2517 regular grids, which were assumed to be fine enough to represent all spatial alternatives within this area.""",,"- The paper mentions the use of a Geographic Information System (GIS) as part of the ReCAP system, which is a key tool for spatial analysis.
- The ReCAP system also uses databases and statistical tools, but specific software names are not mentioned.
- The paper does not explicitly mention any specific statistical software, programming tools, or analytical platforms like R, Stata, Python, SPSS, SAS, etc.
- The focus on GIS suggests that spatial analysis software like ArcGIS or QGIS might be used, but this is not explicitly stated.","  - ""The results demonstrate that the analysis of feature values attached to all spatial alternatives and the analysis of specified preferences of decision makers lead to improvement in the prediction of future crime locations.""
  - ""The sub regions shown in Fig. 1 are block groups, which are the smallest areas, for which census counts are recorded.""
  - ""Therefore, we aggregated alternatives using 2517 regular grids, which were assumed to be fine enough to represent all spatial alternatives within this area.""
  - ""The analysis of B & E is related to locations of households in a city. However, it is difficult to represent all locations of individual houses in even a modest sized city, such as Richmond.""
  - ""To meet local needs for predictive models, law enforcement has turned to the above mentioned visualization and descriptive techniques of hot spot analyses.""
  - ""Spatial analysis of crime requires more than visualization and exploration. Ideally we would also like to have predictive models.""",,"- The paper discusses the need for predictive models in spatial analysis of crime, which implies a focus on understanding spatial patterns at different scales.
- The authors mention the use of ""hot spot analyses,"" which typically involve aggregating data to identify areas of high crime density. This could relate to MAUP issues, as the choice of spatial unit can affect the results.
- The paper describes aggregating alternatives into ""2517 regular grids,"" which suggests a deliberate choice of spatial unit for analysis. This could be seen as addressing scale effects by selecting a grid size that is considered ""fine enough"" for the analysis.
- The use of ""block groups"" as the smallest areas for census counts indicates a consideration of spatial units that are commonly used in demographic analysis. This might imply an awareness of aggregation bias, as block groups are a standard unit but may not perfectly capture local variations.
- The paper does not explicitly mention the Modifiable Areal Unit Problem (MAUP) or ecological fallacy, nor does it discuss spatial autocorrelation issues directly. However, the choice of spatial units and the aggregation of data suggest an implicit consideration of these issues.","  - ""The data for model evaluation came from the Regional Crime Analysis Program (ReCAP). ReCap was created as a cooperative project between local police departments in Northern and Central Virginia and the researchers in the University of Virginia.""
  - ""The analysis of B & E is related to locations of households in a city. However, it is difficult to represent all locations of individual houses in even a modest sized city, such as Richmond. Therefore, we aggregated alternatives using 2517 regular grids, which were assumed to be fine enough to represent all spatial alternatives within this area.""
  - ""The features of each spatial alternative come from the combination of census data and calculated distance values. The feature values are appended to the crime records by locations of criminal incidents.""
  - ""The specific data set used for evaluating this work came from the criminal incident reporting mainframe system (RAMS). It is the data set used by the police department in Richmond, VA.""
  - ""The sub regions shown in Fig. 1 are block groups, which are the smallest areas, for which census counts are recorded.""",,"- The paper discusses the use of ""2517 regular grids"" to represent spatial alternatives, which suggests a specific spatial unit size was used for analysis.
- The mention of ""block groups"" as the smallest areas for census counts indicates another spatial scale considered in the study.
- The paper does not explicitly mention conducting a sensitivity analysis by comparing results across different spatial unit sizes or scales.
- The focus is on the methodology and application of spatial choice models rather than on varying spatial scales to assess sensitivity.
- There is no detailed description of comparing results across different spatial scales or methodological approaches for sensitivity analysis.","  - ""the number of spatial alternatives for crime analysis is very large. From an implementation standpoint, this makes the data preparation and computation time prohibitively expensive.""
  - ""The analysis of B & E is related to locations of households in a city. However, it is difficult to represent all locations of individual houses in even a modest sized city, such as Richmond. Therefore, we aggregated alternatives using 2517 regular grids, which were assumed to be fine enough to represent all spatial alternatives within this area.""
  - ""To handle this problem, we adopted an importance sampling technique suggested by Ben-Akiva [1]. Sampling alternatives is a commonly applied technique for reducing the computational burden involved in the model estimation process.""
  - ""The sub regions shown in Fig. 1 are block groups, which are the smallest areas, for which census counts are recorded.""",,"- The paper discusses the challenge of representing all individual house locations in a city due to the large number of spatial alternatives. This suggests a need for aggregation or alternative spatial units to manage computational costs.
- The authors used 2517 regular grids as a spatial unit of analysis, which they considered sufficient for representing spatial alternatives in Richmond. This indicates a practical approach to managing large datasets but does not explicitly suggest future improvements or alternative units.
- The mention of block groups as the smallest areas for census counts implies that these could be considered as a spatial unit of analysis, but there is no explicit discussion of their use or potential as future suggestions.
- The use of importance sampling to reduce computational burden suggests a methodological improvement related to handling large datasets, but it does not directly address spatial unit size or alternative spatial units."
Do Street Robbery Location Choices Vary Over Time of Day or Day of Week? A Test in Chicago,"Wim Bernasco, Stijn Ruiter, Richard Block",-,-,-,-,-,"- Restaurants and fast-food outlets: Odds ratios range from 1.15 to 1.37.
- Liquor stores: Odds ratios range from 1.04 to 1.54.
- High schools: Statistically significant positive effects during school hours (6 a.m. to 4 p.m.), nonsignificant negative effects outside these hours.",Not mentioned (the paper does not specify the software used for data analysis),No MAUP discussion present.,No sensitivity analysis performed.,"- Future research should utilize more precise measures of human presence and activity patterns, rather than proxy measures.
- Use unobtrusive and automatically collected georeferenced measures of human presence through technologies like smartphones and social media.
- Conduct sensitivity analyses to assess the impact of temporal bandwidth on outcomes.
- Explore the effects of different spatial unit sizes or boundaries on crime pattern analysis.","  - ""The aim of the model estimation is to determine the values of these weights.""
  - ""The systematic part of utility is a weighted sum of the attributes of the location, in this particular case of the 18 variables discussed in the Data section.""
  - ""the estimated coefficients (odds ratios) and their 95 percent confidence intervals are visualized Figure 2 (variation across the hours of the day) and Figure 3 (variation across the days of the week).""
  - ""The presence of restaurants and fast-food outlets has a positive effect on street robbery during all periods of the day, ranging from a low odds ratio of 1.15 between 4 p.m. and 6 p.m. to a maximum of 1.37 between 4 a.m. and 6 a.m.""
  - ""The effects of the presence of liquor stores on street robberies in census blocks are all positive and appear to vary substantially (odds ratio between 1.04 and 1.54), but their 95 percent confidence bands are too wide to make definite statements about effect variability.""
  - ""The single notable exception to the general pattern is found for high schools as is clear from Figure 2 . In fact, of the 18 variables, the presence of a high school in a block is the only one that displays a strong temporal variation in location preference.""
  - ""During school hours in the morning and early afternoon (i.e., from 6 a.m. to 4 p.m.), the effects are statistically significantly positive, but outside these hours they are all (nonsignificantly) negative.""",,"- The paper uses a discrete choice model to estimate the effects of various census block attributes on the probability of a block being selected for robbery. This model provides odds ratios as effect sizes.
- The paper explicitly mentions that the estimated coefficients are odds ratios, which are used to measure the effect of each independent variable on the outcome (robbery location choice).
- Specific odds ratios are provided for certain variables, such as restaurants and fast-food outlets (ranging from 1.15 to 1.37) and liquor stores (ranging from 1.04 to 1.54).
- The paper also notes that the effects of most variables do not vary significantly over time, except for high schools, which show a strong temporal variation in their attractiveness as robbery locations.
- The use of odds ratios as effect sizes is consistent with the type of model used (discrete choice model) and is appropriate for measuring the relative likelihood of an event (robbery) occurring in different locations based on various attributes.","  - ""To combine the results of the 10 iterations, we used Rubin's (1987) formulae for combining the estimates of bootstrapped multiple regression analyses.""
  - ""the conditional logit model was used to estimate the effects of census block attributes on the probability of the census block being selected for robbery.""
  - ""To obtain robust estimates, the analysis just described was repeated 10 times, each time selecting a different random sample of 11,999 (daily variation) or 7,999 (weekly variation) alternative census blocks.""",,"- The paper mentions the use of a ""conditional logit model,"" which is a type of discrete choice model. This suggests that the analysis was conducted using a statistical software capable of handling such models.
- The mention of ""bootstrapping"" and ""Rubin's (1987) formulae"" indicates that the analysis involved advanced statistical techniques, likely implemented in a software that supports these methods.
- The paper does not explicitly mention any specific software or programming tools like R, Stata, Python, or others. However, the use of conditional logit models and bootstrapping techniques is commonly supported by software like R or Stata.
- The absence of explicit software names means that we cannot definitively identify the software used, but the methods described are indicative of advanced statistical analysis software.","  - ""Formally testing each time-specific estimate against every other time-specific estimate and every day-specific estimate against every other day-specific estimate would require (66 þ 21) Â 18 ¼ 1,566 statistical tests on equality. This would not only be computationally challenging, it would also yield sheer endless tables with test results. Our visualization of estimates and confidence intervals makes presenting these tests redundant.""
  - ""One reviewer suggested a sensitivity analysis to assess the impact of temporal bandwidth on outcome. For space limitations and noting the similarity of this issue to the notorious modifiable areal unit problem in geography, we leave this as a topic of future explorations.""",,"- The paper mentions the Modifiable Areal Unit Problem (MAUP) in the context of a reviewer's suggestion for a sensitivity analysis regarding temporal bandwidth. The authors acknowledge the similarity between this issue and MAUP but do not provide a detailed discussion about MAUP itself.
- The mention of MAUP is brief and does not delve into the specifics of scale effects, aggregation bias, or spatial autocorrelation issues related to their spatial unit selection.
- The authors do not engage in a detailed discussion about MAUP or its implications for their study, instead, they note it as a topic for future exploration due to space limitations.","  - ""One reviewer suggested a sensitivity analysis to assess the impact of temporal bandwidth on outcome. For space limitations and noting the similarity of this issue to the notorious modifiable areal unit problem in geography, we leave this as a topic of future explorations.""",,"- The paper mentions a suggestion for a sensitivity analysis related to temporal bandwidth, which is a concept related to the time intervals used in the study.
- However, the authors explicitly state that they did not conduct this sensitivity analysis due to space limitations and instead suggest it as a topic for future research.
- There is no mention of conducting a sensitivity analysis using different spatial unit sizes or scales in the paper.
- The focus of the paper is on temporal variation rather than spatial scale sensitivity.","  - ""Future research in this area should be able to take advantage of the increasing availability of unobtrusive and automatically collected georeferenced measures of human presence through contemporary developments in information and communication technologies, including smartphones and other location services, and social media""
  - ""An important caveat of the present analysis is that time (hours, days) is used as a proxy measure for the physical presence of other people and for the tangible circumstance that a certain shop or business is actually open. We did not actually measure each business' opening hours, measure the average number of people present per census block per time slot, or count numbers of vulnerable people on the streets.""
  - ""A better understanding of the spatial and temporal dimensions of crime could serve more than mere academic curiosity. It could help citizens be vigilant at the right places at the right times. It could also help the police and other law enforcement agencies to prevent more crime by focusing their resources to the right places at the right times.""
  - ""One reviewer suggested a sensitivity analysis to assess the impact of temporal bandwidth on outcome. For space limitations and noting the similarity of this issue to the notorious modifiable areal unit problem in geography, we leave this as a topic of future explorations.""",,"- The authors suggest that future research should focus on using more precise measures of human presence and activity patterns, rather than relying on proxy measures like time of day or day of the week. This implies a need for more detailed data on the spatial distribution of potential victims and offenders.
- The mention of using ""unobtrusive and automatically collected georeferenced measures of human presence"" suggests a future direction in data collection that could improve the spatial analysis of crime patterns.
- The authors also hint at the need for sensitivity analyses to explore the impact of different temporal bandwidths on outcomes, which could inform future methodological improvements in spatial crime analysis.
- The discussion about the modifiable areal unit problem suggests that future research should consider the effects of different spatial unit sizes or boundaries on crime pattern analysis."
Go where the money is: modeling street robbers' location choices,"Wim Bernasco, Richard Block, Stijn Ruiter",-,-,-,-,-,"- Presence of a fast-food restaurant: Odds ratio = 1.256 (25.6% increase)
- Presence of an El station: Odds ratio = 3.43
- Presence of a high school: Odds ratio = 1.78
- African-American robbers targeting African-American majority blocks: Odds ratio = 1.98
- Hispanic robbers targeting Hispanic majority blocks: Odds ratio = 3.82
- Hispanic robbers targeting mixed population blocks: Odds ratio = 2.25",Stata/MP version 11,"The authors discuss the Modifiable Areal Unit Problem (MAUP) by acknowledging the risk of aggregation bias and choosing to use smaller spatial units like census blocks to minimize this issue. They also consider scale effects by zooming in to the level of census blocks, which are smaller than traditional units like census tracts. Additionally, they address spatial autocorrelation by discussing spatial spillover effects and spatial agglomeration effects.","The study conducted sensitivity analysis by testing spatial spillover effects across different spatial scales, specifically by analyzing first-order and second-order adjacent blocks. This involved extending the universal logit model to include attributes of second-order adjacent blocks, finding that population size effects spill over beyond the single block.","- Use smaller spatial units like census blocks or even smaller units for more detailed analysis.
- Incorporate more nuanced understanding of spatial awareness and knowledge in models.
- Conduct offender-based research to gather detailed spatial information from offenders themselves.","  - ""The exponential transformation is included for ease of interpretation: exponentiated -coefficients represent the factor by which the odds increase that the focal block is chosen for robbery, if the associated variable rises by one unit.""
  - ""For example, according to the outcomes of the multinomial logit model, one more fast-food restaurant on the block means that the odds that the block will be selected for robbery increases by a factor 1.256 (by 25.6%).""
  - ""blocks with an El station are 3.43 times more likely to be the location of a robbery than blocks with no El station.""
  - ""A high school in the block increases the odds by a factor 1.78.""
  - ""African-American robbers are 1.98 times more likely to target a block with a majority (475%) African-American population than to target a block with no population.""
  - ""White robbers are more likely to choose a block with a White majority, a Hispanic majority or a mixed population, than a block with no population or a block with a African-American majority population.""
  - ""The effects of implementing racial and ethnic contrasts between robbers and their potential target block demonstrate the same patterns of racial and ethnic preference, which are evident in the multinomial logit models.""
  - ""The existence of this 'spatial agglomeration effect' (Fotheringham, 1988) was expected because street robbers must attack close to the businesses that their potential victims are heading to or returning from, as otherwise the victims will have entered their homes, vehicles, public transport or other facilities.""",,"- The paper uses a discrete choice framework to analyze the location choices of street robbers, focusing on various factors that influence these choices.
- The effect sizes are primarily reported as odds ratios, which indicate how much the presence of a particular factor increases the likelihood of a block being chosen for a robbery.
- For example, the presence of a fast-food restaurant increases the odds of a block being chosen by a factor of 1.256, or 25.6%.
- The presence of an El station increases the odds by a factor of 3.43, and a high school increases the odds by a factor of 1.78.
- Racial and ethnic preferences are also quantified, with African-American robbers being 1.98 times more likely to target blocks with a majority African-American population, and Hispanic robbers being 3.82 times more likely to target blocks with a Hispanic majority.
- These odds ratios provide a measure of the magnitude of the effect of each independent variable on the likelihood of a block being chosen for a robbery.","  - ""Estimating a multinomial logit model on the full data set including all robbers and all census blocks, would involve approximately 25,000 Â 13,000 ¼ 325 million decision-maker-by-alternative combinations. Given the iterative nature of maximum likelihood estimation, this task exceeds the limits of most contemporary computer workstations (we used Stata/MP version 11 running on an Intel Xeon 8-core CPU at 2.27 GHz with 12 Gb RAM).""
  - ""To sum up, the complete estimation procedure involved the following steps:3 1. From the 12,938 robberies, select a random sample of 6000 robberies; 2. For each of these 6000 robberies involving multiple offenders, select a random offender from those involved;4 3. For each of the 6000 robberies, select the block where the robbery was actually perpetrated, and add to this a random sample of 5999 blocks of the other 24,593 census blocks; 4. Estimate the multinomial logit and the universal logit model on these 6000 decisions using WESML estimation, and save the estimated coefficients and their robust SEs; 5. Repeat steps 1 through 4 for 25 times, each time taking different random samples and collecting the regression coefficients and their SEs at each step and 6. Using Rubin's rules for combining regression coefficients and SEs from bootstrapped estimation results, for each variable combine the 25 coefficient estimates and the 25 SE estimates into an overall coefficient estimate and an overall SE estimate.""",,"- The paper explicitly mentions the use of ""Stata/MP version 11"" for data analysis. This is a statistical software package used for data manipulation, statistical analysis, and data visualization.
- The mention of ""Stata/MP version 11"" indicates that this software was used for estimating the multinomial logit and universal logit models, which are central to the analysis.
- The use of Stata is further supported by the detailed description of the estimation procedure, which involves steps that are typical of Stata's capabilities, such as data manipulation and model estimation.","  - ""Due to the increasing availability of detailed spatial crime data, and in order to minimize the risk of aggregation bias (Openshaw, 1984), contemporary studies on crime and law enforcement generally advocate the measurement of crime at small spatial units of analysis, such as face blocks (Taylor, 1997;Braga et al., 2011) in the USA context, and 'output areas' in the UK (Oberwittler and Wikstro¨m, 2009).""
  - ""In this article, we introduce three major advances over prior work on crime location choice. The first applies to spatial scale. While classic studies on the geography of crime (Shaw and McKay, 1942;Sampson et al., 1997) have used large urban areas as their spatial units of analysis, recent research suggests that often crime concentrations are not larger than a street segment (Smith et al., 2000;Weisburd et al., 2004) or street corner (McCord and Ratcliffe, 2007). To improve our understanding of the fine-grained spatial decisions of street robbers, we zoom in to the level of census blocks.""
  - ""When performing the analysis on units as small as census blocks, spatial spillover effects are plausible (Bernasco, 2010).""
  - ""We use data that are disaggregated to the level of census blocks. In Chicago, with an average surface of 140 m Â 140 m (460 ftÂ 460 ft) and an average population of 118 residents, census blocks are approximately 30 times smaller than census tracts.""
  - ""The existence of this 'spatial agglomeration effect' (Fotheringham, 1988) was expected because street robbers must attack close to the businesses that their potential victims are heading to or returning from, as otherwise the victims will have entered their homes, vehicles, public transport or other facilities.""",,"- The authors discuss the spatial scale by noting that previous studies used large urban areas, but they choose to use smaller units like census blocks to improve understanding of fine-grained spatial decisions. This indicates a consideration of scale effects.
- They mention the risk of aggregation bias and how using smaller spatial units like census blocks helps minimize this issue. This is a direct reference to the Modifiable Areal Unit Problem (MAUP).
- The use of census blocks is justified by their small size compared to census tracts, which suggests an attempt to reduce aggregation bias.
- The authors acknowledge spatial spillover effects, which are related to spatial autocorrelation issues, as they discuss how effects can spill over to adjacent blocks.
- The discussion of spatial agglomeration effects further indicates an awareness of spatial autocorrelation, as they note that robbers tend to attack near businesses, which can influence adjacent areas.","  - ""the universal logit model was extended with the 15 same attributes of second-order spatially adjacent blocks (because of computer memory limitations we used a sample of 4000 instead of 6000 alternatives for this analysis). With one single exception, the estimates (presented in Supplementary Table S4 of the Supplementary Appendix) were nonsignificant. The exception was the total population size, which had significant zero-order [exp() ¼ 1.58], first-order [exp() ¼ 1.16], and second-order [exp() ¼ 1.07] effects, indicating that the population size spillover effect extends somewhat beyond the single block.""
  - ""The second advance over prior work in this field of inquiry is our direct test of spatial spillover effects. Census blocks are not independent observational units. Just crossing the street means moving into another block and thus moving from one spatial unit into the next.""
  - ""The first applies to spatial scale. While classic studies on the geography of crime (Shaw and McKay, 1942;Sampson et al., 1997) have used large urban areas as their spatial units of analysis, recent research suggests that often crime concentrations are not larger than a street segment (Smith et al., 2000;Weisburd et al., 2004) or street corner (McCord and Ratcliffe, 2007). To improve our understanding of the fine-grained spatial decisions of street robbers, we zoom in to the level of census blocks.""
  - ""The third innovation is our detailed measurement of a large variety of small-scale cash-dominated economic activities, both legal and illegal, to assess their effect on where robbers choose to attack.""
  - ""In Chicago, with an average surface of 140 m Â 140 m (460 ftÂ 460 ft) and an average population of 118 residents, census blocks are approximately 30 times smaller than census tracts.""",,"- The study primarily uses census blocks as the spatial unit of analysis, which is a finer scale compared to larger urban areas or census tracts.
- The authors mention that they ""zoom in to the level of census blocks"" to improve understanding of fine-grained spatial decisions, indicating a focus on a smaller spatial scale.
- The study tests spatial spillover effects, which involves analyzing how characteristics of adjacent blocks influence robbery location choices. This is a form of sensitivity analysis regarding spatial scale, as it examines how effects spill over from one block to another.
- The extension of the universal logit model to include second-order spatially adjacent blocks can be seen as a sensitivity analysis, as it tests the robustness of findings across different spatial scales (first-order and second-order adjacency).
- The findings indicate that population size effects spill over beyond the single block, suggesting that the spatial scale of analysis can influence the results.","  - ""In this article, we introduce three major advances over prior work on crime location choice. The first applies to spatial scale. While classic studies on the geography of crime (Shaw and McKay, 1942;Sampson et al., 1997) have used large urban areas as their spatial units of analysis, recent research suggests that often crime concentrations are not larger than a street segment (Smith et al., 2000;Weisburd et al., 2004) or street corner (McCord and Ratcliffe, 2007). To improve our understanding of the fine-grained spatial decisions of street robbers, we zoom in to the level of census blocks.""
  - ""In Chicago, with an average surface of 140 m Â 140 m (460 ftÂ 460 ft) and an average population of 118 residents, census blocks are approximately 30 times smaller than census tracts.""
  - ""Zooming in to block level allows us to analyze in a detailed way the location choices of robbers.""
  - ""These answers inspire new questions that could not be answered in the present study because of limitations in the data available. Below we formulate some of these questions and discuss what would be needed to answer them in future inquiries.""
  - ""Our discrete choice model assumes that robbers in Chicago know the attributes of all 24,594 census blocks. This is a strong assumption, as robbers will typically have detailed knowledge only of the area in the vicinity of their home and around specific activity nodes that are part of their daily routines, legal ones like school, work and leisure and possibly illegal ones like dealing of buying drugs.""
  - ""Limited spatial awareness may also be a reason for why robbers prefer to attack in blocks where the majority of the residents is of their own racial and ethnic origin.""
  - ""Future studies will probably require offender-based research, because only offenders themselves can provide detailed information on where they themselves and their friends and family members have lived, on where they went to school and where they worked.""",,"- The authors discuss the spatial scale used in their study, focusing on census blocks as a finer-grained unit compared to larger urban areas or census tracts. This suggests a recommendation for future studies to use smaller spatial units for more detailed analysis.
- The use of census blocks is highlighted as an improvement over larger units, indicating a suggestion for future research to continue using or even smaller units for more precise analysis.
- The authors mention limitations in their data, particularly regarding the assumption that robbers have detailed knowledge of all census blocks. This implies a future suggestion to incorporate more nuanced understanding of spatial awareness and knowledge in models.
- The need for offender-based research is emphasized, suggesting that future studies should focus on gathering detailed spatial information from offenders themselves to improve understanding of their location choices."
The usefulness of past crime data as an attractiveness index for residential burglars,"Aiko Hanayama, | Shumpei Haginoya, Hiroki Kuraishi, Masakazu Kobayashi",-,-,,5,2018,"- Distance from offender's residence: Odds ratio = 0.70 (30% decrease per 1 km increase)
- Number of residential units: Odds ratio = 1.05 (5% increase per 100-unit increase)
- Proportion of single-family dwellings: Odds ratio = 1.06 (6% increase per 10% increase)
- Number of past residential burglaries: Odds ratio = 1.16 (16% increase per additional burglary)
- Past residential burglary rate: Odds ratio = 1.79 (79% increase per 1 per 100 residential units increase)
- Standard partial regression coefficients:
  - Distance from offender's residence: -2.02
  - Number of past residential burglaries: 0.23
  - Number of residential units: 0.22
  - Proportion of single-family dwellings: 0.20",Not mentioned (the paper does not specify the software used for data analysis),No MAUP discussion present.,No sensitivity analysis performed.,"- Future studies should test findings in other areas to ensure applicability across different countries and cities.
- Examine the effect of past crime data on other types of crimes.
- Integrate past crime data into geographical profiling to improve accuracy.
- Improve methodologies for measuring road structures and integrating crime attractors into analysis.
- Explore application of findings to other types of crimes and geographical profiling methods.","  - ""The estimation results of the conditional logit model are presented in Table 3 . This model describes the decision making of burglars under the assumption that all choice criteria are equally important for all burglars. Table 3 reports on the values of e β -the exponent of β-as the independent variable increases by one unit, the standard errors, and the standard partial regression coefficients.""
  - ""The result of conditional logit model introducing the number of past residential burglaries supported that the distance from offender's residence decreases the odds of certain grid cell's being selected by a burglar. When the distance from offender's residence increases by 1 km, the grid cell becomes only 0.70 times as likely to be chosen.""
  - ""The number of residential units had a positive effect on the likelihood that a burglar will select grid cell for committing his or her offence. When residential units increase by 100, the odds of the grid cell being chosen is 1.05.""
  - ""The results also showed that the proportion of single-family dwellings makes a cell more likely to be chosen by burglars as a target area.

When the proportion of single-family dwellings increases by 10%, the grid cell is 1.06 times as likely to be chosen.""
  - ""Moreover, the results show that the larger the number of past residential burglaries, the greater are the odds of a burglar selecting that grid cell. When past residential burglaries have increased by 1, the probability of being chosen will rise 1.16 times.""
  - ""The distance from offender's residence also had the largest standard partial regression coefficients (-2.02) within the pattern of significant variables.""
  - ""The size of the standard partial regression for the number of past residential burglaries had larger standard partial regression coefficients (0.23) than the number of residential units (0.22) and the proportion of single-family dwellings (0.20).""
  - ""The past residential burglary rate also had a positive effect on the likelihood that a burglar will select a grid cell for committing his or her offence. When the past residential burglary rate increases by 1 per 100 residential units, the odds of the grid cell's being chosen rises to 1.79.""
  - ""The standard partial regression coefficient of the distance from offender's residence was the largest (-2.03), in second place was the number of residential units (0.39), next was the proportion of single-family dwellings (0.21), and last was the past residential burglary rate (0.18), within the significant variables.""",,"- The paper provides odds ratios for several independent variables in the context of a conditional logit model. These odds ratios indicate how changes in these variables affect the likelihood of a grid cell being chosen for a burglary.
- The distance from the offender's residence has an odds ratio of 0.70, indicating that for every 1 km increase in distance, the likelihood of choosing a grid cell decreases by 30%.
- The number of residential units has an odds ratio of 1.05, meaning that for every 100-unit increase, the likelihood of choosing a grid cell increases by 5%.
- The proportion of single-family dwellings has an odds ratio of 1.06, indicating a 6% increase in likelihood for every 10% increase in this proportion.
- The number of past residential burglaries has an odds ratio of 1.16, showing a 16% increase in likelihood for every additional past burglary.
- The past residential burglary rate has an odds ratio of 1.79, indicating a 79% increase in likelihood for every 1 per 100 residential units increase in this rate.
- Standard partial regression coefficients are also provided, which measure the change in the dependent variable for a one standard deviation change in the independent variable, while holding all other variables constant. These coefficients are -2.02 for distance, 0.23 for past residential burglaries, 0.22 for residential units, and 0.20 for single-family dwellings.","  - ""The conditional logit model has been widely used in previous studies.""
  - ""The estimation results of the conditional logit model are presented in Table 3""
  - ""If random error terms are independent and identically (Gumbel or Type I extreme value) distributed, then the parameters can be estimated with a multinomial logit model known as the conditional logit model (Ben-Akiva & Bierlaire, 1999).""
  - ""the results of the conditional logit model introducing the past residential burglary rate showed that the distance from offender's residence (0.70), the number of residential units (1.08), and the proportion of single-family dwellings (1.06) were significant (odds ratio).""",,"- The paper mentions the use of a ""conditional logit model"" multiple times, which is a statistical technique used for analyzing discrete choice data.
- The conditional logit model is typically implemented using specialized software or programming tools designed for econometric or statistical analysis.
- The paper does not specify the exact software or programming tool used to implement the conditional logit model, but it is common for such models to be run using software like Stata, R, or specialized packages like BIOGEME or Nlogit.
- The paper does not provide any specific software names or version numbers, so it is not possible to determine the exact software used based on the provided text.","  - ""The size of grid cells is 500 m on a one side and comes with specified longitude and latitude data.""
  - ""Ratcliffe (2003) showed that physical boundaries separating neighbourhoods, such as highways and parkland, do not form barriers to the movement of residential burglars.""
  - ""Using grid cells as alternatives in the conditional logit model allows the unbiased comparison of alternatives, because the grid cells are equal in size.""",,"- The authors mention the use of grid cells as a method to ensure unbiased comparison, which suggests an awareness of potential issues related to spatial unit selection.
- The reference to Ratcliffe (2003) indicates that the authors are aware of the issue of physical boundaries not being barriers to criminal movement, which is relevant to the MAUP discussion.
- The specification of grid cell size (500 m) and the use of longitude and latitude data suggest a deliberate choice of spatial unit to minimize aggregation bias.
- However, there is no explicit discussion of the Modifiable Areal Unit Problem (MAUP) or ecological fallacy in the paper. The authors do not directly address scale effects, aggregation bias, or spatial autocorrelation issues in relation to their spatial unit selection.","  - ""Finally, these results are obtained only from the data of Sendai City in Japan and might not be applicable to all countries and cities.""
  - ""Different results from previous studies are expected from this study because the results of using the indices described above vary among countries and cities (Townsley et al., 2015).""
  - ""The size of grid cells is 500 m on a one side and comes with specified longitude and latitude data.""
  - ""Using grid cells as alternatives in the conditional logit model allows the unbiased comparison of alternatives, because the grid cells are equal in size.""",,"- The study uses a fixed spatial unit size of 500 m grid cells for their analysis, which is explicitly mentioned in the paper.
- There is no mention of conducting a sensitivity analysis using different spatial unit sizes or scales. The study does not compare results across different spatial scales.
- The paper notes that results may vary among countries and cities, but this is not a sensitivity analysis; it's a general observation about the applicability of their findings.
- The study is limited to data from Sendai City in Japan, and there is no indication that they tested their model or results with different spatial scales or units.","  - ""Finally, these results are obtained only from the data of Sendai City in Japan and might not be applicable to all countries and cities. Tseloni, Wittebrood, Farrell, and Pease (2004) and Townsley et al. (2015) suggested that factors influencing the crime differ depending on the country and the city. Therefore, future studies will require additional tests with data from other areas.""
  - ""We should examine the effect of the past crime data of other types of crimes on an offender's choice of location for crimes because this index is applicable to the analysis of every type of crime.""
  - ""Furthermore, we must examine effectiveness when the number of past residential burglaries or the past residential burglary rate introduce the analytical procedures of geographical profiling as a new index.""
  - ""For example, an expected outcome would be that integration of the number of past residential burglaries-an easily obtainable variable-will improve the accuracy of geographical profiling enough, without the integration of other variables of neighbourhood's attractiveness.""
  - ""The method of application to geographical profiling was suggested in previous studies (Bernasco, 2007;Mohler & Short, 2012;O'Leary, 2009a).""
  - ""Although road structures can represent visibility and accessibility as ease of incursion and getaway in an area, constructing this measurement for a road structure is a difficult task.""
  - ""the existence of crime attractors is also an index of a neighbourhood's attractiveness. Brantingham and Brantingham (1995) explained that crime attractors are places that are known to have many criminal opportunities, for example, bars, drug markets, large shopping malls, insecure parking areas, and so on. However, what landmarks behave as crime attractors is not clearly defined for each crime type, so integration of this variable into the analytical procedures of geographic profiling is not easy.""",,"- The authors suggest that future studies should test their findings in other areas to ensure applicability across different countries and cities (Quote 1). This implies a need for broader spatial analysis.
- They recommend examining the effect of past crime data on other types of crimes (Quote 2), which could involve different spatial units or scales.
- The authors propose integrating past crime data into geographical profiling to improve accuracy (Quotes 3 and 4), which might require adjustments in spatial unit size or analysis scale.
- They mention the difficulty in measuring road structures and integrating crime attractors into analysis (Quotes 6 and 7), suggesting a need for methodological improvements in these areas.
- The authors suggest that future studies should explore the application of their findings to other types of crimes and geographical profiling methods (Quotes 5), which could involve different spatial units or scales."
Adolescent offenders' current whereabouts predict locations of their future crimes,Wim Bernasco,-,-,PLoS ONE,21,2019,"Odds ratios are reported as effect sizes, with most attributes having statistically significant odds ratios above 1, indicating increased likelihood of location choice for crime. Specific numerical values are not provided.",Not mentioned (the paper does not specify the software used for data analysis),No MAUP discussion present.,"No sensitivity analysis performed (the paper does not explicitly conduct a sensitivity analysis using different spatial unit sizes or scales, but it does consider spatial scales through the use of radius of gyration and spatial contiguity bands).","- Future investigations should prioritize suspects familiar with the crime location and its environs.
- Consideration of criminal opportunity is crucial in predicting crime locations.
- Longer-term and more frequent data collection on activity spaces could improve predictive accuracy.","  - ""The values e β are odds ratios, and represent the factor by which the odds of being chosen increase (odds ratio > 1) or decrease (odds ratio < 1) with each one-unit increase of the right-hand side variables.""
  - ""The findings reported in Fig 3 provide support for most of the six hypotheses. Except for the presence of retail and catering businesses, estimates and confidence intervals of all attributes are far above the baseline value of 1, and are thus statistically significant.""
  - ""The estimated differences on the temporal and spatial dimensions-hours spent at a location, and distance from a location-do confirm the expected pattern, but they are not all statistically significant.""
  - ""the confidence intervals around the point estimates are rather large. This is partly due to the sparseness of the data (165 crimes relative to the total number of 4558 grid cells), but it also indicates that there is a fair amount of heterogeneity that is not covered by the explanatory variables.""",,"- The paper discusses the use of odds ratios as a measure of effect size for the independent variables in the study. These odds ratios indicate how the likelihood of a location being chosen for a crime changes with a one-unit increase in the independent variables.
- The paper mentions that most of the attributes related to the hypotheses have statistically significant odds ratios, indicating that these factors significantly influence the choice of crime location.
- The paper does not provide specific numerical values for the odds ratios, but it does mention that the confidence intervals around these estimates are large, suggesting some variability in the data.
- The paper does not mention other effect size measures such as hazard ratios, incidence rate ratios, Cohen's d, or percentage changes in outcome variables.","  - ""The statistical analyses are informed and structured by the crime pattern theory [7].""
  - ""I use a discrete spatial choice approach [35] to explain the offender's choice of a crime location and test the hypotheses.""
  - ""Following the random utility maximization postulate and according to a conditional logit model [36], the offender chooses a single location from the full choice set of 4558 locations""
  - ""If the unobserved random utility components ε ij are independently and identically distributed according to an extreme value distribution, the conditional logit model [36] can be derived.""
  - ""The values of β 1 to β 17 are parameters that are estimated from the data.""
  - ""The accuracy measure P correlates .96 with McFadden's R2, a common but less interpretable measure of model fit.""",,"- The paper mentions the use of a ""discrete spatial choice approach"" and a ""conditional logit model,"" which are statistical methods rather than specific software tools.
- The mention of ""conditional logit model"" suggests the use of a statistical software that can handle such models, but the specific software is not named.
- The paper does not explicitly mention any specific software like R, Stata, Python, SPSS, SAS, BIOGEME, Nlogit, ArcGIS, QGIS, or Mplus.
- The reference to ""McFadden's R2"" is a statistical measure, not a software tool.
- The paper does not provide any information about the specific software or programming tools used for the data analysis.","  - ""the spatial resolution of space-time budget data can be chosen by the researcher.""
  - ""I use a discrete spatial choice approach to explain the offender's choice of a crime location and test the hypotheses.""
  - ""the characteristic size of the area covered by the mobility of a single person up to time t is indicated by his or her radius of gyration""
  - ""The values of β 1 to β 17 are parameters that are estimated from the data.""
  - ""the predictive accuracy is displayed in Fig 4""
  - ""The findings reported here suggest that all of us, law-breakers and law-abiders alike, may be less innovative and more predictable than we think we are, or would like to be.""",,"- The paper discusses the use of a ""discrete spatial choice approach"" which involves selecting a spatial unit for analysis. This is relevant to the Modifiable Areal Unit Problem (MAUP) as it involves choosing a spatial scale for analysis.
- The mention of ""spatial resolution"" indicates that the researcher has control over the scale of the spatial units used in the analysis, which is a key aspect of MAUP.
- The use of ""radius of gyration"" as a measure of mobility suggests an awareness of spatial scale effects, as it quantifies the area covered by an individual's movements.
- The paper does not explicitly mention MAUP or ecological fallacy, nor does it discuss scale effects, aggregation bias, or spatial autocorrelation issues in detail.
- The focus is on the predictability of crime locations based on individual mobility patterns rather than on the spatial unit selection itself.","  - ""The findings reported here suggest that all of us, law-breakers and law-abiders alike, may be less innovative and more predictable than we think we are, or would like to be.""
  - ""I calculated spatially contiguous bands up to the 6 th order. Because I did not find significant effects beyond 5 th order contiguity, and because the literature suggests proximity effects up to 2 or 4 bands (200-400 meter), I did not calculate contiguity beyond the 6 th order.""
  - ""the characteristic size of the area covered by the mobility of a single person up to time t is indicated by his or her radius of gyration""
  - ""the spatial resolution of space-time budget data can be chosen by the researcher.""",,"- The paper mentions that the spatial resolution of the data can be chosen by the researcher, which implies flexibility in selecting spatial unit sizes.
- The use of the radius of gyration as a measure indicates an analysis of spatial scales, as it quantifies the area covered by an individual's mobility.
- The calculation of spatially contiguous bands up to the 6th order suggests an examination of different spatial scales, as it considers proximity effects at various distances.
- The mention of not finding significant effects beyond the 5th order contiguity implies a comparison of results across different spatial scales, as it indicates that effects diminish at larger scales.
- The paper does not explicitly state a sensitivity analysis in terms of varying spatial unit sizes or scales, but the discussion of spatial contiguity and radius of gyration suggests an implicit consideration of spatial scales.","  - ""Given what we have learned here about preferential return and spatial exploration in criminal behavior, criminal investigations should generally prioritize suspects who are familiar with the location of the crime and its environs, either because of their legal routine activities or because of their prior offences.""
  - ""The reported findings can be particularly useful in criminal investigations, when crimes have taken place and the police searches for the identity and whereabouts of the offenders using geographic profiling, a set of principles and methods to prioritize the most likely offender of a single crime or a series of crimes based on the locations and timings of these crimes""
  - ""The findings demonstrate that in addition to activity space, criminal opportunity is relevant in its own right for explaining and predicting where crimes take place, even if we condition on offenders' activity spaces and prior crime locations.""
  - ""The findings presented here will not directly help prevent crime, because they do not inform us about who the prospective offenders are and when they will commit crimes.""
  - ""This may partly signal two limitations of the activity space measure: it covers only four days and was administered only at a single moment in time.""",,"- The paper suggests that the findings can be useful in criminal investigations by prioritizing suspects familiar with the crime location, which implies a recommendation for future investigations to focus on spatial familiarity.
- The paper highlights the importance of criminal opportunity in predicting crime locations, suggesting that future studies should consider this factor more thoroughly.
- The limitations of the activity space measure, such as its short duration and single administration, suggest a need for longer-term and more frequent data collection to improve predictive accuracy.
- The paper does not explicitly discuss alternative spatial units or optimal unit sizes but focuses on the application of existing findings to improve criminal investigations."
Where Do Dealers Solicit Customers and Sell Them Drugs? A Micro-Level Multiple Method Study,"Wim Bernasco, Scott Jacques",-,-,,26,2015,"- Coffeeshops: Odds ratio = 1.185 (18.5% increase in likelihood of being chosen for soliciting customers)
- Activity-level measures: Odds ratios above unity (positive association with likelihood of being chosen for soliciting customers)
- Accessibility measures: Odds ratios above unity (positive association with likelihood of being chosen for soliciting customers)
- Police presence and social control: No specific odds ratios provided; dealers not deterred by these factors
- Selling drugs: Dealers tend to sell in areas with high potential customer density; no specific odds ratios provided",NVivo (for qualitative data analysis),"The authors discuss the Modifiable Areal Unit Problem (MAUP) by acknowledging the importance of detailed spatial scales in their analysis. They use street segments as their unit of analysis, which allows for more detailed measurement compared to larger units. However, they note that even street segments may be too coarse, as dealers' decisions are influenced by very specific locations measured in meters. They suggest future research should use even smaller units, such as 10 × 10 m grids or addresses, to better capture location choices, indicating a consideration of scale effects and aggregation bias. They also propose using units that include tangible characteristics of ongoing situations to avoid ecological fallacy.",No sensitivity analysis performed.,"The authors suggest using smaller spatial units of analysis, such as 10 × 10 m grids or individual addresses, to better capture the dynamic nature of the environment. They also recommend adopting a unit of analysis that includes tangible characteristics of the ongoing situation, such as Wikström's definition of a ""setting.""","  - ""The value for coffeeshops (1.185), for example, indicates that one additional coffeeshop made a street segment 1.185 times more likely (or 18.5% more likely) to be chosen for soliciting customers.""
  - ""The odds ratios are listed in the column labeled ""Take Customer"" (3) of Table 4""
  - ""All estimated odd ratios of the activity-level measures and the accessibility measures have values above unity, except for public transit stops which could not be estimated because on the 49 street segments in the Red Light District there are no public transit stops.""
  - ""The quantitative findings demonstrate that the dealers who were interviewed displayed a tendency to solicit at locations where potential customers congregate but did not seem to be deterred by the police or other sources of social control.""
  - ""The estimates of this choice are presented in the column labeled ""Latest Sale"" (4) of Table 4""
  - ""The results point in the same direction: Dealers sell in street segments where businesses are located that attract people who are potential customers of the dealers.""",,"- The paper provides odds ratios as a measure of effect size for various independent variables related to the location choices of drug dealers.
- The odds ratio for coffeeshops is explicitly mentioned as 1.185, indicating that the presence of a coffeeshop increases the likelihood of a street segment being chosen for soliciting customers by 18.5%.
- The paper mentions that all activity-level and accessibility measures have odds ratios above unity, suggesting a positive association with the likelihood of choosing a location for soliciting customers.
- The paper does not provide specific odds ratios for other variables like police presence or social control, but it does mention that these factors do not seem to deter dealers from choosing certain locations.
- The paper does not provide specific effect sizes or odds ratios for selling drugs, but it suggests that dealers tend to sell in areas with high potential customer density.","  - ""The open-ended interview answers (which were transcribed verbatim) and field notes were analyzed according to well-established routines and procedures. First, the data were coded-with the help of a qualitative data software package, NVivo-with identification tags corresponding to relevant research issues.""
  - ""the analytical strategy includes both strongly structured (""quantitative"") and weakly structured (""qualitative"") techniques.""
  - ""The results allowed us not only to test propositions but also to uncover the mechanisms and subjective underpinnings of location choice decisions.""
  - ""We used this model to calculate, bivariately, the increase in the odds of choosing a street segment that results from a one-unit increase in the street segment characteristic.""
  - ""The statistical approach taken here reflects the small size of our sample, which is too small to allow statistical inference.""",,"- The paper mentions the use of both quantitative and qualitative techniques, indicating a combination of statistical analysis and qualitative data analysis software.
- The statistical approach is described as calculating odds ratios, which is a common statistical method, but no specific software is mentioned for this purpose.
- The qualitative data analysis was conducted using NVivo, which is a software package specifically designed for qualitative data analysis.
- There is no mention of any other specific statistical software or programming tools like R, Stata, Python, SPSS, SAS, etc., in the paper.","  - ""The two main features that distinguish our study from prior work on the geography of drug dealing are the detailed spatial scale of analysis and the emphasis on multiple methods.""
  - ""The spatial units of analysis are street segments that are small enough to be overseen and overheard from a single point.""
  - ""The detailed spatial scale allows us to measure and analyze relevant features of the environment in much greater detail than has been the case in most prior studies.""
  - ""The results of our analysis of the interview transcripts demonstrate that street segments are still too coarse as units of analysis, not only because they still cover too large territory but also because their relevant characteristics are not stable over time.""
  - ""When dealers talk about optimal places to solicit customers or sell drugs, the relevant spatial scale of location choice is measured in meters rather than in hundreds of meters.""
  - ""The conclusion to be drawn from this observation could be, as we suggest, that future research should study offending at even smaller spatial units of analysis than street segments (e.g., 10 × 10 m grids, or even addresses).""
  - ""It might, however, be even more worthwhile to adopt a unit of analysis that is not purely spatial but that includes tangible characteristics of the ongoing situation.""",,"- The authors discuss the use of a detailed spatial scale in their analysis, focusing on street segments as their unit of analysis. This is relevant to the Modifiable Areal Unit Problem (MAUP) as it involves the selection of spatial units for analysis.
- They mention that their use of street segments allows for a more detailed analysis compared to larger units used in prior studies, which is a consideration related to scale effects and aggregation bias.
- The authors acknowledge that even street segments might be too large, as dealers' decisions are influenced by very specific locations measured in meters, indicating a potential issue with spatial autocorrelation and the need for smaller units.
- They suggest future research should use even smaller units, such as 10 × 10 m grids or addresses, to better capture the nuances of location choices, which is a direct discussion of scale effects and the need to avoid aggregation bias.
- The authors also propose considering units that include tangible characteristics of ongoing situations, which relates to avoiding ecological fallacy by focusing on specific contexts rather than broader spatial units.","  - ""It might, however, be even more worthwhile to adopt a unit of analysis that is not purely spatial but that includes tangible characteristics of the ongoing situation.""
  - ""The conclusion to be drawn from this observation could be, as we suggest, that future research should study offending at even smaller spatial units of analysis than street segments (e.g., 10 × 10 m grids, or even addresses).""
  - ""The results of our analysis of the interview transcripts demonstrate that street segments are still too coarse as units of analysis, not only because they still cover too large territory but also because their relevant characteristics are not stable over time.""
  - ""The rationale was that for decision making in dealing situations, what matters are the characteristics of a place that can be seen or heard, and it seemed that street segments (""street blocks,"" ""face blocks"") are small enough to assure that from any point in the street segment, relevant attributes of any other point in the same segment could be seen and heard.""",,"- The paper discusses the use of street segments as the unit of analysis for studying drug dealing locations, which is a key aspect of their spatial scale.
- The authors note that while street segments are considered small enough to capture relevant attributes, they are still too coarse and cover too large a territory.
- The paper suggests that future research should consider even smaller spatial units, such as 10 × 10 m grids or addresses, indicating a potential for sensitivity analysis in future studies.
- However, the paper does not conduct a sensitivity analysis itself by comparing results across different spatial scales or units within the study.
- The discussion about future research directions implies that the current study did not perform a sensitivity analysis using different spatial unit sizes or scales.","  - ""The conclusion to be drawn from this observation could be, as we suggest, that future research should study offending at even smaller spatial units of analysis than street segments (e.g., 10 × 10 m grids, or even addresses).""
  - ""A good example is the definition of a ""setting"" proposed by Wikström: ""The part of the environment (the configuration of objects, persons and events) that, at any given moment in time, is accessible to a person through his or her senses (including any media present)""""
  - ""It might, however, be even more worthwhile to adopt a unit of analysis that is not purely spatial but that includes tangible characteristics of the ongoing situation.""
  - ""The results of our analysis of the interview transcripts demonstrate that street segments are still too coarse as units of analysis, not only because they still cover too large territory but also because their relevant characteristics are not stable over time.""
  - ""When dealers talk about optimal places to solicit customers or sell drugs, the relevant spatial scale of location choice is measured in meters rather than in hundreds of meters.""",,"- The authors suggest that the current use of street segments as spatial units of analysis is too broad and does not capture the dynamic nature of the environment.
- They propose that future research should use smaller spatial units, such as 10 × 10 m grids or even individual addresses, to better understand the spatial behavior of dealers.
- The authors also recommend considering a unit of analysis that incorporates both spatial and situational characteristics, such as Wikström's definition of a ""setting,"" which includes objects, persons, and events.
- This approach would allow for a more nuanced understanding of how dealers interact with their environment and make location choices."
Discrete choice analysis of spatial attack sites,"Michael A Smith, Ae D E Brown, Donald E Brown",-,-,Inf. Syst. E Bus. Manag.,16,2007,"Not mentioned (the paper does not provide specific effect sizes, odds ratios, or standardized coefficients for the independent variables)",R software package (Team 2004),No MAUP discussion present (the paper implies consideration for scale effects but does not explicitly discuss MAUP or ecological fallacy),No sensitivity analysis performed.,"The authors suggest that the resolution of the grid used should be fine enough to capture the variance of spatial features, and that determining adequate resolution depends on the nature of features used. For aggregated data like demographic information, a grid resolution finer than the aggregation area is unnecessary. For proximity measures, the inter-centroid spacing should be smaller than the minimum distance between key locations.","  - ""The model summary is in Table 2 . It indicates that the spatial hierarchy term is significant. u 30 exhibits significance in the standard multinomial logit model, but does not in the larger spatial hierarchy model. The p value moved from a highly significant value, less than 10 -9 , to the insignificant 0.189. This change suggests multicollinearity with other features in the model.""
  - ""The coefficient magnitudes indicate a similar impact on alternative utility.""
  - ""The coefficient on u 30 , a proximity measure, is negative, indicating the feature it represents is attractive. u 66 is a density measurement, and the coefficient indicates positive association with selection likelihood. The coefficient magnitudes indicate a similar impact on alternative utility.""",,"- The paper provides information on the significance and direction of the effects of certain variables (u30 and u66) on the outcome variable (spatial attack site selection). The coefficients for these variables are mentioned, but specific numerical values or effect sizes like odds ratios or standardized coefficients are not provided.
- The paper mentions that the coefficients for u30 and u66 are significant and have similar magnitudes, indicating their impact on the utility of alternative sites. However, it does not provide specific effect sizes or measures like Cohen's d or percentage changes.
- The paper does not report odds ratios, hazard ratios, incidence rate ratios, or other specific effect size measures. It focuses on the significance and direction of the effects rather than quantifying them in terms of effect sizes.","  - ""For estimation performed in Sect. 4 of this article, numerical optimization was performed using a variable metric algorithm implemented in the R software package (Team 2004).""",,"- The paper explicitly mentions the use of the R software package for numerical optimization during the estimation process.
- The mention of ""R software package"" indicates that R was used as a statistical software tool for data analysis.
- The reference to ""Team 2004"" likely refers to the R Development Core Team, which is responsible for maintaining and updating the R software.","  - ""The resolution of the grid used must be fine enough to capture the variance of spatial features. Determining adequate resolution depends on the nature of features used. If features are aggregated areally, such as demographic data reported by census tract, then a grid resolution finer than the aggregation area is unnecessary. Similarly, if features are proximity measures, such as distances to key locations, then the inter-centroid spacing should be smaller than the minimum distance between these locations.""",,"- The paper discusses the importance of grid resolution in capturing spatial feature variance, which is related to the Modifiable Areal Unit Problem (MAUP). MAUP concerns the sensitivity of results to the choice of spatial units and their scale.
- The authors mention that the grid resolution should be fine enough to capture variance, indicating an awareness of scale effects. They suggest that the resolution should be adjusted based on the type of features being analyzed, which is a consideration in addressing MAUP.
- The paper does not explicitly mention MAUP or ecological fallacy, but it implies a consideration for scale effects by discussing the need for appropriate grid resolution based on feature types.
- There is no explicit discussion of aggregation bias or spatial autocorrelation issues in relation to MAUP.","  - ""The choice set was defined using the following steps. The smallest rectangle that would wholly circumscribe the boundaries of the City of Richmond was the extents of a grid with 100 rows and 100 columns.""
  - ""The north-south inter-centroid spacing is 170 m, the east-west inter-centroid spacing is 191 m.""
  - ""The resolution of the grid used must be fine enough to capture the variance of spatial features. Determining adequate resolution depends on the nature of features used.""",,"- The paper discusses the importance of grid resolution in capturing spatial feature variance, indicating a consideration for spatial scale.
- The specific grid resolution used in the study is detailed, with inter-centroid spacings of 170m and 191m, which suggests a fixed spatial unit size.
- There is no mention of conducting sensitivity analysis using different spatial unit sizes or scales. The paper does not describe any comparison of results across different spatial scales or methodological approaches for such an analysis.
- The focus is on the application of the model with a specific grid resolution rather than exploring how different resolutions might affect the results.","  - ""The resolution of the grid used must be fine enough to capture the variance of spatial features. Determining adequate resolution depends on the nature of features used.""
  - ""Similarly, if features are proximity measures, such as distances to key locations, then the inter-centroid spacing should be smaller than the minimum distance between these locations.""
  - ""If features are aggregated areally, such as demographic data reported by census tract, then a grid resolution finer than the aggregation area is unnecessary.""",,"- The paper discusses the importance of grid resolution in capturing spatial feature variance, indicating that the choice of spatial unit size is crucial for accurate analysis.
- It suggests that the resolution should be tailored to the type of features being analyzed, such as demographic data or proximity measures.
- The authors imply that using a grid resolution finer than necessary for aggregated data is unnecessary, while for proximity measures, the spacing should be smaller than the minimum distance between key locations.
- These suggestions relate to methodological improvements and considerations for choosing optimal spatial unit sizes based on the nature of the data being analyzed."
Residential burglary target selection: An analysis at the property-level using Google Street View,"Samuel H Langton, Wouter Steenbeek",-,-,,40,2017,"- Surveillability: B = -0.735, OR = 0.48
- Ease of escape: B = 0.477, OR = 1.61
- Accessibility: B = 0.380, OR = 1.46",R,The authors discuss the Modifiable Areal Unit Problem (MAUP) by acknowledging the dependency of micro-level predictors on macro-level environments and the potential for aggregation bias. They address these issues by using a case-control design grouped by neighborhood and conducting robustness checks with alternative neighborhood boundaries.,"No sensitivity analysis performed (the sensitivity analysis conducted was related to the weighting of items within constructs, not spatial unit sizes or scales)","- Collect small-scale, bespoke data to shed new light on crime phenomena.
- Use virtual GSV walk-throughs to mimic the journey-to-crime route.
- Explore ways to include isolated properties in the analysis.
- Investigate how behavior varies by time of day.
- Consider alternative neighborhood boundaries to explore optimal unit sizes or different scales of analysis.","  - ""The data offers no evidence to suggest that the effect of surveillability is greater in neighbourhoods with high collective efficacy (p-2s > 0.05).""
  - ""The results indicate that the more residential units are considered to be under surveillance, the less likely they are to be burglarised. Conversely, properties that are more accessible and are easier to escape from are more likely to be targeted by burglars.""",,"- The paper provides standardized coefficients and odds ratios for the main independent variables: surveillability, accessibility, and ease of escape.
- The standardized coefficient for surveillability is -0.735, with an odds ratio of 0.48, indicating that increased surveillability decreases the likelihood of burglary.
- The standardized coefficient for ease of escape is 0.477, with an odds ratio of 1.61, indicating that easier escape increases the likelihood of burglary.
- The standardized coefficient for accessibility is 0.380, with an odds ratio of 1.46, indicating that increased accessibility increases the likelihood of burglary.
- The paper also mentions a likelihood ratio test that supports the significance of these effects, but it does not provide additional effect sizes beyond the odds ratios and standardized coefficients.","  - ""Conditional logistic regression models were fitted by conditional maximum likelihood using the statistical environment R.""",,"- The paper explicitly mentions the use of ""the statistical environment R"" for fitting conditional logistic regression models. This indicates that R was the primary software used for data analysis in this study.
- R is a widely used programming language and software environment for statistical computing and graphics, which is commonly used for data analysis in various fields, including social sciences and criminology.","  - ""Researchers that statistically compare observations across a geographical area must give consideration to the possibility that micro-level predictors may be dependent on their macro-level environments.""
  - ""Utilising a case-control design grouped by neighbourhood allows researchers to investigate micro-level target selection behaviour without having to make such strong assumptions.""
  - ""To compare properties irrespective of their neighbourhood would assume that the contextual attributes are independent of property-level mechanisms, or are invariant across the entire geographical study area.""
  - ""Robustness checks were carried out using alternative neighbourhood boundaries to explore whether the reported results were a statistical artefact caused by a poorly defined neighbourhood unit.""",,"- The paper discusses the issue of micro-level predictors being dependent on macro-level environments, which is related to the Modifiable Areal Unit Problem (MAUP). MAUP concerns the sensitivity of statistical results to the choice of spatial units.
- The authors mention that comparing properties without considering their neighborhood context could lead to assumptions about independence or invariance across the study area, which is a concern related to aggregation bias.
- The use of a case-control design grouped by neighborhood is presented as a method to mitigate these issues by controlling for neighborhood-level effects.
- The paper also mentions robustness checks using alternative neighborhood boundaries, which suggests an attempt to address potential issues related to the definition of spatial units and their impact on results.","  - ""The method of creating the four main constructs assumes that each item is equally important. To assess this assumption, sensitivity analysis was carried out in order to explore the extent to which the items were constructed and weighted suitably. The results suggested that some items are 'unhappy' being weighted equally to other items within the constructs. Further research could use explorative analysis that improves model fit by altering the weighting of items.""",,"- The paper mentions that a sensitivity analysis was conducted to assess the assumption that each item in the constructs is equally important.
- The sensitivity analysis explored how the items were constructed and weighted, indicating that it was focused on the internal structure of the constructs rather than spatial unit sizes or scales.
- The results of the sensitivity analysis suggested that some items were not well-suited to being weighted equally, which implies that the analysis was more about the internal consistency and weighting of variables rather than spatial scales.
- There is no mention of comparing results across different spatial scales or using different spatial unit sizes in the sensitivity analysis.","  - ""Though collecting small-scale bespoke data runs against the grain, this study has shown that by collecting such tailored information, one can shed a different light on a phenomenon than by using readily available, generic data. This opens up new avenues for future research involving other crime types.""
  - ""The data collection technique is not without its drawbacks. The inability of the Google Car to capture isolated properties inevitably leads to a bias sample, as these cannot be coded. Given that some interviewed offenders even stated that they preferred isolated properties, this is a particularly problematic shortcoming.""
  - ""Moreover, when augmented with information regarding the home location of criminals, one could even mimic the journey-to-crime route taken using a virtual GSV walk-through. This could establish whether criminals react to environmental cues in a way that guides their trajectory through the urban space towards the eventual crime location.""
  - ""A resolvable issue for future research would be an exploration into whether behaviour varies depending on the time of day (e.g. Montoya, Junger, & Ongena, 2016). One would expect that burglars place less importance on attributes relating to surveillability during hours of darkness.""",,"- The authors suggest that future research could benefit from collecting small-scale, bespoke data to shed new light on crime phenomena, which implies a focus on smaller spatial units or more detailed analysis.
- They propose using virtual GSV walk-throughs to mimic the journey-to-crime route, which could involve analyzing smaller spatial units or paths within neighborhoods.
- The authors highlight the limitation of not being able to capture isolated properties due to Google Car limitations, suggesting that future research could explore ways to include these areas in the analysis.
- They suggest exploring how behavior varies by time of day, which could involve analyzing smaller temporal units or different scales of analysis.
- The mention of robustness checks using alternative neighborhood boundaries indicates a consideration for the impact of spatial unit size on results, suggesting future research could explore optimal unit sizes or different scales of analysis."