Title,Authors,DOI,DOI link,Venue,Citation count,Year,Number_of_Data_Sources,Crime_Type,Crime_Type_Group,Crime_Incidents,Model_Type,"Supporting quotes for ""Number_of_Data_Sources""","Supporting  tables for ""Number_of_Data_Sources""","Reasoning for ""Number_of_Data_Sources""","Supporting quotes for ""Crime_Type""","Supporting  tables for ""Crime_Type""","Reasoning for ""Crime_Type""","Supporting quotes for ""Crime_Type_Group""","Supporting  tables for ""Crime_Type_Group""","Reasoning for ""Crime_Type_Group""","Supporting quotes for ""Crime_Incidents""","Supporting  tables for ""Crime_Incidents""","Reasoning for ""Crime_Incidents""","Supporting quotes for ""Model_Type""","Supporting  tables for ""Model_Type""","Reasoning for ""Model_Type"""
TARGET CHOICE DURING EXTREME EVENTS: A DISCRETE SPATIAL CHOICE MODEL OF THE 2011 LONDON RIOTS *,"Peter Baudains, Alex Braithwaite, Shane D Johnson",-,-,,85,2013,7,Burglary; Theft,Multiple crime types,"2,299",Conditional Logit Model,"  - ""To do this, we use data for all riot-related incidents that occurred in London in August 2011 that were detected by the police.""
  - ""The police data consist of all offenses that were detected, and that were identified as having been associated with the riots, by the Metropolitan police for the period August 6-11, 2011.""
  - ""we use the Valuation Office Agency floor space data for the year 2004 (see http://www.planningstatistics.org.uk) to calculate the total floor space of shops per 250 m 2 within each LSOA.""
  - ""The number of key stage 4 schools (roughly equivalent to secondary schools for those 11-16 years of age) in each LSOA is counted using data from the U.K. Department of Education.""
  - ""The estimates of population churn rates and ethnic heterogeneity were derived using data from the 2001 U.K. Census.""
  - ""To measure deprivation, we use the Index of Multiple Deprivation (IMD) 2010 obtained from the U.K. Department for Communities and Local Government (McLennan et al., 2011).""
  - ""The variable was operationalized using mid-2010 population estimates for LSOAs, obtained from the U.K. Office for National Statistics.""
  - ""To determine whether an underground station is located within an LSOA, we use location data of underground stations obtained from Open Street Map (http://www.openstreetmap.org/).""",,"- The study uses data from the Metropolitan Police Service for riot-related incidents, which is one data source.
- The Valuation Office Agency provides data on retail floor space, which is another distinct data source.
- The U.K. Department of Education is a source for data on schools, adding another data source.
- The 2001 U.K. Census is used for population churn rates and ethnic heterogeneity, which is a separate data source.
- The U.K. Department for Communities and Local Government provides the Index of Multiple Deprivation, which is another data source.
- The U.K. Office for National Statistics is a source for population estimates, adding another data source.
- Open Street Map is used for underground station locations, which is a distinct data source.","  - ""Most crimes were incidents of burglary or theft, which supports the common view that looting was prevalent during the riots, and therefore, it may have influenced the target choice of offenders.""
  - ""Table 3 details the types of offenses committed for the 2,299 records used in the analysis. Most crimes were incidents of burglary or theft, which supports the common view that looting was prevalent during the riots, and therefore, it may have influenced the target choice of offenders.""
  - ""The results demonstrate that rioter target choices were far from random and provide support for all three types of theory, but for crime pattern theory in particular.""",,"- The study focuses on the 2011 London riots, which involved various types of crimes.
- The paper explicitly mentions that ""most crimes were incidents of burglary or theft,"" indicating that these are the primary crime types analyzed in the study.
- The mention of ""looting"" suggests that these crimes were related to property offenses, which aligns with burglary and theft.
- There is no mention of other crime types such as assault, drug offenses, vandalism, graffiti, fraud, or domestic violence, indicating that the study primarily focuses on burglary and theft.","  - ""The results demonstrate that rioter target choices were far from random and provide support for all three types of theory, but for crime pattern theory in particular.""
  - ""Table 3 details the types of offenses committed for the 2,299 records used in the analysis.""
  - ""In addition to analyzing all incidents together, we conducted analyses separately for those arrests associated with crimes against property (burglary and criminal damage) and for all other offenses.""
  - ""Most crimes were incidents of burglary or theft, which supports the common view that looting was prevalent during the riots, and therefore, it may have influenced the target choice of offenders.""
  - ""The contribution made by this article is to extend this line of enquiry by using data for the offenders involved and by examining the characteristics of the areas within which they offend and those in which they do not.""",,"- The study primarily focuses on the 2011 London riots, which involved various types of crimes, as indicated by the mention of ""burglary or theft"" and ""crimes against property (burglary and criminal damage) and for all other offenses.""
- The paper explicitly states that analyses were conducted separately for different types of offenses, such as crimes against property and other offenses, indicating that multiple crime types were examined.
- The study's focus on the spatial decision making of rioters during the London riots suggests that it encompasses a range of criminal activities associated with riots, rather than a single specific crime type.","  - ""Of the available data (N = 3,914), 2,299 records contained entries for both the residential and the offense location. Only these data were used in the analysis,""
  - ""The police data consist of all offenses that were detected, and that were identified as having been associated with the riots, by the Metropolitan police for the period August 6-11, 2011.""",,"- The paper mentions that the study used data from the Metropolitan police for the period August 6-11, 2011, which includes all offenses detected and associated with the riots.
- The total number of records available for analysis is indicated as N = 3,914, which represents all detected offenses.
- However, the analysis was conducted using a subset of these records, specifically those that contained both residential and offense location information, which totals 2,299 records.
- The question asks for the number of individual crime incidents or events analyzed in the study, which is the number of records used in the analysis.","  - ""This is the conditional logit model, and the β m may be estimated using maximum likelihood estimation.""
  - ""In terms of formal methods for modeling decision making of this kind, the discrete choice approach is a class of model that concerns an individual's choice between a set of two or more discrete alternatives (for an overview, see Train, 2003).""",,"- The paper discusses the use of a ""discrete choice approach"" which is a broad category of models, but it specifically mentions the ""conditional logit model"" as the type of discrete choice model used.
- The formula provided for the probability of an offender choosing a zone is characteristic of the conditional logit model, which is a common type of discrete choice model.
- The mention of the error terms being distributed according to an extreme value type 1 distribution (Gumbel distribution) is consistent with the assumptions of the conditional logit model.
- The paper explicitly states that the model used is the ""conditional logit model,"" which is a specific type of discrete choice model."
a_discrete_spatial_choice_model_of_burglary_target.pdf,-,-,-,-,-,-,2,Residential burglary,Single crime type,650,Conditional Logit Model,"  - ""Information on attributes of residential properties in East Flanders was obtained through the Belgian Land Registry.""
  - ""Recorded crime data for all aggravated burglaries committed between 2006 and 2012 in East Flanders and for which at least one offender is known were acquired from the Belgian Federal Police.""
  - ""For our analysis, we have combined recorded crime data on burglaries in East Flanders from the Belgian Federal Police with data on residential houses from the Belgian Land Registry to study burglars' target selection process.""",,"- The paper explicitly mentions two distinct data sources: the Belgian Federal Police and the Belgian Land Registry.
- The Belgian Federal Police provided recorded crime data on burglaries, which is one data source.
- The Belgian Land Registry provided data on residential properties, which is another data source.
- There are no other data sources mentioned in the paper, so these are the only two distinct data sources used in the study.","  - ""This article studies how burglars select a house to burglarize.""
  - ""we consider a discrete spatial choice model of burglary target selection to establish which house-related attributes influence burglars' target selection process.""
  - ""Using data on 650 residential burglaries and on approximately 500,000 residential properties in the Belgian province East Flanders, we consider a discrete spatial choice model of burglary target selection""
  - ""The study area comprises the entire province of East Flanders (Belgium), a densely urbanized polycentric study area with a population of approximately 1.5 million inhabitants distributed across 12 cities and 53 towns.""
  - ""Recorded crime data for all aggravated burglaries committed between 2006 and 2012 in East Flanders and for which at least one offender is known were acquired from the Belgian Federal Police.""
  - ""In total, 650 unique burglars and their burglaries were included in the analysis.""",,"- The paper explicitly states that it studies how burglars select a house to burglarize, indicating that the crime type analyzed is burglary.
- The study uses data on ""650 residential burglaries,"" which confirms that the specific type of crime being analyzed is residential burglary.
- The paper focuses on the selection process of residential properties as targets for burglary, further supporting that the crime type is residential burglary.
- The study area and data collection are centered around residential properties and burglaries, reinforcing the focus on residential burglary.","  - ""Recorded crime data for all aggravated burglaries committed between 2006 and 2012 in East Flanders and for which at least one offender is known were acquired from the Belgian Federal Police.""
  - ""In total, 650 unique burglars and their burglaries were included in the analysis.""
  - ""The study area comprises the entire province of East Flanders (Belgium), a densely urbanized polycentric study area with a population of approximately 1.5 million inhabitants distributed across 12 cities and 53 towns.""
  - ""Using data on 650 residential burglaries and on approximately 500,000 residential properties in the Belgian province East Flanders, we consider a discrete spatial choice model of burglary target selection to establish which house-related attributes influence burglars' target selection process.""
  - ""This article studies how burglars select a house to burglarize.""",,"- The study is focused on ""how burglars select a house to burglarize,"" indicating that the primary crime type being analyzed is burglary.
- The data used in the study is specifically related to ""650 residential burglaries,"" which further supports that the study is focused on a single crime type.
- The study does not mention any other crime types being analyzed; all references are to burglary.
- The study area and data collection are centered around burglary, with no indication of other crime types being included in the analysis.","  - ""In total, 650 unique burglars and their burglaries were included in the analysis.""
  - ""Using data on 650 residential burglaries and on approximately 500,000 residential properties in the Belgian province East Flanders, we consider a discrete spatial choice model of burglary target selection to establish which house-related attributes influence burglars' target selection process.""
  - ""4,308 aggravated burglary cases committed by 4,089 unique burglars, equivalent to 7,379 burglarburglary pairs or crime trips, were extracted from the Belgian General Police Database.""",,"- The paper mentions that the study used data on ""650 residential burglaries"" and ""650 unique burglars and their burglaries were included in the analysis."" This indicates that the primary focus of the analysis was on these 650 burglary cases.
- The mention of ""4,308 aggravated burglary cases"" and ""7,379 burglarburglary pairs or crime trips"" suggests a larger dataset was available, but these were not the primary focus of the analysis.
- The study's focus on ""650 unique burglars and their burglaries"" implies that these were the individual crime incidents or events analyzed in the study.","  - ""The estimation results of the bootstrapped conditional logit models are summarized in Table 3""
  - ""the discrete spatial choice approach can be estimated using a conditional logit model (Bernasco & Nieuwbeerta, 2005).""
  - ""Estimating a conditional logit model involves an iterative maximum likelihood process and requires the likelihood function to be computed for each decision-maker-by-alternative combination (Ben-Akiva & Lerman, 1985).""
  - ""The approach is rooted in the micro-economic theory of random utility maximization (RUM) (McFadden, 1974) and enables studying the choice behavior of decision-makers selecting one alternative from a larger set of exhaustive and mutually exclusive alternatives.""
  - ""A discrete spatial choice approach is used to study burglars' target selection process (Bernasco, et al., 2015; Bernasco & Ruiter, 2014)""",,"- The paper explicitly mentions the use of a ""discrete spatial choice approach"" to study burglars' target selection process.
- It states that this approach is rooted in the theory of random utility maximization (RUM), which is a common basis for discrete choice models.
- The paper specifies that the discrete spatial choice approach is estimated using a ""conditional logit model,"" which is a type of discrete choice model.
- The mention of ""conditional logit model"" is repeated in the context of estimating the model and presenting the results, reinforcing that this is the specific type of model used."
Formal Evaluation of the Impact of Barriers and Connectors on Residential Burglars' Macro-Level Offending Location Choices,"Joseph Clare, John Fernandez, Frank Morgan",-,-,,100,2009,2,Residential burglary,Single crime type,"1,761",Conditional Logit,"  - ""The residential burglary data analysed here were provided by the Western Australian Police.""
  - ""In 2002, the estimated prevalence rate for break-in and attempted break-in in Western Australia was 9.6%, and of these incidents approximately 84% of actual break-ins were reported to police (Australian Bureau of Statistics [ABS], 2006)""
  - ""The city of Perth is located in the south-west of Western Australia at the coast of the Indian Ocean. The estimated residential population of Perth in 2001 was 1,381,298 people.""
  - ""statistics for this set of suburbs show that they have an average size of 6.76 km 2 with a mean population of 4,669 residents and 1,791 dwellings (ABS, 2003)""
  - ""Because the weekly income for suburbs was categorically defined within the census data, it was not meaningful to talk about the average weekly income (ABS, 2004)""
  - ""The SEIFA index for Advantage-Disadvantage is a composite measure that relates to socioeconomic aspects of small geographic areas within Australia. It is calculated as a result of responses to a range of census questions and has the broadest coverage of area advantage/disadvantage.""",,"- The paper mentions that the residential burglary data was provided by the Western Australian Police, which is one data source.
- The Australian Bureau of Statistics (ABS) is mentioned multiple times as a source for various data points such as prevalence rates, population sizes, and socioeconomic indices. This indicates that the ABS is another distinct data source.
- The Socio-Economic Index for Areas (SEIFA) is also mentioned as a data source, but it is part of the ABS data, not a separate entity.
- There are no other data sources mentioned in the paper.","  - ""The residential burglary data analysed here were provided by the Western Australian Police.""
  - ""The final dataset contained 1,761 singleoffender (actual or attempted) residential burglaries committed between January 1, 2001, and December 31, 2002 , where the offender resided in the city of Perth.""
  - ""Consequently, this article utilises the discrete spatial choice approach to formally evaluate the impact of barriers and connectors on residential burglars' macro-level offending location choices.""
  - ""the aim of this research is to build on Bernasco and Nieuwbeerta's (2005) findings and utilise a discrete spatial choice approach to formally evaluate the influence of barriers and connectors on target selection at a macro level.""",,"- The paper explicitly states that it focuses on ""residential burglars' macro-level offending location choices,"" indicating that the crime type being analyzed is residential burglary.
- The data analyzed in the study is described as ""residential burglary data,"" further confirming that the study is centered on residential burglary.
- The dataset includes ""1,761 singleoffender (actual or attempted) residential burglaries,"" which again specifies that the crime type under investigation is residential burglary.
- The aim of the research is to evaluate the influence of barriers and connectors on ""target selection at a macro level,"" which is specifically related to residential burglary.","  - ""Future research should examine the generalisability of this finding, particularly with a view to transferability across crime type, and to consider how this pattern relates to physical and social characteristics of specific train stations.""
  - ""The final dataset contained 1,761 singleoffender (actual or attempted) residential burglaries committed between January 1, 2001, and December 31, 2002 , where the offender resided in the city of Perth.""
  - ""The residential burglary data analysed here were provided by the Western Australian Police.""
  - ""Consequently, this article utilises the discrete spatial choice approach to formally evaluate the impact of barriers and connectors on residential burglars' macro-level offending location choices.""",,"- The study explicitly focuses on ""residential burglars' macro-level offending location choices,"" indicating that the primary crime type analyzed is residential burglary.
- The data analyzed is specifically described as ""residential burglary data,"" further confirming that the study is centered on this single crime type.
- The mention of ""residential burglaries"" throughout the paper reinforces that the study is focused on this specific crime category.
- The suggestion for future research to examine ""transferability across crime type"" implies that the current study is limited to one crime type, which is residential burglary.","  - ""The final dataset contained 1,761 singleoffender (actual or attempted) residential burglaries committed between January 1, 2001, and December 31, 2002 , where the offender resided in the city of Perth.""",,"- The paper explicitly states that the final dataset for analysis included 1,761 single-offender residential burglaries.
- These incidents were committed between January 1, 2001, and December 31, 2002.
- The dataset only included cases where the offender resided in the city of Perth.
- The number of crime incidents analyzed in the study is clearly specified as 1,761.","  - ""The conditional logit model tested here contained 12 parameters and provided an acceptable fit of the burglary target selection data, with McFadden's ρ 2 = 0.27.""
  - ""Equation 2 summarises the structure of the logic that underpins the discrete spatial choice approach. However, in order to apply and test this theoretical construct, a statistical technique called conditional logit modelling is required.""
  - ""Parameters are estimated by conditional logit models through maximum likelihood methods and, as such, care must be taken to ensure that the estimated standard errors are robust to the probability that the data set contains instances of multiple burglaries committed by the same offenders (clustering of cases).""
  - ""The essential elements involved with the application of discrete spatial choice are: (a) defining the boundaries of the choice set, (b) capturing the unique attributes of the decision-makers and (c) modelling the interaction between the individual chooser's characteristics and choice for the whole population (McFadden, 1974).""",,"- The paper discusses the use of a ""discrete spatial choice approach"" which is a framework for analyzing choices among multiple alternatives.
- The specific statistical technique used within this framework is identified as ""conditional logit modelling,"" which is a type of discrete choice model.
- The paper provides details about the application of conditional logit modeling, including the estimation of parameters and the handling of clustering in the data.
- The mention of ""conditional logit modelling"" multiple times in the paper confirms that this is the type of discrete choice model used in the statistical analysis."
Investigating the effect of people on the street and streetscape physical environment on the location choice of street theft crime offenders using street view images and a discrete spatial choice model,"Han Yue, Lin Liu, Luzi Xiao, Y D Wei",-,-,Applied Geography,15,2023,2,"Street theft crime (including snatching, pickpocketing, and theft from the person)",Single crime type,1540,Conditional Logit Model,"  - ""We obtained a set of detected street theft crimes committed during 2017 and 2018 from the police department of ZG city.""
  - ""This study adopted Baidu Street View (BSV) images as the data source to detect people on the street and other streetscape physical environment features.""",,"- The study primarily uses Baidu Street View (BSV) images as a data source for extracting streetscape features and on-street population data.
- The police department of ZG city is another data source, providing crime data for the study.
- The discrete spatial choice model is a methodological approach rather than a data source.
- There are no other data sources mentioned in the paper, such as additional databases or organizations providing data.","  - ""The type of crime studied in this paper is street theft crime, which includes snatching, pickpocketing, and theft from the person that happened in the public open space.""
  - ""Finally, there were 1540 street theft crimes in the selected communities of the study area.""",,"- The paper explicitly states that the type of crime being studied is ""street theft crime.""
- Street theft crime is further defined as including ""snatching, pickpocketing, and theft from the person that happened in the public open space.""
- The study focuses on these specific types of crimes, as indicated by the mention of 1540 street theft crimes in the study area.","  - ""The type of crime studied in this paper is street theft crime, which includes snatching, pickpocketing, and theft from the person that happened in the public open space.""
  - ""Finally, there were 1540 street theft crimes in the selected communities of the study area.""",,"- The paper explicitly states that the study focuses on ""street theft crime,"" which includes specific subcategories such as snatching, pickpocketing, and theft from the person.
- The mention of ""street theft crime"" as the primary focus indicates that the study is centered around a single crime type, rather than multiple types.
- The detailed description of the crime types included under ""street theft crime"" suggests that these are subcategories within a broader category, rather than distinct crime types being analyzed separately.
- The paper does not mention any other crime types being analyzed, reinforcing the conclusion that it is focused on a single crime type.","  - ""Finally, there were 1540 street theft crimes in the selected communities of the study area.""
  - ""The type of crime studied in this paper is street theft crime, which includes snatching, pickpocketing, and theft from the person that happened in the public open space. We obtained a set of detected street theft crimes committed during 2017 and 2018 from the police department of ZG city.""",,"- The paper explicitly states that there were ""1540 street theft crimes in the selected communities of the study area."" This is a direct mention of the number of individual crime incidents analyzed in the study.
- The study focuses on street theft crimes, which include snatching, pickpocketing, and theft from the person, indicating that these are the types of incidents included in the count.
- The mention of ""1540 crimes committed across 1636 communities"" further confirms that these are individual crime incidents, as each incident is associated with a specific community.
- The total number of observations (2,519,440) refers to the number of times a community was considered as a potential location for a crime, not the number of individual crime incidents.","  - ""the conditional logit model, which is a practical model derived from the theoretical discrete spatial choice model, can be formulated as follows:""
  - ""According to McFadden's theory of random utility maximization (McFadden, 2001), offenders select targets that provide them with the greatest utility. As a result, the conditional logit model, which is a practical model derived from the theoretical discrete spatial choice model, can be formulated as follows:""
  - ""The research field of crime geography employs a discrete spatial choice model to analyze the factors that influence offenders' decisions in selecting a community j for committing crimes, with the dependent variable being dichotomous.""
  - ""The estimated odds ratio of the number of people on the street in Model 2 is 1.114, demonstrating that the larger the on-street population is in a community, the more likely the community will be chosen by offenders as the place to execute crimes.""",,"- The paper explicitly mentions the use of a ""discrete spatial choice model"" to analyze the factors influencing offenders' location choices.
- The model is described as a ""conditional logit model,"" which is a specific type of discrete choice model.
- The conditional logit model is used to estimate the odds ratios of various factors affecting the choice of crime locations.
- The paper references McFadden's theory of random utility maximization, which is a basis for the conditional logit model.
- The use of the conditional logit model is consistent with the analysis of dichotomous dependent variables, which is appropriate for the study's focus on whether an offender chooses a particular community for committing a crime."
Target Selection Models with Preference Variation Between Offenders,"Michael Townsley, Daniel Birks, Stijn Ruiter, Wim Bernasco, • Gentry White",-,-,-,-,-,"2 (1. Brisbane crime records, 2. Australian Bureau of Statistics)",Residential burglary,Single crime type,2844,Mixed Logit,"  - ""For each SLA the following characteristics, each relating to a specified behavioral rule, were sourced from the Australian Bureau of Statistics (ABS) 2006 Census and included in the estimated model.""
  - ""Data describing 2844 detected residential burglaries committed by 873 offenders over 2006-2009 calendar years in the Brisbane Local Government Area were collected and analyzed.""",,"- The paper mentions that data on detected residential burglaries was collected and analyzed, but it does not specify multiple data sources for this data. It implies that the data on burglaries came from a single source, likely law enforcement or crime records in Brisbane.
- The Australian Bureau of Statistics (ABS) is explicitly mentioned as a data source for neighborhood characteristics such as affluence and social cohesion.
- There is no mention of any other data sources or databases being used in the study.","  - ""Data describing 2844 detected residential burglaries committed by 873 offenders over 2006-2009 calendar years in the Brisbane Local Government Area were collected and analyzed.""
  - ""Analyzing detected residential burglaries from Brisbane, Australia, we apply a random effects variant of the discrete spatial choice model to estimate preference variation between offenders across six location choice characteristics.""
  - ""This study explores preference variation in location choice strategies of residential burglars.""
  - ""This study investigated whether location choice preferences were the same for all offenders in a sample of residential burglars in Brisbane, Australia.""",,"- The paper explicitly states that the study focuses on ""residential burglars,"" indicating that the crime type analyzed is residential burglary.
- The methodology involves analyzing ""detected residential burglaries,"" further confirming that the study is centered on residential burglary.
- The data collection and analysis are specifically related to ""residential burglaries,"" reinforcing the focus on this crime type.
- There is no mention of any other crime types being studied in the paper, so it is clear that the sole focus is on residential burglary.","  - ""This study investigated whether location choice preferences were the same for all offenders in a sample of residential burglars in Brisbane, Australia.""
  - ""Data describing 2844 detected residential burglaries committed by 873 offenders over 2006-2009 calendar years in the Brisbane Local Government Area were collected and analyzed.""
  - ""Analyzing detected residential burglaries from Brisbane, Australia, we apply a random effects variant of the discrete spatial choice model to estimate preference variation between offenders across six location choice characteristics.""
  - ""This study explores preference variation in location choice strategies of residential burglars.""",,"- The study is explicitly focused on ""residential burglars,"" indicating that it is centered on a single crime type.
- The data collection and analysis are specifically about ""detected residential burglaries,"" further confirming that the study is focused on a single crime type.
- There is no mention of analyzing multiple crime types or comparing different crime categories within the study.
- The study's objectives and methods are tailored to understanding location choice preferences specifically for residential burglars, with no indication of broader crime type analysis.","  - ""Data describing 2844 detected residential burglaries committed by 873 offenders over 2006-2009 calendar years in the Brisbane Local Government Area were collected and analyzed.""
  - ""The offending rate of these offenders was highly skewed. While the mean number of burglaries was 3.26 (SD = 6.59), the most prolific offender was detected for 87 offences.""
  - ""These offences represent 22 % of all recorded burglaries during this period, which is similar to clearance rates observed in the UK, but relatively high compared to the US (Weisel 2002).""",,"- The paper explicitly states that the study analyzed ""2844 detected residential burglaries"" committed by 873 offenders. This is the primary data used for the statistical analysis.
- The mention of ""22 % of all recorded burglaries"" provides context on the proportion of total burglaries these incidents represent, but it does not change the number of incidents analyzed.
- The details about the offending rate and the most prolific offender provide additional context but do not alter the total number of incidents analyzed.","  - ""the mixed logit model is a highly flexible generalization of the conditional logit model.""
  - ""A mixed logit model was estimated to test whether differences in behavioral preferences exist between individual burglars.""
  - ""The mixed logit model is a more general statistical model that allows preferences to be estimated for each decision maker.""
  - ""The mixed logit, a member of the logit family of statistical models, avoids many of the issues associated with the conditional logit model.""
  - ""Analyzing detected residential burglaries from Brisbane, Australia, we apply a random effects variant of the discrete spatial choice model to estimate preference variation between offenders across six location choice characteristics.""",,"- The paper explicitly mentions the use of a ""random effects variant of the discrete spatial choice model,"" which is a key indicator of the type of model used.
- The term ""mixed logit"" is repeatedly used throughout the paper, indicating that this is the specific type of discrete choice model employed in the statistical analysis.
- The mixed logit model is described as a more general version of the conditional logit model, which further confirms its use in the study.
- The paper contrasts the mixed logit model with the conditional logit model, highlighting the advantages of the mixed logit in estimating individual-level preferences."
Effects of residential history on commercial robbers' crime location choices,"Wim Bernasco, Thessa Kooistra",-,-,-,-,-,3,Commercial robbery,Single crime type,276,Conditional Logit Model,"  - ""The third source of data is a database containing demographic, social and economic information on all postal code areas in the Netherlands.""
  - ""The second data source is the population registration data held in the Nationwide Citizen Information System (GBA).""
  - ""The first data source is the National Commercial Robbery Registration System (LORS), which is managed by the Dutch National Police Services Agency (KLPD).""",,"- The paper explicitly mentions three distinct data sources used in the study.
- The first data source is the National Commercial Robbery Registration System (LORS), which is managed by the Dutch National Police Services Agency (KLPD). This is a specific database related to commercial robberies.
- The second data source is the population registration data held in the Nationwide Citizen Information System (GBA). This provides historical residential information about individuals.
- The third data source is a database containing demographic, social, and economic information on all postal code areas in the Netherlands. This is used to provide context and control variables for the analysis.
- Each of these sources is distinct and provides different types of data, making them separate data sources.","  - ""The first data source is the National Commercial Robbery Registration System (LORS), which is managed by the Dutch National Police Services Agency (KLPD).""
  - ""The present paper replicates and extends Bernasco's work by focusing on commercial robberies and by using data that cover a much larger geographical area.""
  - ""Commercial robberies are those that conform to the following criteria:

• (an attempt to) take away or extort money or goods;

• the use or threat of violence forced the victim to hand over the money or goods;

• the incident took place in a closed place, screened off from public space (e.g. store, restaurant).""
  - ""Extending crime pattern theory, and combining data on police recorded robberies with data on the residential histories of the robbers and with a database of postal code areas, we demonstrate that offenders are more likely to commit commercial robberies in their former residential areas than in otherwise similar areas they have never lived in.""
  - ""Using unique data on the residential histories of commercial robbers, this study has generated new empirical evidence relating to the spatial behaviour of offenders that supports crime pattern theory.""",,"- The paper explicitly states that it focuses on ""commercial robberies,"" which is a specific type of crime.
- The data sources used in the study are related to commercial robberies, as indicated by the use of the National Commercial Robbery Registration System (LORS).
- The criteria for what constitutes a commercial robbery are clearly defined in the paper, further confirming that this is the crime type being analyzed.
- The study's findings and discussions are centered around the spatial behavior of commercial robbers, reinforcing that commercial robbery is the primary crime type under investigation.","  - ""Using unique data on the residential histories of commercial robbers, this study has generated new empirical evidence relating to the spatial behaviour of offenders that supports crime pattern theory.""
  - ""Extending crime pattern theory, and combining data on police recorded robberies with data on the residential histories of the robbers and with a database of postal code areas, we demonstrate that offenders are more likely to commit commercial robberies in their former residential areas than in otherwise similar areas they have never lived in.""
  - ""Commercial robberies are those that conform to the following criteria:

• (an attempt to) take away or extort money or goods;

• the use or threat of violence forced the victim to hand over the money or goods;

• the incident took place in a closed place, screened off from public space (e.g. store, restaurant).""
  - ""The first data source is the National Commercial Robbery Registration System (LORS), which is managed by the Dutch National Police Services Agency (KLPD).""
  - ""The present paper replicates and extends Bernasco's work by focusing on commercial robberies and by using data that cover a much larger geographical area.""",,"- The paper explicitly states that it focuses on ""commercial robberies,"" indicating that the study is centered around a single crime type.
- The data sources mentioned, such as the National Commercial Robbery Registration System (LORS), further support that the study is focused on commercial robberies.
- The criteria for what constitutes a commercial robbery are detailed, reinforcing that the study is analyzing this specific crime type.
- The paper does not mention any other crime types being analyzed, which suggests that the study is limited to commercial robberies.","  - ""Of these 352 cases, another 76 offenders were registered in the GBA as living abroad (without a specified address) at the time of the robbery. Because the distance between the current residence and the crime location could not be calculated in these cases, 276 robberies remained for testing the hypotheses.""
  - ""In order to be able to link records from the three data sources, 352 robberies were selected for which the postal codes of the robbery were known and where the robber's data, including his or her residential history, were available in the GBA system.""
  - ""We selected only the 398 robberies that had been committed by a solitary offender (as reported by victims or bystanders).""
  - ""Subsequently the 1539 robberies were selected for which at least one person had been arrested and charged.""
  - ""We first selected all 4657 robberies in the years 2004 and 2005.""",,"- The study initially considered 4657 robberies from 2004 and 2005.
- The selection process narrowed down to 1539 robberies where at least one person was arrested and charged.
- Further selection focused on 398 robberies committed by solitary offenders.
- The final dataset for analysis included 352 robberies where postal codes and residential histories were available.
- However, due to issues with calculating distances for offenders living abroad, the final number of robberies used for testing hypotheses was 276.","  - ""To test the four hypotheses on the role of residential history in robbers' target location choices, a method is required that compares the postal code areas that offenders targeted with alternative postal code areas that they did not target. In other words, how can it be decided whether or not residential history is a relevant aspect of robbery location choice? To this end, we use the conditional logit model, a regression model that explains the outcome of a decision-maker's choice amongst discrete alternatives (also see Bernasco and Nieuwbeerta 2005; further details available from the authors).""
  - ""The parameters in Table 2 are odd ratios, which indicate how much a one unit increase in an independent variable raises (if the odds ratio is above 1) or diminishes (if the odds ratio is below 1) the probability that the area is chosen as a crime location.""",,"- The paper explicitly mentions the use of a ""conditional logit model"" for analyzing the choice of crime locations by offenders. This is a type of discrete choice model that is commonly used in econometrics and other fields to model choices among multiple alternatives.
- The description of the model as a ""regression model that explains the outcome of a decision-maker's choice amongst discrete alternatives"" aligns with the characteristics of a conditional logit model.
- The mention of ""odd ratios"" in the context of the model's parameters further supports the use of a conditional logit model, as odds ratios are typically used to interpret the results of such models."
A Time for a Crime: Temporal Aspects of Repeat Offenders' Crime Location Choices,"Sabine E M Van Sleeuwen, Stijn Ruiter, Barbara Menting",-,-,,21,2018,4,robbery; burglary; theft; assault,Multiple crime types,"12,639",Conditional Logit,"  - ""Second, the LISA database (in Dutch: ""Landelijk Informatiesysteem Arbeidsplaatsen"") was used to obtain data on a variety of businesses and facilities in the Netherlands including bars, restaurants, supermarkets, retail stores, schools, and several leisure facilities""
  - ""In order to control for several important target area characteristics, the main data set was further supplemented with contextual data from two sources that contained year-specific information. First, for all Dutch postal code areas, Statistics Netherlands provides demographic and socioeconomic census-like statistics on a regular basis.""
  - ""The second source is a nationwide citizen information system, called BRP (in Dutch: ""Basis Registratie Personen"").""
  - ""Information on offenders and their offenses was obtained from the Dutch Suspect Identification System (in Dutch ""Herkenningsdienstsysteem [HKS]"") used by The Hague Police Service.""",,"- The paper mentions four distinct data sources:
  1. The Dutch Suspect Identification System (HKS) used by The Hague Police Service, which provides information on offenders and their offenses.
  2. The BRP (Basis Registratie Personen), a nationwide citizen information system, which provides data on residential addresses and histories.
  3. Statistics Netherlands, which provides demographic and socioeconomic data for postal code areas.
  4. The LISA database (Landelijk Informatiesysteem Arbeidsplaatsen), which offers data on businesses and facilities in the Netherlands.","  - ""We examine the timing of offenders' crime location choices using offenses with a clear geographic location, such as robbery, burglary, theft, and assault.""
  - ""The crime types were based on the classification scheme as used by Statistics Netherlands (2014): violence, property, vandalism, traffic, environmental, drugs, weapons, and other types of crime.""",,"- The paper explicitly mentions that the study examines the timing of offenders' crime location choices using offenses such as ""robbery, burglary, theft, and assault."" These are specific types of crimes that are analyzed in the study.
- Additionally, the paper refers to a broader classification scheme used by Statistics Netherlands, which includes categories like ""violence, property, vandalism, traffic, environmental, drugs, weapons, and other types of crime."" However, the specific focus of the study is on the crimes mentioned earlier: robbery, burglary, theft, and assault.
- The study does not limit itself to these specific crimes alone but also considers the broader categories. However, the primary focus is on the detailed analysis of robbery, burglary, theft, and assault.","  - ""The crime types were based on the classification scheme as used by Statistics Netherlands (2014): violence, property, vandalism, traffic, environmental, drugs, weapons, and other types of crime.""
  - ""In line with Hypothesis 2, offenders are more likely to commit crime in areas where they previously committed the same type of crime at similar days and times than in areas where they committed a different type of crime at similar days and times.""
  - ""We examine the timing of offenders' crime location choices using offenses with a clear geographic location, such as robbery, burglary, theft, and assault.""",,"- The study explicitly mentions that it examines the timing of offenders' crime location choices using offenses such as robbery, burglary, theft, and assault. This indicates that the study is not limited to a single crime type.
- The paper refers to a classification scheme by Statistics Netherlands that includes multiple crime types: violence, property, vandalism, traffic, environmental, drugs, weapons, and other types of crime. This further supports the idea that the study analyzes multiple crime types.
- The hypothesis testing involves comparing the likelihood of committing the same type of crime versus a different type of crime in previously targeted areas, which suggests that the study considers multiple crime types.","  - ""Data on 12,639 offenses committed by 3,666 repeat offenders in the Netherlands are analyzed using discrete spatial choice models.""
  - ""This results in a sample of 3,666 offenders who altogether committed 12,639 repeat offenses in one of the 142 potential target areas between 2006 and 2009 and who at least had committed one prior offense in the three years before.""
  - ""Several offenders had multiple repeat offenses during the study period (2006 to 2009) , on average 3.45 offenses per offender. We used all these repeat offenses to test our hypotheses.""",,"- The paper explicitly states that the study analyzed ""12,639 offenses committed by 3,666 repeat offenders in the Netherlands.""
- This number is repeated in another part of the paper, confirming that the total number of offenses analyzed is indeed 12,639.
- The study used these offenses to test hypotheses, indicating that these are the individual crime incidents or events that formed the basis of the statistical analysis.","  - ""Conditional logit models 1 were used to test our hypotheses.""
  - ""The results of the conditional logit models are presented using odds ratios (ORs) and their respective standard errors (SEs).""
  - ""The models in which the time-specific effects for previously targeted areas were taken into account (models 1-4, Tables 2 and 3 ) show a pseudo R 2 of .32.""",,"- The paper explicitly states that ""Conditional logit models 1 were used to test our hypotheses,"" which directly indicates the type of discrete choice model used in the statistical analysis.
- The mention of ""conditional logit models"" is repeated in the context of presenting results, reinforcing that this is the model type used.
- The use of ""odds ratios (ORs) and their respective standard errors (SEs)"" is consistent with the output typically associated with conditional logit models.
- The pseudo R-squared value is mentioned in the context of these models, further confirming their use."
A SENTIMENTAL JOURNEY TO CRIME: EFFECTS OF RESIDENTIAL HISTORY ON CRIME LOCATION CHOICE*,Wim Bernasco,-,-,,204,2010,3,residential burglary; theft from vehicle; robbery; assault,Multiple crime types,"7,179",Conditional Logit Model,"  - ""The third source is a national database of demographic, social, and economic information on all (four-digit) postal code areas in the Netherlands.""
  - ""The second source of data is the population registration data, which are held in a nationwide information system (Dutch acronym GBA) used by Dutch municipalities and several other agencies, to keep track of birth, death, nationality, marriage, divorce, childbirth, and residential addresses of all Dutch citizens.""
  - ""The first data source is a police information system used by the Greater The Hague Police Force that was designed to support crime investigations.""",,"- The paper explicitly mentions three distinct data sources used in the study.
- The first data source is a police information system, which is a specific database used by the Greater The Hague Police Force.
- The second data source is the population registration data, which is a nationwide system managed by Dutch municipalities and other agencies.
- The third data source is a national database providing demographic, social, and economic information on postal code areas in the Netherlands.
- These are clearly separate and distinct sources of data, each serving a different purpose in the study.","  - ""During the years 2004 and 2005, these 3,784 offenders committed a total of 7,179 offenses that were classified as either residential burglary, theft from vehicle, robbery, or assault.""
  - ""The sample was stratified by the type of offense offenders most recently were charged with, so 1,000 offenders were selected whose most recent offense was a residential burglary, 1,000 whose most recent offense was theft from a car, and so on.""
  - ""Table 2 provides an overview for all offenses as well as for each crime type separately, how many of these offenses are committed in the offender's current residential area, committed in the offender's former residential area, and committed elsewhere.""
  - ""The crime types, dates of the offenses, and addresses or locations of the offenses were used in the analysis, and sex, age, country of origin, and number of prior offenses were included for descriptive purposes.""",,"- The study explicitly mentions that it analyzes four specific types of crimes: residential burglary, theft from vehicle, robbery, and assault. These are the primary crime types examined in the study.
- The paper provides detailed analysis and data on these crime types, indicating that they are the focus of the study.
- The study's findings and conclusions are based on these specific crime types, reinforcing their importance in the research.","  - ""The results in table 5 show that the attraction to current and previous residential areas is present and statistically significant for all four types of crime, which confirms that the hypotheses are supported across a range of offense types.""
  - ""The sample was stratified by the type of offense offenders most recently were charged with, so 1,000 offenders were selected whose most recent offense was a residential burglary, 1,000 whose most recent offense was theft from a car, and so on.""
  - ""During the years 2004 and 2005, these 3,784 offenders committed a total of 7,179 offenses that were classified as either residential burglary, theft from vehicle, robbery, or assault.""",,"- The study involves a sample of offenders who were charged with different types of crimes, specifically residential burglary, theft from a vehicle, robbery, and assault. This indicates that the study examines multiple crime types.
- The paper explicitly mentions that the study includes offenses classified as residential burglary, theft from a vehicle, robbery, or assault, which are four distinct crime categories.
- The analysis and findings are presented in a way that considers these multiple crime types together, as evidenced by the mention of ""all four types of crime"" in the context of the hypotheses being supported.
- The study's focus on the role of residential history in crime-location choice is applied across these different crime types, further supporting the categorization as ""Multiple crime types.""","  - ""During the years 2004 and 2005, these 3,784 offenders committed a total of 7,179 offenses that were classified as either residential burglary, theft from vehicle, robbery, or assault.""
  - ""Of the 4,410 individuals originally selected for inclusion in the analysis on the basis of their presence in the police records, 3,784 (86 percent) were used in the analysis.""
  - ""From the electronic system, a random sample was taken of 4,410 persons who had been arrested in 2004 or in 2005 for an offense that had been classified by the police as either a residential burglary, a theft from a vehicle, a robbery, or an assault.""",,"- The study initially selected 4,410 individuals for analysis, but only 3,784 were actually used due to various exclusions.
- The focus of the study was on the crimes committed by these individuals, specifically those classified as residential burglary, theft from a vehicle, robbery, or assault.
- The total number of offenses committed by these 3,784 offenders is explicitly stated as 7,179.
- This number represents the total count of individual crime incidents or events analyzed in the study.","  - ""If e ij follows a type I extreme value distribution, then the parameters can be estimated with a multinomial logit model-also known as the conditional logit model (Ben-Akiva and Bierlaire, 1999).""
  - ""the estimation of a conditional logit model requires that we set up a large data matrix that has, for each of the 7,179 offenses analyzed, as many rows as choice alternatives (i.e., each of the 4,000 postal code areas in the data set is a choice alternative for each of the 7,179 offenses).""
  - ""The purpose of a discrete choice model is to explain the outcome of a discrete choice situation, which is the situation in which an individual decision maker has to choose a single alternative from a limited number of distinct alternatives (Ben-Akiva and Bierlaire, 1999).""
  - ""The dependent variable is defined as a dichotomous variable that equals 1 for the particular area that was actually chosen and equals 0 for all other areas.""
  - ""The hypothesis that offenders prefer short distances more than long distances can be assessed by testing whether b 1 is significantly negative (the further away from the offender's home, the less likely it is that the area is chosen). Assessing whether guardianship deters offenders boils down to testing whether b 2 < 0, and assessing whether offenders are attracted to areas of past residence is testing whether b 3 > 0.""",,"- The paper explicitly mentions the use of a ""conditional logit model"" (Quote 2), which is a type of discrete choice model.
- The conditional logit model is used to estimate parameters based on a type I extreme value distribution (Quote 2), which is characteristic of this model type.
- The setup of the data matrix and the definition of the dependent variable (Quotes 4 and 5) align with the requirements for a conditional logit model.
- The paper does not mention any other type of discrete choice model, reinforcing that the conditional logit model is the primary model used."
Burglars blocked by barriers? The impact of physical and social barriers on residential burglars' target location choices in China,"Luzi Xiao, Stijn Ruiter, Lin Liu, Guangwen Song, Suhong Zhou",-,-,"Computers, Environment and Urban Systems",12,2021,3,Residential burglary,Single crime type,3860,Conditional Logit Model,"  - ""Data on the road and river structure in ZG city is from RITU, an electronic map navigation company.""
  - ""To test the hypothesized social barrier effects, this study used the most recent census data from 2010 for constructing social barrier measures.""
  - ""The Municipal Public Security Bureau of ZG city provided crime data for the period January 2012 to June 2016.""
  - ""Using data on 3860 residential burglaries committed by 3772 burglars between January 2012 and June 2016 in ZG city, China, conditional logit (discrete choice) models were estimated to assess residential burglars' target location choice preferences.""",,"- The study uses data from the Municipal Public Security Bureau of ZG city for crime data, which is one distinct data source.
- The study also uses census data from 2010, which is another distinct data source.
- Additionally, data on the road and river structure in ZG city is obtained from RITU, an electronic map navigation company, which is a third distinct data source.
- These are the only data sources mentioned in the paper as being used for the analysis.","  - ""this study analyzed residential burglary data obtained from the Municipal Public Security Bureau of ZG city, 1 a large city located in the southern part of China.""
  - ""Using data on 3860 residential burglaries committed by 3772 burglars between January 2012 and June 2016 in ZG city, China, conditional logit (discrete choice) models were estimated to assess residential burglars' target location choice preferences.""
  - ""This burglary location choice study from China tested how physical and social barriers affect which areas are targeted by residential burglars.""
  - ""this burglary target location choice study aims to understand how physical and social barriers affect why residential burglars commit their crimes at particular locations in a major Chinese city.""",,"- The study is explicitly described as a ""burglary target location choice study,"" indicating that it focuses on burglary.
- The data used in the study are specifically mentioned as ""3860 residential burglaries,"" which confirms that the crime type analyzed is residential burglary.
- The study's aim is to understand how physical and social barriers affect residential burglars' target location choices, further emphasizing that the focus is on residential burglary.
- There is no mention of any other crime types being analyzed in the study, so it is clear that the sole focus is on residential burglary.","  - ""this burglary target location choice study aims to understand how physical and social barriers affect why residential burglars commit their crimes at particular locations in a major Chinese city.""
  - ""This burglary location choice study from China tested how physical and social barriers affect which areas are targeted by residential burglars.""
  - ""This study first presents the distribution of the barrier variables as well as their respective bivariate relationships with the residential burglary locations in ZG city (Table 2""
  - ""this study analyzed residential burglary data obtained from the Municipal Public Security Bureau of ZG city, 1 a large city located in the southern part of China.""
  - ""Using data on 3860 residential burglaries committed by 3772 burglars between January 2012 and June 2016 in ZG city, China, conditional logit (discrete choice) models were estimated to assess residential burglars' target location choice preferences.""",,"- The study is explicitly described as a ""burglary target location choice study,"" indicating that it focuses on residential burglaries.
- The data used in the study are specifically mentioned as ""3860 residential burglaries,"" which suggests that the study is analyzing a single crime type.
- The study's aim is to understand how physical and social barriers affect residential burglars' target location choices, further indicating a focus on a single crime type.
- There is no mention of any other crime types being analyzed in the study, reinforcing the conclusion that it is focused on a single crime type.","  - ""After excluding all cases that failed to meet the study requirements, 3860 burglaries are included in the analyses.""
  - ""Using data on 3860 residential burglaries committed by 3772 burglars between January 2012 and June 2016 in ZG city, China, conditional logit (discrete choice) models were estimated to assess residential burglars' target location choice preferences.""
  - ""In total, 6664 burglaries committed by 8953 burglars were recorded.""",,"- The paper explicitly states that the study analyzed ""3860 residential burglaries committed by 3772 burglars between January 2012 and June 2016 in ZG city, China.""
- This number is confirmed again in the paper when it mentions that ""After excluding all cases that failed to meet the study requirements, 3860 burglaries are included in the analyses.""
- The initial total number of burglaries recorded was 6664, but after applying certain criteria, the number was reduced to 3860 for the analysis.","  - ""the conditional logit model, each offender i chose 1 community out of the full set of 2643 potential target communities.""
  - ""For testing the hypotheses, this study used the conditional logit model originally proposed by McFadden (1973) and recently used in crime location choice research (Ruiter, 2017).""
  - ""Using data on 3860 residential burglaries committed by 3772 burglars between January 2012 and June 2016 in ZG city, China, conditional logit (discrete choice) models were estimated to assess residential burglars' target location choice preferences.""
  - ""The sheer size of the dataset, with 3860 burglaries committed in one of 2643 communities (resulting in a matrix over 10 million rows), prohibited the estimation of the more flexible mixed logit model that was recently used in crime location choice research (Frith, 2019;Frith et al., 2017;Townsley, Birks, Ruiter, Bernasco, & White, 2016).""
  - ""The results in model 4 show that communities closer to the home of the burglar are more likely targeted (OR = 4.33).""",,"- The paper explicitly states that ""conditional logit (discrete choice) models were estimated"" to assess residential burglars' target location choices. This indicates that the primary model type used in the study is the conditional logit model.
- The paper further confirms the use of the conditional logit model by referencing McFadden (1973) and its application in crime location choice research.
- The description of the model's application, where each offender chooses one community out of many potential targets, aligns with the characteristics of a conditional logit model.
- The paper also mentions that due to the dataset's size, a mixed logit model could not be used, but this does not change the fact that the conditional logit model was the primary model type employed."
FAMILY MATTERS: EFFECTS OF FAMILY MEMBERS' RESIDENTIAL AREAS ON CRIME LOCATION CHOICE *,"Barbara Menting, Marre Lammers, Stijn Ruiter, Wim Bernasco",-,-,-,-,-,4,Not mentioned (the study does not specify a particular crime type or category),Multiple crime types,"19,420",Conditional Logit Model,"  - ""We used LISA (in Dutch: Landelijk Informatiesysteem Arbeidsplaatsen) data on the locations and other characteristics of all businesses and facilities in the study area""
  - ""Data on offenders and their offenses were obtained from the police information system used by the The Hague Police Service.""",,"- The paper mentions four distinct data sources:
  1. The police information system used by the The Hague Police Service, which provided data on offenders and their offenses.
  2. Population registration data, which were used to identify family members and reconstruct residential histories.
  3. LISA (Landelijk Informatiesysteem Arbeidsplaatsen) data, which provided information on businesses and facilities in the study area.
  4. Statistics Netherlands (2014), which provided census-like statistics on population density, single-person households, and residents with a non-Western background.","  - ""The results of discrete spatial choice models showed that residential areas of family members are indeed at increased risk of being targeted.""
  - ""All registered offenses of the 7,910 offenders committed in the period 2006-2009 in the greater The Hague area were used to construct the dependent variable.""
  - ""the study focused only on people who both lived and committed crimes in the greater The Hague area.""
  - ""although we tested a generic model for all crime types, the influence of residential areas of family members may differ for different crime types.""
  - ""Some types of crime are less likely to be committed in residential areas (e.g., shoplifting).""
  - ""Some offenses may even be directed at family members, such as child abuse; in these cases, the crime is committed in the residential area of the family member as a consequence of the type of crime being committed.""",,"- The study uses a broad dataset of offenses committed by 7,910 offenders in the greater The Hague area, suggesting that it does not focus on a specific type of crime.
- The mention of ""all registered offenses"" implies that the study is not limited to a particular crime type.
- The paper notes that the influence of family members' residential areas may differ for different crime types, indicating that the study is not specific to one type of crime.
- The examples of shoplifting and child abuse suggest that the study encompasses various types of crimes, but it does not specify these as the focus.
- The study is described as testing a ""generic model for all crime types,"" which further supports the idea that it does not focus on a specific crime type.","  - ""All registered offenses of the 7,910 offenders committed in the period 2006-2009 in the greater The Hague area were used to construct the dependent variable.""
  - ""The results of discrete spatial choice models showed that residential areas of family members are indeed at increased risk of being targeted.""",,"- The study uses a large dataset of offenses committed by 7,910 offenders, which suggests that it is not limited to a single crime type.
- The mention of ""all registered offenses"" implies that the study includes a variety of crimes rather than focusing on a specific one.
- The authors explicitly state that they ""tested a generic model for all crime types,"" which indicates that the study examines multiple crime types rather than a single one.
- The discussion of limitations includes the possibility that the influence of familial residential areas may vary across different crime types, further supporting the idea that multiple crime types are considered.","  - ""In total, the analyses include 19,420 offenses committed by these offenders.""
  - ""Unique data were used to reconstruct residential histories of the parents, siblings, and children of 7,910 offenders who committed 19,420 offenses.""
  - ""All registered offenses of the 7,910 offenders committed in the period 2006-2009 in the greater The Hague area were used to construct the dependent variable.""",,"- The paper explicitly states that the study analyzed ""19,420 offenses"" committed by ""7,910 offenders.""
- This number is consistently mentioned throughout the paper as the basis for the statistical analysis.
- The study used these offenses to examine the influence of family members' residential areas on crime location choice.","  - ""For estimating the conditional logit models, we constructed a large data matrix of almost 2.8 million rows.""
  - ""Discrete choice models often follow the random utility maximization (RUM) assumptions and are statistically tested with a conditional logit model (McFadden, 1974 (McFadden, , 1978a))""
  - ""The hypotheses were tested by using discrete choice models.""
  - ""We used discrete spatial choice models to study crime location choice.""",,"- The paper mentions the use of ""discrete spatial choice models"" and ""discrete choice models,"" which are broad categories of statistical models used to analyze choices among multiple alternatives.
- The specific type of discrete choice model used is identified as a ""conditional logit model,"" which is a common type of model used in discrete choice analysis.
- The paper explicitly states that the models are ""statistically tested with a conditional logit model,"" which confirms the use of this specific model type.
- The construction of a large data matrix for estimating the conditional logit models further supports the use of this model type."
"BITING ONCE, TWICE: THE INFLUENCE OF PRIOR ON SUBSEQUENT CRIME LOCATION CHOICE *","Marre Lammers, Barbara Menting, Stijn Ruiter, Wim Bernasco",-,-,-,-,-,4,violence; property; vandalism; traffic; environmental; drugs; weapons; other,Multiple crime types,"12,639",Conditional Logit Model,"  - ""For each postal code area in the Netherlands, census-like statistics (sociodemographic and socioeconomic information) are regularly recorded by Statistics Netherlands.""
  - ""The offender's residential area has been found to influence crime location choice (e.g., Baudains, Braithwaite, and Johnson, 2013;Bernasco and Nieuwbeerta, 2005; Johnson and Summers, 2014; Townsley et al., 2014), and so do former areas of residence (Bernasco, 2010b) . Disregarding these effects would potentially lead to biased results because the hypothesized effects of prior crime locations are most likely confounded by a (former) home location effect. Therefore, several variables measuring former and current residential location were used as control variables in this study. These variables were derived from population registration data held in a nationwide information system (the Dutch acronym is BRP).""
  - ""The LISA database (in Dutch: Landelijk Informatiesysteem Arbeidsplaatsen; for more information, see Steenbeek et al., 2012), which contains information on businesses and other facilities where paid work is done, was used to obtain crime year-specific information about several area characteristics in each postal code area in the greater The Hague area.""
  - ""Data on offenders and their offenses were obtained from a police information system used by the greater The Hague Police Service.""
  - ""Unique data from four different data sources are used to study the crime location choices of 3,666 offenders who committed 12,639 offenses.""",,"- The paper explicitly states that ""Unique data from four different data sources are used,"" which directly answers the question about the number of data sources.
- The data sources mentioned include:
  - A police information system used by the greater The Hague Police Service.
  - The LISA database, which provides information on businesses and facilities.
  - Population registration data from a nationwide information system (BRP).
  - Statistics Netherlands, which provides census-like statistics.
- These are distinct data sources, databases, or organizations that provided data for the analysis.","  - ""The offenses were categorized into eight different crime type categories: violence, property, vandalism, traffic, environmental, drugs, weapons, and other (based on Statistics Netherlands, 2014).""
  - ""The fifth hypothesis tested is whether a previously targeted area has an increased probability of being targeted again when the prior offense is of the same type as the subsequent offense.""
  - ""The results indicate that prior crime locations strongly influence subsequent crime location choices. The effects of prior crime locations are larger if the crimes are frequent, if they are recent, if they are nearby, and if they are the same type of crime.""",,"- The study examines the influence of prior crime locations on subsequent crime location choices, which implies that it considers various types of crimes.
- The paper explicitly mentions that the offenses were categorized into eight different crime type categories, which are: violence, property, vandalism, traffic, environmental, drugs, weapons, and other.
- The study tests hypotheses related to the same type of crime, indicating that these categories are relevant to the analysis.
- The paper does not specify particular subcategories like burglary or theft, but rather uses broader categories.","  - ""In this study, repeated crime location choice is examined, taking different crime types into account.""
  - ""The main hypothesis being tested is that offenders are more likely to commit crimes in areas where they offended before than in areas not previously targeted.""
  - ""The results indicate that prior crime locations strongly influence subsequent crime location choices. The effects of prior crime locations are larger if the crimes are frequent, if they are recent, if they are nearby, and if they are the same type of crime.""
  - ""The fifth hypothesis tested is whether a previously targeted area has an increased probability of being targeted again when the prior offense is of the same type as the subsequent offense.""
  - ""The offenses were categorized into eight different crime type categories: violence, property, vandalism, traffic, environmental, drugs, weapons, and other (based on Statistics Netherlands, 2014).""
  - ""The results of the fifth model in table 3 show indeed that when a prior offense was of the same type, the odds that the area in which the prior crime was committed was chosen again were 7.25 times larger than the odds of choosing a previously nontargeted area.""",,"- The study explicitly mentions that it examines repeated crime location choices ""taking different crime types into account,"" indicating that multiple crime types are considered.
- The main hypothesis and the results discussion highlight the influence of prior crime locations on subsequent choices, with a specific mention of the effect being stronger when the crimes are of the same type.
- The study categorizes offenses into eight different crime type categories, which further supports the analysis of multiple crime types.
- The fifth hypothesis and its results focus on the effect of same-type crimes on location choice, reinforcing the study's focus on multiple crime types.","  - ""Unique data from four different data sources are used to study the crime location choices of 3,666 offenders who committed 12,639 offenses.""
  - ""To estimate the different conditional logit models, a large data matrix of almost 1.8 million rows was created. This matrix contained 142 rows (i.e., a row for each of the 142 alternative postal code areas that could have been chosen in the greater The Hague area) for each of the 12,639 offenses committed in 2006-2009.""
  - ""The dependent variable is dichotomous, with a value of 1 indicating the area that was chosen by the offender to commit the offense, and 0s for all other postal code areas.""
  - ""Of the 3,666 offenders included in the study sample, all their registered offenses in the period 2006-2009 in the greater The Hague area were used in the analyses, as well as""",,"- The paper explicitly states that the study analyzed ""12,639 offenses"" committed by 3,666 offenders. This is the number of individual crime incidents or events that formed the basis of the statistical analysis.
- The mention of ""12,639 offenses"" is repeated in different parts of the paper, reinforcing that this is the total number of crime incidents analyzed.
- The creation of a data matrix with ""almost 1.8 million rows"" for these offenses further supports that each offense was considered a separate incident in the analysis.","  - ""When presenting the results of the conditional logit models, odds ratios are used.""
  - ""To estimate the different conditional logit models, a large data matrix of almost 1.8 million rows was created.""
  - ""Discrete choice models often follow the random utility maximization (RUM) approach and are statistically tested with a conditional logit model (McFadden, 1974 (McFadden, , 1978a""
  - ""Discrete choice models are used to explain why an individual chooses a specific single alternative when presented with a distinct number of alternatives (Ben-Akiva and Bierlaire, 2003), given attributes of the alternatives and attributes of the individual.""",,"- The paper explicitly mentions the use of ""discrete choice models"" and specifies that these models follow the ""random utility maximization (RUM) approach.""
- It is stated that these models are ""statistically tested with a conditional logit model,"" which indicates the type of discrete choice model used.
- The paper further confirms the use of ""conditional logit models"" by mentioning the estimation of these models and the presentation of results using odds ratios.
- The repeated reference to ""conditional logit models"" throughout the paper solidifies that this is the type of discrete choice model used in the statistical analysis."
Modeling Micro-Level Crime Location Choice: Application of the Discrete Choice Framework to Crime at Places,Wim Bernasco,-,-,-,-,-,2,Residential burglary,Single crime type,"1,871",Spatial Competition Model,"  - ""The available data on the attributes of postal codes is limited and refers mostly to the location, the population (number of residents, age, ethnic composition), and the residential units (number of properties and average value) in the area. The data are from a free public access data file of codes in the year 2004 constructed and provided by Statistics Netherlands.""
  - ""Data for the present analyses were provided by the Haaglanden (greater The Hague area) police force.""",,"- The paper mentions two distinct sources of data: the Haaglanden police force and Statistics Netherlands. These are two separate entities providing different types of data.
- The Haaglanden police force provided data on residential burglaries, which is a primary source for the study's analysis.
- Statistics Netherlands provided a public access data file on postal code attributes, which is used to describe the characteristics of the areas where burglaries occurred.
- These are two distinct data sources because they come from different organizations and provide different types of data for the study.","  - ""the present study analyzes the location choices of offenders at detailed spatial resolutions: the average unit of analysis is an area of only 18 residential units and 40 residents.""
  - ""To illustrate these points, burglary location choice data from the Netherlands are analyzed with discrete choice models, including the spatial competition model.""
  - ""The first application of the multinomial logit model to crime location choice analyzed the choice of a residential burglary destination neighborhood in The Hague, the Netherlands (Bernasco and Nieuwbeerta 2005).""
  - ""Data for the present analyses were provided by the Haaglanden (greater The Hague area) police force. The police force services a geographical area of 400 sq. km that houses a population of one million residents and 460,000 residential units. It comprises the city of The Hague, several smaller cities including Zoetermeer and Delft, and a number of smaller towns and villages.""
  - ""From the police files all cases registered as residential burglary that took place in the period 2002-2007 were selected if at least one perpetrator was arrested for the incident (thus, uncleared cases are excluded), if the home address of the perpetrator and address of the burglary were both known and located inside the study area.""
  - ""The analysis of burglary location choices in the Greater The Hague area, in which small spatial entities with an average of 18 properties and 40 residents are distinguished, illustrates these points.""",,"- The study focuses on the location choices of offenders at a detailed spatial resolution, specifically analyzing areas with an average of 18 residential units and 40 residents.
- The paper explicitly mentions that it analyzes ""burglary location choice data from the Netherlands"" using discrete choice models.
- The study is based on data from the Haaglanden police force, which includes cases of residential burglary.
- The paper repeatedly refers to the analysis of ""residential burglary"" location choices, indicating that this is the specific type of crime being studied.
- There is no mention of any other crime types being analyzed in the study.","  - ""the present study analyzes the location choices of offenders at detailed spatial resolutions: the average unit of analysis is an area of only 18 residential units and 40 residents.""
  - ""To illustrate these points, burglary location choice data from the Netherlands are analyzed with discrete choice models, including the spatial competition model.""
  - ""The first application of the multinomial logit model to crime location choice analyzed the choice of a residential burglary destination neighborhood in The Hague, the Netherlands (Bernasco and Nieuwbeerta 2005).""
  - ""The analysis of burglary location choices in the Greater The Hague area, in which small spatial entities with an average of 18 properties and 40 residents are distinguished, illustrates these points.""
  - ""The fifth application of the multinomial logit model is a study on the role of past residence in crime location choices of offenders that were charged with robbery, burglary, theft from vehicle or assault (Bernasco forthcoming)""
  - ""We analyze the burglary location choice in 1,311 burglaries that involved 1,023 offenders.""",,"- The paper primarily focuses on the analysis of burglary location choices, as indicated by multiple references to ""burglary location choice"" and the use of burglary data from the Netherlands.
- The study is centered around understanding the spatial choices of offenders in the context of burglary, with detailed analysis of small spatial units.
- The mention of other crime types such as robbery, theft from vehicle, or assault is in the context of a different study (Bernasco forthcoming), not the primary focus of this paper.
- The main analysis presented in the paper is specifically about burglary, indicating that the study is focused on a single crime type.","  - ""Altogether, there were 1,871 journey-to-burglary trips, i.e., combinations of the postal code area where an offender lived and the postal code area where the offence took place.""
  - ""We analyze the burglary location choice in 1,311 burglaries that involved 1,023 offenders.""
  - ""The empirical analysis distinguishes small residential areas approximately the size of a football field, containing only 18 residential units and 40 residents on average.""",,"- The paper discusses the analysis of burglary location choices at a detailed spatial resolution, focusing on small residential areas.
- The number of burglaries analyzed is explicitly mentioned as 1,311, which involves 1,023 offenders.
- Additionally, the paper mentions 1,871 journey-to-burglary trips, which are combinations of the offender's residence and the burglary location.
- The question asks for the number of individual crime incidents or events analyzed in the study. The most relevant figure to this question is the number of journey-to-burglary trips, as each trip represents a unique crime event.","  - ""The spatial competition model (Eq. ( 11), and model E in Table 2 ) used in this article is an example of such a model.""
  - ""The spatial competition model is not saddled with the independence of irrelevant alternatives (IIA) property, a property that has been viewed as the Achilles heel of the multinomial logit model because its implications can be counterintuitive.""
  - ""The spatial competition model (also see Fotheringham et al. 2000;Pellegrini and Fotheringham 2002) allows for spatial decision-making to be spatially hierarchical, and is not saddled with the IIA property nor with the disadvantages of the nested logit model.""
  - ""The discrete choice framework proper is aspatial, because the spatial relations between the alternatives are not specified.""
  - ""the multinomial logit model can be derived, which was originally labeled the conditional logit model (McFadden 1974) and is also simply referred to as 'logit model' in the discrete choice literature.""",,"- The paper discusses the use of the discrete choice framework for analyzing crime location decisions, specifically focusing on the spatial competition model.
- The multinomial logit model is mentioned as a part of the discrete choice framework, but it is noted for its limitations, particularly the independence of irrelevant alternatives (IIA) property.
- The spatial competition model is highlighted as a model that overcomes these limitations by allowing for spatially hierarchical decision-making and not being saddled with the IIA property.
- The paper explicitly states that the spatial competition model was used in the analysis, as indicated by the mention of ""model E in Table 2"" which refers to the spatial competition model."
The Importance of Importance Sampling,"Wim Medvedev, Oleg N Polaschek, Sophie Curtis-Ham, Wim Bernasco, Oleg N Medvedev, Devon L L Polaschek",-,-,-,-,-,2,residential burglary; non-residential burglary; commercial robbery; personal robbery; extra-familial sex offenses,Multiple crime types,"38,120",Conditional Logit,"  - ""the data do not include all activity nodes of all offenders. The extent to which any offender's pre-offense activity locations are recorded depends on the extent of their prior contact with police, so many activity nodes naturally remain unknown to police.""
  - ""The opportunity measures were sourced from Statistics NZ Census and Business Demography data (http:// nzdot stat. stats. govt. nz/)""
  - ""The dataset also included the locations of a range of pre-offense activity nodes.""
  - ""The data used in this study included solved residential and non-residential burglary, commercial and personal robbery and extra-familial sex offenses occurring between 2009 and 2018 from a national dataset obtained from the New Zealand Police.""",,"- The primary data source for the study is the ""national dataset obtained from the New Zealand Police,"" which provides information on crime locations and offender activity nodes.
- The study also uses data from ""Statistics NZ Census and Business Demography data"" for opportunity measures, indicating a second distinct data source.
- The paper does not mention any other data sources or organizations providing data for the analysis.
- The mention of ""pre-offense activity nodes"" being recorded based on police contact suggests that these are part of the police dataset rather than a separate source.","  - ""The data used in this study included solved residential and non-residential burglary, commercial and personal robbery and extra-familial sex offenses occurring between 2009 and 2018 from a national dataset obtained from the New Zealand Police.""
  - ""This study examined the effects of different methods of sampling from alternatives on the results of discrete spatial choice models of offenders' choice of crime locations, for burglary, robbery and extra-familial sex offenses.""
  - ""We separately study 5 different crime types, to account for the potential for different spatial relationships to exist for different crime types (Curtis-Ham et al. 2020) and to enable assessment of whether the results from different sampling methods generalize across crime types.""",,"- The paper explicitly mentions the types of crimes analyzed in the study: ""residential and non-residential burglary, commercial and personal robbery and extra-familial sex offenses.""
- The study examines these crime types separately, indicating that each is a focus of the research.
- The paper discusses the spatial relationships and sampling methods for these specific crime types, reinforcing that they are the primary focus of the study.","  - ""We separately study 5 different crime types, to account for the potential for different spatial relationships to exist for different crime types (Curtis-Ham et al. 2020) and to enable assessment of whether the results from different sampling methods generalize across crime types.""
  - ""This study examined the effects of different methods of sampling from alternatives on the results of discrete spatial choice models of offenders' choice of crime locations, for burglary, robbery and extra-familial sex offenses.""
  - ""Our results suggest that overall, importance sampling that ensures the inclusion of choice alternatives near to offenders' activity nodes can lead to coefficients and model fit on par with the results of the full model using all alternatives in each choice set, while reducing the computational burden considerably.""
  - ""The data used in this study included solved residential and non-residential burglary, commercial and personal robbery and extra-familial sex offenses occurring between 2009 and 2018 from a national dataset obtained from the New Zealand Police.""",,"- The study uses a dataset that includes multiple types of crimes: residential and non-residential burglary, commercial and personal robbery, and extra-familial sex offenses. This indicates that the study is not focused on a single crime type.
- The paper explicitly states that it ""separately study[s] 5 different crime types,"" which confirms that multiple crime types are analyzed.
- The study examines the effects of different sampling methods on the results of discrete spatial choice models for various crime types, further supporting the categorization as ""Multiple crime types.""
- The findings are discussed in the context of different crime types, indicating that the study's scope includes multiple categories of crimes.","  - ""Methods Using police data on 38,120 residential and non-residential burglary, commercial and personal robbery and extra-familial sex offense locations and the offenders' pre-offense activity locations (e.g., home, family members' homes and prior crime locations), and in the context of the conditional logit formulation of the discrete spatial choice model, we tested a novel method for importance sampling of alternatives.""
  - ""In this study we used random samples of 50% of the offenders within each offense type.""
  - ""The data used in this study included solved residential and non-residential burglary, commercial and personal robbery and extra-familial sex offenses occurring between 2009 and 2018 from a national dataset obtained from the New Zealand Police.""",,"- The paper explicitly states that the study used police data on 38,120 crime incidents. This number includes various types of crimes such as residential and non-residential burglary, commercial and personal robbery, and extra-familial sex offenses.
- The data was obtained from a national dataset in New Zealand, covering incidents from 2009 to 2018.
- The study used a random sample of 50% of the offenders within each offense type, but the total number of crime incidents analyzed is clearly stated as 38,120.","  - ""in the context of the conditional logit formulation of the discrete spatial choice model,""
  - ""The conditional logit model (McFadden 1974 ) is a statistical model for the probability that a decision maker n, who must choose from a set of alternatives C, chooses alternative i, and can be expressed as:""
  - ""The findings of this paper have important implications for future crime location choice studies, and make a novel contribution to the growing literature on offenders' spatial decision making. We presented a relatively simple and effective method for importance sampling from alternatives which if adopted in future crime DSCM studies could enable the use of larger datasets (e.g., with more variables, wider study areas, or more granular spatial or spatio-temporal units) to yield greater insights into crime location choice.""
  - ""we tested a novel method for importance sampling of alternatives. The method over-samples potential crime locations near to offenders' activity locations that are more likely to be chosen for crime. We compared variants of this method with simple random sampling.""",,"- The paper explicitly mentions the use of the ""conditional logit formulation of the discrete spatial choice model"" (Quote 2), which indicates that the statistical analysis was conducted using a conditional logit model.
- The conditional logit model is further described in detail in the paper (Quotes 3 and 4), reinforcing its use in the study.
- The focus on importance sampling within the context of this model suggests that the conditional logit model was the primary discrete choice model used in the analysis.
- The paper does not mention any other discrete choice models being used, such as multinomial logit, nested logit, or mixed logit, which further supports the conclusion that the conditional logit model was the model type used."
CO-OFFENDERS' CRIME LOCATION CHOICE: DO CO-OFFENDING GROUPS COMMIT CRIMES IN THEIR SHARED AWARENESS SPACE?,Marre Lammers,-,-,-,-,-,4,burglary; theft; public disorder crimes; assault,Multiple crime types,"6,283",Conditional Logit Model,"  - ""The LISA database (see Steenbeek et al. 2012 for more information on the LISA database), a database containing information on businesses, was used to obtain year-postal code area-specific information on the number of retail stores, hotels, restaurants, bars, schools, cultural facilities, health care institutions and sport and leisure facilities.""
  - ""Statistics Netherlands records socio-demographic and socio-economic information for each postal code area in the Netherlands.""
  - ""The residential history of the offenders was derived from population registration data held in a nationwide information system (Dutch acronym is BRP).""
  - ""The offences were obtained from the police information system used by the greater The Hague Police Service.""",,"- The paper mentions four distinct data sources:
  1. The police information system used by the greater The Hague Police Service, which provided data on offenses.
  2. The population registration data system (BRP), which provided residential history information.
  3. Statistics Netherlands, which provided socio-demographic and socio-economic data.
  4. The LISA database, which provided information on businesses and facilities in postal code areas.
- Each of these sources is a separate entity providing different types of data, indicating they are distinct data sources.","  - ""Various crime types are included in the study, the most common crime types are burglary, theft, public disorder crimes and assault.""
  - ""Only for burglary and theft, the samples were big enough to test them separately.""",,"- The paper explicitly mentions that the study includes various crime types, with the most common being burglary, theft, public disorder crimes, and assault.
- It also specifies that burglary and theft were analyzed separately, indicating that these are significant components of the study.
- The mention of ""public disorder crimes"" and ""assault"" suggests that these are also part of the study, although they may not have been analyzed separately like burglary and theft.","  - ""In this model, all crime types are combined.""
  - ""Various crime types are included in the study, the most common crime types are burglary, theft, public disorder crimes and assault.""
  - ""Only for burglary and theft, the samples were big enough to test them separately.""",,"- The study includes multiple crime types, as indicated by the mention of ""various crime types"" and the listing of specific types such as ""burglary, theft, public disorder crimes and assault.""
- The study analyzes these multiple crime types together, as indicated by the phrase ""all crime types are combined.""
- The study also tests some crime types separately, specifically burglary and theft, but this does not change the overall categorization as multiple crime types are included in the study.","  - ""Of the 6,283 crimes committed by 4,654 offenders, 3,612 (57.5 per cent) were co-offended.""
  - ""In total, 4,654 offenders from the greater The Hague region in The Netherlands were studied. They committed 6,283 crimes; of which, 3,612 were co-offended.""
  - ""The total of 4,654 offenders had committed 6,283 crimes between 2003 and 2009, 3,612 of which were co-offended. Of these 3,612 crimes, 2,926 were committed between 2006 and 2009 and serve as 'dependent crimes' in the analysis.""
  - ""Of these co-offended crimes, 2,926 were committed between 2006 and 2009 and were analysed as a dependent variable in the analysis, all the other crimes serve only as independent variables as their locations are part of the awareness space (to the extent that they were committed before the crime that is the 'dependent' crime).""",,"- The paper mentions that a total of 6,283 crimes were committed by the 4,654 offenders studied.
- Of these crimes, 3,612 were co-offended, indicating that these were crimes committed by more than one offender.
- The study specifically analyzed 2,926 co-offended crimes that were committed between 2006 and 2009 as the dependent variable in their analysis.
- The total number of crime incidents analyzed in the study is therefore 6,283, as this is the total number of crimes committed by the offenders included in the study.","  - ""Discrete choice models are statistically tested with a conditional logit model (McFadden 1974;1978).""
  - ""The dependent variable in this model is the choice of an area j from a geographical set of alternatives J to commit a co-offended crime.""
  - ""Discrete choice models are used to explain why an individual chooses a specific single alternative when presented with a distinct number of alternatives (Ben-Akiva and Bierlaire 2003), given characteristics of the alternatives and characteristics of the decision maker.""
  - ""The discrete spatial choice model testing whether co-offended crimes are more likely committed in the shared awareness space of the co-offending group includes a number of control variables measuring area characteristics known to influence crime location choice.""
  - ""The results show that the area where one of the offenders lives at the time of the offence has 11.7 times higher odds of being targeted than an otherwise comparable area where none of the offenders live at the time of the offence.""",,"- The paper mentions the use of a ""discrete spatial choice model"" to analyze crime location choice, which is a type of discrete choice model.
- The paper explicitly states that ""Discrete choice models are statistically tested with a conditional logit model,"" indicating that the specific type of discrete choice model used is a conditional logit model.
- The conditional logit model is used to evaluate the choice of a crime location from a set of alternatives, which aligns with the purpose of discrete choice models in general.
- The use of odds ratios (e.g., ""11.7 times higher odds"") further supports the use of a conditional logit model, as this is a common way to present results from such models."
"Right place, right time? Making crime pattern theory time-specific","Sabine E M Van Sleeuwen, Stijn Ruiter, Wouter Steenbeek",-,-,-,-,-,"2 (Dutch police regions The Hague and North-Holland, and the online survey conducted by the researchers)","residential burglary; theft of/from a bicycle, car or other (motor) vehicle; theft from a shop/shoplifting; theft (of an object) from a person; robbery; assault; vandalism",Multiple crime types,71,Conditional Logit Model,"  - ""After obtaining permission of the Ministry of Justice and Security and Dutch National Police for our study design and a positive advice from the Ethics Committee for Legal and Criminological Research of the Vrije Universiteit Amsterdam, data on suspects from the Dutch police regions The Hague and North-Holland for the year 2017 were obtained.""
  - ""The survey first asked to report on daily and weekly routine activities, categorized in seven different domains: (1) residences, (2) schools, (3) jobs, (4) sports activities, (5) shopping, (6) going out, and (7) any other activities, for which respondents could specify the type of activity themselves.""
  - ""In the present study, we measured not only the offenders' most important activity nodes and offence locations in the previous year, but also recorded the specific times they regularly visited these activity nodes.""
  - ""The survey could only be started after digitally signing the informed consent form.""
  - ""The invitation letters were sent in several batches from May to July 2019. When the survey was taken offline at the end of August 2019, a total of 501 respondents had started with the survey (42 letters were returned as undeliverable; response rate 13.4%) 3 and reported about 1990 different activity nodes.""",,"- The primary data source for this study was the online survey conducted by the researchers, which collected information on offenders' activity nodes and crime locations.
- The survey was the main tool for gathering data directly from offenders, making it a primary data source.
- The data on suspects was obtained from the Dutch police regions The Hague and North-Holland, which is another distinct data source.
- The Ministry of Justice and Security and the Dutch National Police provided permission and data, indicating they are involved in providing data or access to data.
- The Ethics Committee for Legal and Criminological Research of the Vrije Universiteit Amsterdam provided advice, but it is not a data source; it is an ethical oversight body.
- The survey itself is a data collection method rather than a separate data source, but it is based on responses from offenders, which are considered primary data.","  - ""Regarding the specific type of offences, the following frequencies were observed for the 71 offences in the dataset: two residential burglaries, nine thefts of/from a bicycle, car or other (motor) vehicle, 40 thefts from a shop/shoplifting, 14 assaults, and six acts of vandalism.""
  - ""the second part of the survey, we asked respondents whether they had committed the following crime types in the past year: (1) residential burglary, (2) theft of/from a bicycle, car or other (motor) vehicle, (3) theft from a shop/shoplifting, (4) theft (of an object) from a person, (5) robbery, (6) assault, and (7) vandalism.""",,"- The paper explicitly lists the crime types that were included in the study. These are residential burglary, theft of/from a bicycle, car or other (motor) vehicle, theft from a shop/shoplifting, theft (of an object) from a person, robbery, assault, and vandalism.
- The frequencies of each crime type are also provided, indicating that these were the specific categories analyzed in the study.","  - ""the second part of the survey, we asked respondents whether they had committed the following crime types in the past year: (1) residential burglary, (2) theft of/from a bicycle, car or other (motor) vehicle, (3) theft from a shop/shoplifting, (4) theft (of an object) from a person, (5) robbery, (6) assault, and (7) vandalism.""
  - ""Regarding the specific type of offences, the following frequencies were observed for the 71 offences in the dataset: two residential burglaries, nine thefts of/from a bicycle, car or other (motor) vehicle, 40 thefts from a shop/shoplifting, 14 assaults, and six acts of vandalism.""",,"- The study asks respondents about multiple crime types, indicating that it examines several different crime categories.
- The list of crime types includes residential burglary, theft of/from a bicycle, car or other (motor) vehicle, theft from a shop/shoplifting, theft (of an object) from a person, robbery, assault, and vandalism.
- The frequencies of these crime types are provided, showing that the study collected data on multiple types of crimes.","  - ""In total, they reported on 71 unique crimes.""
  - ""the final dataset for analysis is a data matrix of 944,655 rows (containing 13,305 neighbourhood rows for each of the 71 crimes to be explained).""
  - ""Although this first empirical test provides some evidence for our extended theory, it is important to emphasise that our conclusions are tentative as the size of our sample of offences was quite small (N = 71 offences committed by 30 offenders).""
  - ""The results of the conditional logit model that tests whether offenders are more likely to commit crime in neighbourhoods they have regularly visited at the same time of day than in neighbourhoods they have regularly visited at different parts of the day are displayed in Table 2""
  - ""The results show that almost 40% of the offences are committed within the neighbourhoods of offenders' activity nodes, increasing to 85% when including first-, second-and third-order neighbourhoods.""",,"- The paper explicitly states that the study analyzed ""71 unique crimes,"" which directly answers the question about the number of individual crime incidents or events analyzed.
- The mention of ""71 unique crimes"" is repeated in different contexts, reinforcing that this is the number of crime incidents used in the statistical analysis.
- The data matrix mentioned in the paper is a result of combining each of the 71 crimes with 13,305 neighbourhoods, but the core number of crime incidents remains 71.","  - ""To provide a first empirical test of our extended crime pattern theory, we estimated a conditional logit model as commonly applied in crime location choice research (Bernasco and Ruiter 2014;Ruiter 2017).""
  - ""The results of the conditional logit model that tests whether offenders are more likely to commit crime in neighbourhoods they have regularly visited at the same time of day than in neighbourhoods they have regularly visited at different parts of the day are displayed in Table 2""",,"- The paper explicitly mentions the use of a ""conditional logit model"" in the statistical analysis. This is a type of discrete choice model.
- The conditional logit model is used to test hypotheses related to the time-specificity of offender activity spaces and crime locations.
- The mention of ""conditional logit model"" in two separate sections of the paper confirms that this is the model type used in the study."
Ambient population and surveillance cameras: The guardianship role in street robbers' crime location choice,"Dongping Long, Lin Liu, Mingen Xu, Jiaxin Feng, Jianguo Chen, Li He",-,-,Cities,38,2021,5,Street robbery,Single crime type,"4,358",Conditional Logit Model,"  - ""the data for calculating the index is derived from the sixth census of China.""
  - ""Surveillance cameras are derived from ZG City's POI data""
  - ""Ambient population is measured by average daily mobility from ZG City's mobile phone signaling data.""
  - ""Neighborhood data include POI data, census data, mobile phone data, and police data.""
  - ""Crime data on arrested street robbers and their offenses between 2012 and 2016 were provided by the ZG Municipal Public Security Bureau.""",,"- The paper mentions several data sources:
  - ""ZG Municipal Public Security Bureau"" provided crime data.
  - ""POI data"" is used for surveillance cameras.
  - ""Census data"" is used for socioeconomic heterogeneity.
  - ""Mobile phone data"" is used for ambient population.
  - ""Police data"" is mentioned as part of the neighborhood data.
- Each of these is a distinct source of data, contributing to the analysis in different ways.
- The ""sixth census of China"" is another distinct data source used for calculating socioeconomic heterogeneity.","  - ""Understanding how offenders choose a crime location is a classic criminological topic. However, previous research on offenders' crime location choice did not consider the impacts of ambient population and surveillance cameras on street robbery.""
  - ""The results demonstrate that ambient population and surveillance cameras have a significant hindering impact on street robbers' crime location choice, and they play a guardianship role in street robbers' criminal activities.""
  - ""this study integrates ambient population and surveillance cameras in assessing street robbers' decision making in ZG City of China, by using discrete spatial choice modeling.""
  - ""The first research question is: Does ambient population have a guardianship role in street robbers' crime location choice?""
  - ""The second research question is: Do surveillance cameras play a guardianship role in curbing street robbers' crime location choice?""
  - ""The third research question is: Does the integration of ambient population and surveillance cameras increase the explanatory power of the location choice model for street robbery?""
  - ""This paper hypothesizes that ambient population and surveillance cameras have a guardianship role in street robbers' crime location choice.""
  - ""In the current study, we conclude that ambient population plays a guardianship role and has a negative and deterrent impact on street robbers' crime location choice.""
  - ""This study demonstrates that ambient population and surveillance cameras have a negative impact on street robbers' crime location choice, and they play a guardianship role in street robbers' criminal activities.""",,"- The paper explicitly mentions ""street robbery"" multiple times as the focus of the study.
- The abstract and body of the paper consistently refer to the impact of ambient population and surveillance cameras on ""street robbers' crime location choice.""
- The research questions are specifically framed around the role of these factors in ""street robbers' crime location choice.""
- The paper does not mention any other crime types; the focus is solely on street robbery.","  - ""Understanding how offenders choose a crime location is a classic criminological topic. However, previous research on offenders' crime location choice did not consider the impacts of ambient population and surveillance cameras on street robbery.""
  - ""The results demonstrate that ambient population and surveillance cameras have a significant hindering impact on street robbers' crime location choice, and they play a guardianship role in street robbers' criminal activities.""
  - ""this study integrates ambient population and surveillance cameras in assessing street robbers' decision making in ZG City of China, by using discrete spatial choice modeling.""
  - ""The first research question is: Does ambient population have a guardianship role in street robbers' crime location choice?""
  - ""The second research question is: Do surveillance cameras play a guardianship role in curbing street robbers' crime location choice?""
  - ""The third research question is: Does the integration of ambient population and surveillance cameras increase the explanatory power of the location choice model for street robbery?""",,"- The paper explicitly mentions ""street robbery"" as the focus of the study, indicating that it is centered on a single crime type.
- The research questions and the methodology described are all related to understanding the impact of ambient population and surveillance cameras on the crime location choice of street robbers.
- There is no mention of other crime types being analyzed in the study; all references are to street robbery.
- The study's focus on a specific crime type, street robbery, aligns with the categorization of ""Single crime type.""","  - ""The basic situation of street robbery cases based on the arrest data. (N = 4358).""
  - ""A number of robberies involved multiple robbers. Following the practice of Bernasco et al. (2017), one robber is randomly selected to represent the decisionmaking of a robbery that involves multiple robbers. This selection leaves 4358 street robbers in the analysis (Table 1""
  - ""Among a total of 11,455 arrest records in ZG City during 2012-2016, only 7860 records have a home address in the city, involving 7124 robbers.""
  - ""Crime data on arrested street robbers and their offenses between 2012 and 2016 were provided by the ZG Municipal Public Security Bureau.""",,"- The study used crime data from the ZG Municipal Public Security Bureau, specifically focusing on arrested street robbers and their offenses between 2012 and 2016.
- The total number of arrest records during this period was 11,455, but only 7,860 records included a home address in the city, which is relevant for the analysis.
- Since some robberies involved multiple robbers, the study randomly selected one robber to represent each incident, resulting in 4,358 street robbers being included in the analysis.
- The number of individual crime incidents or events analyzed is represented by the number of unique street robbers included in the study, which is 4,358.","  - ""The utility function can be estimated by a conditional logit model (McFadden, 1978). The probability of street robber i choosing neighborhood j can be calculated as follows:""
  - ""The discrete spatial choice approach is widely used in microeconomics to analyze discrete choice behavior (Bernasco & Nieuwbeerta, 2005). Based on the theory of random utility, this model assumes that a chooser who faces a set of alternatives must make a choice. Moreover, the chooser evaluates the relative utility associated with each alternative (Townsley et al., 2015). Since offenders' crime location choice is similar to the above choice, Bernasco and Nieuwbeerta (2005) introduced the discrete spatial choice model into the field of criminology and examined the crime location choice of burglars in The Hague, the Netherlands.""",,"- The paper discusses the use of a ""discrete spatial choice approach"" which is a type of discrete choice model.
- It specifically mentions that this approach is based on the ""theory of random utility,"" which is a common foundation for various discrete choice models.
- The paper explicitly states that the ""utility function can be estimated by a conditional logit model,"" which directly indicates the type of discrete choice model used in the statistical analysis.
- The mention of ""conditional logit model"" is a clear indicator of the model type, as it is a specific type of discrete choice model."
Do Migrant and Native Robbers Target Different Places?," Liu",-,-,ISPRS Int. J. Geo Inf.,3,2021,3,street robbery,Single crime type,"7,860 records involving 7,124 street robbers",Conditional Logit,"  - ""POI data and traffic road network vector map data is from Daodaotong Map (https://www.ritu.cn/, accessed on 6 November 2021), social and economic data are from the official website of the National Bureau of Statistics of China (http: //www.stats.gov.cn/tjsj/pcsj/rkpc/6rp/indexch.htm, accessed on 6 November 2021).""
  - ""The second type of data is a dataset coupled with individual factors (distance of journey to crime variables) and key neighborhood factors, including 2014 POI data (point coordinates), 2014 traffic road network vector map data, 2015 bus stop data (point coordinates) crawled based on Baidu API, within one week of 12 to 18 May 2016 ZG City's mobile phone data and the sixth census data of ZG city in 2010""
  - ""The first type of data is the arrest data of street robbers in ZG City from 2012 to 2016 provided by ZG City's Public Security Department.""
  - ""The data used in this paper include the arrest data and neighborhood characteristics data of ZG City.""",,"- The paper mentions two main types of data: arrest data and neighborhood characteristics data.
- The arrest data was provided by ZG City's Public Security Department, which is one data source.
- The neighborhood characteristics data include several components: POI data, traffic road network vector map data, bus stop data, mobile phone data, and census data.
- POI data and traffic road network vector map data were obtained from Daodaotong Map, which is a single data source.
- Social and economic data were obtained from the National Bureau of Statistics of China, which is another single data source.
- Mobile phone data and bus stop data are mentioned as part of the dataset but do not specify a separate source beyond the general mention of ""ZG City's mobile phone data,"" which could be considered part of the overall data collection from ZG City.
- Therefore, the distinct data sources are: ZG City's Public Security Department, Daodaotong Map, and the National Bureau of Statistics of China.","  - ""Street robbery seriously affects public safety and lifestyles.""
  - ""The comparative research between native and migrant street robbers can find out the difference of crime location choice among them, providing insight for targeted crime prevention and control strategies.""
  - ""Using a kernel density estimation and the discrete spatial choice modeling, we combine the offender data, POI data, and mobile phone data to explain the crime location choice of the street robbers who committed offenses and were arrested from 2012 to 2016 in ZG City, China.""
  - ""The results demonstrate that the crime location choices between migrant robbers and native robbers have obvious spatial differences.""
  - ""This study addresses the issue of whether the spatial distribution of migrant robbers' crime location choices is different from those of native robbers.""",,"- The study specifically mentions ""street robbers"" and ""street robbery,"" indicating that the crime type analyzed is street robbery.
- The focus on ""crime location choice"" and ""spatial distribution"" suggests that the study is concerned with understanding where street robberies occur, rather than other types of crimes.
- The paper does not mention any other crime types, reinforcing the conclusion that the study is focused solely on street robbery.","  - ""The results demonstrate that the crime location choices between migrant robbers and native robbers have obvious spatial differences.""
  - ""This study addresses the issue of whether the spatial distribution of migrant robbers' crime location choices is different from those of native robbers.""
  - ""The data used in this paper include the arrest data and neighborhood characteristics data of ZG City. The first type of data is the arrest data of street robbers in ZG City from 2012 to 2016 provided by ZG City's Public Security Department.""
  - ""Street robbers in the study area were predominantly out-of-town, with 3650 individuals, or 83.75%, while 708 individuals were native, or 16.25%""
  - ""Migrant robbers tend to choose the labor-intensive industrial cluster, while native robbers prefer the old urban areas and urban villages.""",,"- The study focuses on the spatial distribution of crime location choices for ""migrant robbers"" and ""native robbers,"" which suggests that the primary crime type being analyzed is robbery.
- The paper repeatedly refers to ""street robbers"" and ""robbery,"" indicating that the study is centered around this specific crime type.
- There is no mention of other crime types being analyzed in the study, such as burglary, theft, or assault.
- The data used in the study is specifically related to ""street robbers,"" further supporting the conclusion that the study is focused on a single crime type.","  - ""A total of 11,455 arrest records within 8 districts of ZG city from 2012 to 2016, excluding 2285 records of street robbers whose residence was outside the study area and 1310 records with no fixed residence or unknown residence, leaving 7860 records involving 7124 street robbers.""
  - ""In this study, we selected the domicile attributes of street robbers in the individual attribute table to study the spatial differences in crime location choices of street robbers with different household registration attributes.""
  - ""For robbery groups, this paper refers to Bernasco et al. [10,19,67], and treats each robbery group as a separate decision-maker, i.e., one robber is randomly extracted from each robbery group to construct the sample, while a single robber directly constructs the sample, resulting in 4358 street robbers included in the individual attribute table (Table 1""",,"- The paper mentions that there were initially 11,455 arrest records, but after excluding those outside the study area and those with unknown residences, the number was reduced to 7,860 records.
- These 7,860 records involved 7,124 street robbers, indicating that each record likely corresponds to a unique crime incident or event.
- The study further refined the dataset by treating each robbery group as a separate decision-maker, resulting in a sample of 4,358 street robbers for analysis.
- The focus of the study is on the crime location choices of these street robbers, suggesting that each record represents a crime incident or event.","  - ""The utility function can be estimated based on the Conditional Logit Selection models.""
  - ""This study will refer to the above studies and use the conditional logit selection models in the Discrete Spatial Choice Modeling to calculate.""
  - ""Models calculations were done under Stata 13.0 software.""",,"- The paper explicitly mentions the use of ""conditional logit selection models"" in the context of discrete spatial choice modeling. This indicates that the type of discrete choice model used in the statistical analysis is the conditional logit model.
- The mention of ""Conditional Logit Selection models"" twice in the paper reinforces that this is the specific type of model used.
- The use of Stata 13.0 software for model calculations is also noted, but the specific model type is clearly identified as conditional logit."
"Do juvenile, young adult, and adult offenders target different places in the Chinese context?","Dongping Long, Lin Liu",-,-,Cities,3,2022,2,street robbery,Single crime type,7860,Conditional Logit,"  - ""The data that has been used is confidential.""
  - ""The data in this paper and those of Long et al. (2021) are derived from the same dataset for ZG City, but they have different research questions.""
  - ""In this paper, ZG City Public Security Bureau provided crime data on arrested offenders and their robberies during the period 2012 to 2016""
  - ""This study examines 7860 street robberies committed by 4358 street robbers between 2012 and 2016 in ZG city, China.""",,"- The study primarily uses crime data from the ZG City Public Security Bureau, which is a single data source.
- The mention of ""census data of ZG City"" suggests another data source, which is likely from a government census or statistical agency.
- The paper does not mention any other distinct data sources or databases beyond these two.
- The confidentiality of the data does not affect the count of data sources, as it refers to the nature of the data rather than its origin.","  - ""this study is concerned with street robbery.""
  - ""This study examines 7860 street robberies committed by 4358 street robbers between 2012 and 2016 in ZG city, China.""
  - ""The results demonstrate that street robbers favor areas frequented by their age group, close to their residence, and low in social cohesion.""
  - ""this study will contribute to the literature by identifying differences in street robbers' target places by their age group and providing experiences from the Chinese context.""
  - ""The purpose of this study is to examine the offender's target choices, focusing on the preferences of offenders in different age groups.""",,"- The paper explicitly states that it examines ""7860 street robberies committed by 4358 street robbers,"" indicating that the crime type analyzed is street robbery.
- The study is described as being ""concerned with street robbery,"" reinforcing that this is the specific crime type under investigation.
- The purpose of the study is to examine the target choices of offenders, specifically focusing on street robbers, which further confirms that street robbery is the crime type being analyzed.
- The paper does not mention any other crime types, so it is clear that the focus is solely on street robbery.","  - ""Studying the different crime types help enrich the testing of the generalizability of crime pattern formation theories (Johnson & Summers, 2015).""
  - ""Existing research had suggested that different crime types exhibit distinct spatial patterns and have different contributing factors (He et al., 2017;Long, Liu, Feng, et al., 2017).""
  - ""Therefore, in the current study, we will examine routine activity nodes, journey to crime, and social disorganization that influence different age street robbers who commit their crimes at particular locations.""
  - ""this study is concerned with street robbery.""
  - ""This study examines 7860 street robberies committed by 4358 street robbers between 2012 and 2016 in ZG city, China.""",,"- The study explicitly states that it examines ""7860 street robberies committed by 4358 street robbers,"" indicating a focus on a single crime type: street robbery.
- The paper mentions that it is ""concerned with street robbery,"" reinforcing the idea that the study is focused on this specific crime type.
- Although the paper discusses the generalizability of crime pattern theories across different crime types, it does not analyze multiple crime types within the study itself.
- The focus on street robbery is consistent throughout the paper, with no mention of analyzing other crime types.","  - ""This study examines 7860 street robberies committed by 4358 street robbers between 2012 and 2016 in ZG city, China.""
  - ""The data in this paper and those of Long et al. (2021) are derived from the same dataset for ZG City, but they have different research questions.""",,"- The paper explicitly states that the study examines ""7860 street robberies committed by 4358 street robbers between 2012 and 2016 in ZG city, China."" This indicates that the study analyzed 7860 individual crime incidents.
- The mention of ""7860 street robberies"" directly answers the question about the number of crime incidents analyzed in the study.
- The data source is confirmed to be from the same dataset as another study, but the specific number of incidents is clearly stated as 7860.","  - ""A conditional logit selection model was estimated to assess street robbers' crime location choice preferences.""
  - ""The conditional logit selection models have been applied to various discrete choice behaviors, including offender's crime location choice problems (Bernasco et al., 2013;Bernasco & Nieuwbeerta, 2005).""
  - ""Consistent with most existing discrete spatial choice modeling studies (Bernasco & Nieuwbeerta, 2005;Baudains et al., 2013;Lammers et al., 2015;Long et al., 2018; Long et al., 2021; McFadden, 1978;Xiao et al., 2021), the research question of this paper will be tested by conditional logit models.""",,"- The paper explicitly states that a ""conditional logit selection model"" was used to assess the crime location choices of street robbers. This is a clear indication of the model type used in the statistical analysis.
- The paper also references the use of conditional logit models in similar studies, reinforcing the choice of this model type for the analysis.
- The mention of ""conditional logit models"" multiple times throughout the paper confirms that this was the discrete choice modeling approach employed."
THE INFLUENCE OF ACTIVITY SPACE AND VISITING FREQUENCY ON CRIME LOCATION CHOICE: FINDINGS FROM AN ONLINE SELF-REPORT SURVEY,"Stijn Ruiter, Barbara Menting, Marre Lammers, Wim Bernasco",-,-,British Journal of Criminology,33,2019,4,theft of a car/motor/bicycle; other theft; burglary; vandalism; robbery; violence; drug trafficking; weapons trafficking,Multiple crime types,140,Conditional Logit,"  - ""A major contribution of this study is the use of an online survey in which 78 offenders reported on their own activity spaces and committed offences (n = 140).""
  - ""Data were collected with the OASIS, developed using LimeSurvey (LimeSurvey 2017).""
  - ""We used geographical data for all 12,821 neighbourhoods in the Netherlands in 2016, with a median size of 0.68 km 2 (mean = 2.63, standard deviation (SD) = 5.39, range = 0.01-128.2) and a median residential population of 675 (mean = 1,323, SD = 1,774, range = 0-28,120) (Statistics Netherlands 2017b).""
  - ""Employee density was calculated by dividing the sum of all people working in a neighbourhood in any facility (part-time employee = 0.5) by the neighbourhood's area size (in square metres). As many types of facilities also attract other people (e.g., customers and schoolchildren), areas with a high employee density generally also have a relatively high visitor density.""
  - ""LISA data contain information on all businesses and facilities in the Netherlands, which we geocoded to one of the 12,821 neighbourhoods.""
  - ""a random sample of people was drawn from the police suspect information system used by the The Hague Police Service.""",,"- The study primarily uses data from an online survey called OASIS, which is a self-report survey among offenders. This is a direct data source.
- Geographical data for neighborhoods in the Netherlands was obtained from Statistics Netherlands, which is another distinct data source.
- Employee density data was derived from LISA (Landelijk Informatiesysteem Arbeidsplaatsen), which is a separate data source.
- The police suspect information system used by the The Hague Police Service is a data source for selecting participants.
- The use of Google Maps and LimeSurvey are tools rather than data sources.","  - ""the victimization and offending domains were subdivided into crime type subdomains: (1) theft of a car/motor/bicycle, (2) other theft, (3) burglary, (4) vandalism, (5) robbery, (6) violence, (7) trafficking drugs (offending only) and ( 8) trafficking weapons (offending only).""
  - ""The 78 offenders in our sample reported a total of 140 offences committed in the study area in the three years (mean = 1.8 per offender, range = 1-8; n per type: 52 violent offences, 46 thefts, 19 acts of vandalism, 16 drug trafficking offences, 4 burglaries, 2 robberies and 1 weapons trafficking offence).""",,"- The study involves a variety of crime types as indicated by the breakdown of the 140 offences reported by the 78 offenders.
- The specific crime types mentioned include violent offences, thefts, acts of vandalism, drug trafficking offences, burglaries, robberies, and weapons trafficking.
- The study also categorizes these crimes into more specific subdomains such as theft of a car/motor/bicycle, other theft, burglary, vandalism, robbery, violence, drug trafficking, and weapons trafficking.
- The study does not focus on a single crime type but rather examines a range of crimes to understand crime location choice.","  - ""The robustness of the findings across different crime types also indicates that offenders tend to commit crime within their activity space, irrespective of the type.""
  - ""The results were also not particularly driven by a specific crime type: effects remained positive, statistically significant and overall rather similar across different subsamples of offences (i.e., excluding a specific crime type while including all others).""
  - ""the victimization and offending domains were subdivided into crime type subdomains: (1) theft of a car/motor/bicycle, (2) other theft, (3) burglary, (4) vandalism, (5) robbery, (6) violence, (7) trafficking drugs (offending only) and ( 8) trafficking weapons (offending only).""
  - ""The 78 offenders in our sample reported a total of 140 offences committed in the study area in the three years (mean = 1.8 per offender, range = 1-8; n per type: 52 violent offences, 46 thefts, 19 acts of vandalism, 16 drug trafficking offences, 4 burglaries, 2 robberies and 1 weapons trafficking offence).""
  - ""The survey included questions regarding the following seven domains: (1) own current and former home locations and other sleeping places, (2) visited homes of others, subdivided into five subdomains: parents, siblings, (ex-)partners, friends and others, (3) victimization locations, (4) offending locations, (5) current and former school locations, (6) work locations and (7) leisure activity locations, in five subdomains: sports, shopping, entertainment (e.g., bars, restaurants, clubs, and cinemas), hangout and other.""",,"- The study includes multiple crime types as indicated by the subdomains for victimization and offending, which list various crime categories such as theft, burglary, vandalism, robbery, violence, drug trafficking, and weapons trafficking.
- The paper explicitly states that the study examines multiple crime types by mentioning the number of offences reported for each type (e.g., 52 violent offences, 46 thefts).
- The study's findings are robust across different crime types, suggesting that the analysis is not limited to a single crime type but rather encompasses multiple types.
- The paper does not focus on a single crime type but rather examines the influence of activity spaces on crime location choice across various crime categories.","  - ""The 78 offenders in our sample reported a total of 140 offences committed in the study area in the three years (mean = 1.8 per offender, range = 1-8; n per type: 52 violent offences, 46 thefts, 19 acts of vandalism, 16 drug trafficking offences, 4 burglaries, 2 robberies and 1 weapons trafficking offence).""
  - ""To construct the dependent variable, offence locations were geocoded to one of the 12,821 neighbourhoods. For each offence, the neighbourhood in which the offence was committed received a score of 1 and all other neighbourhoods 0.""",,"- The paper explicitly states that the study analyzed a total of 140 offences committed by the 78 offenders in the study area over a three-year period.
- This number includes various types of crimes such as violent offences, thefts, vandalism, drug trafficking, burglaries, robberies, and weapons trafficking.
- The offences were geocoded to specific neighborhoods, which were used to construct the dependent variable for the statistical analysis.
- The mention of ""140 offences"" directly answers the question about the number of individual crime incidents or events analyzed in the study.","  - ""Conditional logit models were used to test our hypotheses.""
  - ""The conditional logit model (McFadden 1974;1978a) is derived from random utility maximization (RUM) theory assumptions, which imply that a motivated offender evaluates the expected utility (gain, profits, satisfaction and risks) of each of the possible alternatives and selects the alternative with the largest expected utility.""
  - ""Results are presented as odds ratios (OR), the multiplicative effect of a one-unit increase of the independent variable on the odds of choosing a particular target neighbourhood.""",,"- The paper explicitly states that ""Conditional logit models were used to test our hypotheses,"" which directly indicates the type of discrete choice model used in the statistical analysis.
- The explanation of the conditional logit model and its derivation from random utility maximization theory further supports the use of this model type.
- The presentation of results as odds ratios is consistent with the output of a conditional logit model, which is used to evaluate the probability of choosing a particular alternative."
Location Choice of Snatching Offenders in Chennai City,"K Kuralarasan, Wim Bernasco",-,-,Journal of quantitative criminology,10,2021,3,Snatching; Theft from the person; Mugging; Street robbery,Single crime type,1573,Conditional Logit Model,"  - ""data on the size of each ward in terms of surface area and in terms of resident populations based on census 2011 counts, were obtained from the Greater Chennai Corporation database""
  - ""Googles location information, as made accessible through the Google Maps/Earth software, was used to establish the coordinates, names and categories of facilities expected to function as crime generators and attractors.""
  - ""Data on the locations retail businesses, religious and transportation facilities were collected using Google location services.""
  - ""The offense data were obtained from the State Crime Records Bureau, Tamil Nadu, India.""
  - ""The data comprise 1573 police-recorded snatching offenses committed by 1152 identified offenders across the 201 wards of Chennai City.""",,"- The study uses data from the ""State Crime Records Bureau, Tamil Nadu, India"" for police-recorded snatching offenses, which is one data source.
- Google location services are used to collect data on retail businesses, religious, and transportation facilities, which is another data source.
- The ""Greater Chennai Corporation database"" is used for data on ward size and population, which is a third data source.
- The study does not mention any other distinct data sources or databases beyond these three.","  - ""The offense may, but need not, include the use of force and weapons, and it thus subsumes theft from the person, mugging and street robbery.""
  - ""In snatch thefts, an offender spots and snatches items from the victim and runs or drives away (Monk et al. 2010).""
  - ""Snatch theft involves stealing valuables from a victim with or without force (Curran et al. 2005;Patel 2016).""
  - ""The present study contributes to this line of research by investigating the location choices of snatching offenders in Chennai City, India.""",,"- The study specifically focuses on ""snatching offenders,"" which is a type of crime where valuables are stolen from a victim with or without force.
- The paper describes snatching as involving the theft of valuables from a person, which aligns with the definition of theft from the person.
- The study also mentions that snatching can include mugging and street robbery, indicating that these are subcategories of the crime type being analyzed.
- Therefore, the crime type analyzed in this study is snatching, which includes theft from the person, mugging, and street robbery.","  - ""the present study pioneers the theory and methodology of crime location choice in the Indian context.""
  - ""The present research investigated the location choices of snatching offenders in Chennai, India.""
  - ""The offense may, but need not, include the use of force and weapons, and it thus subsumes theft from the person, mugging and street robbery.""
  - ""Snatch theft involves stealing valuables from a victim with or without force (Curran et al. 2005;Patel 2016).""
  - ""The present study contributes to this line of research by investigating the location choices of snatching offenders in Chennai City, India.""",,"- The study is focused on ""snatching offenders"" and ""snatch theft,"" which indicates a specific type of crime.
- The paper describes snatch theft as involving stealing valuables with or without force, which is a specific crime category.
- The study does not mention analyzing multiple crime types; instead, it focuses on snatching offenses.
- The paper does not include any references to other crime types being analyzed, reinforcing the focus on a single crime type.","  - ""The data consist of 1573 snatching offenses committed by 1152 offenders.""
  - ""The data comprise 1573 police-recorded snatching offenses committed by 1152 identified offenders across the 201 wards of Chennai City.""
  - ""Table 1 presents descriptive information about the 1573 analyzed snatching offenses, including the age and gender of the offender, and whether it was committed in the offender's own ward of residence.""
  - ""For every detected snatching incident, the distance was calculated between the home of the offender and the centroids of each of the 201 wards.""",,"- The paper explicitly states that the study analyzed ""1573 police-recorded snatching offenses"" and ""1573 snatching offenses committed by 1152 offenders."" This indicates that the study was based on a total of 1573 individual crime incidents.
- The mention of ""1573 analyzed snatching offenses"" in Table 1 further confirms that these are the incidents analyzed in the study.
- The calculation of distances for ""every detected snatching incident"" also refers to these 1573 incidents, reinforcing the number of crime incidents analyzed.","  - ""Table 3 presents the results of two conditional logit models.""
  - ""The probability that the person committing offense n chooses location i can thus be written as:

If the unobserved random utility components ε ni are independent and identically distributed according to an extreme value distribution, the conditional logit model (McFadden 1974 ) can be derived,""
  - ""The discrete crime location choice method takes as a starting point an individual who is motivated to commit a snatching offense and is faced with the decision of where to commit it.""
  - ""To quantify the spatial preferences of snatching offenders and test the hypotheses, we used the discrete crime location choice method (Bernasco and Nieuwbeerta 2005).""",,"- The paper explicitly mentions the use of the ""discrete crime location choice method,"" which is rooted in random utility maximization theory and uses statistical models such as conditional logit.
- The method is described as using statistical models that include conditional logit, indicating that this is the specific type of discrete choice model used in the analysis.
- The paper directly states that the results are presented from ""two conditional logit models,"" confirming that the conditional logit model was the specific type of discrete choice model used."
AWARENESS × OPPORTUNITY: TESTING INTERACTIONS BETWEEN ACTIVITY NODES AND CRIMINAL OPPORTUNITY IN PREDICTING CRIME LOCATION CHOICE,Barbara Menting,-,-,,14,2018,5,"any-crime-type; violent offences (assaults, criminal threats, homicides, sex offences, robberies); property crimes (thefts, burglaries, selling of stolen goods, forgery)",Multiple crime types,"13,088",Conditional Logit Model,"  - ""Multiple data sources are used to obtain information on the offences, residential histories of the offenders and their family, and criminal opportunity in 76 postal codes in the study area.""
  - ""Data on offenders and their offences were acquired from the police information system used by the The Hague Police Service.""
  - ""To construct the two activity nodes-residential area of the offender, and residential area(s) of the offender's family (parents, siblings, and/or children)-population registration data were used from a nationwide information system (Dutch acronym BRP) that records information on all Dutch citizens.""
  - ""The number of bars/restaurants/hotels was assessed using LISA (Dutch: 'Landelijk Informatiesysteem Arbeidsplaatsen') data on the locations and other characteristics of all businesses and facilities in the study area in 2006-2009""
  - ""Collective efficacy was measured with a community survey, which was part of the Study of Peers, Activities and Neighborhoods (SPAN) project""
  - ""Several other postal code area characteristics were also taken into account. These include other types of facilities that attract people, such as shops and schools, which may also generate/attract crime (Brantingham and Brantingham 1995, 2008) . Therefore, crime year specific numbers of retail facilities, schools, cultural, health care, and sports/leisure facilities in each postal code were determined with LISA data.""
  - ""To control for residential population characteristics, three crime year specific variables were constructed for each postal code using census-like statistics from Statistics Netherlands:""",,"- The paper mentions multiple data sources used for the study.
- The police information system used by the The Hague Police Service is one data source.
- The nationwide information system (BRP) is another data source.
- LISA data is used for assessing the number of bars/restaurants/hotels and other facilities, which is a third data source.
- The community survey from the SPAN project is a fourth data source.
- Statistics Netherlands is mentioned as a source for census-like statistics, which is a fifth data source.
- The use of these distinct data sources indicates that they are separate and distinct from one another.","  - ""The hypotheses are tested with any-crime-type offences.""
  - ""There were 4283 (committed by 1844 offenders) property crimes, including thefts, burglaries, selling of stolen goods and forgery.""
  - ""Following crime pattern theory's premise that crimes are most likely committed in areas where the awareness space of an offender overlaps with the presence of criminal opportunity, it is expected that the effect of an activity node depends on the level of criminal opportunity in that area and vice versa.""
  - ""The same steps were repeated for violence (Table 4 , models 6-10) and property offences (Table 4 , models 11-15).""
  - ""this study aims at testing interactions between two relevant and distinctive activity nodes of offenders: their own residential area at the time of the offence and the residential area of their family; and two different environmental characteristics as indicators of criminal opportunity in an area: the number of bars/restaurants/ hotels and collective efficacy.""",,"- The study primarily focuses on ""any-crime-type offences,"" which suggests that it does not limit itself to a specific type of crime but rather considers a broad range of crimes.
- The paper specifically mentions ""violent offences"" and ""property crimes"" as subsets of the crimes analyzed. This indicates that the study includes both violent and property-related crimes.
- Within the category of violent offences, the study includes ""assaults, criminal threats, homicides, sex offences, and robberies.""
- For property crimes, the study includes ""thefts, burglaries, selling of stolen goods and forgery.""
- The study does not limit itself to these specific types but uses them as examples of the broader categories of violent and property crimes.","  - ""Interactions between two activity nodes-residential area of (1) offenders, (2) offenders' family-and two criminal opportunity indicators-number of bars/restaurants/hotels, collective efficacy-were tested and found (N = 13,088 any-crime-type offences committed by 5377 offenders): both residential area types were more often targeted than areas where offenders/family did not live, with no/lesser difference between low versus high criminal opportunity.""
  - ""The hypotheses are tested with any-crime-type offences.""
  - ""Although the presence of crime attractors/generators such as bars/restaurants/hotels and poor collective efficacy have been linked to multiple crime types, their presence or absence may have varying importance in providing or reducing criminal opportunity.""
  - ""The same steps were repeated for violence (Table 4 , models 6-10) and property offences (Table 4 , models 11-15).""
  - ""The findings showed a number of things. The main effects of both activity nodes and both opportunity indicators were present in the expected direction: residential areas of offenders, residential areas of family, and areas with many bars/restaurants/hotels had an increased risk of being targeted, and areas with high collective efficacy a lower risk.""
  - ""the consistent interaction pattern across the activity node-opportunity indicator combinations for any-crimetype, violent and property crimes suggests a more general pattern (or no significant interaction), further scrutiny is warranted to examine the findings' robustness by also including other, more complete and precise measures of offenders' activity spaces and criminal opportunity in future research, not only for crime in general but also for other and more specific crime subtypes.""",,"- The study primarily focuses on ""any-crime-type offences,"" indicating that it does not limit itself to a single crime type but rather examines a broad category of crimes.
- The paper explicitly mentions that the hypotheses are tested with ""any-crime-type offences,"" which suggests that the study is not confined to a single crime type.
- The study also specifically analyzes ""violence"" and ""property offences"" separately, which further supports the notion that multiple crime types are examined.
- The mention of ""multiple crime types"" and the analysis of specific crime categories like ""violence"" and ""property offences"" confirm that the study does not focus on a single crime type.","  - ""Of the 13,088 any-crime-type offences, 3123 (23.9%) were committed in the residential area of the offender, and 843 (6.4%) in a residential area of the offender's family.""
  - ""All registered offences of the 5377 offenders committed in the study area in 2006-2009 were used to construct the dependent variable. This resulted in a total of 13,088 offences committed by these offenders.""
  - ""Using discrete spatial choice models, main effects, and interactions are tested in a total sample of 13,088 any-crime-type offences committed by 5377 offenders in three municipalities in the The Hague area in the Netherlands.""",,"- The paper explicitly states that the study analyzed a total of 13,088 any-crime-type offences. This is the number of individual crime incidents or events that formed the basis of the statistical analysis.
- The same number is repeated in different parts of the paper, confirming that it is the total number of crime incidents analyzed.
- The study used these 13,088 offences to test interactions between activity nodes and criminal opportunity, indicating that this is the core dataset for the analysis.","  - ""They often follow the random utility maximization (RUM) assumptions and are statistically tested with a conditional logit model (McFadden 1974).""
  - ""The conditional logit models were estimated using a data matrix of 994,688 rows, containing 76 rows for each of the 13,088 offences (per offence, one row for each of the 76 alternative postal codes that could have been chosen).""
  - ""Hypotheses were tested with discrete choice models. They test why a decision-maker chooses a specific single alternative from a distinct number of alternatives, given the characteristics of the alternatives and of the decision-maker (Ben-Akiva and Bierlaire 2003).""
  - ""Odds ratios (OR) are reported. They indicate the multiplicative effect of a one-unit increase of the independent variable on the odds (ratio of probability p and 1 -p) of choosing a particular target area.""",,"- The paper explicitly mentions the use of ""discrete choice models"" for testing hypotheses, which is a broad category of models used in statistical analysis.
- It specifies that these models ""often follow the random utility maximization (RUM) assumptions and are statistically tested with a conditional logit model,"" indicating that the specific type of discrete choice model used is the conditional logit model.
- The paper further confirms the use of conditional logit models by stating that ""The conditional logit models were estimated using a data matrix,"" which directly indicates the type of model used in the analysis.
- The mention of ""Odds ratios (OR) are reported"" aligns with the typical output of a conditional logit model, as it provides a measure of the effect size of independent variables on the dependent variable."
"Assessing the Influence of Prior on Subsequent Street Robbery Location Choices: A Case Study in ZG City, China","Dongping Long, Lin Liu, Jiaxin Feng, Suhong Zhou, Fengrui Jing",-,-,Sustainability,21,2018,2,street robbery,Single crime type,1262,Mixed Logit Model,"  - ""Except daily human mobility, socioeconomic heterogeneity, and distance of journey to subsequent robbery, other control variables are constructed on the basis of point of interest (POI) in 2014 in ZG City, obtained from a navigation data company in China.""
  - ""The dataset contains information on offenders of cleared robberies. It includes the time and date of street robberies; the address and spatial coordinates of street robberies (with 1 m resolution); the residence of street robbers (address and geographic coordinates with 1 m resolution); and their identity information such as gender, nationality, hukou status (locals vs. immigrants), name, date of birth, and so on; as well as the object, the tool, the place, and the way of committing crime; and the amount of lost property or money.""
  - ""The data set used in this study includes 1262 detected robberies committed by 527 street robbers from the ZG City Public Security Bureau in China.""",,"- The primary data source for this study is the ZG City Public Security Bureau in China, which provided data on detected robberies and offender information.
- The study also used point of interest (POI) data from a navigation data company in China to construct control variables. This is a separate data source from the Public Security Bureau.
- The paper does not mention any other distinct data sources, databases, organizations, or agencies providing data for the analysis.","  - ""the present study focuses on street robbery.""
  - ""The data set used in this study includes 1262 detected robberies committed by 527 street robbers from the ZG City Public Security Bureau in China.""
  - ""The dataset contains information on offenders of cleared robberies.""
  - ""Street robbers use threats or physical force to take property away from their victims""
  - ""This paper aims to further explore the issue of repeated crime location choices, with a focus on an offender's prior experience of arrest.""",,"- The study explicitly mentions that it focuses on ""street robbery,"" which is a specific type of crime.
- The data set includes ""1262 detected robberies committed by 527 street robbers,"" indicating that the study is centered around street robbery.
- The paper describes street robbers using ""threats or physical force to take property away from their victims,"" which aligns with the definition of street robbery.
- The study does not mention any other crime types, so it is clear that the focus is solely on street robbery.","  - ""This paper aims to further explore the issue of repeated crime location choices, with a focus on an offender's prior experience of arrest.""
  - ""The dataset contains information on offenders of cleared robberies.""
  - ""Street robbers use threats or physical force to take property away from their victims [3].""
  - ""the present study focuses on street robbery.""
  - ""The data set used in this study includes 1262 detected robberies committed by 527 street robbers from the ZG City Public Security Bureau in China.""",,"- The study specifically mentions that the data set includes ""1262 detected robberies committed by 527 street robbers,"" indicating that the focus is on street robbery.
- The paper explicitly states that ""The present study focuses on street robbery,"" which suggests that the study is centered around a single crime type.
- The description of the dataset and the methods used in the study further support that the analysis is focused on street robbery, with no mention of other crime types being included.
- The study's focus on the influence of prior experiences on subsequent street robbery location choices also indicates that it is analyzing a single crime type.","  - ""Finally, a total of 527 street robbers involving 1262 street robberies are screened out for further analysis.""
  - ""The data set used in this study includes 1262 detected robberies committed by 527 street robbers from the ZG City Public Security Bureau in China.""
  - ""After excluding 2285 robberies of the street robbers who live outside the study area and 1338 robberies of the street robbers of unknown residence, 7882 robberies involving 7087 street robbers remained in this study.""
  - ""The data includes 11,455 cleared robberies, among which 67 percent were committed by a single robber without accomplices, 17 percent were committed by two robbers, and 16 percent were committed by three or more robbers.""",,"- The paper mentions that the study includes ""1262 detected robberies committed by 527 street robbers,"" which directly answers the question about the number of individual crime incidents analyzed.
- The initial dataset included ""11,455 cleared robberies,"" but after exclusions, ""7882 robberies involving 7087 street robbers remained in this study."" However, the specific number of incidents analyzed for the study's main findings is specified as ""1262 street robberies.""
- The focus of the study is on these ""1262 street robberies"" as they are the ones that were ""screened out for further analysis,"" indicating they are the basis for the statistical analysis.","  - ""This mixed logit model is a more general version of the conditional logit model""
  - ""The mixed logit model is widely used in microeconomics to analyze discrete choice behavior.""
  - ""The mixed logit model is a family of discrete choice models that estimate the probability of individuals selecting one outcome from exhaustive, mutually exclusive, and limited set of options""
  - ""These two groups of variables are then fed into a mixed logit model to assess the influence of a robber's prior experience on subsequent street robbery location choices.""",,"- The paper explicitly states that a ""mixed logit model"" was used in the statistical analysis to assess the influence of prior experiences on subsequent street robbery location choices.
- The mixed logit model is described as a type of discrete choice model, which aligns with the context of the study.
- The paper also mentions that the mixed logit model is a more general version of the conditional logit model, indicating its suitability for complex choice scenarios.
- The use of a mixed logit model is justified by its ability to handle panel data and account for observations nested within decision makers, which is relevant to the study's design."
Familiar Locations and Similar Activities: Examining the Contributions of Reliable and Relevant Knowledge in Offenders' Crime Location Choices,"Sophie Curtis-Ham, Wim Bernasco, Oleg N Medvedev, Devon L L Polaschek",-,-,-,-,-,2,residential burglary; non-residential burglary; commercial robbery; personal robbery; extra-familial sex offenses,Multiple crime types,"- Residential burglaries: 17,054
- Non-residential burglaries: 10,353
- Commercial robberies: 1,977
- Personal robberies: 4,315
- Extra-familial sex offenses: 4,421
Total: 38,120",Conditional Logit,"  - ""The results presented in this paper are the work of the authors and do not represent the views of New Zealand Police.""
  - ""The dataset and data cleaning steps have been described extensively in other studies (Curtis-Ham et al., 2021a , 2022b).""
  - ""Opportunity variables were derived from NZ Statistics Census and Business Demography data (http://nzdotstat.stats.govt.nz/).""
  - ""Offense and activity node data were sourced from the New Zealand Police National Intelligence Application (NIA).""",,"- The paper explicitly mentions two primary data sources: the New Zealand Police National Intelligence Application (NIA) for offense and activity node data, and NZ Statistics Census and Business Demography data for opportunity variables.
- The mention of ""other studies"" suggests that there might be additional data sources or datasets used in related research, but these are not explicitly listed as part of this study.
- The paper does not mention any other distinct data sources, databases, organizations, or agencies beyond these two.
- The New Zealand Police is mentioned as a source of data through the NIA, but it is not considered a separate data source beyond the NIA itself.","  - ""Using discrete choice models, we analyzed offenders' pre-offense activity locations from police data (home addresses, family members' home addresses, work, school, prior offenses, victimizations, non-crime incidents, and other police contacts) and 17,054 residential burglaries, 10,353 non-residential burglaries, 1,977 commercial robberies, 4,315 personal robberies, and 4,421 extra-familial sex offenses, in New Zealand.""
  - ""The general pattern of results-supporting H1(a) to (c)-was that offenders were more likely to commit crime near to activity nodes that were high on both reliability and relevance, lower in proximity to activity nodes that were high on only reliability or relevance and lowest in proximity to activity nodes that were low on both reliability and relevance.""
  - ""The results support a recent extension of crime pattern theory and highlight the importance of including both reliability and relevance factors when modeling or predicting offenders' crime location choices.""
  - ""The study illustrates both the opportunities and challenges involved in employing this methodological paradigm with police administrative data. We first describe the existing literature considering relationships between individuals' prior activity locations and their crime location choices.""
  - ""The theoretical model we tested is universal to all crime, so we analyzed a range of crime types varying in target (premises versus people) and motivation (acquiring property versus sexual violence).""",,"- The paper explicitly mentions the analysis of several specific crime types: residential burglaries, non-residential burglaries, commercial robberies, personal robberies, and extra-familial sex offenses.
- These crime types are listed as part of the data analyzed using discrete choice models, indicating that they are the focus of the study.
- The study aims to understand how offenders' prior activity locations influence their crime location choices, and it does so by examining these specific crime types.
- The paper discusses the theoretical model and its application to these crime types, suggesting that the study is focused on understanding the patterns and factors influencing these specific crimes.","  - ""Each crime type was analyzed separately, though if an offender had committed more than one type of crime they would appear in multiple analyses (e.g., both commercial robbery and residential burglary).""
  - ""the consistency of the observed pattern for reliability and relevance across crime types indicates that it likely generalizes beyond the crimes included in this study.""
  - ""The theoretical model we tested is universal to all crime, so we analyzed a range of crime types varying in target (premises versus people) and motivation (acquiring property versus sexual violence).""
  - ""Using discrete choice models, we analyzed offenders' pre-offense activity locations from police data (home addresses, family members' home addresses, work, school, prior offenses, victimizations, non-crime incidents, and other police contacts) and 17,054 residential burglaries, 10,353 non-residential burglaries, 1,977 commercial robberies, 4,315 personal robberies, and 4,421 extra-familial sex offenses, in New Zealand.""",,"- The study explicitly mentions the analysis of multiple crime types, including residential burglaries, non-residential burglaries, commercial robberies, personal robberies, and extra-familial sex offenses.
- The paper states that the theoretical model is universal to all crime, indicating that the study is not limited to a single crime type.
- Each crime type is analyzed separately, but the study includes multiple types, which aligns with the categorization of ""Multiple crime types.""
- The consistency of patterns across different crime types further supports the conclusion that the study examines multiple crime types.","  - ""This yielded 17,054 residential burglaries, 10,353 non-residential burglaries, 1,977 commercial robberies, 4,315 personal robberies, and 4,421 extra-familial sex offenses.""
  - ""Using discrete choice models, we analyzed offenders' pre-offense activity locations from police data (home addresses, family members' home addresses, work, school, prior offenses, victimizations, non-crime incidents, and other police contacts) and 17,054 residential burglaries, 10,353 non-residential burglaries, 1,977 commercial robberies, 4,315 personal robberies, and 4,421 extra-familial sex offenses, in New Zealand.""
  - ""Following data cleaning, 3 we identified each offender's most recent offense (""reference offense"") for each of the five crime types included in this study.""",,"- The paper explicitly states the number of crime incidents analyzed for each type of crime: residential burglaries, non-residential burglaries, commercial robberies, personal robberies, and extra-familial sex offenses.
- The total number of crime incidents is the sum of these individual counts: 17,054 + 10,353 + 1,977 + 4,315 + 4,421.
- The paper mentions that these numbers were obtained after data cleaning, indicating that these are the final counts used for analysis.","  - ""we employed conditional logit models (McFadden, 1984).""
  - ""The mechanics of the conditional logit model are described in detail elsewhere (Bernasco, 2010b), but to summarize, the model estimates the expected utility of each choice alternative (SA2), given the attributes of that alternative, and selects the alternative that maximizes utility.""
  - ""To test our hypothesis, we used discrete spatial choice models (DSCMs).""",,"- The paper explicitly mentions the use of ""discrete spatial choice models (DSCMs)"" which is a type of discrete choice model.
- It specifically states that ""conditional logit models"" were employed, which is a common type of discrete choice model used in such analyses.
- The description of the model's mechanics aligns with how conditional logit models work, further confirming its use."
Traveling Alone or Together? Neighborhood Context on Individual and Group Juvenile and Adult Burglary Decisions,"Alyssa W Chamberlain, Lyndsay N Boggess, Taylor Fisher",-,-,Crime and delinquency,3,2022,2,burglary,Single crime type,"7,124",Conditional Logit Model,"  - ""The city police department provided data for all arrests for burglaries over a 13-year period of time, totaling 7,124 burglary incidents corresponding to 9,288 unique suspects.""
  - ""we include demographic and economic data from the US Census for all 334 block groups in the city.""
  - ""we use a valuable dataset comprised of all suspects arrested for burglary over a 13-year period in Tampa, Florida.""",,"- The study uses a dataset from the Tampa, Florida police department, which provided arrest data for burglaries over a 13-year period. This is one data source.
- The study also uses demographic and economic data from the US Census. This is another distinct data source.
- There are no other data sources mentioned in the paper, so these are the only two distinct data sources used in the analysis.","  - ""we use a valuable dataset comprised of all suspects arrested for burglary over a 13-year period in Tampa, Florida.""
  - ""We focus on burglary as it is an instrumental crime that may necessitate a higher level of awareness prior to commission and less likely to be motivated by emotion than homicide or assault.""
  - ""We employ a discrete choice modeling framework (see Bernasco & Nieuwbeerta, 2005) to determine the likelihood that a suspect will target a specific neighborhood. Discrete choice models capture an individual's selection out of a set of finite options. In this study, a suspect has 334 neighborhoods from which to target, and the chosen neighborhood is the location where a suspect commits a burglary.""
  - ""The current study assesses how neighborhood socioeconomic and demographic characteristics might differentially influence which neighborhoods are ultimately selected for crime between adults and juveniles, and whether group-offending dynamics alter these selections.""",,"- The paper explicitly states that the focus of the study is on ""burglary,"" indicating that this is the specific type of crime being analyzed.
- The study uses a dataset of all suspects arrested for burglary over a 13-year period, further confirming that burglary is the crime type under investigation.
- The use of discrete choice modeling to determine the likelihood of targeting specific neighborhoods for burglary reinforces that the study is centered on this crime type.
- There is no mention of any other crime types being analyzed in the study, so it is reasonable to conclude that burglary is the sole crime type examined.","  - ""We focus on burglary as it is an instrumental crime that may necessitate a higher level of awareness prior to commission and less likely to be motivated by emotion than homicide or assault.""
  - ""We find that adults and juveniles travel different distances and target different types of neighborhoods for burglary, but there are few differences between solo and group offenders (both adult and juveniles); some unique differences emerge between adults and juveniles who offend alone.""
  - ""To predict the probability that an offender targets a specific neighborhood, we use discrete choice modeling, and compare patterns of neighborhood selection between adults aged 18 or older to juveniles under age 18 and across solo versus group offenses.""",,"- The study explicitly states that it focuses on burglary as the crime type being analyzed. This is indicated by the quote, ""We focus on burglary as it is an instrumental crime that may necessitate a higher level of awareness prior to commission and less likely to be motivated by emotion than homicide or assault.""
- The study uses discrete choice modeling to compare patterns of neighborhood selection specifically for burglary, as mentioned in the quote, ""To predict the probability that an offender targets a specific neighborhood, we use discrete choice modeling, and compare patterns of neighborhood selection between adults aged 18 or older to juveniles under age 18 and across solo versus group offenses.""
- The study's findings are also centered around burglary, as indicated by the quote, ""We find that adults and juveniles travel different distances and target different types of neighborhoods for burglary, but there are few differences between solo and group offenders (both adult and juveniles); some unique differences emerge between adults and juveniles who offend alone.""
- There is no mention of analyzing multiple crime types; the focus is solely on burglary.","  - ""The city police department provided data for all arrests for burglaries over a 13-year period of time, totaling 7,124 burglary incidents corresponding to 9,288 unique suspects.""
  - ""The final sample includes 4,920 burglary arrests nested in 6,165 suspects.""
  - ""Using discrete choice modeling, we draw upon a unique sample of cleared burglaries in a representative city in the south over a 13-year period.""",,"- The paper mentions that the study uses data from ""cleared burglaries"" over a 13-year period, indicating that the focus is on incidents where arrests were made.
- The specific number of ""burglary incidents"" is provided as 7,124, which corresponds to the number of individual crime events analyzed in the study.
- The mention of ""4,920 burglary arrests nested in 6,165 suspects"" suggests that these are the incidents that were included in the final analysis after some filtering or exclusion process.
- The question asks for the number of individual crime incidents or events analyzed, which is directly answered by the number of burglary incidents mentioned.","  - ""We employ a conditional logit model to examine the probability that a particular neighborhood will be selected relative to all other remaining options (Ben-Akiva & Bierlaire, 1999).""
  - ""We employ a discrete choice modeling framework (see Bernasco & Nieuwbeerta, 2005) to determine the likelihood that a suspect will target a specific neighborhood.""
  - ""To compare probabilities between juveniles and adults and between groups and solo offenders, we use seemingly unrelated estimation using the post estimation command suest in Stata.""",,"- The paper explicitly mentions the use of a ""discrete choice modeling framework,"" which is a broad category of models used to analyze choices among multiple alternatives.
- Specifically, it states that a ""conditional logit model"" was employed to examine the probability of selecting a particular neighborhood. This indicates that the type of discrete choice model used was a conditional logit model.
- The mention of ""seemingly unrelated estimation"" and the use of the ""suest"" command in Stata is a methodological detail related to the estimation process, but it does not change the type of model used, which remains a conditional logit model."
Divergent Decision-Making in Context: Neighborhood Context Shapes Effects of Physical Disorder and Spatial Knowledge on Burglars' Location Choice,"Liang Cai, Guangwen Song, Yanji Zhang",-,-,-,-,-,5,Burglary,Single crime type,"1,972",Conditional Logit,"  - ""We draw on a range of unique data sources, including police arrest records, mobile phone mobility big data, and massive street view images.""
  - ""The police arrest data record the actual burglary cases between 2017 and 2018 in the city of ZG.""
  - ""To measure the spatial knowledge between neighborhoods, we obtain mobility flows from mobile phone usage for the whole month of October 2019 from China Unicom Inc, a major telecom provider in China.""
  - ""We obtain point of interest data of 2016 in the city of ZG to account for common crime generators and attractors noted in the literature for burglary""
  - ""Community-level socio-demographic characteristics come from the 2010 sixth national census of China.""
  - ""To measure physical disorder on the street, we use street view images from Baidu Map (https://map.baidu.com), a major map service provider in mainland China.""",,"- The paper explicitly mentions several distinct data sources:
  - Police arrest records: These are used to record actual burglary cases.
  - Mobile phone mobility big data: Provided by China Unicom Inc, this data is used to measure spatial knowledge.
  - Street view images: Used to measure physical disorder, these images are sourced from Baidu Map.
  - Point of interest data: This data is used to account for crime generators and attractors.
  - Community-level socio-demographic characteristics: These are sourced from the 2010 sixth national census of China.
- Each of these sources is distinct and provides different types of data for the analysis.","  - ""The police arrest data record the actual burglary cases between 2017 and 2018 in the city of ZG. For each arrested burglar, we have information on their residential neighborhood and the target neighborhood.""
  - ""We model burglars' target location choice using a conditional logit specification where a burglar's decision of where to offend depends on an array of factors involving the characteristics of both the residential and potential target neighborhoods.""
  - ""The present study focuses on the city of ZG in southeast China. 3 With a total population exceeding 5 million, the subtropical city is one of the largest and most developed cities of China.""
  - ""The present study explicitly considers the impact of meso-level social context on burglars' choice of target neighborhoods.""
  - ""Objectives Although the social disorganization tradition emphasizes the role of neighborhood context in shaping delinquent behaviors and neighborhood crime, researchers have rarely considered the influence of neighborhood context on criminals' decision of where to offend. This study explicitly examines how concentrated disadvantage in both the origin and destination neighborhoods structures burglars' preference for street physical disorder and spatial familiarity.""",,"- The study explicitly mentions that it examines the influence of neighborhood context on ""burglars' decision of where to offend,"" indicating that the crime type being analyzed is burglary.
- The study is focused on ""burglars' choice of target neighborhoods,"" further confirming that the crime type is burglary.
- The use of ""burglars"" and ""burglary cases"" throughout the paper consistently points to burglary as the specific crime type being studied.
- There is no mention of any other crime types in the paper, reinforcing that the study is solely focused on burglary.","  - ""There were 1,972 burglary cases in the central city during 2017 and 2018.""
  - ""The present study focuses on the city of ZG in southeast China.""
  - ""We model burglars' target location choice using a conditional logit specification where a burglar's decision of where to offend depends on an array of factors involving the characteristics of both the residential and potential target neighborhoods.""
  - ""Understanding how criminals make location choice has been central to criminology research.""",,"- The study is focused on understanding how criminals make location choices, specifically in the context of burglary.
- The paper explicitly states that it examines how concentrated disadvantage affects burglars' preferences for physical disorder and spatial familiarity, indicating a focus on burglary.
- The use of ""burglars"" and ""burglary cases"" throughout the paper confirms that the study is centered on this specific crime type.
- There is no mention of other crime types being analyzed in the study, reinforcing the conclusion that it is focused on a single crime type.","  - ""There were 1,972 burglary cases in the central city during 2017 and 2018.""
  - ""The police arrest data record the actual burglary cases between 2017 and 2018 in the city of ZG.""",,"- The paper explicitly mentions that the study analyzed ""1,972 burglary cases"" during the years 2017 and 2018. This is the number of individual crime incidents or events that formed the basis of the statistical analysis.
- The mention of ""burglary cases"" indicates that these are the specific crime incidents being studied, as opposed to other types of crimes.
- The context of the study is focused on burglary, and the data used for analysis are police arrest records, which further supports that these cases are the individual crime incidents being analyzed.","  - ""The conditional logit model assumes that decision-makers pick the alternative with the highest utility (McFadden 1978).""
  - ""We model burglars' target location choice using a conditional logit specification where a burglar's decision of where to offend depends on an array of factors involving the characteristics of both the residential and potential target neighborhoods.""
  - ""All parameters are estimated separately for two groups such that parameters are free to vary across context: burglars residing in neighborhoods with concentrated disadvantage and burglar residing in non-disadvantaged neighborhoods.""
  - ""The approach has been widely used in criminal decision making, residential choice, and activity space location choice literature (Bernasco & Nieuwbeerta 2005;Bruch & Swait 2019;Cai et al. 2024).""",,"- The paper explicitly states that a ""conditional logit specification"" was used to model burglars' target location choice. This indicates that the type of discrete choice model employed in the statistical analysis is a conditional logit model.
- The mention of ""conditional logit model"" and its assumption about decision-makers choosing the alternative with the highest utility further confirms the use of this model type.
- The paper also references the estimation of parameters separately for different groups, which aligns with the application of a conditional logit model in discrete choice analysis."
Relationships Between Offenders' Crime Locations and Different Prior Activity Locations as Recorded in Police Data,"Sophie Curtis-Ham, Wim Bernasco, Oleg N Medvedev, Devon L L Polaschek",-,-,-,-,-,2,residential burglary; non-residential burglary; commercial robbery; personal robbery; extra-familial sex offences,Multiple crime types,"38,120",Conditional Logit Model,"  - ""The data used in this research study are not publicly available and were obtained with approval from the New Zealand Police Research Panel (reference EV-12-462).""
  - ""Data on offences and offenders' activity nodes were extracted from the New Zealand Police National Intelligence Application (NIA).""",,"- The study primarily uses data from the New Zealand Police National Intelligence Application (NIA), which is a single data source.
- Additionally, the study uses data from New Zealand Statistics Census and Business Demography, which is another distinct data source.
- The mention of obtaining data with approval from the New Zealand Police Research Panel indicates that the data was accessed through official channels, but it does not represent a separate data source beyond the NIA.
- Therefore, the study uses two distinct data sources: the New Zealand Police National Intelligence Application (NIA) and New Zealand Statistics Census and Business Demography data.","  - ""We analysed 17,054 residential burglaries, 10,353 nonresidential burglaries, 1,977 commercial robberies, 4,315 personal robberies, and 4,421 extra-familial sex offences.""
  - ""Using discrete spatial choice models, we identified relationships between proximity to pre-crime activity locations recorded in a police database (e.g., offenders' homes, family members' homes, schools, prior crimes, and other police interactions) and the locations of 17,054 residential burglaries, 10,353 non-residential burglaries, 1,977 commercial robberies, 4,315 personal robberies, and 4,421 extra-familial sex offences in New Zealand.""",,"- The study explicitly mentions the types of crimes analyzed: residential burglaries, non-residential burglaries, commercial robberies, personal robberies, and extra-familial sex offences.
- These crime types are consistently mentioned throughout the paper as the focus of the study.
- The study uses a large dataset of these specific crime types to examine relationships between offenders' activity locations and crime locations.","  - ""This study leverages a large national dataset of offenders' pre-crime activity locations recorded in a police database, in a previously unresearched context (New Zealand) . It expands our understanding of offenders' crime location choices-and thus our ability to predict their future crime locations-by comparing the associations between a wider range of activity locations and offenders' crime location choices, for a wider range of crime types separately, than included in prior studies.""
  - ""Using discrete spatial choice models, we identified relationships between proximity to pre-crime activity locations recorded in a police database (e.g., offenders' homes, family members' homes, schools, prior crimes, and other police interactions) and the locations of 17,054 residential burglaries, 10,353 non-residential burglaries, 1,977 commercial robberies, 4,315 personal robberies, and 4,421 extra-familial sex offences in New Zealand.""
  - ""We analysed 17,054 residential burglaries, 10,353 nonresidential burglaries, 1,977 commercial robberies, 4,315 personal robberies, and 4,421 extra-familial sex offences.""",,"- The study explicitly mentions the analysis of multiple crime types: residential burglaries, non-residential burglaries, commercial robberies, personal robberies, and extra-familial sex offences.
- The paper states that it expands understanding by comparing associations between activity locations and crime location choices for a ""wider range of crime types separately,"" indicating that multiple crime types are examined.
- The specific numbers of each crime type analyzed are provided, further supporting the conclusion that the study examines multiple crime types.","  - ""We analysed 17,054 residential burglaries, 10,353 nonresidential burglaries, 1,977 commercial robberies, 4,315 personal robberies, and 4,421 extra-familial sex offences.""
  - ""Using discrete spatial choice models, we identified relationships between proximity to pre-crime activity locations recorded in a police database (e.g., offenders' homes, family members' homes, schools, prior crimes, and other police interactions) and the locations of 17,054 residential burglaries, 10,353 non-residential burglaries, 1,977 commercial robberies, 4,315 personal robberies, and 4,421 extra-familial sex offences in New Zealand.""",,"- The paper explicitly states the number of crime incidents analyzed for each type of crime.
- The total number of crime incidents can be calculated by adding the number of incidents for each type of crime: residential burglaries, non-residential burglaries, commercial robberies, personal robberies, and extra-familial sex offences.
- The total number of crime incidents is therefore 17,054 + 10,353 + 1,977 + 4,315 + 4,421.","  - ""Consistent with most previous DSCM studies, we used conditional logit models to test our hypotheses (McFadden 1984).""
  - ""The conditional logit model evaluates the likelihood of a choice alternative (SA2) being selected given its attributes (e.g. presence of a home in the SA2, presence of nearest prior crime 200-500 m away).""
  - ""To test our hypotheses, we employed discrete crime location choice modelling (DSCM).""",,"- The paper explicitly mentions the use of ""discrete crime location choice modelling (DSCM)"" which is a type of discrete choice model.
- It specifies that ""conditional logit models"" were used to test the hypotheses, which is a common type of discrete choice model.
- The conditional logit model is described as evaluating the likelihood of a choice alternative being selected based on its attributes, which aligns with the typical application of conditional logit models in discrete choice analysis."
WHERE OFFENDERS CHOOSE TO ATTACK: A DISCRETE CHOICE MODEL OF ROBBERIES IN CHICAGO*,"Wim Bernasco, Richard Block",-,-,,277,2009,6,Robbery,Single crime type,"75,078",Conditional Logit Model,"  - ""Data on the population size and the racial and ethnic composition of the 865 census tracts in the city of Chicago in 2000 were taken from the public files of the U.S. Census Bureau.""
  - ""Data on numbers of drug-related arrests and numbers of prostitutionrelated arrests per census tract were aggregated from incident files of the Chicago Police Department (CPD).""
  - ""Data on the presence of private and public high schools in a tract were based on lists compiled by the Chicago Public Schools.""
  - ""Retail employment, which represents the number of persons employed in a retail business in a tract, was aggregated from marketing information collected by Claritas (www.claritas.com) on every business in the city and used as an indication of the availability of shops and other commercial businesses in the tract.""
  - ""The collective efficacy measure was created by Sampson and his colleagues (Sampson, Raudenbush, and Earls, 1997) and was provided to us for use in this research.""
  - ""Data on robbery incidents and arrests during the years 1996-1998 were generated from CPD records.""",,"- The U.S. Census Bureau is a data source for population size and racial/ethnic composition.
- The Chicago Police Department (CPD) is a data source for drug-related and prostitution-related arrests, as well as robbery incidents and arrests.
- The Chicago Public Schools provided data on the presence of high schools.
- Claritas is a data source for retail employment information.
- Sampson and colleagues provided the collective efficacy measure, which is a distinct data source.
- Each of these organizations or entities is considered a separate data source.","  - ""To answer these questions, a model is developed of how robbers choose target areas.""
  - ""Testing the model on cleared robbery cases in Chicago in the years 1996-1998, we demonstrate that robbery location choice is related to characteristics of target areas, to areas where offenders live, to joint characteristics of the resident and target areas, and to characteristics of the offenders themselves.""
  - ""In the current article, we are interested in the second type of question: What characteristics make a certain area an attractive hunting ground for offenders?""
  - ""The model is estimated using a unique set of data on cleared robbery cases in Chicago and the offenders involved in them, on the communities where the offenders reside, and on those where they attack their victims.""
  - ""We model the spatial choices of Chicago robbers using a general microeconomic framework for the analysis of discrete choice, that is, choice among a limited set of alternatives.""
  - ""In the current article, we demonstrated that patterns of robbery location choice are related to the theoretically meaningful characteristics of the target areas, to the areas where offenders live, to the joint characteristics of the two areas, and to the characteristics of the offenders themselves.""",,"- The paper explicitly states that it develops a model to understand how robbers choose target areas, indicating that the focus is on robbery.
- The study uses data on cleared robbery cases in Chicago, further confirming that the crime type analyzed is robbery.
- The paper repeatedly refers to ""robbery location choice"" and ""robbers,"" reinforcing that the study is about robbery.
- There is no mention of any other crime types being analyzed in the study.","  - ""To answer these questions, a model is developed of how robbers choose target areas.""
  - ""Testing the model on cleared robbery cases in Chicago in the years 1996-1998, we demonstrate that robbery location choice is related to characteristics of target areas, to areas where offenders live, to joint characteristics of the resident and target areas, and to characteristics of the offenders themselves.""
  - ""Our empirical investigation of robbery location choice in Chicago builds on theoretical approaches and empirical studies that deal with the selection of attractive targets, the length of the journey to crime, the effects of racial and ethnic barriers to urban travel, the spatial aspects of gang territoriality, and the collective efficacy of residential communities.""
  - ""We unify these diverse topics in a single framework and derive a set of testable hypotheses.""
  - ""In the current article, we are interested in the second type of question: What characteristics make a certain area an attractive hunting ground for offenders?""
  - ""The choice of an area for robbery is likely to depend not only on the number of potential targets, but also on the availability of ""good"" or ""suitable"" targets.""
  - ""Robberies sometimes take place in the illegal context of transactions in illegal markets.""
  - ""Data on robbery incidents and arrests during the years 1996-1998 were generated from CPD records.""",,"- The paper explicitly states that it develops a model to understand how robbers choose target areas, indicating a focus on robbery.
- The study is based on ""cleared robbery cases in Chicago,"" which suggests that the primary crime type analyzed is robbery.
- The paper discusses various factors influencing robbery location choice, such as distance, racial and ethnic segregation, and collective efficacy, all in the context of robbery.
- The study uses data on ""robbery incidents and arrests,"" further confirming that the focus is on robbery.
- There is no mention of analyzing other crime types or comparing different crime categories, which supports the conclusion that the study focuses on a single crime type.","  - ""In all, 75,078 incidents had a geocodable address. More than 99 percent were successfully geocoded.""
  - ""For model development, a random sample of 3,000 robbery cases was used. For the final testing, we used 6,000 other random cases in a single estimation run, which resulted in the findings discussed below.""
  - ""The data include the time and place of the incident and some basic characteristics of the offender, including age, sex, and ethnic origin.""
  - ""Of these, 12,872 incidents resulted in an arrest of at least one offender who had a Because more than one offender can be involved in a single incident, the data contains 18,017 offender-offense pairs.""",,"- The paper mentions that there were 75,078 incidents with geocodable addresses, which is the total number of crime incidents analyzed in terms of location.
- Of these incidents, 12,872 resulted in an arrest, indicating that these are the incidents where the offenders were identified and included in the analysis.
- The paper also mentions that there were 18,017 offender-offense pairs, which suggests that some incidents involved multiple offenders.
- The study used a random sample of 3,000 robbery cases for model development and another 6,000 cases for final testing, but these are subsets of the larger dataset.
- The total number of individual crime incidents or events analyzed in the study is indicated by the number of incidents with geocodable addresses, which is 75,078.","  - ""the choice model can be derived to take the form of the conditional logit model (Greene, 1997;McFadden, 1973).""
  - ""The framework is attractive for various reasons, which include the strong link between the theoretical formulation and its statistical counterpart, the conditional logit model.""
  - ""All models were estimated using the clogit procedure that is part of the general-purpose statistical software Stata (StataCorp, 2005).""
  - ""The point of departure is an actor who is faced with a choice among several discrete spatial alternatives, of which he must choose only one.""
  - ""The framework is known as random utility maximization in economics and has been introduced and developed by 2000 Nobel laureate McFadden (1973).""",,"- The paper mentions the use of ""random utility maximization,"" which is a theoretical framework often associated with discrete choice models.
- It specifically states that the statistical counterpart to this framework is the ""conditional logit model,"" indicating that this is the type of discrete choice model used in the analysis.
- The paper further confirms the use of the conditional logit model by referencing its application in the statistical software Stata, using the ""clogit procedure.""
- The conditional logit model is a common approach in discrete choice modeling, particularly when analyzing choices among multiple alternatives."
Relative Difference and Burglary Location: Can Ecological Characteristics of a Burglar's Home Neighborhood Predict Offense Location?,"Alyssa W Chamberlain, Lyndsay N Boggess",-,-,,30,2016,2,Burglary,Single crime type,"5,182",Conditional Logit Model,"  - ""We normalize the 2010 data into 2000 census block group boundaries and linearly interpolated in order to capture year-specific values.""
  - ""we also include demographic and economic data from the U.S. Census data for each block group.""
  - ""The Tampa Police Department provided incident address and date, date of arrest, and home address of the arrested suspect.""
  - ""We utilize discrete choice modeling on all arrests for burglaries in the City of Tampa, Florida, from January 2000 through September 2012.""",,"- The study uses data from the Tampa Police Department, which is a primary source for arrest data related to burglaries.
- The U.S. Census data is another source used for demographic and economic information.
- The mention of ""normalize the 2010 data into 2000 census block group boundaries"" suggests that the U.S. Census data is used in a way that requires adjustment, but it is still a single source.
- There are no other data sources mentioned in the paper, indicating that these are the only two distinct data sources used.","  - ""our dependent variable is a binary variable indicating the neighborhood the suspect chose to commit a burglary.""
  - ""We utilize discrete choice modeling on all arrests for burglaries in the City of Tampa, Florida, from January 2000 through September 2012.""
  - ""We focus exclusively on burglaries because it is a fairly common crime; and given Tampa's efforts to reduce burglary, we are able to get a better accounting of the origin and destination of crime (City of Tampa, FL 2011).""
  - ""The current study examines the relative differences between where offenders live and where they choose to offend above and beyond the effect of distance.""",,"- The paper explicitly states that the study focuses exclusively on burglaries, indicating that this is the specific type of crime being analyzed.
- The study uses data on all arrests for burglaries in Tampa, Florida, which further confirms that the crime type in question is burglary.
- The dependent variable is defined as a binary variable indicating the neighborhood where a burglary was committed, reinforcing that the study is about burglary.","  - ""We focus exclusively on burglaries because it is a fairly common crime; and given Tampa's efforts to reduce burglary, we are able to get a better accounting of the origin and destination of crime (City of Tampa, FL 2011).""
  - ""We are unable to distinguish between residential and commercial burglaries in our data.""
  - ""our dependent variable is a binary variable indicating the neighborhood the suspect chose to commit a burglary.""
  - ""We utilize discrete choice modeling on all arrests for burglaries in the City of Tampa, Florida, from January 2000 through September 2012.""",,"- The study explicitly states that it focuses exclusively on burglaries, indicating that only one specific crime type is analyzed.
- The use of discrete choice modeling is specifically for burglaries, further supporting that the study is focused on a single crime type.
- The dependent variable is defined as a binary variable indicating the neighborhood where a burglary was committed, which again points to a focus on a single crime type.
- Although the study mentions an inability to distinguish between residential and commercial burglaries, this does not imply the analysis of multiple crime types; rather, it indicates a limitation within the single crime type of burglary.","  - ""Our analytic strategy necessitates a large data structure in which each of the 5,182 incidents has a separate row for each choice alternative.""
  - ""The final sample includes 5,182 incidents committed by 6,846 suspects which were aggregated to the census block group, the operational definition of neighborhood.""
  - ""There are 7,124 burglary arrests in this time period, which corresponds to 9,288 unique suspects.""",,"- The paper mentions that there were ""7,124 burglary arrests"" during the study period, which corresponds to ""9,288 unique suspects."" This indicates the total number of arrests and suspects involved.
- However, the key phrase for determining the number of crime incidents analyzed is ""The final sample includes 5,182 incidents committed by 6,846 suspects."" This specifies that the final analysis was based on 5,182 incidents.
- The mention of ""each of the 5,182 incidents has a separate row for each choice alternative"" in the analytic strategy further confirms that 5,182 incidents were the basis of the statistical analysis.","  - ""we employ a conditional logit model (Ben-Akiva and Bierlaire 1999) that evaluates the likelihood that neighborhood k will be selected relative to all other remaining options.""
  - ""To measure differences in neighborhood structure between the suspect's home neighborhood, targeted neighborhood, and all other neighborhoods, we use discrete choice modeling.""
  - ""In discrete choice models, an individual selects an alternative out of a set of finite options; in this case, the alternatives are the 334 neighborhoods in Tampa and the chosen option is the block group where the suspect burgled.""
  - ""We run a series of three models: (1) We estimate the characteristics of targeted neighborhoods regardless of characteristics of the suspect's home neighborhood, (2) we predict the probability that a neighborhood will be selected for burglary while accounting for the difference between home and target neighborhoods regardless of the directionality of this difference, and

(3) we evaluate the likelihood that a neighborhood will be selected based on the relationship between the characteristics of the home and target neighborhoods.""",,"- The paper explicitly mentions the use of ""discrete choice modeling"" to analyze the selection of neighborhoods for burglary.
- It specifies that the model used is a ""conditional logit model,"" which is a type of discrete choice model.
- The conditional logit model is used to evaluate the likelihood of selecting a particular neighborhood out of all other options, which aligns with the typical application of this model type.
- The paper does not mention any other type of discrete choice model, such as multinomial logit, nested logit, or mixed logit, indicating that the primary model used is the conditional logit model."
Crime Feeds on Legal Activities: Daily Mobility Flows Help to Explain Thieves' Target Location Choices,"Guangwen Song, Wim Bernasco, Lin Liu, Luzi Xiao, Suhong Zhou, Weiwei Liao",-,-,-,-,-,3,theft from the person (TFP),Single crime type,3436,Conditional Logit Model,"  - ""The list of potential crime generators is sheer endless, but included are those facilities that seem most relevant based on the extant literature and taking into account the Chinese context: the numbers of primary schools, middle schools, hospitals, basic stores, markets, supermarkets, restaurants, cinemas, bars, banks, subway stations and bus stops per census unit. All of them are so-called 'point of interests' (POIs) that were purchased from Daodaotong, a mapping and navigation company, which provides the original map data for China's largest search engine (Zheng and Zhou 2017).""
  - ""The data of the locations of mobile phone users in this research was provided by a major mobile phone service provider in China that has a market share of 22.5% (Chong et al. 2015).""
  - ""Registered crime data were obtained from the police authorities of ZG City.""
  - ""The data for the present research originates from ZG City,1 a city located in southeast China.""",,"- The study uses crime data from the police authorities of ZG City, which is one distinct data source.
- The study also uses mobile phone location data provided by a major mobile phone service provider in China, which is another distinct data source.
- The study uses data on crime generators (e.g., schools, hospitals, stores) purchased from Daodaotong, a mapping and navigation company, which is a third distinct data source.
- The study does not mention any other data sources beyond these three.","  - ""In the present paper, we focus exclusively on 'theft from the person' or TFP, a non-violent property offense committed in public or semi-public places, excluding burglaries and thefts from vehicles.""
  - ""TFP is a very common offence in China and elsewhere. It covers theft and attempted theft of items (e.g. cash, phone) directly from the victim without the use or threat of physical force.""
  - ""TFP does not include thefts with 'break and enter', like residential or commercial burglary, or theft from closed vehicles.""
  - ""TFP includes both snatch theft-in which the victim is aware of the act-as stealth theft-in which the victim is unaware of it (e.g. pickpocketing).""",,"- The study specifically focuses on ""theft from the person"" (TFP), which is a non-violent property offense.
- TFP is defined as theft or attempted theft of items directly from a person without physical force, including snatch theft and stealth theft like pickpocketing.
- The study explicitly excludes other types of crimes such as burglaries and thefts from vehicles, indicating that only TFP is analyzed.","  - ""The findings demonstrate that Chinese offenders committing theft from the person decide on target areas in ways that resemble the choices made by burglars and robbers and other types of offenders elsewhere in the world.""
  - ""The present study was inspired by this assumption. Its purpose was to explore whether knowledge of the daily mobility pattern of the population across urban space furthers the explanation of where offenders choose to commit thefts from the person.""
  - ""the main research question of the present study is whether daily mobility flows of the general population, as measured by tracked mobile phone data, help us explain and predict where individual offenders commit thefts from the person.""
  - ""In the present paper, we focus exclusively on 'theft from the person' or TFP, a non-violent property offense committed in public or semi-public places, excluding burglaries and thefts from vehicles.""",,"- The paper explicitly states that it focuses exclusively on ""theft from the person"" (TFP), which is a specific type of crime.
- The main research question and purpose of the study are centered around understanding and predicting the locations of TFP crimes.
- The study does not mention analyzing any other crime types beyond TFP.
- The mention of burglars and robbers is used for comparison purposes, not as part of the study's analysis.","  - ""Using data on 3436 police-recorded thefts from the person, we apply discrete choice models to assess whether mobility flows help explain where offenders go to perpetrate crime.""
  - ""Because estimation results might be biased if offences committed by multiple co-offenders would incorrectly be analyzed as if they were independent observations, and in line with recommendations in the crime location choice literature (Bernasco and Nieuwbeerta 2005;Townsley et al. 2015) only solitary offending was selected for inclusion in the analysis,3 leaving for the analysis 3436 cases of TFP.4""
  - ""After selections, the remaining 4019 offences committed on weekdays and with valid location information were committed by 4798 offenders in total.""
  - ""In the original dataset, there were 10,276 cases of TFP committed by 12,670 offenders between June 1st, 2014 and May 30th 2016.""",,"- The paper initially mentions that there were 10,276 cases of theft from the person (TFP) in the original dataset, which is a large number of crime incidents.
- However, after applying certain selection criteria (e.g., focusing on weekdays and excluding cases with missing location information), the number of cases was reduced to 4019.
- Further, to avoid bias in the analysis, only solitary offending cases were included, which resulted in a final count of 3436 cases of TFP.
- The final number of crime incidents analyzed in the study is explicitly stated as 3436, which is the number used for the statistical analysis.","  - ""The discrete spatial choice model was introduced by Bernasco and Nieuwbeerta (2005) as a method to analyze crime location choices using individual-level offender data.""
  - ""Following the large majority of previous location choice studies, we used the conditional logit model to analyze the role of distance, crime generators and daily population mobility in the offenders' choice of locations for committing TFP.""
  - ""The conditional logit model is easy to estimate and consistent with random utility maximization theory (McFadden 1973).""
  - ""According to the model, a decision-maker i (the TFP offender) choses a single alternative n (a census unit) from a set of 1616 mutually exclusive alternatives (census units).""
  - ""The utility level U in is a linear function of the characteristics of the census units (or their logarithms):""
  - ""the probability that offender i chooses census unit n equals:""",,"- The paper explicitly mentions the use of a ""conditional logit model"" for analyzing the choice of locations for committing theft from the person (TFP).
- The conditional logit model is described as being consistent with random utility maximization theory, which is a common framework for discrete choice models.
- The model is used to analyze the choice among multiple mutually exclusive alternatives (census units), which aligns with the typical application of conditional logit models.
- The paper provides a detailed description of how the conditional logit model is applied to the data, including the calculation of utility levels and probabilities."
"""Location, Location, Location"": Effects of Neighborhood and House Attributes on Burglars' Target Selection","Christophe Vandeviver, Wim Bernasco",-,-,-,-,-,2,Residential burglary,Single crime type,679,Conditional Logit Model,"  - ""We combine data on 679 burglaries by 577 burglars committed between 2005 and 2014 with data on approximately 138,000 residences in 193 residential neighborhoods in Ghent, Belgium.""
  - ""To assess the role of the offenders' home locations and the locations of any previous burglaries they committed, the analysis must include only cleared burglaries.""
  - ""The Census identified 138,321 residences in Ghent.""
  - ""Both residence and neighborhood variables are from the 2011 Belgian Census (FOD Economie Algemene Directie Statistiek-Statistics Belgium 2011).3""
  - ""Statistics Belgium provided a unique identification number and five variables.""
  - ""Statistics Belgium provided a dataset that included, for each burglary, the distances between the offender's home address and all other addresses in Ghent.""",,"- The study combines data from two main sources: police records of burglaries and census data.
- The police records provide information on burglaries and offenders, which is a distinct data source.
- The census data, provided by Statistics Belgium, includes information on residences and neighborhoods, which is another distinct data source.
- The mention of ""Statistics Belgium"" indicates that this is a single organization providing census data, not multiple sources.
- The study does not mention any other data sources or organizations beyond these two.","  - ""Objectives To empirically test whether offenders consider environmental features at multiple spatial scales when selecting a target and examine the simultaneous effect of neighborhood-level and residence-level attributes on residential burglars' choice of residence to burglarize.""
  - ""Results Burglars prefer burglarizing residences in neighborhoods with lower residential density.""
  - ""The major contribution of our research is that it investigates burglary target choice at the appropriate level of aggregation-burglars burglarize homes rather than complete neighborhoods-while still considering neighborhood-level attributes that affect these choices and taking into account the home locations of the burglars themselves and their limited action radius.""
  - ""The analysis of burglary target choice should thus preferably define 'residence' as its main unit of analysis (Bernasco 2010a; Vandeviver et al. 2015a""
  - ""To assess the role of the offenders' home locations and the locations of any previous burglaries they committed, the analysis must include only cleared burglaries.""
  - ""Our results offer support for theoretical accounts of burglary target selection that characterize it as being informed both by attributes of individual properties and attributes of the environment as well as combinations thereof.""",,"- The paper explicitly states that the study focuses on ""residential burglars' choice of residence to burglarize,"" indicating that the crime type analyzed is residential burglary.
- The study examines the selection of targets by burglars, specifically focusing on residential properties, which further confirms that the crime type is residential burglary.
- The paper repeatedly mentions ""burglary"" and ""residential burglars,"" reinforcing that the study is centered on residential burglary.
- There is no mention of any other crime types in the paper, which suggests that the study is exclusively focused on residential burglary.","  - ""Results Burglars prefer burglarizing residences in neighborhoods with lower residential density. Burglars also favor burglarizing detached residences, residences in single-unit buildings, and renter-occupied residences.""
  - ""In this paper, we combine elements of both rational choice theory and crime pattern theory to explain residential burglars' target selection, and derive hypotheses on which area and residence attributes affect burglars' target choices.""
  - ""Our results offer support for theoretical accounts of burglary target selection that characterize it as being informed both by attributes of individual properties and attributes of the environment as well as combinations thereof.""
  - ""Conclusions Both area-level and target-level attributes are found to affect burglars' target choices.""
  - ""Objectives To empirically test whether offenders consider environmental features at multiple spatial scales when selecting a target and examine the simultaneous effect of neighborhood-level and residence-level attributes on residential burglars' choice of residence to burglarize.""",,"- The study is focused on ""residential burglars' choice of residence to burglarize,"" indicating that it is specifically analyzing the crime type of residential burglary.
- The objectives and conclusions of the study are centered around understanding how burglars select targets, which is a single crime type.
- The paper does not mention any other crime types being analyzed; all discussions and findings are related to residential burglary.
- The study integrates neighborhood and residence attributes into a model of burglars' target choice, which is specific to residential burglary.","  - ""we analyzed as cases only the 679 burglaries in the period July 2005 through December 2014 (89%).2""
  - ""Applying the six criteria leads to the selection of 679 burglaries that involved 577 unique burglars and 633 unique target residences.""
  - ""We combine data on 679 burglaries by 577 burglars committed between 2005 and 2014 with data on approximately 138,000 residences in 193 residential neighborhoods in Ghent, Belgium.""
  - ""Between 2005 and 2014, the local police department cleared 1871 residential burglaries committed in Ghent.""",,"- The paper explicitly states that the study analyzed ""679 burglaries by 577 burglars committed between 2005 and 2014."" This is the primary data set used for the analysis.
- The selection criteria applied to the data resulted in a final sample of ""679 burglaries that involved 577 unique burglars and 633 unique target residences."" This confirms that the 679 burglaries are the individual crime incidents analyzed.
- The mention of ""1871 residential burglaries committed in Ghent"" refers to the total number of cleared burglaries during the period, but the study specifically focused on the 679 burglaries that met the selection criteria.
- The analysis period is specified as ""July 2005 through December 2014,"" and it is noted that this represents ""89%"" of the total period, further confirming that 679 burglaries were analyzed.","  - ""To study burglars' target choices, we apply the discrete choice framework to burglary location choices, an approach introduced in criminology by Bernasco and Nieuwbeerta (2005). This approach permits including target features (e.g., neighborhood and residence attributes), offender features (e.g., offending histories), and target-offender interactions (e.g., distance from the offender's home to each alternative) in a single model (for a detailed discussion, see Ruiter 2017). Like most previous crime location choice studies, we use the conditional logit model.""
  - ""We considered using the nested logit model (Ben-Akiva and Lerman 1985) instead of the conditional logit model. The nested logit model is a more flexible discrete choice model that does not assume independence of alternatives within the same group of alternatives. This model is well-suited for the analysis of hierarchically structured choice sets such as the choice of residences nested in neighborhoods but requires considerable computational resources. Even in a high-performance computing environment, estimation of a nested logit model on a choice set as large as our dataset (i.e. 138,321 alternative residence nested in 193 neighborhoods for each of the 679 burglaries) proved to be computationally prohibitive. This forced us to resort to the computationally less demanding but less flexible conditional logit model.""",,"- The paper explicitly states that the authors used the ""conditional logit model"" for their analysis, which is a type of discrete choice model.
- The conditional logit model is mentioned as the chosen model for estimating the effects of neighborhood and residence attributes on target choice.
- The authors considered using the nested logit model but decided against it due to computational limitations, opting for the conditional logit model instead."
"EFFECTS OF ATTRACTIVENESS, OPPORTUNITY AND ACCESSIBILITY TO BURGLARS ON RESIDENTIAL BURGLARY RATES OF URBAN NEIGHBORHOODS","Wim Bernasco, Floor Luykx",-,-,,197,2003,3,residential burglary,Single crime type,"26,000",Not mentioned (the paper does not specify a type of discrete choice model),"  - ""The information system of the police contains information on the home addresses of all registered offenders.""
  - ""Home ownership was also established using the real estate tax registration.""
  - ""The average real estate value of residential units was based on the real estate tax administration of the municipality of The Hague.""
  - ""Information on attempted and completed burglaries was obtained from the police force of Haaglanden (greater The Hague area).""
  - ""Our measures of ethnic heterogeneity, residentiul mobility, real estate value of residential units and percentage of owner-occupied residential units all were taken from a statistical publication of the municipality of The Hague (DSO, 2001)""",,"- The paper mentions data from a ""statistical publication of the municipality of The Hague (DSO, 2001)"" which is one data source.
- It also mentions data from the ""police force of Haaglanden (greater The Hague area)"" which is another data source.
- The ""real estate tax administration of the municipality of The Hague"" is mentioned as a source for real estate values, which could be considered part of the municipal data but is specifically related to real estate tax, potentially a separate database or system.
- ""Home ownership"" data is also from the ""real estate tax registration,"" which is likely part of the same municipal data source as the real estate tax administration.
- The ""information system of the police"" is mentioned as a source for offender home addresses, which is part of the police data source.","  - ""The information system classifies offenses according to a scheme that includes residential burglary (attempted or completed) as a separate type of crime.""
  - ""Information on attempted and completed burglaries was obtained from the police force of Haaglanden (greater The Hague area).""
  - ""The hypotheses are tested using data on the city of The Hague, the Netherlands.""
  - ""The study of the effects of neighborhood features reflecting attractiveness and opportunity has a long-standing tradition in criminology.""",,"- The title of the paper explicitly mentions ""residential burglary rates,"" indicating that the study focuses on this specific type of crime.
- The abstract and body of the paper consistently refer to ""residential burglary"" as the crime type being analyzed.
- The data collection and analysis are based on ""attempted and completed burglaries,"" which further confirms that the study is focused on residential burglary.
- There is no mention of any other crime types being studied in the paper.","  - ""The information system classifies offenses according to a scheme that includes residential burglary (attempted or completed) as a separate type of crime.""
  - ""Information on attempted and completed burglaries was obtained from the police force of Haaglanden (greater The Hague area).""
  - ""The hypotheses are tested using data on the city of The Hague, the Netherlands.""
  - ""The purpose of this section is to elaborate on theoretical notions regarding target selection of residential burglars, to identify criteria that residential burglars consider when they choose a target area for burgling, and to formulate testable hypotheses.""
  - ""The study of the effects of neighborhood features reflecting attractiveness and opportunity has a long-standing tradition in criminology.""",,"- The title of the paper explicitly mentions ""residential burglary rates,"" indicating that the study focuses on a specific type of crime.
- The paper discusses the selection criteria for residential burglars, further emphasizing that the study is centered around this particular crime type.
- The data collection and analysis are based on information about attempted and completed residential burglaries, reinforcing the focus on a single crime type.
- There is no mention of other crime types being analyzed in the study, which suggests that the study is focused solely on residential burglary.","  - ""The total number of residential burglaries in The Hague during the six-year period 1996-2001 was about 26.000, which amounts to an average annual number of about 50 per neighborhood, and an annual rate of about 1 residential burglary per 100 dwellings for the city as a whole.""",,"- The paper provides a specific number of residential burglaries that occurred in The Hague over a six-year period.
- This number is directly related to the crime incidents analyzed in the study.
- The total number of residential burglaries is explicitly stated as ""about 26.000,"" which indicates the total number of crime incidents or events analyzed.","  - ""The main assumption underlying our model is that it takes the existence of motivated burglars for granted. It does not attempt to explain how people become burglars, it attempts to explain why they burgle where they burgle, instead of somewhere else.""
  - ""The model is, therefore, a model of burglary location choice by motivated burglars.""
  - ""The simultaneous assessment of attractiveness, opportunity and accessibility on which these substantive findings are based, depends crucially on how accessibility is defined and measured.""
  - ""The strength of the accessibility-to-burglars measure that we propose in the Data and Methods section, is that it is based on the first law of geography, which asserts that ""everything is related to everything else, but near things are more related than distant things"" (Tobler, 1970: 236)""
  - ""The purpose of this section is to elaborate on theoretical notions regarding target selection of residential burglars, to identify criteria that residential burglars consider when they choose a target area for burgling, and to formulate testable hypotheses.""
  - ""The hypotheses are tested using data on the city of The Hague, the Netherlands.""
  - ""Our measures of ethnic heterogeneity, residentiul mobility, real estate value of residential units and percentage of owner-occupied residential units all were taken from a statistical publication of the municipality of The Hague (DSO, 2001)""
  - ""The measure of ethnic heterogeneity was constructed from data on the ethnic composition of neighborhoods.""
  - ""The average real estate value of residential units was based on the real estate tax administration of the municipality of The Hague.""
  - ""Our measure of a neighborhood's proximity to potential burglars, i.e. its vulnerability for burglary due to its proximity to the homes of burglars, is somewhat more complex than the other measures.""
  - ""The formal definition of the SWEBER measure for neighborhood j is given by the formula:

where SWEBER, is the spatially weighted burglar exposition rate of neighborhood j , N is the total number of neighborhoods, U, is the number of residential units in j , M I is the number of burglaries committed by residents of neighborhood i, D,, is the distance between neighborhood i and neighborhood j""
  - ""The information system of the police contains information on the home addresses of all registered offenders.""
  - ""In Table 3 , we present the results of three regression models of burglary rates.""
  - ""Model 1 is a very simple model that only includes the proximity to burglars (the SWEBER measure) as an independent variable.""
  - ""model 2, proximity to the central business district is added, and the resulting model is a model that incorporates the two variables that are assumed to completely represent the neighborhood's accessibility to residential burglars.""
  - ""model 3, we add the two pairs of variables that indicate affluence and lack of territoriality respectively.""
  - ""The results of our analysis emphasize that the spatial distribution of burglary is to a considerable extent spatially conditioned by two measures of accessibility: proximity to the homes of burglars and proximity to the CBD.""",,"- The paper discusses a model that assesses the relative effects of attractiveness, opportunity, and accessibility on residential burglary rates in urban neighborhoods.
- The model is described as a model of burglary location choice by motivated burglars, focusing on why they choose certain areas over others.
- The paper uses regression models to test hypotheses related to these factors, specifically mentioning the use of regression models in Table 3.
- The models include variables such as proximity to burglars, proximity to the central business district, ethnic heterogeneity, residential mobility, real estate value, and home ownership.
- The paper does not explicitly mention any specific type of discrete choice model such as conditional logit, multinomial logit, or others.
- The focus is on regression analysis rather than discrete choice modeling."
Testing Ecological Theories of Offender Spatial Decision Making Using a Discrete Choice Model,"Shane D Johnson, Lucia Summers",-,-,Crime and delinquency,85,2015,4,Theft from vehicle (TFV),Single crime type,721,Conditional Logit Model,"  - ""As two basic indicators of opportunity, we included the number of car parks-derived using U.K. Department for Transport data-and the number of registered cars and vans in an area, estimated using data from the 2001 U.K. Census.""
  - ""Population turnover was calculated by computing the number of people who had moved into the area in the previous 12 months, divided by the total population for the area, multiplied by 100.""
  - ""OS MasterMap data were also used to count the number of schools/colleges (those that would be attended by children up to the age of 18 years) located within each LSOA.""
  - ""OS) MasterMap data were used to identify which areas contained main roads (76% of LSOAs), and a binary variable was coded with a value of one where this was the case, zero otherwise.""
  - ""Data for crimes detected by the police were acquired for the county of Dorset (UK) for the 5-year period January 1, 2001, to December 31, 2005.""",,"- The study uses data from the police for crimes detected in Dorset, UK, which is one data source.
- OS MasterMap data is used for identifying main roads and counting schools, which is another distinct data source.
- The 2001 U.K. Census data is used for calculating population turnover and socioeconomic heterogeneity, which is a third data source.
- The U.K. Department for Transport data is used for the number of car parks, which is a fourth data source.
- The study does not mention any other distinct data sources beyond these.","  - ""In the present article, we examine spatial patterns of a high-volume acquisitive crime that has received little attention in the academic literature-theft from vehicle (TVF)and""
  - ""In the present article, we examined offender spatial decision making for a high-volume acquisitive crime that has received little attention in the literature, TFV.""
  - ""In the present study, we therefore focus our attention on TFV, it being an understudied but common form of crime, and consider how features of the urban environment might affect offender spatial decision making for this type of crime.""
  - ""The aim of so doing was twofold. First, to test theories of spatial decision making for a different type of crime that is committed under different conditions to those examined hitherto, thereby testing the generality of the theoretical perspectives considered. Second, to examine particular expectations suggested by theoretical models that had not been tested so far.""",,"- The paper explicitly states that the study focuses on ""theft from vehicle (TVF)"" as the specific type of crime being analyzed.
- The study is described as examining ""spatial patterns of a high-volume acquisitive crime"" and ""offender spatial decision making for this type of crime,"" which is identified as TFV.
- The paper does not mention any other crime types being studied; the focus is solely on TFV.","  - ""In the present study, we therefore focus our attention on TFV, it being an understudied but common form of crime, and consider how features of the urban environment might affect offender spatial decision making for this type of crime.""
  - ""the present study provides further evidence to support crime pattern and social disorganization theory in explaining offender spatial decision making. The present study demonstrates that this is true for a type of crime not studied previously, and for a geographical location not studied elsewhere, thereby extending the external validity of the research base and demonstrating the generality of these theories at explaining the distribution of different types of crime.""
  - ""The aim of so doing was twofold. First, to test theories of spatial decision making for a different type of crime that is committed under different conditions to those examined hitherto, thereby testing the generality of the theoretical perspectives considered.""
  - ""In the present article, we examine spatial patterns of a high-volume acquisitive crime that has received little attention in the academic literature-theft from vehicle (TVF)and""",,"- The paper explicitly states that it focuses on ""theft from vehicle (TVF)"" as the crime type being analyzed.
- The study is described as examining ""a high-volume acquisitive crime that has received little attention in the academic literature,"" which further indicates that the focus is on a single crime type.
- The authors mention that the study aims to test theories for ""a different type of crime,"" but this refers to the novelty of studying TFV, not multiple crime types.
- The paper does not mention any other crime types being analyzed alongside TFV, reinforcing the conclusion that it is a single crime type study.","  - ""A total of 721 crimes committed by 263 offenders were included in the analyses.""
  - ""Data for crimes detected by the police were acquired for the county of Dorset (UK) for the 5-year period January 1, 2001, to December 31, 2005.""",,"- The paper explicitly states that ""A total of 721 crimes committed by 263 offenders were included in the analyses."" This directly answers the question about the number of individual crime incidents analyzed in the study.
- The data was collected over a 5-year period, but the specific number of crime incidents is clearly stated as 721.
- The focus of the study was on theft from vehicles (TFV), and these 721 incidents are related to this type of crime.","  - ""the conditional logit model, and the β m may be estimated using maximum likelihood estimation.""
  - ""This is the conditional logit model, and the β m may be estimated using maximum likelihood estimation.""
  - ""Using a discrete choice model and data for detected incidents of theft from vehicles (TFV), we test predictions from two theoretical perspectives-crime pattern and social disorganization theories.""
  - ""The type of model used, also referred to as a random utility model (for an overview, see Train, 2003), assumes that when making a decision, a chooser (in this case an offender) selects from a set of alternatives the choice that maximizes their perceived utility.""
  - ""Assuming that the error terms that account for the idiosyncrasies over the population are independently and identically distributed according to an extreme value Type I distribution (i.e., Gumbel distribution), one can show that the probability an offender chooses zone j is given by (McFadden, 1973):""",,"- The paper explicitly mentions the use of a ""discrete choice model"" to test theoretical predictions, which is a broad category of models.
- The specific type of discrete choice model used is referred to as a ""random utility model,"" which is a common term for models that assume individuals choose options based on maximizing utility.
- The paper directly states that the model used is a ""conditional logit model,"" which is a specific type of discrete choice model.
- The conditional logit model is further confirmed by the mention of estimating parameters using maximum likelihood estimation and the distribution of error terms following a Gumbel distribution, both characteristics of the conditional logit model.
- The repeated mention of ""conditional logit model"" throughout the paper leaves no doubt about the type of model used in the statistical analysis."
Situating Crime Pattern Theory Into The Explanation Of Co-Offending: Considering Area-Level Convergence Spaces,"Zachary R Rowan, Sarah Appleby, Jean Marie Mcgloin, Simon Fraser",-,-,,3,2021,5,robbery; theft; assault,Multiple crime types,"68,393","Not mentioned (the paper uses spatially lagged negative binomial regression models, not a discrete choice model)","  - ""Data include street connectivity measures from the Environmental Protection Agency and publicly available arrest information from Baltimore City (2013-16).""
  - ""The data used in this study cover arrests from January 1, 2013 to December 31, 2016 that had complete information on the variables of interest (N = 68,393).1""
  - ""We merged the 2013-16 geocoded arrest data with data from the Environmental Protection Agency (EPA) 2""
  - ""Data on specific activity nodes (i.e., bars, schools, transit) were provided by publicly available geo-coded data from the Baltimore City Open Data Portal.""
  - ""Data on shopping centres were not included in the data portal, so these were geocoded using Google Map search capabilities.""
  - ""to account for several other contextual covariates (i.e., population, ethnic heterogeneity, population turnover, poverty) related to criminal offending at the macro-level, data from the American Community Survey conducted by the U.S. Census Bureau was used (U.S. Census Bureau 2016).""",,"- The paper mentions several data sources:
  - The Environmental Protection Agency (EPA) provided street connectivity measures.
  - Publicly available arrest information was obtained from Baltimore City.
  - The Baltimore City Open Data Portal provided data on specific activity nodes like bars, schools, and transit.
  - Google Map search capabilities were used to geocode shopping centers.
  - The American Community Survey conducted by the U.S. Census Bureau provided data on macro-level contextual covariates.","  - ""We, therefore, estimated supplemental models in which we removed those crimes that may be particularly likely to benefit from having co-offenders, namely robbery, theft and assault.""
  - ""It is possible that certain group crime types cluster at convergence spaces because these events' success may be perceived as being 'easier' with accomplices (e.g., robbery).""
  - ""Group crime events made up a total of 9% (N = 6,279) of all incidents between 2013 and 2016 and included of 20.8% (N = 14,222) of arrested individuals.""
  - ""The outcome of interest in this study is the rate of group crime events in a given census block group.""",,"- The study focuses on ""group crime events,"" which suggests that the analysis is not limited to a specific type of crime but rather encompasses any crime committed by multiple individuals.
- The mention of ""robbery, theft and assault"" in the context of crimes that may benefit from having co-offenders indicates that these specific crime types are included in the study.
- The study does not specify other crime types beyond these, but it implies that the analysis is broad and includes various types of group crimes.
- The focus on ""group crime"" rather than specific crime types suggests that the study is more concerned with the dynamics of co-offending rather than the specific nature of the crimes themselves.","  - ""It is possible that certain group crime types cluster at convergence spaces because these events' success may be perceived as being 'easier' with accomplices (e.g., robbery).""
  - ""The outcome of interest in this study is the rate of group crime events in a given census block group.""
  - ""We, therefore, estimated supplemental models in which we removed those crimes that may be particularly likely to benefit from having co-offenders, namely robbery, theft and assault.""
  - ""Group crime events made up a total of 9% (N = 6,279) of all incidents between 2013 and 2016 and included of 20.8% (N = 14,222) of arrested individuals.""",,"- The study focuses on ""group crime events,"" which suggests that it is not limited to a single crime type but rather encompasses various crimes committed in groups.
- The mention of ""group crime events"" and the fact that these events are a subset of all incidents implies that the study is looking at multiple types of crimes that are committed in groups.
- The specific mention of ""robbery, theft and assault"" as examples of crimes that may benefit from having co-offenders indicates that these are among the crime types included in the study.
- The removal of these specific crimes in supplemental models further supports the idea that the study is analyzing multiple crime types.","  - ""The data used in this study cover arrests from January 1, 2013 to December 31, 2016 that had complete information on the variables of interest (N = 68,393).1""
  - ""During this time period, there were a total of N = 6,249 incidents across 653 census block groups (Average Rate = 1.93 per 100 residents, SD = 11.24).""
  - ""Group crime events made up a total of 9% (N = 6,279) of all incidents between 2013 and 2016 and included of 20.8% (N = 14,222) of arrested individuals.""",,"- The first quote indicates that the study analyzed a total of 68,393 arrest records from 2013 to 2016.
- The second quote specifies that 6,279 of these incidents were classified as group crime events.
- The third quote provides additional context by stating that there were 6,249 incidents across 653 census block groups, which is slightly different from the total number of group crime events mentioned in the second quote.
- The question asks for the total number of individual crime incidents or events analyzed in the study, which is best represented by the total number of arrest records mentioned in the first quote.","  - ""We conduct a series of spatially lagged negative binomial regression models to analyze our data because the total count of group crime incidents exhibits over-dispersion (Anselin 1988).""
  - ""To account for the spatial clustering of group crime rates, we estimate the following model:

where y is an N × 1 vector of observations on the group crime rate for each census block group j, X is an N × K matrix of independent variables including activity nodes, density, and control variables, β is a K × 1 vector of regression coefficients, W is a row-standardized first-order contiguity neighbourhood matrix using queen contiguity, in which spatially adjacent communities in all directions are considered contiguous to a particular census block group j, ρ is the spatial lag operator that was generated using GeoDa 1.14.0 (http://geoda.uiuc.edu), and ε is a vector of error terms (e.g., Browning et al. 2017).""
  - ""For all models, we included the population within the census block group as an exposure measure and this estimates the outcome as a group crime rate per capita (e.g., Osgood 2000).""
  - ""For ease of interpretability, all coefficients in Table 3 are presented as standardized incident rate ratios and include the population within the census block group as an exposure measure to estimate the outcome as a group crime rate.""",,"- The paper explicitly mentions the use of ""spatially lagged negative binomial regression models"" to analyze the data. This indicates that the statistical analysis involved a type of regression model rather than a discrete choice model.
- The focus of the analysis is on the rate of group crime incidents, which is a count data problem, making negative binomial regression an appropriate choice.
- There is no mention of any discrete choice model types such as conditional logit, multinomial logit, or others in the paper.
- The paper discusses the use of spatial lag and exposure measures, which are typical components of spatial regression models rather than discrete choice models."
HOW DO RESIDENTIAL BURGLARS SELECT TARGET AREAS? A New Approach to the Analysis of Criminal Location Choice,"Wim Bernasco, Paul Nieuwbeerta, Richard Block, Henk Elffers, Jan De Keijser, Jasper Van Der Kemp, Peter Van Koppen",-,-,,362,2005,2,residential burglary,Single crime type,548,Conditional Logit Model,"  - ""Our measures of neighbourhood characteristics-i.e. ethnic heterogeneity, residential mobility, real estate value of residential units, the percentage of single-family dwellings and the number of residential units-all were taken from statistical publications of the municipality of The Hague (DSO 2001).""
  - ""Data on residential burglaries were obtained from the Haaglanden (greater The Hague area) police force.""
  - ""The theory is tested using data on 548 residential burglaries, committed by 290 burglars from the city of The Hague, the Netherlands.""",,"- The paper mentions two primary sources of data: the Haaglanden police force and the statistical publications of the municipality of The Hague (DSO 2001).
- The data from the Haaglanden police force includes information on residential burglaries and characteristics of the burglars.
- The data from the municipality of The Hague (DSO 2001) includes neighborhood characteristics such as ethnic heterogeneity, residential mobility, real estate value, and the number of residential units.
- These are distinct data sources as they come from different organizations: the police force and the municipality.","  - ""The discrete spatial choice approach also appears to be applicable to the location choice in offences other than residential burglary.""
  - ""The theory is tested using data on 548 residential burglaries, committed by 290 burglars from the city of The Hague, the Netherlands.""
  - ""In this paper, the discrete spatial choice approach is applied to analyse residential burglars' target area choice in the city of The Hague.""
  - ""This paper introduces the discrete spatial choice approach to the study of criminal target choice. The approach is used to assess whether residential burglars are attracted to target areas that are affluent, accessible, and poorly guarded.""",,"- The paper explicitly states that it focuses on ""residential burglars"" and uses data from ""residential burglaries,"" indicating that the primary crime type analyzed is residential burglary.
- The study is centered around understanding how residential burglars select their target areas, further confirming that residential burglary is the specific crime type being studied.
- The paper does not mention any other crime types being analyzed, so it is reasonable to conclude that the study is exclusively focused on residential burglary.","  - ""The discrete spatial choice approach also appears to be applicable to the location choice in offences other than residential burglary.""
  - ""In this paper, the discrete spatial choice approach is applied to analyse residential burglars' target area choice in the city of The Hague.""
  - ""The theory is tested using data on 548 residential burglaries, committed by 290 burglars from the city of The Hague, the Netherlands.""
  - ""This paper introduces the discrete spatial choice approach to the study of criminal target choice.""",,"- The paper explicitly states that it uses data on ""residential burglaries,"" indicating that the study focuses on a single crime type.
- The title and abstract of the paper mention ""residential burglars"" and ""target area choice,"" which further supports the focus on a single crime type.
- The paper does not mention any other crime types being analyzed, reinforcing the conclusion that it is a single crime type study.
- The mention of potential future applications to other crime types does not change the fact that this specific study is focused on residential burglary.","  - ""The theory is tested using data on 548 residential burglaries, committed by 290 burglars from the city of The Hague, the Netherlands.""
  - ""After making these selections, we analysed 548 single-offender burglaries in the period 1996-2001 in the city of The Hague, committed by 290 burglars who were living in The Hague at the time of the burglary.""
  - ""To test the hypotheses, data were used that pertain to all single-offender burglaries committed by burglars living in the city of The Hague, the Netherlands, in the period 1996-2001.""",,"- The paper explicitly states that the study analyzed ""548 residential burglaries"" committed by 290 burglars in The Hague, Netherlands.
- This number is consistently mentioned throughout the paper as the basis for the statistical analysis.
- The study focused on single-offender burglaries, which were committed by individuals living in The Hague during the specified period.
- The number of crime incidents or events analyzed is clearly defined as 548, which is the number of burglaries used in the study.","  - ""The estimation results of the conditional logit model that corresponds to equation ( 2) are presented in Table 2""
  - ""The statistical model closely associated with the discrete spatial choice approach-the conditional logit model-is relatively easy to estimate and interpret.""
  - ""In order to test hypotheses on the effects of choice criteria, the theoretical model of discrete spatial choice needs to be linked to a corresponding statistical model. Assuming that burglars choose the alternative from which they derive most utility, the discrete spatial choice model can be derived to take the form of the conditional logit model (McFadden 1973;Greene 1997).""",,"- The paper explicitly mentions the use of the ""conditional logit model"" as the statistical counterpart to the discrete spatial choice approach.
- The conditional logit model is repeatedly referenced throughout the paper as the method used for statistical analysis.
- The paper provides details on how the conditional logit model is applied to the data, indicating its central role in the analysis.
- The authors highlight the ease of estimation and interpretation of the conditional logit model, further emphasizing its use in the study."
Co-offending and the Choice of Target Areas in Burglary,Wim Bernasco,-,-,-,-,-,5,residential burglary,Single crime type,1174,Conditional Logit Model,"  - ""Data on ethnic origin and residential mobility are annually available from the citizen registration of the city of The Hague.""
  - ""The average income per resident is taken from the digital publications that Statistics Netherlands compiles biannually on all municipalities and neighbourhoods in the Netherlands.""
  - ""The affluence of neighbourhoods is measured by the average value of residential properties in the neighbourhood, the percentage of owner-occupied properties, and the mean income per resident. The first two measures are taken from the real estate registration of the city of The Hague.""
  - ""Data on residential burglaries were obtained from the police force that services the greater The Hague area.""",,"- The paper mentions several sources of data used in the study:
  - The police force that services the greater The Hague area provided data on residential burglaries.
  - The information system ""Swing The Hague"" managed by the Office of Urban Development of the city provided data on neighbourhood characteristics.
  - The real estate registration of the city of The Hague provided data on property values and ownership.
  - Statistics Netherlands provided data on average income per resident.
  - The citizen registration of the city of The Hague provided data on ethnic origin and residential mobility.
- Each of these is a distinct source of data, contributing to the analysis in different ways.","  - ""The detection rate for residential burglary in The Hague is 7%.""
  - ""To test the hypotheses, data were used that pertain to all detected residential burglaries committed by burglars living in the city of The Hague, the Netherlands, in the period 1996-2004.""
  - ""Using data on residential burglaries and residential burglars in The Hague, this study addresses the issue of whether solitary offenders choose their target areas differently from the way offender groups do.""
  - ""The results support the postulated relevance of physical accessibility and proximity to the offenders' homes for both single offenders and co-offending groups.""",,"- The study explicitly mentions ""residential burglaries"" and ""residential burglars"" multiple times, indicating that the focus is on this specific type of crime.
- The abstract and body of the paper consistently refer to ""residential burglaries,"" which is a specific category of crime.
- There is no mention of any other crime types in the paper, suggesting that the study is exclusively focused on residential burglary.","  - ""The results support the postulated relevance of physical accessibility and proximity to the offenders' homes for both single offenders and co-offending groups.""
  - ""The focus is thus exclusively on the issue of how target neighbourhoods for burglary are chosen, not on why and how offender groups are formed.""
  - ""To test the hypotheses, data were used that pertain to all detected residential burglaries committed by burglars living in the city of The Hague, the Netherlands, in the period 1996-2004.""
  - ""Using data on residential burglaries and residential burglars in The Hague, this study addresses the issue of whether solitary offenders choose their target areas differently from the way offender groups do.""",,"- The study is explicitly focused on ""residential burglaries"" as indicated by the title and multiple references throughout the paper.
- The data used for the study are specifically related to ""residential burglaries"" committed in The Hague, suggesting a focus on a single crime type.
- The paper does not mention any other crime types being analyzed, reinforcing the idea that the study is centered on a single crime type.
- The focus on ""how target neighbourhoods for burglary are chosen"" further supports that the study is about a single crime type, namely burglary.","  - ""Table 1 documents the subsequent steps taken to arrive at the set of 1174 residential burglaries that involved 750 offenders.""
  - ""The outcomes of estimating the choice model are presented in Table 8""
  - ""To test the hypotheses, data were used that pertain to all detected residential burglaries committed by burglars living in the city of The Hague, the Netherlands, in the period 1996-2004.""",,"- The study uses data from detected residential burglaries in The Hague from 1996 to 2004.
- The specific number of crime incidents analyzed is mentioned as ""1174 residential burglaries.""
- This number is directly related to the statistical analysis, as it is the set of data used to test the hypotheses.
- The mention of ""1174 residential burglaries"" in the context of data analysis indicates that this is the number of individual crime incidents or events analyzed in the study.","  - ""Hypotheses on location choice can be very well formalised using the random utility maximization (RUM) approach, and with the associated statistical conditional logit model (McFadden, 1973).""
  - ""The outcomes of estimating the choice model are presented in Table 8 . The second major column of the Table, titled 'solitary offender', contains the results of a conditional logit model of neighbourhood target choice by solitary burglars.""
  - ""The same model can be set up to also establish whether solitary offenders differ from offender groups in terms of the weight being given to various selection criteria.""",,"- The paper explicitly mentions the use of the ""random utility maximization (RUM) approach"" and the ""associated statistical conditional logit model"" for formalizing hypotheses on location choice. This indicates that the statistical analysis employed a conditional logit model.
- The mention of ""conditional logit model"" in the context of estimating the choice model for solitary offenders and offender groups further confirms that the conditional logit model was used in the statistical analysis.
- The paper does not mention any other type of discrete choice model, reinforcing the conclusion that the conditional logit model was the primary method used."
LEARNING WHERE TO OFFEND EFFECTS OF PAST ON FUTURE BURGLARY LOCATIONS,"Wim Bernasco, Shane D Johnson",-,-,,88,2015,4,Residential burglary,Single crime type,"3,337",Multinomial logit model,"  - ""Considering the independent variables, with the exception of the count of bus stations, train stations, and house prices, data were obtained from the 2001 UK census.""
  - ""Data on the location of bus and rail stations were obtained from the Department for Transport National Public Transport Access Node database (http://www.dft.gov.uk/naptan) and linked to the census data using a GIS.""
  - ""Data on house price sales were acquired from the UK Land Registry for the period 1995-2012.""
  - ""Data were acquired for all detected residential burglaries committed between January 2007 and December 2012 in the West Midlands, a large metropolitan UK police force (see Figure 1""",,"- The study used data from the West Midlands police force for detected residential burglaries, which is one data source.
- The UK Land Registry provided data on house price sales, which is a second data source.
- The Department for Transport National Public Transport Access Node database provided data on bus and rail stations, which is a third data source.
- The 2001 UK census was used for other independent variables, which is a fourth data source.","  - ""A residential burglary is the actual or attempted illegal entry into a dwelling with the intent to steal (Bernasco, 2014).""
  - ""Data were acquired for all detected residential burglaries committed between January 2007 and December 2012 in the West Midlands, a large metropolitan UK police force""
  - ""Using data in 3,337 detected burglaries from one UK police force, and accounting for the distance to the offender's residence, and for other factors that make target areas attractive to burglars, it was demonstrated that burglars were more likely to commit a burglary in an area they had targeted before.""",,"- The study specifically mentions that it uses data from ""3,337 detected burglaries,"" indicating that the focus is on burglary.
- The paper states that it ""focused on burglary only,"" which confirms that the study is exclusively about burglary.
- The definition provided for the type of crime studied is ""residential burglary,"" which is further specified as ""the actual or attempted illegal entry into a dwelling with the intent to steal.""
- The data used in the study are described as ""all detected residential burglaries,"" reinforcing that the crime type analyzed is residential burglary.","  - ""This paper addressed the question of whether having burgled in a particular area, a burglar is more likely to target the same area again, and if so, whether this effect depends on the recency of the prior burglaries and whether it spills over to nearby areas.""
  - ""Data were acquired for all detected residential burglaries committed between January 2007 and December 2012 in the West Midlands, a large metropolitan UK police force""
  - ""In sum, we develop explicit hypotheses on how the time and location of past burglaries affect a burglar's subsequent decisions of where to commit burglaries, and integrate the theory that motivates these into a more general model of burglary location choice.""",,"- The study explicitly states that it focuses on burglary only, as opposed to other studies that have analyzed multiple crime types.
- The data collection and analysis are specifically for residential burglaries, indicating a focus on a single crime type.
- The hypotheses and models developed in the study are tailored to understand burglary location choices, further supporting the focus on a single crime type.
- The paper contrasts itself with other studies that have examined multiple crime types, reinforcing its focus on burglary alone.","  - ""Using data in 3,337 detected burglaries from one UK police force,""
  - ""The data for the remaining observation period (2009) (2010) (2011) (2012) were used to analyze their subsequent burglary location choices.""
  - ""Data were acquired for all detected residential burglaries committed between January 2007 and December 2012 in the West Midlands, a large metropolitan UK police force""",,"- The paper explicitly states that the study used data from ""3,337 detected burglaries"" from a UK police force. This indicates that the analysis was based on 3,337 individual crime incidents.
- The data collection period is specified as January 2007 to December 2012, which further supports the use of these incidents for analysis.
- The mention of ""detected residential burglaries"" clarifies that these are the specific types of crime incidents analyzed in the study.","  - ""To test the hypotheses, a discrete spatial crime location choice approach is used (Bernasco et al., 2013;Bernasco & Ruiter, 2014) in which every burglary is conceptualized as a discrete choice amongst all 1,687 LSOAs in the study area, and a multinomial logit model is used to estimate the relative weight of each of the LSOA characteristics in the burglar's decision.""",,"- The paper explicitly mentions the use of a ""multinomial logit model"" in the statistical analysis. This is a type of discrete choice model used to estimate the relative weights of different characteristics in the decision-making process of burglars.
- The context of the study involves analyzing the choice of burglary locations among multiple alternatives, which aligns with the application of a multinomial logit model.
- The mention of ""multinomial logit model"" is clear and direct, indicating that this is the specific type of discrete choice model used in the study."
Burglar Target Selection: A Crossnational Comparison,"Michael Townsley, Daniel Birks, Wim Bernasco, Stijn Ruiter, Shane D Johnson,  Gentry White, Scott Baum",-,-,Journal of research in crime and delinquency,60,2015,5,Residential burglary,Single crime type,Not mentioned (the paper does not provide a specific total number of individual crime incidents or events analyzed),Conditional Logit Model,"  - ""Australian data were provided by the Queensland Police Service.""
  - ""Characteristics of each study region were obtained through statistical agencies, the Municipal Agency for Urban Development (The Hague, Netherlands), the ONS (United Kingdom), and the Australian Bureau of Statistics.""
  - ""Recorded crime data from three independent police services are used to analyze the location choices of residential burglars operating in The Hague (Netherlands), Birmingham (United Kingdom), and Brisbane (Australia).""",,"- The study uses recorded crime data from three independent police services, which are distinct data sources.
- The study also uses data from statistical agencies in each country: the Municipal Agency for Urban Development in the Netherlands, the Office of National Statistics (ONS) in the United Kingdom, and the Australian Bureau of Statistics in Australia. These are additional distinct data sources.
- The Queensland Police Service is mentioned as a provider of Australian data, which is a separate data source from the statistical agencies.","  - ""Recorded crime data describing all cleared burglaries located within the study region and attributed to an offender also living within the study region at the time of the offence were collated for each respective region.""
  - ""This cross-national study applied the discrete spatial choice model to analyze factors influencing burglar target selection in three study regions, and in particularly aimed to investigate the consistency of relationships described by Bernasco and Nieuwbeerta (2005) across multiple environments.""
  - ""Drawing on initial research undertaken by Bernasco and Nieuwbeerta (2005), this article tests the applicability of their theoretical account of crime placement in multiple environments by comparing burglar target selection across different cities (i.e., multiple environments).""
  - ""This study addresses the second issue-a lack of systematic replications. Replication allows researchers to rule out the role of unmeasured factors specific to a previous investigation, establishing whether previous findings were an exceptional case or representative of the phenomena being studied.""
  - ""Understanding how offenders choose where to commit crime is a classic criminological problem.""",,"- The paper focuses on understanding how offenders choose locations for committing crimes, specifically in the context of residential burglary.
- The study is a replication of previous research by Bernasco and Nieuwbeerta (2005), which also focused on residential burglary.
- The paper explicitly mentions ""cleared burglaries"" and ""burglar target selection,"" indicating that the crime type being analyzed is residential burglary.
- The study uses data from three cities to analyze factors influencing the selection of targets for residential burglary, further confirming that the crime type in question is residential burglary.","  - ""Recorded crime data describing all cleared burglaries located within the study region and attributed to an offender also living within the study region at the time of the offence were collated for each respective region.""
  - ""Drawing on initial research undertaken by Bernasco and Nieuwbeerta (2005), this article tests the applicability of their theoretical account of crime placement in multiple environments by comparing burglar target selection across different cities (i.e., multiple environments).""
  - ""This cross-national study applied the discrete spatial choice model to analyze factors influencing burglar target selection in three study regions, and in particularly aimed to investigate the consistency of relationships described by Bernasco and Nieuwbeerta (2005) across multiple environments.""
  - ""This study addresses the second issue-a lack of systematic replications. Replication allows researchers to rule out the role of unmeasured factors specific to a previous investigation, establishing whether previous findings were an exceptional case or representative of the phenomena being studied.""",,"- The study focuses on ""residential burglary placement"" as indicated by the abstract and the body of the paper. This suggests that the study is centered around a single crime type.
- The paper repeatedly mentions ""residential burglaries"" and ""burglar target selection,"" which further supports the idea that the study is focused on a single crime type.
- There is no mention of other crime types being analyzed in the study, which reinforces the conclusion that the study is focused on a single crime type.","  - ""In keeping with B&N, all burglary incidents associated with multiple offenders were removed from each data set (totaling 276, 94, and 247 crimes in The Hague, Birmingham, and Brisbane data sets, respectively).""
  - ""Recorded crime data describing all cleared burglaries located within the study region and attributed to an offender also living within the study region at the time of the offence were collated for each respective region.""
  - ""The conditional logit model was used to estimate parameters of the behavioral rule using maximum likelihood methods. In order to test for relationships across the three study regions, source data from each region were combined into a single consolidated data set.""",,"- The study involved analyzing cleared burglary data from three regions: The Hague, Birmingham, and Brisbane.
- The data included only incidents where the offender lived within the study region at the time of the offense.
- Incidents involving multiple offenders were excluded from the analysis.
- The total number of excluded incidents due to multiple offenders was 276 in The Hague, 94 in Birmingham, and 247 in Brisbane.
- The study combined data from all three regions into a single consolidated dataset for analysis.
- However, the paper does not provide a specific total number of individual crime incidents or events that were analyzed.","  - ""the utility function can be estimated according to a conditional logit model (McFadden 1973).""
  - ""The conditional logit model was used to estimate parameters of the behavioral rule using maximum likelihood methods.""
  - ""the conditional logit model presented here provides an elegant means to test hypotheses concerning offender location choices, as currently implemented, it operates under a number of assumptions that warrant further investigation.""
  - ""The discrete spatial choice approach is an application of the discrete choice method used extensively in micro economics to analyze choice behavior.""",,"- The paper explicitly mentions the use of the ""discrete spatial choice approach,"" which is a form of discrete choice modeling.
- The ""conditional logit model"" is specifically named as the method used to estimate the utility function and parameters of the behavioral rule.
- The paper repeatedly refers to the use of the ""conditional logit model"" for statistical analysis, indicating that this is the primary model type used in the study.
- There is no mention of other types of discrete choice models such as multinomial logit, nested logit, mixed logit, or others, reinforcing that the conditional logit model is the focus."
ROLE OF THE STREET NETWORK IN BURGLARS' SPATIAL DECISION-MAKING *,"Michael J Frith, Shane D Johnson, Hannah M Fry",-,-,CrimRxiv,63,2017,4,residential burglary,Single crime type,459,Mixed Logit Model,"  - ""The collection of estimates of social disorganization through systematic social observation was beyond the scope of the current study. Consequently, we follow the approach taken in previous studies of offender location choice (e.g., Bernasco and Nieuwbeerta, 2005) and use indirect measures, or proxies, derived from the 2011 U.K. census.""
  - ""Affluence was calculated with residential property sales data from the U.K. Land Registry for all sales between 04/01/04 and 03/31/14 with their prices adjusted (using the U.K. Land Registry's House Price Index) to April 2009 prices.""
  - ""Property data, provided by the OS, were associated with street segments by assigning each home to the nearest applicable feature in each network.""
  - ""Data for the road and path networks were provided by the OS and included geometry information, along with a description of their nature (e.g., ""motorway"")""
  - ""Data were provided by Thames Valley Police (TVP) for all residential burglaries recorded and officially cleared for the 10-year period 04/01/2004 to 03/31/2014.""",,"- The paper mentions several data sources:
  - Thames Valley Police (TVP) provided data on residential burglaries.
  - The Ordnance Survey (OS) provided data on road and path networks, as well as property data.
  - The U.K. Land Registry provided data on residential property sales.
  - The 2011 U.K. census was used for indirect measures of social disorganization.
- Each of these is a distinct data source or organization providing data for the analysis.","  - ""The resulting data set contained 459 residential burglaries committed by 207 offenders.""
  - ""Data were provided by Thames Valley Police (TVP) for all residential burglaries recorded and officially cleared for the 10-year period 04/01/2004 to 03/31/2014.""
  - ""Here, we test theoretical expectations regarding the role of the road network in shaping the spatial distribution of crime and, in contrast to prior research, disentangle how it might influence offender awareness of criminal opportunities and the supply of ambient guardianship. With a mixed logit (discrete choice) model, we use data regarding (N = 459) residential burglaries (for the first time) to model offender spatial decision-making at the street segment level.""",,"- The study explicitly mentions that it uses data regarding ""residential burglaries"" to model offender spatial decision-making. This indicates that the specific type of crime analyzed in this study is residential burglary.
- The paper consistently refers to ""residential burglaries"" throughout, reinforcing that this is the primary crime type under investigation.
- There is no mention of any other crime types being analyzed in the study, which further supports that residential burglary is the sole focus.","  - ""The findings of quantitative research intended to test these two theories are somewhat mixed and can be divided into two branches. The first, which includes area-level (White, 1990) and more recently street-level studies (Armitage, 2007;Beavon, Brantingham, and Brantingham, 1994;Johnson and Bowers, 2010;Rengert and Wasilchick, 2000), generally find that locations that are expected to have greater through movement are more likely to experience crime.""
  - ""Here, we test theoretical expectations regarding the role of the road network in shaping the spatial distribution of crime and, in contrast to prior research, disentangle how it might influence offender awareness of criminal opportunities and the supply of ambient guardianship. With a mixed logit (discrete choice) model, we use data regarding (N = 459) residential burglaries (for the first time) to model offender spatial decision-making at the street segment level.""
  - ""preferences vary across offenders, which presents a challenge for future research to explain.""
  - ""Our findings also demonstrate that""",,"- The study explicitly mentions that it uses data regarding ""residential burglaries"" to model offender spatial decision-making. This indicates that the study focuses on a single crime type.
- The paper does not mention any other crime types being analyzed, reinforcing the conclusion that it is a single crime type study.
- The focus on ""residential burglaries"" is consistent throughout the paper, with no indication of multiple crime types being examined.","  - ""The resulting data set contained 459 residential burglaries committed by 207 offenders.""
  - ""With a mixed logit (discrete choice) model, we use data regarding (N = 459) residential burglaries (for the first time) to model offender spatial decision-making at the street segment level.""
  - ""Of those that did, the median count was 1 (range = 1-5), but 15 (.3 percent) street segments, which had large numbers of homes on them (on average 92.7 homes compared with 14.2 for segments on which no burglaries occurred), had 5 burglaries and accounted for 75 offenses (16 percent of all burglaries) over the 10-year period.""
  - ""On average, offenders each committed 2.2 burglaries (standard deviation = 5.5, range 1-59).""",,"- The paper explicitly states that the study analyzed ""data regarding (N = 459) residential burglaries"" using a mixed logit model. This indicates that the total number of crime incidents analyzed in the study is 459.
- The mention of ""The resulting data set contained 459 residential burglaries committed by 207 offenders"" further confirms that the total number of individual crime incidents is 459.
- The additional details about the average number of burglaries per offender and the distribution of burglaries across street segments support the primary finding that the study analyzed 459 residential burglaries.","  - ""With a mixed logit (discrete choice) model, we use data regarding (N = 459) residential burglaries (for the first time) to model offender spatial decision-making at the street segment level.""
  - ""To relax this and other assumptions, other models should be considered. Although various alternative models exist, one that has only recently been used in criminological enquiry (Townsley, Birks, Ruiter, et al., 2015) but has been heavily lauded by researchers in the wider literature (Hensher and Greene, 2003) is the mixed logit (ML) model (Mc-Fadden and Train, 2000)""
  - ""The application of the discrete choice framework requires the specification of the decision-makers, the choice-set, and the choice criterion. In studies of crime location choice, the decision-makers are clearly offenders, and the criteria are those factors hypothesized to influence targeting decisions. In the case of residential burglary, although offenders theoretically choose from every dwelling, the results of studies reveal that offenders follow a spatially structured decision process (e.g., Brown and Altman, 1981). Consequently, the choice-set employed by research teams in previous studies has typically been a spatially aggregated grouping, such as census tracts.""
  - ""The ML model also addresses problems associated with modeling repeated choices by the same offender. That is, traditional CL models assume unobserved factors that affect a person's choice are independent on each choice occasion, which will lead to biased standard errors.""
  - ""To apply the ML model to offense location choice requires the identification of those variables for which taste variation is expected, alongside the specification of their assumed distributions (all are treated as random variables).""
  - ""The use of the mixed logit model also shows considerable promise, providing insight into variation in individual taste preferences across offenders that is not possible to detect with conditional logit variants.""",,"- The paper explicitly states that a ""mixed logit (discrete choice) model"" was used to analyze the data. This is mentioned multiple times throughout the text, indicating that the mixed logit model was the primary statistical approach used in the study.
- The mixed logit model is described as being used to address limitations of other models, such as the conditional logit model, by allowing for taste variation across offenders and addressing issues with repeated choices.
- The paper discusses the advantages of using the mixed logit model, such as providing insights into individual taste preferences that are not possible with other models like the conditional logit.
- The use of the mixed logit model is consistent with the study's focus on understanding offender spatial decision-making and the variation in preferences among offenders."
Modelling taste heterogeneity regarding offence location choices,Michael J Frith,-,-,Journal of Choice Modeling,13,2019,4,residential burglary; robbery; theft from vehicles,Multiple crime types,"1,105","- Conditional Logit (CL)
- Mixed Logit (ML)
- Latent Class Logit (LCL)","  - ""the level of affluence in a neighbourhood was calculated as the median price paid for a house between 2006 and 2014 in each neighbourhood according to the UK Land Registry.""
  - ""The social disorganisation and number of potential target variables were calculated using data from the 2011 UK Census.""
  - ""For the distance measures, road network data, which included the geometry of all roads, were provided by the Ordnance Survey.""
  - ""For these analyses, revealed preference data for 1,105 recorded3 and solved4 SAC in York committed by 687 offenders living in York between April 2008 and March 2012 were collected.""",,"- The study used ""revealed preference data"" which is likely a primary data source collected by the researchers themselves or obtained from local law enforcement records.
- ""Road network data"" was provided by the Ordnance Survey, which is a distinct data source.
- Data from the ""2011 UK Census"" was used, which is another distinct data source.
- The ""UK Land Registry"" provided data on house prices, which is yet another distinct data source.
- The paper does not mention any other data sources beyond these.","  - ""For these analyses, revealed preference data for 1,105 recorded3 and solved4 SAC in York committed by 687 offenders living in York between April 2008 and March 2012 were collected.""
  - ""This study therefore contributes to the criminological literature by: 1. By estimating the presence and scale of preference variation, including for the first time using the LCL, across a different sample of offenders.""
  - ""this study uses the latent class (and mixed and conditional logit) to examine the offence location choices of serious acquisitive crime offenders in York (UK).""",,"- The study focuses on ""serious acquisitive crime offenders,"" which is a broad category that includes various types of crimes.
- The specific types of crimes mentioned in the study are ""residential burglars, robbers and theft of and from vehicle offenders.""
- These crime types are explicitly listed as part of the ""serious acquisitive crime"" category being analyzed in the study.
- The study does not mention any other crime types beyond these, so they are the specific focus of the analysis.","  - ""this study uses the latent class (and mixed and conditional logit) to examine the offence location choices of serious acquisitive crime offenders in York (UK).""
  - ""In this analysis a range of offence types were grouped together. While the offence choice criteria are expected to similarly effect the different types of offenders and this approach has been used in other analysis (e.g. Bernasco, 2010;Lammers et al., 2015), it ignores that some types of offenders may behave differently with respect to these factors.""
  - ""This study therefore contributes to the criminological literature by: 1. By estimating the presence and scale of preference variation, including for the first time using the LCL, across a different sample of offenders.""",,"- The study focuses on ""serious acquisitive crime offenders,"" which indicates that it is not limited to a single crime type.
- The paper explicitly mentions that the analysis includes ""residential burglars, robbers and theft of and from vehicle offenders,"" which are multiple crime types.
- The study groups these different offense types together, suggesting that it examines several different crime categories rather than a single one.
- The paper acknowledges that grouping these offense types together might ignore differences in behavior between them, further indicating that multiple crime types are analyzed.","  - ""For these analyses, revealed preference data for 1,105 recorded3 and solved4 SAC in York committed by 687 offenders living in York between April 2008 and March 2012 were collected.""
  - ""This results in a final dataset of 1,105 offence location choices made by 498 offenders -of which, 325 offenders made one offence location choice, 111 made two or three, and 62 who made up to 92 location choices.""",,"- The paper explicitly states that the study analyzed ""1,105 recorded and solved SAC in York committed by 687 offenders living in York between April 2008 and March 2012."" This indicates that the study involved 1,105 individual crime incidents or events.
- The mention of ""1,105 offence location choices made by 498 offenders"" further confirms that the study analyzed 1,105 individual crime incidents, as each incident is considered a separate choice.
- The breakdown of the number of offenders and their respective number of offence location choices supports the total count of 1,105 incidents.","  - ""Model fits suggest heterogeneity can be modelled using mixed logit or latent class""
  - ""this study uses the latent class (and mixed and conditional logit) to examine the offence location choices of serious acquisitive crime offenders in York (UK).""
  - ""The three discrete choice models of offence location choices in these analyses are all computed in Stata 14 (StataCorp, 2015).""
  - ""The CL was estimated using maximum likelihood with the built-in 'clogit' command.""
  - ""For the ML, although it could also be estimated using maximum simulation likelihood, following Frith et al. (2017) and Townsley et al. (2016), it was estimated using hierarchical Bayes using the 'bayesmixedlogit' command""
  - ""For the LCL, there are two methods for estimation: maximum likelihood estimation (MLE) and expectation-maximisation (EM).""",,"- The paper explicitly mentions the use of three discrete choice models: conditional logit (CL), mixed logit (ML), and latent class logit (LCL).
- The use of these models is confirmed by the mention of specific estimation methods and commands used in Stata 14, such as 'clogit' for CL and 'bayesmixedlogit' for ML.
- The paper also discusses the estimation of LCL using expectation-maximisation (EM) and the 'lclogit' command.
- The study aims to model heterogeneity using mixed logit and latent class, indicating that these are the primary models used for analysis.
- The paper does not mention any other discrete choice models beyond these three."
Graffiti Writers Choose Locations That Optimize Exposure,"K Kuralarasan, Wim Bernasco, Christophe Vandeviver",-,-,Crime &amp; Delinquency,1,2024,1,Graffiti,Single crime type,"12,655",Conditional Logit Model,"  - ""Data and scripts utilized for this analysis are available on https://github.com/ KKural/SSO_graffiti.""
  - ""We use the rational choice perspective (RCP) and spot theory as our theoretical framework to investigate the decision-making processes guiding graffiti writers' location choices.""
  - ""The data were collected by a team of 212 observers in November 2017 using systematic social observation (SSO).""
  - ""we collected data through Systematic Social Observation in Ghent's city center in November 2017, covering 12,655 graffiti instances across 2,233 street segments.""",,"- The primary data source for this study is the systematic social observation (SSO) conducted in Ghent's city center in November 2017. This involved a team of 212 observers collecting data on graffiti instances and street segment characteristics.
- The study does not mention any other data sources such as databases, organizations, or agencies providing data. The focus is on the SSO method for data collection.
- The theoretical frameworks (RCP and spot theory) and the statistical model (conditional logit model) are not data sources but rather methodologies used to analyze the data.
- The mention of data and scripts being available on GitHub refers to the sharing of the study's data and analysis scripts, not an additional data source.","  - ""our study focuses solely on understanding the spatial behavior of graffiti writers.""
  - ""Our study aims to uncover the factors behind these variations by exploring graffiti writers' location choices and their underlying motivations.""
  - ""We investigate the spatial decision-making of graffiti writers when selecting target locations, examining how street segment characteristics influence exposure.""
  - ""In conclusion, we contribute to the existing literature on crime location choice by investigating the spatial distribution of the expressive offense of graffiti writing.""
  - ""Our research aimed to uncover the factors that motivate graffiti writers to choose certain places, with a particular focus on the role of exposure.""",,"- The study explicitly states that it investigates the spatial decision-making of graffiti writers, which indicates that the crime type being analyzed is graffiti.
- The paper repeatedly mentions graffiti writers and their location choices, reinforcing that graffiti is the focus of the study.
- The study is described as examining the spatial distribution of the ""expressive offense of graffiti writing,"" which further confirms that graffiti is the specific crime type being studied.
- There is no mention of any other crime types in the paper, indicating that graffiti is the sole focus of the study.","  - ""In conclusion, we contribute to the existing literature on crime location choice by investigating the spatial distribution of the expressive offense of graffiti writing.""
  - ""Our study makes three significant contributions to the literature. First, it extends the scope of location choice research on offending, which has predominantly focused on property offenses (Bernasco & Block, 2009;Bernasco & Nieuwbeerta, 2005;Langton & Steenbeek, 2017;Vandeviver & Bernasco, 2020) to include expressive offenses in general, and graffiti writing in particular.""
  - ""Our study aims to uncover the factors behind these variations by exploring graffiti writers' location choices and their underlying motivations.""
  - ""We investigate the spatial decision-making of graffiti writers when selecting target locations, examining how street segment characteristics influence exposure.""",,"- The study focuses on the spatial decision-making of graffiti writers, which indicates that it is centered around a single crime type: graffiti writing.
- The paper explicitly states that it extends research on location choice to include expressive offenses, specifically graffiti writing, suggesting a focus on a single crime type.
- The study uses specific theoretical frameworks and models to analyze graffiti writers' location choices, further indicating a focus on a single crime type.
- The conclusion reinforces that the study is about the spatial distribution of graffiti writing, which is a single crime type.","  - ""we collected data through Systematic Social Observation in Ghent's city center in November 2017, covering 12,655 graffiti instances across 2,233 street segments.""
  - ""The data were collected by a team of 212 observers in November 2017 using systematic social observation (SSO).""
  - ""Our final dataset includes information from 2,233 street segments from the original 2,392.""",,"- The study focuses on graffiti as a form of expressive offending, and the data collection involved systematic social observation of graffiti instances in Ghent's city center.
- The key data point mentioned is the collection of ""12,655 graffiti instances across 2,233 street segments,"" which indicates the number of individual graffiti instances observed and analyzed.
- The study uses these graffiti instances to understand the spatial decision-making of graffiti writers, which implies that each graffiti instance is considered a unit of analysis.
- The mention of ""12,655 graffiti instances"" directly answers the question about the number of individual crime incidents or events analyzed in the study.","  - ""We estimated two separate conditional logit models, as detailed in Table 2""
  - ""We employ a discrete spatial choice model, specifically the conditional logit model, which is one of the methods used under discrete choice models (Bernasco, 2023).""
  - ""In line with the rational choice perspective and consistent with the extant location choice literature on offending (see Ruiter, 2017), we used the discrete choice model to examine our hypotheses by estimating the location preferences of graffiti writers. Specifically, we applied the conditional logit model, which is part of the discrete choice model family and is derived from the Random Utility Maximization (RUM) theory (Bernasco, 2023).""
  - ""In recognizing the insights offered by our study, it is important to highlight some of the theoretical implications. While graffiti might be perceived as less problematic than other crime types, its analysis provides a valuable lens for understanding criminogenic spatial decision-making in urban spaces. This research not only supports the application of rational choice perspective to expressive offenses like graffiti but also advances our comprehension of how individuals interact with and respond to their urban environments. all street segments can be used for graffiti by each graffiti writer, which we assume is the case in our analysis) and when their values do not vary across decision makers, the conditional logit model is mathematically equivalent to a Poisson model estimated on aggregated data (Guimarães, 2003;Schmidheiny & Brülhart, 2011). We used the Poisson model implementation because it is computationally easier to estimate. Because the results are equal to those of a conditional logit implementation, our interpretation of the model estimates follows random utility maximization theory.""",,"- The paper explicitly states that a ""conditional logit model"" was used in the statistical analysis. This is mentioned multiple times throughout the text, indicating that this was the primary discrete choice model employed.
- The conditional logit model is described as part of the discrete choice model family, derived from the Random Utility Maximization (RUM) theory, which aligns with the study's focus on understanding graffiti writers' location preferences.
- The paper mentions that two separate conditional logit models were estimated, further confirming the use of this model type.
- Although the paper also mentions the use of a Poisson model for computational ease, it clarifies that the results are equivalent to those of a conditional logit implementation, reinforcing that the primary model type is conditional logit."
Modelling the spatial decision making of terrorists: the discrete choice approach,-,-,-,Applied Geography,21,2019,5,bombings; shootings,Multiple crime types,150,Conditional Logit Model,"  - ""The geographical boundary data for the SAs was obtained from the Northern Ireland Statistics and Research Agency (NISRA).""
  - ""Binary indicator variables were used to identify the presence of major thoroughfares (A-roads -as according to the Ordnance Survey of Northern Ireland), military bases and police stations (both identified using the Conflict and Politics in Northern Ireland web service (CAIN) during the period studied.""
  - ""The geographical SA data was obtained from NISRA.""
  - ""The datasets were created using parts of an existing dataset previously used for a social network analysis of PIRA's active core members (Gill et al., 2014), as well as additional data obtained from The Irish Times newspaper archives.""",,"- The study used an existing dataset from a social network analysis of PIRA's active core members, which is one data source.
- Additional data was obtained from The Irish Times newspaper archives, which is another data source.
- Geographical data was obtained from the Northern Ireland Statistics and Research Agency (NISRA), which is a third data source.
- The Conflict and Politics in Northern Ireland web service (CAIN) was used to identify military bases and police stations, which is a fourth data source.
- The Ordnance Survey of Northern Ireland was used for identifying major thoroughfares, which is a fifth data source.","  - ""For the purpose of this study, we narrow our focus to bombings and shootings conducted by the Provisional Irish Republican Army.""
  - ""Committing an act of terrorism, whether under the guidance of a wider network or as a lone attacker, is a purposeful behaviour that is guided by a rational of risk and reward""
  - ""A conditional logistic regression ascertained which characteristics increased the likelihood that an area would be selected as a target, using a dataset of attacks carried out by the Provisional Irish Republican Army in Belfast over a twentyyear period.""
  - ""The findings support the proposition that terrorists make decisions that are guided by rationality and act in a similar way to urban criminals.""
  - ""This is the first study to apply a discrete choice model to understand terrorist spatial decision making.""",,"- The study focuses on understanding terrorist spatial decision making, specifically analyzing attacks carried out by the Provisional Irish Republican Army (PIRA) in Belfast.
- The study uses a dataset of attacks by PIRA, which includes bombings and shootings, indicating that these are the specific types of crimes analyzed.
- The study does not mention any other types of crimes such as burglary, theft, or domestic violence; it is exclusively focused on terrorist attacks in the form of bombings and shootings.","  - ""Initially, we aimed to distinguish between different types of targets (i.e.

attacks on premises and attacks on individuals), as different types of crimes tend to exhibit different spatial patterns (Andresen and Linning, 2012). However, there was insufficient data to do so.""
  - ""Differences between males and females could be examined as well as modes of attack (bombings, shootings, arson etc.) and types of human target, i.e. military/government/civilian.""
  - ""For the purpose of this study, we narrow our focus to bombings and shootings conducted by the Provisional Irish Republican Army.""",,"- The study specifically mentions that it focuses on ""bombings and shootings conducted by the Provisional Irish Republican Army,"" indicating that it analyzes two specific types of terrorist attacks.
- The mention of ""bombings and shootings"" suggests that these are the primary crime types examined in the study.
- The paper also notes that there was insufficient data to distinguish between different types of targets or modes of attack, but this does not change the fact that the study primarily focuses on two types of crimes: bombings and shootings.
- The study does not analyze a single crime type but rather two distinct types, which are bombings and shootings.","  - ""The final offence and offender datasets comprised 150 attacks by 127 PIRA members within Belfast.""
  - ""The datasets were created using parts of an existing dataset previously used for a social network analysis of PIRA's active core members (Gill et al., 2014), as well as additional data obtained from The Irish Times newspaper archives.""
  - ""To qualify for inclusion in the offence dataset, the attack had to be attempted or committed by one member of PIRA residing in Belfast, between 1970 and 1989.""
  - ""The location of each attack was geocoded to the corresponding SA.""
  - ""Cases were removed from the dataset if an accurate home location could not be ascertained.""
  - ""Cases were also removed if the home location of the perpetrator was outside of the study area, in line with previous studies""",,"- The study analyzed a dataset of attacks carried out by the Provisional Irish Republican Army (PIRA) in Belfast.
- The dataset included 150 attacks by 127 PIRA members within Belfast, which were used for the statistical analysis.
- The dataset was created from existing data and additional information from newspaper archives, focusing on attacks committed by PIRA members residing in Belfast between 1970 and 1989.
- The study excluded cases where the home location of the perpetrator could not be accurately determined or was outside the study area, ensuring that only relevant data was included in the analysis.","  - ""The conditional logit model tested the hypotheses.""
  - ""the appropriate statistical analysis to test the hypotheses of this study is the conditional logit model""
  - ""The conditional logit model is used as it incorporates attributes of both the alternatives and the individual perpetrator.""",,"- The paper explicitly states that the ""conditional logit model"" was used for the statistical analysis. This is a type of discrete choice model.
- The conditional logit model is mentioned multiple times in the paper, reinforcing its use in the study.
- The paper explains that the conditional logit model was chosen because it incorporates attributes of both the alternatives and the individual perpetrator, which aligns with the study's objectives."
Spatial analysis with preference specification of latent decision makers for criminal event prediction,"Yifei Xue, Donald E Brown",-,-,Decision Support Systems,66,2006,3,Residential burglary,Single crime type,more than 1200 crime observations,Multinomial logit model,"  - ""The features of each spatial alternative come from the combination of census data and calculated distance values.""
  - ""The specific data set used for evaluating this work came from the criminal incident reporting mainframe system (RAMS).""
  - ""The data for model evaluation came from the Regional Crime Analysis Program (ReCAP).""",,"- The paper mentions the use of data from the ""Regional Crime Analysis Program (ReCAP)"" and the ""criminal incident reporting mainframe system (RAMS)"" as sources for model evaluation. These are two distinct data sources.
- Additionally, the paper notes that features for spatial alternatives were derived from ""census data and calculated distance values."" Census data is another distinct source of information.
- Therefore, there are at least three distinct data sources mentioned in the paper: ReCAP, RAMS, and census data.","  - ""The residential B & E incidents between October 1, 1997 and October 31, 1997 were used as testing data set.""
  - ""We extracted the Residential bBreaking and Enter-ingQ (B & E) criminal incidents between July 1, 1997 and October 31, 1997 in the city of Richmond, VA for model estimation and validation.""
  - ""The analysis of B & E is related to locations of households in a city.""",,"- The paper specifically mentions ""Residential bBreaking and Enter-ingQ (B & E)"" as the type of crime analyzed. This indicates that the study focuses on residential burglary.
- The mention of ""locations of households in a city"" further supports that the study is concerned with residential areas, aligning with the focus on residential burglary.
- The use of ""residential B & E incidents"" for model validation confirms that the study is analyzing residential burglary.","  - ""The residential B & E incidents between October 1, 1997 and October 31, 1997 were used as testing data set.""
  - ""The analysis of B & E is related to locations of households in a city.""
  - ""We extracted the Residential bBreaking and Enter-ingQ (B & E) criminal incidents between July 1, 1997 and October 31, 1997 in the city of Richmond, VA for model estimation and validation.""",,"- The paper specifically mentions that the study focuses on ""Residential bBreaking and Enter-ingQ (B & E) criminal incidents."" This indicates that the study is centered around a single crime type, which is breaking and entering.
- The data extraction and analysis are limited to this specific crime type, as evidenced by the quotes about extracting and testing data related to B&E incidents.
- There is no mention of other crime types being analyzed or included in the study, which further supports the conclusion that the study is focused on a single crime type.","  - ""We extracted the Residential bBreaking and Enter-ingQ (B & E) criminal incidents between July 1, 1997 and October 31, 1997 in the city of Richmond, VA for model estimation and validation. There are more than 1200 crime observations.""
  - ""The data from the first three months are used for model estimation. The observations of October 1997 are used for model validation.""",,"- The paper mentions that the study extracted Residential Breaking and Entering (B & E) criminal incidents from July 1, 1997, to October 31, 1997, in Richmond, VA.
- It specifies that there are ""more than 1200 crime observations,"" which indicates the total number of individual crime incidents analyzed.
- The data is divided into two parts: the first three months for model estimation and October 1997 for model validation. However, the total number of incidents is what is relevant to the question.","  - ""This spatial choice model is a multinomial logit model where each spatial alternative's observable utility is weighted by the probability that the alternative is evaluated.""
  - ""The resulting approach is called the distinct spatial choice model.""
  - ""the distinct spatial choice model provides more accurate and distinct predictions.""
  - ""the spatial choice model in Eq. ( 1) for criminal site selection changes to""",,"- The paper explicitly mentions that the spatial choice model used is a ""multinomial logit model"" (Quote 1). This is a type of discrete choice model.
- The paper discusses two models: the uniform spatial choice model and the distinct spatial choice model. However, the specific type of discrete choice model mentioned is the multinomial logit model (Quote 1).
- The distinct spatial choice model is described as providing more accurate predictions, but it is not explicitly labeled as a different type of discrete choice model; it is an extension or modification of the approach rather than a different model type (Quote 4).
- The paper does not mention any other types of discrete choice models such as conditional logit, nested logit, mixed logit, etc."
Do Street Robbery Location Choices Vary Over Time of Day or Day of Week? A Test in Chicago,"Wim Bernasco, Stijn Ruiter, Richard Block",-,-,-,-,-,3,street robbery,Single crime type,"12,938",Conditional Logit Model,"  - ""Our analysis combines information collected from the Chicago Police Department, the U.S. Census, and a marketing research firm.""
  - ""The present section describes characteristics of robbery incidents, the offenders involved, and census blocks of Chicago. Except for the timing variables-the time of day and day of week the incidents had taken place-the data are the same as those reported by Bernasco, Block, and Ruiter (2013).""
  - ""In 1996 to 1998, the Chicago Police Department recorded 12,938 cases of robbery incidents in outdoor public locations (street robberies) for which at least one person was arrested who was a Chicago resident.""
  - ""The data also include information on the offenders who were arrested for committing these street robberies, including gender, racial and ethnic background, age, and residential address at the time of the robbery.""
  - ""In addition, we collected detailed information on land use, population, and activities in all 24,594 census blocks of the city of Chicago in the year 2000.""
  - ""To measure small-scale retail activities in the block, we used marketing information collected by Claritas (now part of marketing research firm Nielsen) on businesses in the city of Chicago during the same period the crime data were recorded.""
  - ""To measure the local presence of illegal retail activities, in particular drugs dealing, prostitution, and illegal gambling, geocoded incident files of the Chicago Police Department of the years 1996 to 1998 were aggregated to the census block level.""",,"- The study uses data from the Chicago Police Department, which is a primary source for crime data.
- The U.S. Census is another data source used for demographic and population data.
- A marketing research firm, specifically Claritas (now part of Nielsen), is used for business and retail activity data.
- The study does not mention any other distinct data sources beyond these three.","  - ""This article examines the hypothesis that in street robbery location choices, the importance of location attributes is conditional on the time of day and on the day of the week.""
  - ""In 1996 to 1998, the Chicago Police Department recorded 12,938 cases of robbery incidents in outdoor public locations (street robberies) for which at least one person was arrested who was a Chicago resident.""
  - ""The analysis is limited to cleared robberies because only for cleared robberies offender addresses are available, and distance from the offender home location is by far the most important predictive factor in crime location choice""
  - ""The present article seeks to contribute to the knowledge about how spatial crime patterns depend on the time of the day and the day of the week. Using data on the city of Chicago, we answer the question whether street robbers' crime location preferences vary across the hours of the day and across the days of the week.""",,"- The paper explicitly states that it examines ""street robbery location choices,"" indicating that the focus is on street robbery.
- The study uses data from the Chicago Police Department on ""robbery incidents in outdoor public locations (street robberies),"" further confirming that the crime type analyzed is street robbery.
- The paper does not mention any other crime types, reinforcing that the sole focus is on street robbery.","  - ""The analysis is limited to cleared robberies because only for cleared robberies offender addresses are available, and distance from the offender home location is by far the most important predictive factor in crime location choice""
  - ""The present article seeks to contribute to the knowledge about how spatial crime patterns depend on the time of the day and the day of the week. Using data on the city of Chicago, we answer the question whether street robbers' crime location preferences vary across the hours of the day and across the days of the week.""
  - ""In 1996 to 1998, the Chicago Police Department recorded 12,938 cases of robbery incidents in outdoor public locations (street robberies) for which at least one person was arrested who was a Chicago resident.""
  - ""This article examines the hypothesis that in street robbery location choices, the importance of location attributes is conditional on the time of day and on the day of the week.""",,"- The paper explicitly states that it examines the hypothesis related to ""street robbery location choices,"" indicating that the study focuses on a single crime type.
- The study uses data from the Chicago Police Department on ""robbery incidents in outdoor public locations (street robberies),"" further confirming that the analysis is centered on street robbery.
- The paper does not mention any other crime types being analyzed; all references are to street robbery.
- The focus on ""street robbers' crime location preferences"" and the use of data on street robberies reinforce that this study is about a single crime type.","  - ""In 1996 to 1998, the Chicago Police Department recorded 12,938 cases of robbery incidents in outdoor public locations (street robberies) for which at least one person was arrested who was a Chicago resident.""
  - ""The recorded information on robberies includes the date, the time, the number of arrested offenders involved, and the nearest address to where the robbery was committed.""
  - ""The analysis is limited to cleared robberies because only for cleared robberies offender addresses are available, and distance from the offender home location is by far the most important predictive factor in crime location choice""",,"- The paper specifies that the study analyzed ""12,938 cases of robbery incidents in outdoor public locations (street robberies)"" during the years 1996 to 1998.
- These cases were recorded by the Chicago Police Department and involved at least one arrested offender who was a Chicago resident.
- The analysis was limited to ""cleared robberies,"" which means only cases where the offender was identified and arrested were included.
- The data included detailed information such as date, time, number of arrested offenders, and location, which were used in the statistical analysis.","  - ""In line with prior crime location choice studies (e.g., Baudains et al. 2013;Bernasco and Block 2009;Bernasco and Kooistra 2010;Bernasco and Nieuwbeerta 2005;Clare et al. 2009;Johnson and Summers 2015;Townsley et al. 2015;Vandeviver et al. 2015), the conditional logit model was used to estimate the effects of census block attributes on the probability of the census block being selected for robbery.""
  - ""This is a discrete choice model that is consistent with random utility maximization theory.""",,"- The paper explicitly mentions the use of a ""conditional logit model"" for estimating the effects of census block attributes on the probability of a block being selected for robbery.
- The conditional logit model is a type of discrete choice model that is consistent with random utility maximization theory, which is a common framework for modeling choice behavior.
- The use of the conditional logit model is consistent with the study's aim to analyze the spatial and temporal dimensions of crime location choices."
Go where the money is: modeling street robbers' location choices,"Wim Bernasco, Richard Block, Stijn Ruiter",-,-,-,-,-,4,Street robbery,Single crime type,"12,938",Multinomial Logit Model and Universal Logit Model,"  - ""Using data on nearly 13,000 robberies, on the approximately 18,000 offenders involved in these robberies, and on the nearly 25,000 census blocks in the city of Chicago, we utilize the discrete choice framework to assess which criteria motivate the location decisions of street robbers.""
  - ""The Chicago Police Department recorded 75,065 street robberies from 1996 through 1998 (for an analysis of total robbery counts per census tract, see Bernasco and Block, 2011).""
  - ""The data on these incidents include the date, the time, the number of arrested offenders involved, and the nearest address to where the robbery was committed.""
  - ""To measure the presence of legal cash economies and small scale retail activities in the block, we used marketing information collected by Claritas (www.claritas.com) on businesses in the city.""
  - ""To measure the local presence of illegal cash economies in the form of drugs, prostitution and gambling transactions, geocoded incident files of the Chicago Police Department of the Years 1996-1998 were aggregated to the census block level.""
  - ""Information on block population was obtained from the US 2000 Census.""
  - ""Data on (15) the presence of private and public high schools in a census block were based on lists compiled by the Chicago Public Schools.""",,"- The study uses data from the Chicago Police Department, which is a primary source for crime data.
- Marketing information from Claritas is used to assess legal cash economies, indicating another data source.
- The US 2000 Census is used for population data, which is a separate data source.
- The Chicago Public Schools provided data on high schools, adding another source.
- The study does not mention any other distinct data sources beyond these.","  - ""The Chicago Police Department recorded 75,065 street robberies from 1996 through 1998""
  - ""For this study, street robbery included all incidents that occurred in an outdoor public location.""
  - ""This article analyzes how street robbers decide on where to attack their victims.""
  - ""Street robbers use threats or physical force to steal the properties of their victims.""
  - ""The question that inspires our research is not whether someone commits a robbery. We take for granted that there exist people who are mentally and physically prepared to act violently and break the law to obtain what they want.""",,"- The paper explicitly states that it analyzes ""street robbers"" and their location choices, indicating that the focus is on street robbery.
- The definition of street robbery is provided, involving threats or physical force to steal properties, which aligns with the crime type being studied.
- The paper mentions the recording of ""75,065 street robberies"" by the Chicago Police Department, further confirming that street robbery is the crime type under analysis.
- The study includes incidents that occurred in outdoor public locations, which is consistent with the definition of street robbery.","  - ""For this study, street robbery included all incidents that occurred in an outdoor public location.""
  - ""The Chicago Police Department recorded 75,065 street robberies from 1996 through 1998""
  - ""The question that inspires our research is not whether someone commits a robbery. We take for granted that there exist people who are mentally and physically prepared to act violently and break the law to obtain what they want.""
  - ""Street robbers use threats or physical force to steal the properties of their victims.""
  - ""This article analyzes how street robbers decide on where to attack their victims.""",,"- The paper explicitly states that it analyzes ""how street robbers decide on where to attack their victims,"" indicating a focus on street robbery.
- The study is described as examining ""street robbers"" and their location choices, which suggests a focus on a single crime type.
- The paper mentions ""street robbery"" multiple times, reinforcing the idea that it is the primary crime type being analyzed.
- There is no mention of other crime types being included in the study, which further supports the conclusion that it is focused on a single crime type.","  - ""The Chicago Police Department recorded 75,065 street robberies from 1996 through 1998 (for an analysis of total robbery counts per census tract, see Bernasco and Block, 2011). Not all these cases result in an arrest. In fact, in the large majority of cases (82.8%), the offenders escape arrest. The present analyses include the 12,938 cleared cases (17.2%) where at least one person was arrested who was a resident of Chicago.""
  - ""the analysis includes only the 17.2% of street robberies that were cleared, i.e. for which at least one offender was arrested who was a Chicago resident.""
  - ""Using data on nearly 13,000 robberies, on the approximately 18,000 offenders involved in these robberies, and on the nearly 25,000 census blocks in the city of Chicago, we utilize the discrete choice framework to assess which criteria motivate the location decisions of street robbers.""",,"- The paper mentions that the study uses data on ""nearly 13,000 robberies,"" which suggests that this is the number of crime incidents analyzed.
- The specific number of cleared cases is provided as ""12,938,"" which are the cases included in the analysis.
- The total number of recorded robberies is 75,065, but only the cleared cases are used for the analysis, which is 12,938.","  - ""The discrete choice framework describes the behavior of a decision-maker who must choose an alternative from a finite set of alternatives that are mutually exclusive and collectively exhaustive.""
  - ""the multinomial logit model is directly derived from the specification of the distribution of the disturbance term of the random utility function in Equation (A.2), testing the hypotheses implicated by the theory boils down to estimating the regression coefficients in Equations (A.3) and (A.6).""
  - ""The multinomial logit model includes only characteristics of the focal block, not those of adjacent blocks.""
  - ""the universal logit model was extended with the 15 same attributes of second-order spatially adjacent blocks""
  - ""A generalization of the logit model that does allow utilities to depend on attributes of multiple other alternatives in the choice set (and thus may violate the IIA assumption) is the universal or mother logit model.""
  - ""The dual advantage of applying the universal logit model in this particular application is that it is not saddled with the restrictive IIA property, and that it allows multiple direct tests of the spillover hypothesis (through a test of the k parameters) at the same time.""",,"- The paper uses the discrete choice framework to analyze location choices of street robbers, which is a common approach in economic and geographic human behavior studies.
- The paper explicitly mentions the use of the ""multinomial logit model"" as a primary method for estimating the regression coefficients and testing hypotheses.
- The multinomial logit model is used to assess the characteristics of the focal block without considering adjacent blocks.
- The paper also introduces the ""universal logit model"" as an extension to include spatial spillover effects from adjacent blocks, which allows for a more nuanced analysis of spatial dependencies.
- The universal logit model is highlighted for its ability to test spatial spillover effects without being constrained by the independence of irrelevant alternatives (IIA) assumption, which is a limitation of the multinomial logit model."
The usefulness of past crime data as an attractiveness index for residential burglars,"Aiko Hanayama, | Shumpei Haginoya, Hiroki Kuraishi, Masakazu Kobayashi",-,-,,5,2018,2,Residential burglary,Single crime type,369,Conditional Logit Model,"  - ""The number of past residential burglaries and the past residential burglary rate were calculated from reported cases collected in the Japanese national police register between 2004 and 2006.""
  - ""Variables describing neighbourhood characteristics-the number of residential units, the proportion of single-family dwellings, the proportion of foreigners, and the proportion of newcomers-were obtained from 2010 Japanese national census data.""
  - ""Solved cases data were collected from the Japanese national police register on detected residential burglaries committed by solitary burglars between 2007 and 2015 who lived in the study area in Sendai City.""
  - ""We used data from 369 solved cases committed by 70 offenders and related these data to 1,134 areas (500 m grid cells) in Sendai City, Japan.""",,"- The study used data from ""369 solved cases committed by 70 offenders,"" which were collected from the ""Japanese national police register."" This indicates that the Japanese national police register is one data source.
- The study also used ""2010 Japanese national census data"" to obtain neighborhood characteristics such as the number of residential units, proportion of single-family dwellings, proportion of foreigners, and proportion of newcomers. This is a second distinct data source.
- The ""Japanese national police register"" is mentioned again as a source for ""reported cases collected... between 2004 and 2006,"" but this is not a separate data source from the first mention; it's the same database providing different types of data.
- There are no other data sources mentioned in the paper, so the total number of distinct data sources is two: the Japanese national police register and the Japanese national census data.","  - ""This study examines the effects of neighbourhood attractiveness on the residential burglar's crime location choice process using a discrete choice model.""
  - ""The results showed that residential burglars were attracted to the following potential locations for crimes: (a) areas in proximity to his or her own residence;

(b) areas having many or at least a higher proportion of residential burglaries in the past; (c) areas having many residential units; and (d) areas having a higher proportion of single-family dwellings.""
  - ""The results confirm the validity of past crime data as an index of a neighbourhood's attractiveness for residential burglary.""
  - ""The goal of this study was to examine past crime data to determine whether such data could be used as an index of the attractiveness of neighbourhoods for residential burglary,""
  - ""In this study, we examined the residential burglars' crime location choice process in Japan, using a discrete choice model.""
  - ""This study showed that, in Japan, residential burglars are attracted to areas close to their residence, and even more attracted to areas that has had more residential burglaries, has a larger number of residential units, or has a higher rate of single-family dwellings.""",,"- The study explicitly focuses on ""residential burglary"" as the crime type being analyzed. This is consistently mentioned throughout the paper.
- The abstract and body of the paper repeatedly refer to ""residential burglars"" and ""residential burglary,"" indicating that this is the specific crime type under investigation.
- The study's aim is to understand the factors that attract residential burglars to certain areas, further confirming that residential burglary is the primary crime type being studied.","  - ""Most studies using the discrete choice model to examine crime location choice processes have used residential burglary as the target crime type, because the number of these crimes is much greater than those of other felonious crimes such as homicides and arson.""
  - ""We should examine the effect of the past crime data of other types of crimes on an offender's choice of location for crimes because this index is applicable to the analysis of every type of crime.""
  - ""The results showed that residential burglars were attracted to the following potential locations for crimes: (a) areas in proximity to his or her own residence;

(b) areas having many or at least a higher proportion of residential burglaries in the past; (c) areas having many residential units; and (d) areas having a higher proportion of single-family dwellings.""
  - ""This study examines the effects of neighbourhood attractiveness on the residential burglar's crime location choice process using a discrete choice model.""
  - ""The goal of this study was to examine past crime data to determine whether such data could be used as an index of the attractiveness of neighbourhoods for residential burglary, which is the first step to introducing past crime data for geographic profiling.""",,"- The study explicitly focuses on ""residential burglary"" as the crime type being analyzed, as indicated by multiple references to this specific crime throughout the paper.
- The paper mentions that most studies using the discrete choice model focus on residential burglary, suggesting that this study follows a similar focus.
- The study's goal is to examine past crime data in relation to residential burglary, further indicating that it is a single crime type study.
- The mention of examining other crime types in future studies suggests that this particular study is limited to one crime type, which is residential burglary.","  - ""We used data from 369 solved cases committed by 70 offenders and related these data to 1,134 areas (500 m grid cells) in Sendai City, Japan.""
  - ""After applying these filters, we could use 369 solved cases committed by 70 residential burglars as our solved case data (cases by each offender: minimum = 1, maximum = 46, and mean = 5.29).""
  - ""The estimation results of the conditional logit model are presented in Table 3""",,"- The paper explicitly states that the study used ""369 solved cases committed by 70 offenders"" as the basis for their analysis. This is repeated in another part of the paper, confirming that these 369 cases were the core data for the study.
- The mention of ""369 solved cases"" indicates that these are individual crime incidents or events that were analyzed in the study.
- The paper does not mention any other number of crime incidents or events, so it is clear that these 369 cases are the focus of the statistical analysis.","  - ""The estimation results of the conditional logit model are presented in Table 3""
  - ""the results of the conditional logit model introducing the past residential burglary rate showed that the distance from offender's residence (0.70), the number of residential units (1.08), and the proportion of single-family dwellings (1.06) were significant (odds ratio).""
  - ""The discrete choice model will provide a solution that is the result of the effect of a single variable under the condition of all the other variables being fixed. If random error terms are independent and identically (Gumbel or Type I extreme value) distributed, then the parameters can be estimated with a multinomial logit model known as the conditional logit model (Ben-Akiva & Bierlaire, 1999).""
  - ""The use of random utility maximisation theory to study the criminal location choice process can be supported by rational choice theory. That is, offenders choose crime areas by considering the costs (e.g., travel distance and labour to find targets), the risks (e.g., public places and security cameras), and the benefits (e.g., expected value of a target), and maximise their net profit by choosing an area from a pool of potential locations.""",,"- The paper discusses the use of a discrete choice model to analyze the criminal location choice process, which is based on random utility maximization theory.
- It specifically mentions that the parameters can be estimated with a ""multinomial logit model known as the conditional logit model,"" indicating that the conditional logit model is a type of multinomial logit model.
- The paper refers to the ""estimation results of the conditional logit model"" and provides odds ratios from this model, confirming its use in the analysis.
- The conditional logit model is a specific type of discrete choice model that is used when the error terms are independently and identically distributed, which aligns with the description in the paper."
Adolescent offenders' current whereabouts predict locations of their future crimes,Wim Bernasco,-,-,PLoS ONE,21,2019,4,theft; burglary; assault; robbery; drug dealing; public order offences,Multiple crime types,165,Conditional Logit Model,"  - ""I used numbers of points of interest as a generic measure of crime opportunity for each of the grid cells in the study area. The points of interest in the period 2008-2010 were extracted from the LISA, a commercially available geo-referenced dataset on all branches of businesses and facilities in The Netherlands,""
  - ""The police records were drawn from the HKS information system.""
  - ""Access to police records was provided by the unit The Hague of the Dutch National Police.""
  - ""Police records were screened for evidence of crime involvement of the 517 participants who consented that additional information about them be collected.""
  - ""A sample of 843 adolescents reported their hourly whereabouts during four days.""",,"- The study used data from a sample of adolescents who reported their whereabouts, which is one data source.
- Police records were used to screen for crime involvement, which is another data source.
- The police records were accessed through the Dutch National Police, specifically from the HKS information system, which can be considered as part of the police records data source.
- The LISA dataset was used for points of interest, which is a separate data source.
- The study also mentions the use of registry data, which is likely part of the police records or another administrative data source, but it is not explicitly listed as a separate source.","  - ""The crimes included a wide variety of property and violent crimes, including theft, burglary, assault, robbery, drug dealing and public order offences.""",,"- The paper explicitly mentions that the study includes a variety of crime types.
- The specific crime types listed are theft, burglary, assault, robbery, drug dealing, and public order offences.
- These are the specific categories of crime that the study analyzes.","  - ""No selections were made with respect to crime type.""
  - ""The crimes included a wide variety of property and violent crimes, including theft, burglary, assault, robbery, drug dealing and public order offences.""",,"- The paper explicitly states that the study includes a ""wide variety of property and violent crimes,"" which indicates that multiple crime types are analyzed.
- The mention of specific crime types such as ""theft, burglary, assault, robbery, drug dealing and public order offences"" further supports the conclusion that the study examines multiple crime categories.
- The statement ""No selections were made with respect to crime type"" suggests that the study did not focus on a single crime type but rather considered a broad range of crimes.","  - ""Within four years after completing the first space-time budget interview, 70 (14%) of the 517 who had given permission to have their data linked to other sources had committed at least one offense in the study catchment area that was brought to the attention of the police. Together these 70 participants committed 165 detected offenses in the study area.""
  - ""Close inspection of the space-time structure of the crime data demonstrates that some pairs of crimes took place on the same day and at the same address. In these cases, it appears that multiple crimes have been reported that were part of the same incident (for example, theft escalating into assault, or drug dealing leading up to robbery). To prevent any conclusions about repeat locations based on artefacts, I selected only the 165 crimes that were the first to take place in a given location on a given day.""
  - ""The total number of crime incidents was 178, indicating that some had been involved in multiple crimes.""
  - ""During the subsequent four years, 70 of the 843 were apprehended for committing one or more crimes.""",,"- The paper initially mentions that there were 178 crime incidents, but this number includes multiple crimes that were part of the same incident.
- To avoid counting these as separate incidents, the author selected only the first crime in each location on each day, resulting in 165 unique crime incidents.
- These 165 incidents are the ones used for the statistical analysis, as they represent distinct crime events.
- The focus on these 165 incidents is consistent throughout the paper, particularly in the context of predicting crime locations.","  - ""If the unobserved random utility components ε ij are independently and identically distributed according to an extreme value distribution, the conditional logit model [36] can be derived.""
  - ""Following the random utility maximization postulate and according to a conditional logit model [36], the offender chooses a single location from the full choice set of 4558 locations""
  - ""I use a discrete spatial choice approach [35] to explain the offender's choice of a crime location and test the hypotheses.""",,"- The paper explicitly mentions the use of a ""discrete spatial choice approach"" to analyze the offender's choice of crime location, which is a common framework for discrete choice models.
- The paper specifically states that a ""conditional logit model"" was used, which is a type of discrete choice model. This is mentioned multiple times in the text, indicating that it is the primary model used in the analysis.
- The mention of ""random utility maximization postulate"" and ""extreme value distribution"" further supports the use of a conditional logit model, as these are characteristic features of this model type."
Where Do Dealers Solicit Customers and Sell Them Drugs? A Micro-Level Multiple Method Study,"Wim Bernasco, Scott Jacques",-,-,,26,2015,2,Drug offenses (illicit drug dealing),Single crime type,Not mentioned (the paper does not provide a specific number of crime incidents or events analyzed),Multinomial Logit Model (also referred to as Conditional Logit),"  - ""Four students were trained as observers and collected observation data on site between April 23, 2009 and May 28, 2009.""
  - ""Systematic observation requires that the area be partitioned into spatial units. In line with recent work that advocates the use of small spatial units of analysis (Oberwittler & Wikström, 2009;Weisburd, Groff, & Yang, 2012) and translating it into practical guidelines, 262 street segments were identified in the study area, of which 49 are located in the Red Light District.""
  - ""The overall study sample consisted of 50 subjects who were active as dealers in downtown Amsterdam.""
  - ""We combine data from prestructured interview questions, narrative data from semi-structured open-ended interview questions, and data collected through systematic street-level observations.""
  - ""Data were collected in interviews with 50 dealers of illicit drugs and through systematic observations of the 262 street segments in the study area.""",,"- The study used two primary data sources: interviews with dealers and systematic observations of street segments.
- The interviews were conducted with 50 dealers, providing qualitative and quantitative data.
- Systematic observations were conducted by four trained students, focusing on the physical and social environment of 262 street segments.
- The study does not mention any external databases, organizations, or agencies providing data, so the data sources are limited to these two internal methods.","  - ""The present study applied this general theory to a very specific crime-illicit drug dealing in an open air drug market-and tested it in the Red Light District and its neighboring area in downtown Amsterdam, the Netherlands.""
  - ""The purpose of this multiple methods study was to enhance our understanding of how dealers in general, and those doing business in downtown Amsterdam in particular, decide on where to solicit customers and sell them drugs.""
  - ""The overall study sample consisted of 50 subjects who were active as dealers in downtown Amsterdam.""
  - ""The aim of the present study is to find out what affects street dealers' choices about where to solicit customers and make sales.""",,"- The study focuses on ""illicit drug dealing in an open air drug market,"" which is a specific type of crime.
- The aim of the study is to understand the location choices of ""street dealers,"" which further confirms that the crime type is related to drug dealing.
- The study sample consists of ""50 subjects who were active as dealers in downtown Amsterdam,"" indicating that the study is centered around drug dealing activities.
- The study area and methods are described in detail, but the focus remains on drug dealing as the primary crime type being analyzed.","  - ""The present study applied this general theory to a very specific crime-illicit drug dealing in an open air drug market-and tested it in the Red Light District and its neighboring area in downtown Amsterdam, the Netherlands.""
  - ""The purpose of this multiple methods study was to enhance our understanding of how dealers in general, and those doing business in downtown Amsterdam in particular, decide on where to solicit customers and sell them drugs.""
  - ""The overall study sample consisted of 50 subjects who were active as dealers in downtown Amsterdam.""
  - ""The aim of the present study is to find out what affects street dealers' choices about where to solicit customers and make sales.""",,"- The study focuses on a specific crime type, which is ""illicit drug dealing in an open air drug market.""
- The aim of the study is to understand the location choices of street dealers, which indicates a focus on a single crime type.
- The study sample consists of 50 active dealers in downtown Amsterdam, further supporting the focus on a single crime type.
- The study area and methods are tailored to understand the spatial behavior of dealers in relation to drug dealing, reinforcing the focus on a single crime type.
- There is no mention of analyzing multiple crime types or comparing different crime categories, which suggests that the study is centered on a single crime type.","  - ""Data were collected in interviews with 50 dealers of illicit drugs and through systematic observations of the 262 street segments in the study area.""
  - ""The overall study sample consisted of 50 subjects who were active as dealers in downtown Amsterdam.""
  - ""The interviews with dealers combined highly structured lists of fixed-choice items with an open-ended interview protocol.""
  - ""A subset of 31 of the 50 subjects completed a supplement to the interview that specifically dealt with spatial aspects of selling drugs in downtown Amsterdam.""
  - ""Our interview data contain four types of observation that we view and analyze as location choices.""
  - ""The quantitative findings demonstrate that the dealers who were interviewed displayed a tendency to solicit at locations where potential customers congregate but did not seem to be deterred by the police or other sources of social control.""
  - ""the results of the quantitative analysis tentatively confirm the relevance of potential customer density as a location choice criterion.""
  - ""The results of the qualitative analysis provide additional insights into the effects of formal social control on location choices.""",,"- The study involved interviews with 50 dealers, which is the primary source of data for understanding their location choices and behaviors.
- The interviews included structured and open-ended questions, which provided both quantitative and qualitative data.
- The study focused on the location choices of these dealers rather than specific crime incidents or events.
- The paper does not mention analyzing specific crime incidents or events; instead, it discusses the dealers' strategies and preferences for soliciting customers and selling drugs.
- The analysis was based on the dealers' self-reported behaviors and observations of street segments, not on specific crime records or incidents.","  - ""Bernasco and Nieuwbeerta (2005) and Bernasco and Ruiter (2014) discuss the multinomial logit model (also known as conditional logit) and its application to criminal location choices in greater detail.""
  - ""In the economics literature and in recent criminological research (e.g., Bernasco, Block, & Ruiter, 2013), location choice questions have mostly been analyzed with discrete choice models (Ben-Akiva & Lerman, 1987;Train, 2009), in particular the multinomial logit model.""
  - ""In the present analysis, where no dealer spatial origin locations is assumed and where dealers' travel costs are assumed to be negligible, the model is equivalent to the Poisson model with the number of times a street segment was chosen as the dependent variable (Guimaraes, Figueirdo, & Woodward, 2003).""
  - ""We used this model to calculate, bivariately, the increase in the odds of choosing a street segment that results from a one-unit increase in the street segment characteristic.""",,"- The paper explicitly mentions the use of the ""multinomial logit model"" in the statistical analysis, which is a type of discrete choice model.
- The multinomial logit model is further described as being equivalent to the conditional logit model, indicating that these terms are used interchangeably in the context of this study.
- The use of the multinomial logit model is highlighted as a common approach in both economics and criminology literature for analyzing location choice questions.
- The paper provides additional references to other works by the authors that discuss the multinomial logit model in more detail, reinforcing its use in this study."
Discrete choice analysis of spatial attack sites,"Michael A Smith, Ae D E Brown, Donald E Brown",-,-,Inf. Syst. E Bus. Manag.,16,2007,1 (Richmond City Records Management Center),residential breaking and entering,Single crime type,637,Multinomial Logit with Spatial Hierarchy Model,"  - ""The dataset of breaking and entering crime analyzed here was obtained from the Richmond City Records Management Center and augmented with publicly available GIS layers to introduce proximity measurements and census information.""
  - ""The complete dataset consists of all reported breaking and entering crime in the City of Richmond, VA for calendar year 1997.""
  - ""The same data was used for analysis described (Lia and Brown 2003).""",,"- The paper mentions that the dataset was obtained from the ""Richmond City Records Management Center,"" which is a specific data source.
- The dataset was also ""augmented with publicly available GIS layers,"" which suggests additional data sources, but these are not specified as distinct organizations or agencies.
- The mention of ""census information"" implies another data source, likely from a census organization, but again, it is not explicitly named as a separate data source.
- The reference to ""Lia and Brown 2003"" suggests that the same data was used in another study, but it does not indicate a new or additional data source for this study.
- The paper does not explicitly list multiple distinct data sources, databases, organizations, or agencies beyond the Richmond City Records Management Center.","  - ""To make the assumption of consistent preferences reasonable, only residential breaking and entering crimes occurring in the third quarter of the year were used.""
  - ""The complete dataset consists of all reported breaking and entering crime in the City of Richmond, VA for calendar year 1997.""
  - ""A breaking and entering crime data set is employed to compare the efficacy of this model with traditional hot spot models.""
  - ""The dataset of breaking and entering crime analyzed here was obtained from the Richmond City Records Management Center and augmented with publicly available GIS layers to introduce proximity measurements and census information.""",,"- The paper explicitly mentions that the study analyzes ""breaking and entering crime data.""
- The dataset used in the study is described as consisting of ""all reported breaking and entering crime in the City of Richmond, VA for calendar year 1997.""
- The study focuses on ""residential breaking and entering crimes"" specifically, as indicated by the selection of data from the third quarter of the year.
- Therefore, the specific type of crime analyzed in this study is ""residential breaking and entering.""","  - ""The complete dataset consists of all reported breaking and entering crime in the City of Richmond, VA for calendar year 1997.""
  - ""To make the assumption of consistent preferences reasonable, only residential breaking and entering crimes occurring in the third quarter of the year were used.""
  - ""The dataset of breaking and entering crime analyzed here was obtained from the Richmond City Records Management Center and augmented with publicly available GIS layers to introduce proximity measurements and census information.""",,"- The paper explicitly states that the dataset analyzed consists of ""breaking and entering crime,"" which indicates that the study focuses on a single type of crime.
- The dataset is further specified as ""residential breaking and entering crimes,"" which narrows down the focus to a specific subset of breaking and entering crimes.
- There is no mention of any other crime types being analyzed in the study, reinforcing the conclusion that the study is focused on a single crime type.","  - ""This subset contained 637 distinct spatial selections.""
  - ""It was randomly partitioned into test and training subsets in a 1:2 ratio, producing a training set of 425 crime events and a test set of 212.""
  - ""To make the assumption of consistent preferences reasonable, only residential breaking and entering crimes occurring in the third quarter of the year were used.""
  - ""The complete dataset consists of all reported breaking and entering crime in the City of Richmond, VA for calendar year 1997.""",,"- The paper discusses the analysis of breaking and entering crime data from Richmond, VA, specifically focusing on the year 1997.
- The dataset was filtered to include only residential breaking and entering crimes that occurred in the third quarter of 1997 to ensure consistent preferences.
- The total number of distinct spatial selections (crime incidents) in this filtered dataset is explicitly stated as 637.
- These 637 incidents were then divided into training and test sets, with 425 incidents used for training and 212 for testing.
- The question asks for the total number of individual crime incidents or events analyzed in the study, which is directly provided by the number of distinct spatial selections.","  - ""The models presented in this paper use the spatial hierarchy model, with evaluation likelihood determined via Parzen kernel density estimation.""
  - ""The most commonly applied multinomial choice model is the multinomial logit.""
  - ""An additional model was estimated using the spatial hierarchy specification described in Sect. 3.3.""",,"- The paper explicitly mentions the use of the ""multinomial logit"" model, which is a common type of discrete choice model.
- The paper also discusses the use of a ""spatial hierarchy model,"" which is a modification of the multinomial logit model. This suggests that the primary model type is the multinomial logit, with a specific adaptation for spatial hierarchy.
- The spatial hierarchy model is described as a modification of the multinomial logit, indicating that the base model is indeed the multinomial logit."
Residential burglary target selection: An analysis at the property-level using Google Street View,"Samuel H Langton, Wouter Steenbeek",-,-,,40,2017,4,Residential burglary,Single crime type,155,Conditional Logit,"  - ""The physical characteristics of these residential units and their immediate surrounding area are measured through Systematic Social Observation (SSO), using Google Maps and its built-in virtual reality tool, Google Street View (GSV).2""
  - ""Neighbourhood-level variables are sourced from a community survey conducted in The Hague.""
  - ""The outcome variable in this study was whether or not a residential unit was burgled in The Hague during the year 2009. The variable was given a value of 1 if the property was victimised, and a value of 0 if it was not victimised.""
  - ""the data used for the neighbourhood-level construct was retrieved courtesy of Bruinsma et al. (2013), gathered from the community survey which contained five questions on social trust and six questions on informal social control""
  - ""the crime event data contains information on all reported burglary incidences reported in the year 2009. Only those within the category of 'breaking and entering' were selected.""
  - ""Part of official municipality data registrations, this data source provides information on all addresses and buildings in the Netherlands.""",,"- The study uses Google Street View (GSV) as a primary data source for measuring physical characteristics of residential units, which is a distinct data source.
- Neighbourhood-level variables are sourced from a community survey conducted in The Hague, which is another distinct data source.
- The crime event data is sourced from The Hague Police Force, providing information on burglary incidents, which is a separate data source.
- The study also uses official municipality data registrations for information on addresses and buildings, which is another distinct data source.
- The data from Bruinsma et al. (2013) is used for neighbourhood-level constructs, which is derived from a community survey and is considered part of the same data source as the community survey mentioned earlier.","  - ""This study has sought to shed light on residential burglary target selection by explaining to what extent the selection process is dependent on the physical characteristics of residential dwellings, and their immediate surrounding area.""
  - ""The outcome variable in this study was whether or not a residential unit was burgled in The Hague during the year 2009.""",,"- The paper explicitly states that the study focuses on ""residential burglary"" as indicated by the objectives and the outcome variable.
- The study is specifically concerned with the physical attributes of residential homes and their surrounding areas as they relate to the risk of burglary.
- The paper does not mention any other crime types, indicating that the focus is solely on residential burglary.","  - ""This study has sought to shed light on residential burglary target selection by explaining to what extent the selection process is dependent on the physical characteristics of residential dwellings, and their immediate surrounding area.""
  - ""The outcome variable in this study was whether or not a residential unit was burgled in The Hague during the year 2009.""",,"- The study's objectives explicitly mention the focus on ""residential burglary,"" indicating that the study is centered around a single crime type.
- The outcome variable is defined as whether a residential unit was burgled, further confirming that the study is focused on burglary.
- The study's aim is to shed light on residential burglary target selection, reinforcing that the study is about a single crime type.","  - ""Of the 221 single houses that were burglarised during daylight hours in 2009, some were on streets or within neighbourhoods of The Hague not covered by GSV. Others were covered, but the date of the GSV images were post-burglary. Due to these restrictions, data on 155 burglarised houses could be collected using GSV across 55 neighbourhoods.""
  - ""For this study, a selection of 150 dwellings that were burglarised during daylight hours in 2009 is made from geocoded, timestamped data from The Hague Police Force, the Netherlands.""
  - ""In order to hold this factor constant, only burglaries that occurred in daylight 3 and were in the 'single houses' dataset were retained, leaving 221 break and enter events.""
  - ""Sourced from The Hague Police Force, the crime event data contains information on all reported burglary incidences reported in the year 2009. Only those within the category of 'breaking and entering' were selected. After cases with overt data errors were removed, the final sample consisted of 2911 cases.""",,"- The paper initially mentions that there were 2911 reported burglary incidents in 2009, but this number includes all types of burglaries, not just those that occurred during daylight hours or in single houses.
- The study focuses on burglaries that occurred during daylight hours and in single houses, which narrows down the number to 221 incidents.
- However, due to limitations in data collection using Google Street View (GSV), only 155 of these incidents were actually analyzed in the study.
- The final sample used for analysis consisted of 300 single houses, evenly split between burglarised and non-burglarised dwellings, but the question specifically asks for the number of crime incidents analyzed, which is 155.","  - ""Conditional logistic regression models were fitted by conditional maximum likelihood using the statistical environment R.""
  - ""Table 3 presents the conditional logistic regression models testing the four main effect hypotheses of H1, H2, H3 and H4, as well as the cross-level interaction to test H1a.""",,"- The paper explicitly mentions the use of ""conditional logistic regression models"" in the statistical analysis. This is a type of discrete choice model.
- The mention of ""conditional maximum likelihood"" further supports that the model used is a conditional logit model, as this is a common estimation method for such models.
- The use of conditional logistic regression is consistent with the study's aim to analyze binary outcomes (burglarized vs. not burglarized) and to control for neighborhood-level effects."