Title,Authors,DOI,DOI link,Venue,Citation count,Year,Number_of_Units,Average_Population_per_Unit,Spatial_Aggregation,Unit_Selection_Rationale," Rationale_Category","Supporting quotes for ""Number_of_Units""","Supporting  tables for ""Number_of_Units""","Reasoning for ""Number_of_Units""","Supporting quotes for ""Average_Population_per_Unit""","Supporting  tables for ""Average_Population_per_Unit""","Reasoning for ""Average_Population_per_Unit""","Supporting quotes for ""Spatial_Aggregation""","Supporting  tables for ""Spatial_Aggregation""","Reasoning for ""Spatial_Aggregation""","Supporting quotes for ""Unit_Selection_Rationale""","Supporting  tables for ""Unit_Selection_Rationale""","Reasoning for ""Unit_Selection_Rationale""","Supporting quotes for "" Rationale_Category""","Supporting  tables for "" Rationale_Category""","Reasoning for "" Rationale_Category"""
TARGET CHOICE DURING EXTREME EVENTS: A DISCRETE SPATIAL CHOICE MODEL OF THE 2011 LONDON RIOTS *,"Peter Baudains, Alex Braithwaite, Shane D Johnson",-,-,,85,2013,"4,765","1,500",No,"The authors chose Lower Super Output Areas (LSOAs) as their unit of analysis because they are interested in offender decision making at the area level. The use of LSOAs is justified by the availability of data across all 4,765 LSOAs in Greater London, which allows for a detailed analysis of spatial patterns. The smaller size of LSOAs makes explanatory variables more representative of the population and characteristics of each area. The authors also considered potential issues with spillover effects and included a measure of population density as a control variable.","Theory, previous research, and data availability","  - ""Data exist across the complete set of 4,765 LSOAs in the Greater London area, and each LSOA typically consists of around 1,500 residents.""
  - ""The aim of the current article was to advance understanding of the spatial decision making of rioters and to consider the utility of different theoretical accounts.""
  - ""In executing our research design, we are interested in offender decision making at the area level, and our chosen unit of analysis is the U.K. census LSOA.""
  - ""The estimates of population churn rates and ethnic heterogeneity were derived using data from the 2001 U.K. Census.""
  - ""The police data consist of all offenses that were detected, and that were identified as having been associated with the riots, by the Metropolitan police for the period August 6-11, 2011.""
  - ""Of the available data (N = 3,914), 2,299 records contained entries for both the residential and the offense location. Only these data were used in the analysis,""",,"- The paper uses Lower Super Output Areas (LSOAs) as the unit of analysis, which are spatial units used in the UK census.
- The total number of LSOAs in Greater London is mentioned as 4,765, but this is not necessarily the number used in the final analysis.
- The paper specifies that only 2,299 records with both residential and offense locations were used in the analysis, but this refers to the number of data points rather than the number of spatial units.
- The methodology section indicates that the analysis was conducted at the area level using LSOAs, but it does not specify a reduced number of LSOAs used in the final analysis.
- The focus is on the number of spatial units (LSOAs) included in the analysis, not the number of data points or records.","  - ""Data exist across the complete set of 4,765 LSOAs in the Greater London area, and each LSOA typically consists of around 1,500 residents.""
  - ""The advantage of smaller sized units of analysis in the discrete choice approach is that the explanatory variables are more representative of the population and characteristics of each area.""",,"- The paper mentions that the study uses Lower Super Output Areas (LSOAs) as the spatial units for analysis.
- It specifies that each LSOA ""typically consists of around 1,500 residents,"" which provides a clear indication of the average population size per spatial unit.
- The mention of ""around 1,500 residents"" suggests that this is an approximate average, but it gives a clear figure for the average population size per LSOA.","  - ""The advantage of smaller sized units of analysis in the discrete choice approach is that the explanatory variables are more representative of the population and characteristics of each area.""
  - ""Data exist across the complete set of 4,765 LSOAs in the Greater London area, and each LSOA typically consists of around 1,500 residents.""
  - ""In executing our research design, we are interested in offender decision making at the area level, and our chosen unit of analysis is the U.K. census LSOA.""",,"- The paper specifies that the unit of analysis is the U.K. census Lower Super Output Area (LSOA), which is a smaller administrative unit.
- The data is described as existing across the complete set of 4,765 LSOAs in Greater London, indicating that these smaller units are used directly in the analysis.
- There is no mention of aggregating these LSOAs into larger administrative units for the analysis. Instead, the focus is on using these smaller units to maintain detailed representation of population and area characteristics.
- The paper highlights the advantage of using smaller units, which suggests that no aggregation to larger units was performed.","  - ""In executing our research design, we are interested in offender decision making at the area level, and our chosen unit of analysis is the U.K. census LSOA.""
  - ""The advantage of smaller sized units of analysis in the discrete choice approach is that the explanatory variables are more representative of the population and characteristics of each area.""
  - ""Data exist across the complete set of 4,765 LSOAs in the Greater London area, and each LSOA typically consists of around 1,500 residents.""
  - ""One issue with using smaller areas is that failing to account for potential spillover effects may lead to errors of inference. Spillover effects occur if an offender chooses a location to offend based on the characteristics of nearby areas rather than on the area itself.""
  - ""In addition to the variables discussed, a measure of population density is included in the model. This measure is included to control for the potential effects of this variable, but we do not test a substantive hypothesis regarding the influence of population density in this article.""",,"- The authors chose the Lower Super Output Areas (LSOAs) as their unit of analysis because they are interested in offender decision making at the area level. This choice is justified by the availability of data across all 4,765 LSOAs in Greater London, which allows for a detailed analysis of spatial patterns.
- The use of LSOAs is also justified by their relatively small size, with each typically containing around 1,500 residents. This smaller size is advantageous because it makes the explanatory variables more representative of the population and characteristics of each area.
- The authors acknowledge potential issues with using smaller areas, such as spillover effects, but they address this by testing models with spatially lagged variables, which showed consistent results.
- The inclusion of a measure of population density is mentioned as a control variable, indicating that the authors considered the potential impact of population density on their analysis.","  - ""The estimates of population churn rates and ethnic heterogeneity were derived using data from the 2001 U.K. Census.""
  - ""In executing our research design, we are interested in offender decision making at the area level, and our chosen unit of analysis is the U.K. census LSOA.""
  - ""Data exist across the complete set of 4,765 LSOAs in the Greater London area, and each LSOA typically consists of around 1,500 residents.""
  - ""The results presented are robust to the inclusion of two other variables: a measure of police strength and a measure of police relations in the destination areas.""
  - ""The advantage of smaller sized units of analysis in the discrete choice approach is that the explanatory variables are more representative of the population and characteristics of each area.""",,"- The authors chose the U.K. census Lower Super Output Areas (LSOAs) as their spatial unit of analysis (SUoA) because data exist across all 4,765 LSOAs in Greater London, indicating that data availability was a significant factor.
- The use of LSOAs is also justified by the fact that each typically consists of around 1,500 residents, suggesting that these units are representative of the population and area characteristics, which aligns with theoretical considerations about the appropriateness of these units for analysis.
- The mention of the advantage of smaller-sized units of analysis in the discrete choice approach suggests that theoretical considerations about the representativeness of these units were also important.
- The use of data from the 2001 U.K. Census for variables like population churn rates and ethnic heterogeneity further supports the role of data availability in the selection of LSOAs.
- The robustness of results to additional variables indicates that the choice was also influenced by previous research methods and theoretical considerations about what makes a suitable unit of analysis."
a_discrete_spatial_choice_model_of_burglary_target.pdf,-,-,-,-,-,-,"503,589",Not specified,No (the study uses data at the house level within the province of East Flanders without aggregating from smaller administrative units),"The authors justify the use of the house as the spatial unit of analysis by arguing that it is the smallest and most relevant unit for studying burglary target selection. This choice addresses the modifiable areal unit problem, reduces aggregation bias, and more accurately measures the environment in which offenders operate. Theoretically, it aligns with the nature of burglary, which involves selecting a specific house to commit the crime.","Theory, previous research, and data availability","  - ""In total, 503,589 residential properties were included in the final choice set.""
  - ""The study area comprises the entire province of East Flanders (Belgium), a densely urbanized polycentric study area with a population of approximately 1.5 million inhabitants distributed across 12 cities and 53 towns.""
  - ""In total, 650 unique burglars and their burglaries were included in the analysis.""",,"- The paper mentions that ""650 unique burglars and their burglaries were included in the analysis,"" which refers to the number of burglary cases analyzed.
- The phrase ""503,589 residential properties were included in the final choice set"" indicates the total number of residential properties considered in the study.
- The study area is described as covering ""12 cities and 53 towns,"" but this does not directly relate to the number of spatial units in the analysis.
- The question asks for the ""Number_of_Units"" in the final statistical analysis, which refers to the number of spatial units (houses) included in the analysis.
- The relevant number for the ""Number_of_Units"" is the total number of residential properties considered, which is 503,589.","  - ""The study area comprises the entire province of East Flanders (Belgium), a densely urbanized polycentric study area with a population of approximately 1.5 million inhabitants distributed across 12 cities and 53 towns.""",,"- The study area is described as the entire province of East Flanders, which has a population of approximately 1.5 million inhabitants.
- The study area is divided into 12 cities and 53 towns, but the paper does not provide specific population figures for each of these units.
- The paper does not specify the average population size per individual unit (city or town), nor does it provide a breakdown of the population distribution across these units.
- Therefore, the average population size per spatial unit (city or town) is not specified in the paper.","  - ""The study area comprises the entire province of East Flanders (Belgium), a densely urbanized polycentric study area with a population of approximately 1.5 million inhabitants distributed across 12 cities and 53 towns.""
  - ""The study area spans East Flanders (see Fout! Verwijzingsbron niet gevonden.), a north-western province in Belgium that borders the Netherlands in the north.""
  - ""This paper addresses this shortcoming and seeks to establish which attributes at the house-level influence offenders' decision when selecting a residential property as a burglary target.""
  - ""In this study, we consider a discrete spatial choice model of burglary target selection in which every burglar can choose among 503,589 residential properties in a Belgian province to pick a burglary target.""",,"- The paper focuses on analyzing data at the house level, which is the finest spatial unit of analysis in this study.
- The study area is described as the entire province of East Flanders, which is a larger administrative unit.
- The paper does not mention aggregating data from smaller administrative units to create larger ones for analysis. Instead, it emphasizes the use of house-level data within the province.
- The study area is compared to other studies that used smaller areas like single cities or metropolitan areas, but there is no indication that smaller units were aggregated to form the study area.","  - ""This paper addresses this shortcoming and seeks to establish which attributes at the house-level influence offenders' decision when selecting a residential property as a burglary target.""
  - ""this is the first discrete spatial choice study that models the target selection process of burglars using the house as the spatial unit of analysis.""
  - ""the spatial resolution of existing applications of the approach is not aligned with the outcome of offenders' spatial choice behavior and the decisions they are expected to make when looking for a particular burglary target.""
  - ""the use of fine-grained spatial units of analysis such as the house that is burglarized has the advantage that it addresses the modifiable areal unit problem and reduces the risk of aggregation bias""
  - ""Whenever possible smaller spatial units of analysis are to be preferred over larger spatial units of analysis""
  - ""Since micro-places more accurately measure the environment in which the offender acts, it is preferable to conduct geospatial criminological research at the most fine-grained spatial resolution available.""
  - ""With respect to burglary, there is little debate that the house is naturally the smallest spatial unit of analysis available""
  - ""Essentially, burglary is about an offender finding a suitable house to burglarize and committing his offence within a clearly confined space.""",,"- The authors justify the use of the house as the spatial unit of analysis by highlighting that it is the smallest and most relevant unit for studying burglary target selection. This is because burglary is specifically about selecting a house to burglarize.
- They argue that previous studies have used larger spatial units like neighborhoods or postal code areas, which do not align with the actual decision-making process of burglars.
- The use of fine-grained spatial units like houses helps address the modifiable areal unit problem and reduces aggregation bias, which are methodological advantages.
- The authors also emphasize that smaller spatial units are preferable because they more accurately measure the environment in which offenders operate.
- The choice of the house as the spatial unit is theoretically justified by the nature of burglary itself, which involves selecting a specific house to commit the crime.","  - ""This paper addresses this shortcoming and seeks to establish which attributes at the house-level influence offenders' decision when selecting a residential property as a burglary target.""
  - ""this is the first discrete spatial choice study that models the target selection process of burglars using the house as the spatial unit of analysis.""
  - ""The spatial resolution of existing applications of the discrete spatial choice approach to crime target selection does not yet fully align with the theoretical and empirical understanding of burglars' target selection process.""
  - ""Prior work has exclusively focused on intermediary outcomes and used larger spatial units of analysis such as neighborhoods or postal code areas to model burglars' target selection process, even though burglars ultimately select a house to burglarize.""
  - ""the use of fine-grained spatial units of analysis such as the house that is burglarized has the advantage that it addresses the modifiable areal unit problem and reduces the risk of aggregation bias""
  - ""Since micro-places more accurately measure the environment in which the offender acts, it is preferable to conduct geospatial criminological research at the most fine-grained spatial resolution available.""
  - ""With respect to burglary, there is little debate that the house is naturally the smallest spatial unit of analysis available""",,"- The authors justify their choice of the house as the spatial unit of analysis (SUoA) by referencing the theoretical understanding that burglars ultimately select a house to burglarize, indicating a theoretical basis for their choice (Quotes 1, 3, 7).
- They also mention that previous research has used larger spatial units, which do not align with the actual target selection process, suggesting that their choice is also informed by previous research (Quotes 4, 5).
- The use of fine-grained spatial units like the house is justified by the reduction of aggregation bias and addressing the modifiable areal unit problem, which relates to data availability and the practicality of using such units (Quotes 5, 6).
- Therefore, the rationale for selecting the house as the SUoA is based on a combination of theoretical understanding, previous research, and data availability considerations."
Formal Evaluation of the Impact of Barriers and Connectors on Residential Burglars' Macro-Level Offending Location Choices,"Joseph Clare, John Fernandez, Frank Morgan",-,-,,100,2009,291,"4,669 residents per suburb",No (the paper does not mention aggregating data from smaller administrative units to create larger spatial units for analysis),"The authors chose suburbs as their spatial unit because they are akin to neighborhoods, which aligns with the scale of analysis for residential burglary. This choice is justified by the need to define a relevant choice set for burglars' decision-making, allowing for the examination of physical barriers and connectors. The selection is also influenced by practical considerations such as data availability and relevance to the study area.",Theory and data availability,"  - ""A total of 291 residential suburbs were selected as members of the possible choice set for the residential burglaries examined here.""
  - ""The final dataset contained 1,761 singleoffender (actual or attempted) residential burglaries committed between January 1, 2001, and December 31, 2002 , where the offender resided in the city of Perth.""",,"- The paper mentions that the final dataset included 1,761 single-offender residential burglaries. However, this refers to the number of incidents rather than spatial units.
- The key phrase ""A total of 291 residential suburbs were selected as members of the possible choice set"" indicates that the spatial units in question are suburbs.
- Therefore, the number of spatial units included in the final statistical analysis is the number of suburbs, which is 291.","  - ""statistics for this set of suburbs show that they have an average size of 6.76 km 2 with a mean population of 4,669 residents and 1,791 dwellings (ABS, 2003)""
  - ""The estimated residential population of Perth in 2001 was 1,381,298 people.""",,"- The paper provides specific statistics about the suburbs in Perth, Western Australia, which are the spatial units of interest in this study.
- The quote ""statistics for this set of suburbs show that they have an average size of 6.76 km 2 with a mean population of 4,669 residents and 1,791 dwellings (ABS, 2003)"" directly addresses the question by providing the average population per suburb.
- The average population per suburb is explicitly stated as 4,669 residents.
- The mention of the total population of Perth is not relevant to the question about the average population per spatial unit (suburb).","  - ""The city of Perth is located in the south-west of Western Australia at the coast of the Indian Ocean. The estimated residential population of Perth in 2001 was 1,381,298 people. Perth is the largest city in Western Australia, with suburbs that sprawl along the coast for approximately 100 km and extend inland from the coast by up to 40 km. A total of 291 residential suburbs were selected as members of the possible choice set for the residential burglaries examined here.""
  - ""The residential burglary data analysed here were provided by the Western Australian Police. The information provided for each burglary incident contained details on the nature of the burglary (attempted or actual) and the broad location of the burglary (in this case, the suburb).""
  - ""The overall geographic placement of these suburbs in relation to the Swan River, selected major roads, and the location of the railway line are displayed in Figure 1""
  - ""The final dataset contained 1,761 singleoffender (actual or attempted) residential burglaries committed between January 1, 2001, and December 31, 2002 , where the offender resided in the city of Perth.""",,"- The paper mentions that the data was analyzed at the level of suburbs, as indicated by the statement that ""the broad location of the burglary (in this case, the suburb)"" was used.
- The paper does not explicitly mention aggregating data from smaller administrative units to create larger spatial units. Instead, it focuses on analyzing data at the suburb level.
- The suburbs are described as part of the city of Perth, but there is no mention of aggregating data from smaller units like census blocks or statistical areas to create these suburbs.
- The focus is on analyzing data at the suburb level, which is already a defined administrative unit in Western Australia.","  - ""The city of Perth is located in the south-west of Western Australia at the coast of the Indian Ocean. The estimated residential population of Perth in 2001 was 1,381,298 people. Perth is the largest city in Western Australia, with suburbs that sprawl along the coast for approximately 100 km and extend inland from the coast by up to 40 km.""
  - ""A total of 291 residential suburbs were selected as members of the possible choice set for the residential burglaries examined here.""
  - ""It is important to note here that the term suburb as used in Western Australia has a different meaning to other parts of the world (particularly the United States and Canada), and is more akin to a neighbourhood in these areas.""
  - ""The overall geographic placement of these suburbs in relation to the Swan River, selected major roads, and the location of the railway line are displayed in Figure 1""
  - ""The essential elements involved with the application of discrete spatial choice are: (a) defining the boundaries of the choice set, (b) capturing the unique attributes of the decision-makers and (c) modelling the interaction between the individual chooser's characteristics and choice for the whole population""
  - ""The final dataset contained 1,761 singleoffender (actual or attempted) residential burglaries committed between January 1, 2001, and December 31, 2002 , where the offender resided in the city of Perth.""
  - ""The descriptive statistics for the characteristics of the offenders involved in this analysis are displayed in Table 1 disaggregated by age, Indigenous status, and sex.""
  - ""The city of Perth is located in the south-west of Western Australia at the coast of the Indian Ocean. The estimated residential population of Perth in 2001 was 1,381,298 people.""
  - ""A further issue concerns the selection of the spatial scale for burglary analysis in this case. This is a complex problem and there may be no solution that is applicable across the ecology of different cities.""
  - ""Future research could seek to minimise the impact of this limitation by using more artificially constructed and uniform areas for this type of analysis.""",,"- The authors chose suburbs as their spatial unit because they are akin to neighborhoods in other parts of the world, which aligns with the scale of analysis for residential burglary.
- The selection of suburbs as the spatial unit is justified by the need to define a choice set that is relevant to the decision-making process of burglars, as indicated by the discrete spatial choice approach.
- The use of suburbs allows for the examination of physical barriers and connectors, such as rivers and train lines, which are significant at this scale.
- The authors acknowledge that the selection of spatial scale is complex and may not be universally applicable, suggesting a practical consideration in choosing suburbs due to their relevance to the study area.
- The choice of suburbs is also influenced by the availability of data and the need to capture unique attributes of decision-makers and their interactions with the environment.","  - ""The city of Perth is located in the south-west of Western Australia at the coast of the Indian Ocean. The estimated residential population of Perth in 2001 was 1,381,298 people. Perth is the largest city in Western Australia, with suburbs that sprawl along the coast for approximately 100 km and extend inland from the coast by up to 40 km.""
  - ""A total of 291 residential suburbs were selected as members of the possible choice set for the residential burglaries examined here.""
  - ""The overall geographic placement of these suburbs in relation to the Swan River, selected major roads, and the location of the railway line are displayed in Figure 1""
  - ""the term suburb as used in Western Australia has a different meaning to other parts of the world (particularly the United States and Canada), and is more akin to a neighbourhood in these areas.""
  - ""The final dataset contained 1,761 singleoffender (actual or attempted) residential burglaries committed between January 1, 2001, and December 31, 2002 , where the offender resided in the city of Perth.""
  - ""Cases were removed if: (a) there were multiple offenders identified for a single incident, or (b) the offender's area of residence was located outside the Perth metropolitan area.""",,"- The authors selected Perth as their spatial unit of analysis (SUoA) because it is the largest city in Western Australia, which suggests a rationale based on ""Administrative convenience"" due to its size and population.
- The selection of suburbs within Perth as the choice set is justified by the unique definition of suburbs in Western Australia, which aligns with ""Theory"" as it reflects a theoretical understanding of spatial units in criminology.
- The use of data from the Western Australian Police and the focus on suburbs within the Perth metropolitan area indicate ""Data availability"" as a rationale.
- The exclusion of cases outside the Perth metropolitan area further supports ""Data availability"" as a rationale.
- The combination of these factors suggests that the authors used a rationale that includes both theoretical considerations and data availability."
Investigating the effect of people on the street and streetscape physical environment on the location choice of street theft crime offenders using street view images and a discrete spatial choice model,"Han Yue, Lin Liu, Luzi Xiao, Y D Wei",-,-,Applied Geography,15,2023,1636,Not specified (the paper does not provide the average population size per community or spatial unit),No (the researchers used communities as the spatial unit of analysis without aggregating data from smaller administrative units),"The authors chose the community as the spatial unit of analysis because it is relevant to urban planning and crime studies, particularly for analyzing streetscape features and their influence on street theft crime. The stability of urban features and consistent vegetation in the sub-tropical region support this choice. The use of a discrete spatial choice model also aligns with community-level analysis.",Administrative convenience,"  - ""Finally, 1636 communities remain in this study.""
  - ""there were 1540 crimes committed across 1636 communities, resulting in a total of 2,519,440 observations.""
  - ""The research field of crime geography employs a discrete spatial choice model to analyze the factors that influence offenders' decisions in selecting a community j for committing crimes, with the dependent variable being dichotomous.""
  - ""there were 1540 street theft crimes in the selected communities of the study area.""
  - ""this study takes the community as the spatial unit of analysis.""",,"- The paper specifies that the ""community"" is used as the spatial unit of analysis, indicating that each community is considered a single unit in the study.
- The number of communities included in the final analysis is explicitly stated as 1636, which is the number of spatial units used in the study.
- The mention of 1540 street theft crimes across these communities further supports that these crimes are distributed across the 1636 communities, reinforcing the use of communities as spatial units.
- The total number of observations (2,519,440) is derived from the combination of crimes and communities, but the primary spatial unit remains the community.","  - ""There are 2643 communities in the ZG city, and this study takes the community as the spatial unit of analysis.""
  - ""the population of permanent residents in the city amounted to 15.30 million in 2019.""
  - ""Finally, 1636 communities remain in this study.""",,"- The paper provides the total population of the city (15.30 million) and the number of communities (2643 initially, with 1636 remaining in the study).
- However, it does not provide a direct calculation or mention of the average population size per community or spatial unit.
- The focus of the study is on the streetscape environment and its impact on crime location choice, rather than on demographic data like population size per unit.","  - ""The main aim of this study is to investigate how the presence of people on the street and the streetscape's physical environment affect criminals' crime location choices.""
  - ""This study is conducted in ZG city, a megacity in southeast China.""
  - ""There are 2643 communities in the ZG city, and this study takes the community as the spatial unit of analysis.""
  - ""Finally, 1636 communities remain in this study.""
  - ""The type of crime studied in this paper is street theft crime, which includes snatching, pickpocketing, and theft from the person that happened in the public open space.""
  - ""For each detected street theft crime, we calculated the distance between the offender's residence and the centroids of each of the 1636 communities.""",,"- The study is conducted in ZG city, which is divided into 2643 communities.
- The researchers use the community as the spatial unit of analysis, indicating that data is aggregated at this level.
- The study involves analyzing data from these communities, which are the original smaller administrative units.
- The final analysis is conducted at the community level, which is the larger administrative unit compared to potentially smaller units like census blocks or statistical areas.
- The researchers do not mention aggregating data from smaller units to create larger ones; instead, they use the community as the base unit for analysis.","  - ""The main aim of this study is to investigate how the presence of people on the street and the streetscape's physical environment affect criminals' crime location choices.""
  - ""This study is conducted in ZG city, a megacity in southeast China. With an urbanization rate of 86.46%, the population of permanent residents in the city amounted to 15.30 million in 2019.""
  - ""There are 2643 communities in the ZG city, and this study takes the community as the spatial unit of analysis.""
  - ""Because of the high urbanization rate, buildings and roads do generally not change significantly from one year to another.""
  - ""Being situated in a sub-tropical region, trees and bushes remain green throughout the year.""
  - ""The type of crime studied in this paper is street theft crime, which includes snatching, pickpocketing, and theft from the person that happened in the public open space.""",,"- The study is conducted in a megacity with a high urbanization rate, which suggests that the spatial unit should be manageable and relevant to urban planning and crime analysis.
- The choice of the community as the spatial unit of analysis is likely due to its relevance to urban planning and crime studies, as communities are often used as units for analyzing crime patterns and environmental influences.
- The stability of buildings and roads in the area, as well as the consistent vegetation due to the sub-tropical climate, suggests that the community level is appropriate for analyzing streetscape features without significant temporal variations.
- The focus on street theft crime, which occurs in public open spaces, aligns with the use of communities as spatial units, as these crimes are likely influenced by community-level environmental features.
- The use of a discrete spatial choice model, which is commonly applied in crime geography to analyze location choices, supports the selection of communities as the spatial unit, as this model is suitable for analyzing choices at a community level.","  - ""Because of the high urbanization rate, buildings and roads do generally not change significantly from one year to another.""
  - ""There are 2643 communities in the ZG city, and this study takes the community as the spatial unit of analysis.""
  - ""This study is conducted in ZG city, a megacity in southeast China.""
  - ""The main aim of this study is to investigate how the presence of people on the street and the streetscape's physical environment affect criminals' crime location choices.""",,"- The paper mentions that the study is conducted in a megacity in southeast China, which suggests that the spatial unit of analysis (SUoA) is chosen based on administrative convenience, as it aligns with existing administrative boundaries.
- The mention of ""2643 communities in the ZG city"" and the decision to ""take the community as the spatial unit of analysis"" further supports the idea that administrative convenience is a key factor, as communities are likely defined by administrative or governmental boundaries.
- The rationale for choosing communities as the SUoA is not explicitly linked to previous research or theoretical frameworks in the provided text. Instead, it seems to be a practical choice based on the existing administrative structure of the city.
- The stability of buildings and roads due to high urbanization rates is mentioned, but this does not directly justify the choice of communities as the SUoA; it rather supports the use of street view images for data collection."
Target Selection Models with Preference Variation Between Offenders,"Michael Townsley, Daniel Birks, Stijn Ruiter, Wim Bernasco, • Gentry White",-,-,-,-,-,158,Not specified,"Yes, data was aggregated from smaller administrative units to Statistical Local Areas (SLAs) for analysis.","The authors justify their choice of using Statistical Local Areas (SLAs) as the spatial unit by referencing the discrete spatial choice framework, which involves comparing neighborhood characteristics. This choice is consistent with previous research and allows for analysis using data from the Australian Bureau of Statistics. The use of SLAs is practical for capturing neighborhood characteristics and is grounded in theoretical models of offender behavior and spatial preferences.",Theory and previous research,"  - ""Examining the location choices of these offenders, a choice set of 158 Statistical Local Areas (SLAs) were defined as possible offending areas.""
  - ""The map of average b i coefficients per SLA is displayed in Fig. 3 . The variation in b i is displayed in four shades of grey.""
  - ""The overall variation in b i coefficients appears only partially related to the spatial nesting of burglars in SLAs.""
  - ""For both proximity variables distances measures are multiplied by negative one in order that increases in proximity (i.e. where an alternative is closer) produce a positive coefficient. Observations recording a zero distance (where offending occurs within the neighborhood an offender resides within) are transformed using the Ghosh correction (Ghosh 1951).""",,"- The paper mentions that a ""choice set of 158 Statistical Local Areas (SLAs)"" was defined for the analysis. This indicates that the final statistical analysis included 158 spatial units.
- The mention of ""spatial nesting of burglars in SLAs"" and the mapping of ""average b i coefficients per SLA"" further supports that these SLAs were the spatial units used in the analysis.
- The transformation of proximity variables and the use of the Ghosh correction for zero distances suggest that these SLAs were integral to the statistical model, reinforcing the idea that they were the units of analysis.","  - ""the number of burglars in the other SLAs range from a single burglar (in 20 SLAs) to as many as 55 (in 1 SLA) with an average of just over six burglars per target area].""
  - ""Examining the location choices of these offenders, a choice set of 158 Statistical Local Areas (SLAs) were defined as possible offending areas.""
  - ""Data describing 2844 detected residential burglaries committed by 873 offenders over 2006-2009 calendar years in the Brisbane Local Government Area were collected and analyzed.""",,"- The paper provides information about the number of burglaries and offenders but does not directly mention the average population size per spatial unit.
- The mention of ""158 Statistical Local Areas (SLAs)"" suggests that these are the spatial units used in the study, but there is no specific information about the average population size within these units.
- The paper does not provide any data or estimates regarding the average population size per SLA or any other spatial unit.","  - ""Examining the location choices of these offenders, a choice set of 158 Statistical Local Areas (SLAs) were defined as possible offending areas.""
  - ""For each SLA the following characteristics, each relating to a specified behavioral rule, were sourced from the Australian Bureau of Statistics (ABS) 2006 Census and included in the estimated model.""
  - ""The overall variation in b i coefficients appears only partially related to the spatial nesting of burglars in SLAs.""
  - ""The map of average b i coefficients per SLA is displayed in Fig. 3""
  - ""The variation in b i is displayed in four shades of grey. The burglars that live in SLAs colored in black have relatively strong proximity preferences, more than one standard deviation above the mean.""",,"- The paper mentions that the analysis was conducted using ""Statistical Local Areas (SLAs)"" as the spatial units for analysis. This indicates that the data was aggregated to the level of SLAs.
- The characteristics for each SLA were sourced from the Australian Bureau of Statistics (ABS) 2006 Census, which suggests that data from smaller units (e.g., census blocks) might have been aggregated to form these SLAs.
- The mention of ""spatial nesting of burglars in SLAs"" and the mapping of average coefficients per SLA further supports the idea that data was aggregated to the SLA level.
- The paper does not explicitly state that data from smaller administrative units was aggregated to form larger units, but the use of SLAs as the unit of analysis implies some level of aggregation from smaller units.","  - ""In the planning and commission of crimes offenders need to make many choices. Perhaps the most fundamental of these is where to commit crime. The discrete spatial choice framework (Bernasco and Nieuwbeerta 2005) attempts to model location choice by comparing the characteristics of neighborhoods where offenders have committed crimes with those neighborhoods where they have chosen not to commit crimes.""
  - ""Examining the location choices of these offenders, a choice set of 158 Statistical Local Areas (SLAs) were defined as possible offending areas.""
  - ""For each SLA the following characteristics, each relating to a specified behavioral rule, were sourced from the Australian Bureau of Statistics (ABS) 2006 Census and included in the estimated model.""
  - ""The discrete spatial choice approach combines three different methodologies (offender-, target-and mobility-based) into a single statistical model (Bernasco and Nieuwbeerta 2005).""
  - ""The first study to apply the discrete spatial choice approach to study crime location choice was undertaken by Bernasco and Nieuwbeerta (2005) who examined the spatial preferences of burglars in The Hague, the Netherlands.""
  - ""The mixed logit model is a more general statistical model that allows preferences to be estimated for each decision maker.""
  - ""The logic behind Bayesian estimation is that we seek to estimate the joint distribution of b i , b and W.""
  - ""The overall variation in b i coefficients appears only partially related to the spatial nesting of burglars in SLAs.""
  - ""Finally, while the mixed logit variation of the discrete spatial choice approach relaxes a number of assumptions inherent in all discrete spatial choice studies, we remain encumbered by several others which likely warrant further empirical investigation.""",,"- The authors use the discrete spatial choice framework, which involves comparing characteristics of neighborhoods where crimes are committed versus those where they are not. This framework is grounded in theoretical models that consider offender behavior and spatial preferences.
- The choice of using Statistical Local Areas (SLAs) as the spatial unit is justified by the need to analyze location choices at a level that can capture neighborhood characteristics. SLAs are used because they are administrative units that can be defined and analyzed using data from the Australian Bureau of Statistics.
- The use of SLAs is consistent with previous research, such as Bernasco and Nieuwbeerta (2005), which applied the discrete spatial choice approach to study crime location choice in The Hague, Netherlands.
- The mixed logit model is used to estimate preferences at the individual level, which allows for more nuanced understanding of spatial preferences than traditional models.
- The authors acknowledge limitations in their approach, including assumptions about the hierarchical structure of choice processes and the adequacy of SLAs as spatial units, suggesting areas for future research.","  - ""In the planning and commission of crimes offenders need to make many choices. Perhaps the most fundamental of these is where to commit crime.""
  - ""The discrete spatial choice framework (Bernasco and Nieuwbeerta 2005) attempts to model location choice by comparing the characteristics of neighborhoods where offenders have committed crimes with those neighborhoods where they have chosen not to commit crimes.""
  - ""Examining the location choices of these offenders, a choice set of 158 Statistical Local Areas (SLAs) were defined as possible offending areas.""
  - ""The discrete spatial choice approach combines three different methodologies (offender-, target-and mobility-based) into a single statistical model (Bernasco and Nieuwbeerta 2005).""
  - ""The first study to apply the discrete spatial choice approach to study crime location choice was undertaken by Bernasco and Nieuwbeerta (2005) who examined the spatial preferences of burglars in The Hague, the Netherlands.""
  - ""Townsley et al. (2015) replicated the Bernasco and Nieuwbeerta (2005) study in two additional cities (Birmingham, UK and Brisbane, Australia) and found consistent preferences across all three sites, but with some variation observed.""",,"- The paper uses the discrete spatial choice framework, which is grounded in previous research by Bernasco and Nieuwbeerta (2005). This framework is based on theoretical assumptions about how offenders make location choices.
- The selection of Statistical Local Areas (SLAs) as the spatial unit of analysis is likely influenced by previous research, as indicated by the replication of Bernasco and Nieuwbeerta's study in different cities.
- The use of SLAs also aligns with administrative convenience, as these are predefined areas that can be easily used for data collection and analysis.
- The paper does not explicitly mention data availability or administrative convenience as reasons for choosing SLAs, but these factors are likely implicit in the decision.
- The theoretical underpinnings of the discrete spatial choice approach and the replication of previous studies suggest that both theory and previous research are significant rationales for the choice of spatial unit."
Effects of residential history on commercial robbers' crime location choices,"Wim Bernasco, Thessa Kooistra",-,-,-,-,-,4006,4900,No,"The authors justify the use of postal code areas as their spatial unit because these areas approximate the familiar environment of individuals, have minimal physical travel restrictions, and invite local travel, which aligns with the concept of awareness space in crime pattern theory. Additionally, postal code areas are practical for analysis due to their existing administrative boundaries and availability of demographic and economic data.",Theory and data availability,"  - ""The third source of data is a database containing demographic, social and economic information on all postal code areas in the Netherlands. There are 4006 postal code areas nationwide; they have an average population size of 4900 and an average number of households of 2100.""
  - ""Of these 352 cases, another 76 offenders were registered in the GBA as living abroad (without a specified address) at the time of the robbery. Because the distance between the current residence and the crime location could not be calculated in these cases, 276 robberies remained for testing the hypotheses.""
  - ""In the present analysis, the residential history of a person is a list of one or more records that contain the postal code and the first and last date of residence. Using this list, for every offender four variables were calculated for every postal code area in the Netherlands:""",,"- The paper mentions that there are 4006 postal code areas in the Netherlands, which are used as spatial units for analysis.
- The analysis involves calculating variables for every postal code area, indicating that these areas are the units of analysis.
- The final statistical analysis includes 276 robberies, but the question asks for the number of spatial units, not the number of robberies.
- The spatial units are the postal code areas, and the paper explicitly states that there are 4006 of these.","  - ""The third source of data is a database containing demographic, social and economic information on all postal code areas in the Netherlands. There are 4006 postal code areas nationwide; they have an average population size of 4900 and an average number of households of 2100.""",,"- The paper mentions that there are 4006 postal code areas in the Netherlands, which are used as spatial units in the study.
- It specifies that these postal code areas have an average population size of 4900.
- This information directly answers the question about the average population size per spatial unit in the study.","  - ""In the present analysis, the residential history of a person is a list of one or more records that contain the postal code and the first and last date of residence.""
  - ""The second data source is the population registration data held in the Nationwide Citizen Information System (GBA). Dutch municipalities and several other agencies use this system in order to keep track of the birth, marriage, divorce, childbirth and residential addresses of all Dutch citizens.""
  - ""In terms of size, shape and topography, the postal code area is a useful spatial unit of analysis because it approximates the area one would expect people to be familiar with if they lived within it.""
  - ""The third source of data is a database containing demographic, social and economic information on all postal code areas in the Netherlands. There are 4006 postal code areas nationwide; they have an average population size of 4900 and an average number of households of 2100.""",,"- The paper uses postal code areas as the spatial unit of analysis, which are described as having an average population size of 4900 and an average number of households of 2100. This suggests that these areas are already relatively small administrative units.
- The paper does not mention any aggregation of data from smaller administrative units to create these postal code areas. Instead, it uses the postal code areas as they are, which are already a defined administrative unit in the Netherlands.
- The focus is on using the postal code areas as the primary spatial unit for analysis, without any indication of aggregating data from smaller units like census blocks or smaller postal zones to create larger units.","  - ""In terms of size, shape and topography, the postal code area is a useful spatial unit of analysis because it approximates the area one would expect people to be familiar with if they lived within it.""
  - ""The third source of data is a database containing demographic, social and economic information on all postal code areas in the Netherlands. There are 4006 postal code areas nationwide; they have an average population size of 4900 and an average number of households of 2100.""
  - ""Its boundaries have been designed with post delivery services in mind, physical restrictions on travel within the area are minimal, and it invites local travel by foot and bicycle, modes of travel that provide ample opportunities to learn about the environment.""",,"- The authors justify the use of postal code areas as their spatial unit by highlighting their average population size and number of households, which suggests a manageable and familiar scale for analysis.
- They argue that postal code areas are a useful spatial unit because they approximate the area with which individuals are familiar, which aligns with the concept of awareness space in crime pattern theory.
- The design of postal code areas, with minimal physical restrictions and inviting local travel, supports the idea that these areas are conducive to learning about the environment, which is a key aspect of crime pattern theory.
- The practical consideration of using existing administrative boundaries like postal code areas likely simplifies data collection and analysis, as these areas are already defined and contain relevant demographic and economic data.","  - ""The third source of data is a database containing demographic, social and economic information on all postal code areas in the Netherlands. There are 4006 postal code areas nationwide; they have an average population size of 4900 and an average number of households of 2100. In terms of size, shape and topography, the postal code area is a useful spatial unit of analysis because it approximates the area one would expect people to be familiar with if they lived within it.""
  - ""Its boundaries have been designed with post delivery services in mind, physical restrictions on travel within the area are minimal, and it invites local travel by foot and bicycle, modes of travel that provide ample opportunities to learn about the environment.""",,"- The authors justify the use of postal code areas as their spatial unit of analysis (SUoA) by referencing both theoretical and practical considerations.
- Theoretically, they argue that postal code areas are a useful SUoA because they approximate the area with which individuals are familiar, aligning with crime pattern theory's emphasis on awareness space.
- Practically, they mention that the boundaries of postal code areas are designed for post delivery services, have minimal physical travel restrictions, and facilitate local travel, which supports the idea that these areas are conducive to learning about the environment.
- The rationale combines theoretical justification (awareness space and familiarity) with practical considerations (design and travel facilitation), indicating a combination of ""Theory"" and ""Data availability"" as the rationale category."
A Time for a Crime: Temporal Aspects of Repeat Offenders' Crime Location Choices,"Sabine E M Van Sleeuwen, Stijn Ruiter, Barbara Menting",-,-,,21,2018,142,"7,000 residents",No,"The authors chose four-digit postal code areas as their spatial unit because they are well-suited for crime location choice research due to minimal travel restrictions and familiarity. These areas have an average population of 7,000 residents and an average size of 2.96 km^2, similar to those used in previous studies. This choice is justified by practical considerations and theoretical alignment with awareness spaces in crime pattern theory.","Theory, previous research, and data availability","  - ""the alternatives represent the 142 different four-digit postal code areas of the study region, the greater The Hague area in the Netherlands.""
  - ""Conditional logit models 1 were used to test our hypotheses. For this purpose, a large data matrix of 1,787,105 rows was constructed containing 142 rows (i.e., target alternatives) for each of the 12,639 offenses to be explained.""
  - ""The dependent variable represents the choice outcome, that is, the target area the offender has selected from the set of alternative areas. As all offense locations were geocoded and allocated to one of the 142 postal codes in the study area, the dependent variable describes the choice for a particular postal code from all 142 potential alternatives in the greater The Hague area.""",,"- The paper mentions that the study area is divided into ""142 different four-digit postal code areas,"" which are used as the spatial units for analysis.
- The dependent variable in the study is the choice of a target area from these 142 postal code areas, indicating that these areas are the units of analysis.
- The use of these 142 postal code areas as ""target alternatives"" in the conditional logit models further confirms that they are the spatial units included in the final statistical analysis.","  - ""The area comprises of nine municipalities around-and including-the city of The Hague, the third largest city in the Netherlands. These postal code areas have an average population of approximately 7,000 residents and an average area size of about 2.96 km 2 (Lammers et al. 2015).""
  - ""The dependent variable represents the choice outcome, that is, the target area the offender has selected from the set of alternative areas. As all offense locations were geocoded and allocated to one of the 142 postal codes in the study area, the dependent variable describes the choice for a particular postal code from all 142 potential alternatives in the greater The Hague area.""",,"- The paper provides specific information about the average population size per spatial unit in the study area. It mentions that the postal code areas, which are the spatial units used in the study, have an average population of approximately 7,000 residents.
- The study uses these postal code areas as the basis for analyzing crime location choices, indicating that these areas are the individual units of analysis.
- The mention of an average population size per unit is directly relevant to understanding the demographic context of the study area and is explicitly stated in the paper.","  - ""all offense locations were geocoded and allocated to one of the 142 postal codes in the study area, the dependent variable describes the choice for a particular postal code from all 142 potential alternatives in the greater The Hague area.""
  - ""In previous studies, it was argued that four-digit postal code areas are well-suited for crime location choice research, as these administrative areas were constructed in such a way to have minimal travel restrictions for postal delivery services that usually travel on foot or bicycle (Bernasco 2010:398)""
  - ""These postal code areas have an average population of approximately 7,000 residents and an average area size of about 2.96 km 2 (Lammers et al. 2015).""
  - ""the alternatives represent the 142 different four-digit postal code areas of the study region, the greater The Hague area in the Netherlands.""",,"- The paper uses four-digit postal code areas as the spatial units for analysis. These areas are described as having an average population of approximately 7,000 residents and an average size of about 2.96 km^2.
- The paper does not mention any aggregation of data from smaller administrative or statistical spatial units to create these four-digit postal code areas. Instead, it suggests that these areas are used as they are, given their suitability for crime location choice research.
- The focus is on the use of these postal code areas as the primary spatial units for analysis, without any indication of combining smaller units to form these larger ones.","  - ""In previous studies, it was argued that four-digit postal code areas are well-suited for crime location choice research, as these administrative areas were constructed in such a way to have minimal travel restrictions for postal delivery services that usually travel on foot or bicycle (Bernasco 2010:398)""
  - ""the alternatives represent the 142 different four-digit postal code areas of the study region, the greater The Hague area in the Netherlands.""
  - ""Besides, most previous crime location choice studies analyzed areas of a similar size (e.g., Bernasco and Nieuwbeerta 2005;Clare, Fernandez, and Morgan 2009;Townsley et al. 2015).""
  - ""These postal code areas have an average population of approximately 7,000 residents and an average area size of about 2.96 km 2 (Lammers et al. 2015).""
  - ""Hence, most people who live in or regularly visit an area should be familiar with that area.""",,"- The authors chose four-digit postal code areas as their spatial unit for analysis. This choice is justified by the average population size and area size of these units, which are approximately 7,000 residents and 2.96 km^2, respectively.
- The selection of four-digit postal code areas is based on practical considerations related to travel restrictions and familiarity. The authors note that these areas were designed to minimize travel restrictions for postal services, which implies that they are also suitable for pedestrian and bicycle travel, making them relevant for crime location choice analysis.
- The authors reference previous studies that have used similar-sized areas for crime location choice research, indicating a theoretical justification based on established practices in the field.
- The choice of these areas is also justified by the assumption that most people are familiar with their local postal code area, which aligns with the concept of awareness spaces in crime pattern theory.","  - ""In the present study, we argue that offenders' knowledge about the attractiveness of potential target areas applies to specific times and so differs over the seven days of the week and the 24 hours of the day.""
  - ""We thus extend the theoretical and empirical models of Lammers et al. (2015) and Bernasco et al. (2015) by investigating to what extent the timing of previous and subsequent offenses within the week and within the day influences the chance an offender returns to a previously targeted area.""
  - ""This study contributes to the geography of crime research in three ways. First, we extend Brantingham and Brantingham's (1981;2008) crime pattern theory by arguing that offender awareness spaces are not static over the week or day but rather time-specific.""
  - ""In previous studies, it was argued that four-digit postal code areas are well-suited for crime location choice research, as these administrative areas were constructed in such a way to have minimal travel restrictions for postal delivery services that usually travel on foot or bicycle (Bernasco 2010:398)""
  - ""Besides, most previous crime location choice studies analyzed areas of a similar size (e.g., Bernasco and Nieuwbeerta 2005;Clare, Fernandez, and Morgan 2009;Townsley et al. 2015).""
  - ""the alternatives represent the 142 different four-digit postal code areas of the study region, the greater The Hague area in the Netherlands.""",,"- The authors justify their spatial unit of analysis (SUoA) by extending crime pattern theory to include time-specific awareness spaces, which is a theoretical justification (Quote 1 and 3).
- They also reference previous research that supports the use of four-digit postal code areas as suitable for crime location choice studies, indicating a reliance on previous research (Quote 4 and 5).
- The choice of four-digit postal code areas is further justified by the administrative convenience of these areas having minimal travel restrictions, which aligns with practical considerations (Quote 4).
- The authors do not explicitly mention data availability as a reason for their SUoA selection, but it is implied in the context of using existing administrative areas."
A SENTIMENTAL JOURNEY TO CRIME: EFFECTS OF RESIDENTIAL HISTORY ON CRIME LOCATION CHOICE*,Wim Bernasco,-,-,,204,2010,"4,000","4,900",No,"The authors justify the use of postal code areas as the spatial unit by noting their average population size, design conducive to local travel, and inverse relationship with urbanization level, making them a suitable approximation for areas of familiarity. This choice aligns with the theoretical framework of crime pattern theory, which emphasizes spatial awareness and familiarity.","Theory, previous research, and data availability","  - ""The third source is a national database of demographic, social, and economic information on all (four-digit) postal code areas in the Netherlands. There are approximately 4,000 postal code areas nationwide, with an average population size of 4,900 and an average number of households of 2,100.""
  - ""Practically, the estimation of a conditional logit model requires that we set up a large data matrix that has, for each of the 7,179 offenses analyzed, as many rows as choice alternatives (i.e., each of the 4,000 postal code areas in the data set is a choice alternative for each of the 7,179 offenses).""
  - ""Throughout the remainder of this article, where ""area of residence"" is used to describe empirical findings, it means ""postal code area of residence.""""
  - ""The second source of data is the population registration data, which are held in a nationwide information system (Dutch acronym GBA) used by Dutch municipalities and several other agencies, to keep track of birth, death, nationality, marriage, divorce, childbirth, and residential addresses of all Dutch citizens.""",,"- The paper uses a national database that includes demographic and economic information on all four-digit postal code areas in the Netherlands.
- It is mentioned that there are approximately 4,000 postal code areas nationwide, which are used as the spatial units for analysis.
- The methodology section describes setting up a data matrix with each of the 4,000 postal code areas as a choice alternative for each offense, indicating that these areas are the spatial units included in the final statistical analysis.","  - ""The third source is a national database of demographic, social, and economic information on all (four-digit) postal code areas in the Netherlands. There are approximately 4,000 postal code areas nationwide, with an average population size of 4,900 and an average number of households of 2,100.""",,"- The paper mentions that the study uses a national database that provides demographic information on postal code areas in the Netherlands.
- It specifies that there are approximately 4,000 postal code areas nationwide.
- The average population size per postal code area is explicitly stated as 4,900.
- This information directly answers the question about the average population size per spatial unit in the study.","  - ""Throughout the remainder of this article, where ""area of residence"" is used to describe empirical findings, it means ""postal code area of residence.""""
  - ""In terms of their size, shape, and topography, the postal code area is a useful approximation of the area one would expect people to be familiar with if they lived within it.""
  - ""The third source is a national database of demographic, social, and economic information on all (four-digit) postal code areas in the Netherlands.""",,"- The paper mentions the use of a national database that provides information on four-digit postal code areas in the Netherlands. This suggests that the data was already aggregated at the level of postal code areas.
- The paper does not indicate that data from smaller administrative or statistical spatial units was aggregated to create larger spatial units. Instead, it uses the postal code areas as the primary spatial unit for analysis.
- The focus on postal code areas as the unit of analysis implies that no further aggregation was performed from smaller units to larger ones.","  - ""The third source is a national database of demographic, social, and economic information on all (four-digit) postal code areas in the Netherlands.""
  - ""There are approximately 4,000 postal code areas nationwide, with an average population size of 4,900 and an average number of households of 2,100.""
  - ""In terms of their size, shape, and topography, the postal code area is a useful approximation of the area one would expect people to be familiar with if they lived within it.""
  - ""First, postal code boundaries have been designed with post delivery services in mind. This design ensures that minimal physical restrictions on travel are in place within the postal code area and that the areas invite local travel by foot and bicycle (which is how post generally is delivered in the Netherlands).""
  - ""Second, the size of postal code areas is related inversely to the level of urbanization. Postal codes in urban areas usually cover less than half a square mile, whereas postal codes in more rural regions are larger (less than 2 square miles).""
  - ""This variation matches the variation in geographic coverage of residents because urban dwellers on average travel shorter distances for daily routine trips than residents in towns and villages.""
  - ""In sum, it is plausible that most people who live within a postal code area are familiar with the whole postal code area or at least with a substantial proportion of it.""",,"- The paper uses postal code areas as the spatial unit for analysis, which is justified by their average population size and number of households, making them a reasonable approximation for areas of familiarity.
- The design of postal code boundaries is mentioned as being conducive to local travel, which aligns with the idea that these areas are familiar to residents.
- The inverse relationship between postal code area size and urbanization level is noted, suggesting that these areas are more representative of daily travel patterns in both urban and rural settings.
- The paper argues that the size and design of postal code areas make them a suitable choice for representing areas that individuals are likely to be familiar with, which is a key aspect of crime pattern theory.","  - ""The third source is a national database of demographic, social, and economic information on all (four-digit) postal code areas in the Netherlands.""
  - ""In terms of their size, shape, and topography, the postal code area is a useful approximation of the area one would expect people to be familiar with if they lived within it.""
  - ""First, postal code boundaries have been designed with post delivery services in mind. This design ensures that minimal physical restrictions on travel are in place within the postal code area and that the areas invite local travel by foot and bicycle (which is how post generally is delivered in the Netherlands).""
  - ""Second, the size of postal code areas is related inversely to the level of urbanization. Postal codes in urban areas usually cover less than half a square mile, whereas postal codes in more rural regions are larger (less than 2 square miles).""
  - ""This variation matches the variation in geographic coverage of residents because urban dwellers on average travel shorter distances for daily routine trips than residents in towns and villages.""
  - ""In sum, it is plausible that most people who live within a postal code area are familiar with the whole postal code area or at least with a substantial proportion of it.""
  - ""Throughout the remainder of this article, where ""area of residence"" is used to describe empirical findings, it means ""postal code area of residence.""""",,"- The paper uses postal code areas as the spatial unit of analysis (SUoA) for several reasons.
- The first reason is related to data availability, as the paper mentions the use of a national database that provides demographic, social, and economic information on postal code areas.
- The second reason is theoretical, as the paper explains that postal code areas are a useful approximation of the area people are familiar with due to their design and size.
- The paper also justifies the use of postal code areas based on administrative convenience, as these areas are designed for post delivery services and have minimal physical restrictions on travel.
- Additionally, the paper references previous research by noting that postal code areas are inversely related to urbanization levels and match the geographic coverage of residents' daily routines.
- Therefore, the rationale for selecting postal code areas as the SUoA is based on a combination of theory, previous research, and data availability."
Burglars blocked by barriers? The impact of physical and social barriers on residential burglars' target location choices in China,"Luzi Xiao, Stijn Ruiter, Lin Liu, Guangwen Song, Suhong Zhou",-,-,"Computers, Environment and Urban Systems",12,2021,2643,Not specified,No (the data was analyzed at the community level without aggregation from smaller administrative units),"The authors chose communities as their spatial unit size because they have a relatively homogeneous population and their average size is similar to those used in other crime location choice studies. This choice allows for a detailed analysis of crime patterns and barriers at a local level, considering the variability in community sizes and population densities.",Previous research,"  - ""All residential burglaries were geocoded to one of the 2643 communities in ZG city.""
  - ""The sheer size of the dataset, with 3860 burglaries committed in one of 2643 communities (resulting in a matrix over 10 million rows), prohibited the estimation of the more flexible mixed logit model that was recently used in crime location choice research""
  - ""The Municipal Public Security Bureau of ZG city provided crime data for the period January 2012 to June 2016.""",,"- The paper mentions that all residential burglaries were geocoded to one of the 2643 communities in ZG city, indicating that these communities are the spatial units used in the study.
- The analysis included 3860 burglaries, but the number of spatial units (communities) is what is relevant for determining the ""Number_of_Units.""
- The mention of a dataset with 3860 burglaries committed in one of 2643 communities suggests that these communities are the units of analysis.
- The methodology section discusses the use of these communities as the basis for the statistical analysis, confirming that they are the spatial units in question.","  - ""Communities in the downtown area are generally smaller with a higher population density, whereas communities in the suburbs often have a lot of farmland or woodland and are thus usually bigger in size with relatively low numbers of residents.""
  - ""Community size has a skew distribution though, with half of all communities smaller than 0.92 kmsq., but the smallest area only 0.01 km-sq. and the largest 82.49 km-sq.""
  - ""Communities have a relatively homogeneous population and their average size is 2.74 km-sq., which closely resembles the size of the units of analysis in many other crime location choice studies (e.g., Menting et al., 2016).""",,"- The paper provides information about the average size of the communities in terms of area (2.74 km-sq.), but it does not specify the average population size per unit.
- The mention of community size and population density suggests that the population size might vary significantly across different communities, but no specific average population figure is provided.
- The paper focuses on the spatial characteristics and distribution of communities rather than providing a direct measure of average population per unit.","  - ""All residential burglaries were geocoded to one of the 2643 communities in ZG city. Communities have a relatively homogeneous population and their average size is 2.74 km-sq., which closely resembles the size of the units of analysis in many other crime location choice studies (e.g., Menting et al., 2016).""
  - ""Community size has a skew distribution though, with half of all communities smaller than 0.92 kmsq., but the smallest area only 0.01 km-sq. and the largest 82.49 km-sq.""
  - ""Communities in the downtown area are generally smaller with a higher population density, whereas communities in the suburbs often have a lot of farmland or woodland and are thus usually bigger in size with relatively low numbers of residents.""",,"- The paper mentions that residential burglaries were geocoded to one of the 2643 communities in ZG city. This indicates that the data was aggregated to the community level for analysis.
- The communities are described as having a relatively homogeneous population and an average size of 2.74 km-sq, suggesting that these are the units used for analysis.
- There is no mention of aggregating data from smaller administrative or statistical spatial units to create these larger community units. The focus is on the community level as the primary unit of analysis.
- The description of community sizes and their distribution suggests that the analysis was conducted at the community level without further aggregation from smaller units.","  - ""All residential burglaries were geocoded to one of the 2643 communities in ZG city. Communities have a relatively homogeneous population and their average size is 2.74 km-sq., which closely resembles the size of the units of analysis in many other crime location choice studies (e.g., Menting et al., 2016).""
  - ""Communities in the downtown area are generally smaller with a higher population density, whereas communities in the suburbs often have a lot of farmland or woodland and are thus usually bigger in size with relatively low numbers of residents.""
  - ""Community size has a skew distribution though, with half of all communities smaller than 0.92 kmsq., but the smallest area only 0.01 km-sq. and the largest 82.49 km-sq.""",,"- The authors justify their choice of spatial unit size by noting that the average size of the communities (2.74 km-sq.) is similar to those used in other crime location choice studies, such as Menting et al. (2016). This suggests a theoretical justification based on consistency with previous research.
- The authors also mention that communities have a relatively homogeneous population, which is a practical consideration for using communities as spatial units. This homogeneity is likely important for analyzing crime patterns and the impact of barriers.
- The description of community size distribution and the differences between downtown and suburban areas indicates that the authors considered the variability in community sizes and population densities, which is a practical consideration for spatial analysis.
- The use of communities as spatial units allows for a detailed analysis of crime patterns and barriers at a local level, which is relevant for understanding residential burglary target location choices.","  - ""Communities in the downtown area are generally smaller with a higher population density, whereas communities in the suburbs often have a lot of farmland or woodland and are thus usually bigger in size with relatively low numbers of residents.""
  - ""Community size has a skew distribution though, with half of all communities smaller than 0.92 kmsq., but the smallest area only 0.01 km-sq. and the largest 82.49 km-sq.""
  - ""Communities have a relatively homogeneous population and their average size is 2.74 km-sq., which closely resembles the size of the units of analysis in many other crime location choice studies (e.g., Menting et al., 2016).""",,"- The authors justify their choice of communities as the spatial unit of analysis by referencing previous research, as indicated by the mention of ""many other crime location choice studies"" and a specific study by Menting et al. (2016). This suggests that the selection is based on ""Previous research.""
- The description of community size and distribution provides additional context but does not explicitly mention theory or data availability as reasons for the selection.
- The focus on the similarity in size to other studies and the characteristics of communities themselves aligns with a rationale based on ""Previous research."""
FAMILY MATTERS: EFFECTS OF FAMILY MEMBERS' RESIDENTIAL AREAS ON CRIME LOCATION CHOICE *,"Barbara Menting, Marre Lammers, Stijn Ruiter, Wim Bernasco",-,-,-,-,-,142,"around 7,000",No,"The authors chose four-digit postal code areas as their spatial unit because these areas are designed to have minimal travel restrictions, are inversely related to urbanization levels, and are familiar to individuals who live or visit them, making them suitable for studying crime location choices.","Theory, previous research, and data availability","  - ""The matrix contained 142 rows for each of the 19,420 offenses committed (i.e., per offense, one row for each of the 142 alternative postal code areas that could have been chosen in the greater The Hague area).""
  - ""The set of alternative areas J consists of four-digit postal code areas, of which there are 142 in the study area, with an average population size of around 7,000 and an average area size of 2.96 km 2 [standard deviation (SD) = 4.38, range = .12 to 24.69, median = 1.47].""",,"- The paper describes the study area as being divided into ""four-digit postal code areas,"" which are used as the spatial units for analysis.
- The number of these spatial units is explicitly mentioned as ""142"" in the context of the study area and the data matrix used for analysis.
- The data matrix structure, with ""142 rows for each of the 19,420 offenses,"" further confirms that each offense is analyzed in relation to these 142 spatial units.","  - ""The set of alternative areas J consists of four-digit postal code areas, of which there are 142 in the study area, with an average population size of around 7,000 and an average area size of 2.96 km 2 [standard deviation (SD) = 4.38, range = .12 to 24.69, median = 1.47].""",,"- The paper provides specific information about the average population size per spatial unit in the study area.
- The spatial units in question are four-digit postal code areas.
- The average population size per unit is explicitly mentioned as ""around 7,000.""
- This information is directly relevant to the question about the average population per unit.","  - ""All postal code areas that were simultaneously a former residential area of a family member and a current residential area of another family member were assigned to the current familial residential area.""
  - ""Dutch four-digit postal code areas are designed to have minimal travel restrictions for postal delivery services that usually travel by foot or bicycle, and their size is inversely related to the level of urbanization (Bernasco, 2010: 398)""
  - ""The set of alternative areas J consists of four-digit postal code areas, of which there are 142 in the study area, with an average population size of around 7,000 and an average area size of 2.96 km 2 [standard deviation (SD) = 4.38, range = .12 to 24.69, median = 1.47].""",,"- The paper mentions the use of ""four-digit postal code areas"" as the spatial units for analysis. These areas are described as having an average population size and area size, indicating they are used as the final spatial units for analysis.
- The paper does not mention any smaller administrative or statistical spatial units being aggregated into these four-digit postal code areas. Instead, it describes the characteristics of these areas themselves.
- The mention of assigning areas that are both former and current residential areas to the current familial residential area does not imply aggregation from smaller units to larger ones; it's a methodological decision for handling overlapping categories within the same spatial unit.
- The focus is on the use of these four-digit postal code areas as the primary spatial units for analysis, without any indication of aggregating data from smaller units to these larger ones.","  - ""Dutch four-digit postal code areas are designed to have minimal travel restrictions for postal delivery services that usually travel by foot or bicycle, and their size is inversely related to the level of urbanization (Bernasco, 2010: 398)""
  - ""The set of alternative areas J consists of four-digit postal code areas, of which there are 142 in the study area, with an average population size of around 7,000 and an average area size of 2.96 km 2 [standard deviation (SD) = 4.38, range = .12 to 24.69, median = 1.47].""
  - ""The four-digit postal areas are therefore perfectly suited for a crime location choice study because most people will be familiar with these areas when living there or (frequently) visiting the area.""",,"- The authors chose four-digit postal code areas as their spatial unit for the study. This choice is justified by the fact that these areas are designed to have minimal travel restrictions, which makes them suitable for studying crime location choices.
- The size of these areas is inversely related to the level of urbanization, which suggests that they are more finely grained in urban areas where crime opportunities might be more concentrated.
- The authors argue that these areas are ""perfectly suited"" for their study because they are familiar to individuals who live or frequently visit them, aligning with the concept of awareness space in crime pattern theory.
- The use of four-digit postal code areas is also practical for data analysis, as it provides a consistent and manageable spatial unit for modeling crime location choices.","  - ""This study combines police data on 7,910 offenders in the greater The Hague area in the Netherlands and the 19,420 offenses they committed with unique and detailed data to reconstruct the residential histories of their parents, siblings, and children.""
  - ""the study focused only on people who both lived and committed crimes in the greater The Hague area.""
  - ""Dutch four-digit postal code areas are designed to have minimal travel restrictions for postal delivery services that usually travel by foot or bicycle, and their size is inversely related to the level of urbanization (Bernasco, 2010: 398)""
  - ""The set of alternative areas J consists of four-digit postal code areas, of which there are 142 in the study area, with an average population size of around 7,000 and an average area size of 2.96 km 2 [standard deviation (SD) = 4.38, range = .12 to 24.69, median = 1.47].""
  - ""The four-digit postal areas are therefore perfectly suited for a crime location choice study because most people will be familiar with these areas when living there or (frequently) visiting the area.""",,"- The authors justify their choice of spatial unit of analysis (SUoA) as four-digit postal code areas in the greater The Hague area, which is supported by both theoretical and practical considerations.
- Theoretically, the authors argue that these areas are ""perfectly suited for a crime location choice study"" because they are familiar to residents and visitors, aligning with crime pattern theory that emphasizes awareness spaces.
- The practical consideration is based on data availability, as the study uses police data and detailed residential histories within these areas.
- The mention of Bernasco (2010) suggests that previous research also supports the use of these areas due to their design and relation to urbanization levels.
- The focus on the greater The Hague area is justified by the availability of detailed data and the administrative convenience of using existing postal code boundaries."
"BITING ONCE, TWICE: THE INFLUENCE OF PRIOR ON SUBSEQUENT CRIME LOCATION CHOICE *","Marre Lammers, Barbara Menting, Stijn Ruiter, Wim Bernasco",-,-,-,-,-,142,"7,000","Yes, the researchers aggregated data from smaller administrative units (six-digit postal code areas) to create larger spatial units (four-digit postal code areas) for analysis.","The authors chose four-digit postal code areas as their spatial unit of analysis because they are a useful and plausible indication of areas people are familiar with, given their design for minimal travel restrictions and relation to urbanization levels. This choice is also consistent with previous studies in the field and aligns with the focus on personal geographic experience of offenders. However, they acknowledge that smaller units could be used but would introduce issues of spatial interdependence.",Theory and previous research,"  - ""The crime had to be committed between 2006 and 2009 in the greater The Hague area, an area consisting of 142 four-digit postal code areas (with an average population size of approximately 7,000 and an average size of 2.96 km 2""
  - ""To estimate the different conditional logit models, a large data matrix of almost 1.8 million rows was created. This matrix contained 142 rows (i.e., a row for each of the 142 alternative postal code areas that could have been chosen in the greater The Hague area) for each of the 12,639 offenses committed in 2006-2009.""
  - ""The dependent variable is dichotomous, with a value of 1 indicating the area that was chosen by the offender to commit the offense, and 0s for all other postal code areas.""",,"- The paper mentions that the study area consists of ""142 four-digit postal code areas,"" which are used as the spatial units for analysis.
- The methodology section describes the creation of a data matrix with ""142 rows"" for each of the alternative postal code areas, indicating that these are the units used in the statistical analysis.
- The dependent variable is described as being dichotomous, with each postal code area being a potential choice, further supporting that these areas are the units of analysis.","  - ""The dependent variable in this study is a choice of an area j from a geographical set of alternatives J to commit a crime in. The crime had to be committed between 2006 and 2009 in the greater The Hague area, an area consisting of 142 four-digit postal code areas (with an average population size of approximately 7,000 and an average size of 2.96 km 2""
  - ""For each postal code area in the Netherlands, census-like statistics (sociodemographic and socioeconomic information) are regularly recorded by Statistics Netherlands. For each postal code area in the greater The Hague area, information was obtained on the number of residents (total number and number of residents with a non-Western ethnic background), and households (total number and number of singleperson households) for the years 2006-2009.""",,"- The paper explicitly mentions that the study area consists of 142 four-digit postal code areas, with an average population size of approximately 7,000 residents per area.
- This information is provided in the context of describing the study area and the spatial units used for analysis.
- The mention of ""average population size of approximately 7,000"" directly answers the question about the average population per unit.","  - ""A smaller unit of analysis that could have been used is, for example, a six-digit postal code area. These areas are roughly the size of a football field and contain 18 residential properties and 40 residents on average.""
  - ""Most other studies on crime location choice analyzed areas of similar or larger size (e.g., Bernasco, 2010b; Bernasco and Block, 2009;Bernasco and Nieuwbeerta, 2005;Clare, Fernandez, and Morgan, 2009;Townsley et al., 2014). Only two crime location choice studies used smaller units of analysis (Bernasco, 2010a; Bernasco, Block, and Ruiter, 2013), but these were designed with very different objectives in mind""",,"- The paper specifies that the spatial unit of analysis used for the study is the four-digit postal code area. This indicates that the data was aggregated to this level for analysis.
- The mention of other studies using similar or larger size areas suggests that the four-digit postal code area is a common aggregation level in this field.
- The paper also mentions that a smaller unit of analysis, such as a six-digit postal code area, could have been used but was not. This implies that data might have been available at a finer scale (six-digit postal code areas) but was aggregated to the four-digit level for the study.
- The paper does not explicitly state that data was aggregated from smaller administrative units to create the four-digit postal code areas, but it implies that the four-digit postal code area is a larger unit compared to what could have been used (six-digit postal code areas).","  - ""Therefore, four-digit postal code areas are the spatial unit of analysis to indicate ""crime locations"" (crime target areas) and ""areas of residence.""""
  - ""the four-digit postal code area could be considered to be a large unit of analysis. A smaller unit of analysis that could have been used is, for example, a six-digit postal code area. These areas are roughly the size of a football field and contain 18 residential properties and 40 residents on average. However, using this smaller unit of analysis has its own downsides. For example, smaller units of analysis increase issues of spatial interdependence between observations, which calls for models that take this spatial interdependence into account (Bernasco, 2010a)""
  - ""Only two crime location choice studies used smaller units of analysis (Bernasco, 2010a; Bernasco, Block, and Ruiter, 2013), but these were designed with very different objectives in mind (e.g., the identification of micro hot spots for robbery and the estimation of spillover effects) than the current study, in which the focus is on the personal geographic experience of offenders.""
  - ""Most other studies on crime location choice analyzed areas of similar or larger size (e.g., Bernasco, 2010b; Bernasco and Block, 2009;Bernasco and Nieuwbeerta, 2005;Clare, Fernandez, and Morgan, 2009;Townsley et al., 2014).""",,"- The authors chose four-digit postal code areas as their spatial unit of analysis for indicating crime locations and areas of residence.
- They justify this choice by referencing previous studies that have used similar or larger spatial units, suggesting a precedent in the field.
- The authors also provide practical considerations specific to the Dutch context, such as the design of postal code areas for minimal travel restrictions and their relation to urbanization levels.
- They acknowledge that while smaller units like six-digit postal code areas could be used, these would introduce issues of spatial interdependence that require more complex models.
- The choice is also influenced by the focus on personal geographic experience of offenders, which aligns with the use of four-digit postal code areas as a familiar spatial scale.","  - ""Therefore, four-digit postal code areas are the spatial unit of analysis to indicate ""crime locations"" (crime target areas) and ""areas of residence.""""
  - ""Most studies on crime location choice have used areas of similar or larger size in their analyses and it is reasonable to assume that people are familiar with an area of this size.""
  - ""Most other studies on crime location choice analyzed areas of similar or larger size (e.g., Bernasco, 2010b; Bernasco and Block, 2009;Bernasco and Nieuwbeerta, 2005;Clare, Fernandez, and Morgan, 2009;Townsley et al., 2014).""
  - ""Only two crime location choice studies used smaller units of analysis (Bernasco, 2010a; Bernasco, Block, and Ruiter, 2013), but these were designed with very different objectives in mind (e.g., the identification of micro hot spots for robbery and the estimation of spillover effects) than the current study, in which the focus is on the personal geographic experience of offenders.""",,"- The authors justify their choice of four-digit postal code areas as the spatial unit of analysis by referencing previous research that has used similar or larger units (Quote 2). This indicates that they are following established practices in the field.
- They also mention that only a few studies have used smaller units, but these had different objectives (Quote 3), suggesting that their choice is aligned with the majority of previous research.
- The authors provide theoretical justification by explaining that four-digit postal code areas are a useful indication of areas people are familiar with due to their design and size (Quote 4). This aligns with theoretical considerations about spatial familiarity and travel patterns.
- Additionally, they note that it is reasonable to assume people are familiar with areas of this size, which is a theoretical consideration (Quote 5).
- The combination of these justifications suggests that the authors used both theoretical and previous research rationales to select their spatial unit of analysis."
Modeling Micro-Level Crime Location Choice: Application of the Discrete Choice Framework to Crime at Places,Wim Bernasco,-,-,-,-,-,"23,984",40,No,"- The study uses small spatial units (average of 18 residential units and 40 residents) to analyze crime location choices.
- Justification includes the need for detailed spatial resolutions and alignment with contemporary geographic criminology research.
- Theoretical justification: understanding smaller units helps in understanding larger phenomena, avoiding ecological fallacies, and matching the unit of analysis to the theory.
- Practical considerations: heterogeneity of larger units, difficulty in defining boundaries, and physical coherence of postal code areas.","Theory, previous research, and data availability","  - ""For the present study on residential burglary, only the 23,984 postal codes areas (91.5%) were used that contain at least 3 residential units and at least 3 residents (the data provided are rounded to quintuples).""
  - ""The remainder of this discussion will first highlight the advantage of the discrete choice framework compared to other methods of studying the geography of burglary, and elaborate its theoretical basis. Next, the issue of the proper choice set in burglary location choices is addressed. It is argued that burglars are likely to follow a spatially structured hierarchical target selection process. Finally, opportunities for future inquiry are discussed.""
  - ""The analysis of burglary location choices in the Greater The Hague area, in which small spatial entities with an average of 18 properties and 40 residents are distinguished, illustrates these points.""
  - ""the study area (Greater The Hague Area) measures 400 sq. km, and houses a population of 1,000,000 residents in 460,000 residential units. This area comprises 26,214 postal code areas.""",,"- The paper discusses the use of postal code areas as the spatial units of analysis.
- The total number of postal code areas in the study area is mentioned as 26,214.
- However, not all of these areas were included in the final analysis. The paper specifies that only 23,984 postal code areas were used, which is 91.5% of the total.
- These areas were selected based on criteria such as containing at least 3 residential units and 3 residents.
- The focus on these specific areas indicates that they are the units included in the final statistical analysis.","  - ""the average unit of analysis is an area of only 18 residential units and 40 residents.""
  - ""On average, a residential postal code area in the region of the Netherlands studied here is roughly the size of a football field and contains 18 residential properties and 40 residents.""
  - ""The postal codes in the area comprise 18 addresses on average.""",,"- The paper consistently mentions that the average unit of analysis, which is a residential postal code area, contains 40 residents.
- This is explicitly stated in multiple parts of the paper, ensuring that the information is accurate and consistent.
- The mention of ""18 residential units"" alongside ""40 residents"" suggests that these are the typical characteristics of the spatial units used in the study.
- Therefore, the average population size per spatial unit in this study is 40 residents.","  - ""For the present study on residential burglary, only the 23,984 postal codes areas (91.5%) were used that contain at least 3 residential units and at least 3 residents""
  - ""the study area (Greater The Hague Area) measures 400 sq. km, and houses a population of 1,000,000 residents in 460,000 residential units. This area comprises 26,214 postal code areas.""
  - ""Throughout the Netherlands there are about 435,000 postal code areas. On average, a residential postal code area in the region of the Netherlands studied here is roughly the size of a football field and contains 18 residential properties and 40 residents.""
  - ""The addresses of the burglars as well as the addresses of the burgled properties were geocoded using the Dutch postal code associated with the addresses.""
  - ""The empirical analysis distinguishes small residential areas approximately the size of a football field, containing only 18 residential units and 40 residents on average.""",,"- The paper uses small residential areas defined by postal code areas as the unit of analysis. These areas are described as being roughly the size of a football field and containing 18 residential units and 40 residents on average.
- The data is geocoded using Dutch postal codes, which are used as the spatial unit of analysis. This indicates that the data is not aggregated from smaller units to larger ones; rather, the postal code areas themselves are the primary units of analysis.
- The study area is divided into 26,214 postal code areas, and 23,984 of these are used for the analysis. This suggests that the analysis is conducted at the level of these postal code areas, without aggregation to larger units.
- There is no mention of aggregating data from smaller administrative or statistical spatial units to create larger spatial units for analysis. The focus is on using the postal code areas as they are, without combining them into larger units.","  - ""the present study analyzes the location choices of offenders at detailed spatial resolutions: the average unit of analysis is an area of only 18 residential units and 40 residents.""
  - ""Many contemporary scholars in geographic criminology advocate the use of much smaller spatial units of analysis (Groff et al. 2009;Oberwittler and Wikstro ¨m 2009;Smith et al. 2000) and prior research has indeed identified census blocks, street segments (Weisburd et al. 2004 ), street blocks (Kurtz et al. 1998; Taylor 1997), street corners (McCord and Ratcliffe 2007) and even single parcels (Kinney et al. 2008) or addresses (Groff and La Vigne 2001;Sherman et al. 1989) as meaningful spatial units of analysis.""
  - ""The first reason to favor small spatial units is the generic principle in all sciences that to understand the characteristics and behavior of an object of inquiry, it is helpful to understand the characteristics and the behavior of its constituting elements, as well as the nature of the relations between these constituting elements.""
  - ""Another reason to favor small units is that the relevant boundaries between units may not be known to the researcher.""
  - ""An empirical justification of the use of small spatial units of analysis is the observation that larger spatial units are often heterogeneous with respect to crime itself and many related variables.""
  - ""Ultimately, the main criterion for choosing a particular unit of analysis is the theory to be tested.""
  - ""The ecological fallacy (Robinson 1950) is the reasoning error by which conclusions about small units are made on the basis of empirical findings at higher levels of aggregation.""
  - ""The unit of analysis should match the theory (Weisburd et al. 2009b""
  - ""The postal code system was created with the facilitation of postal delivery services in mind. Therefore, a single postal code is nearly always on the same street, applies to adjacent properties, and is not subdivided by physical barriers that impede pedestrian or car transportation.""
  - ""the qualifications of a behavior setting (Barker 1968;Wicker 1987) or setting (Wikstro ¨m 2006) seem to fit the postal code area unit well.""",,"- The study uses small spatial units (average of 18 residential units and 40 residents) to analyze crime location choices, which is justified by the need for detailed spatial resolutions.
- The choice of small spatial units is supported by contemporary scholars in geographic criminology who advocate for smaller units to better understand crime patterns.
- Theoretical justification includes the principle that understanding smaller units helps in understanding larger phenomena and the need to avoid ecological fallacies by matching the unit of analysis to the theory being tested.
- Practical considerations include the heterogeneity of larger spatial units and the difficulty in defining relevant boundaries between units.
- The use of postal code areas as the spatial unit is justified by their physical coherence and alignment with natural boundaries, making them suitable for analysis.","  - ""Many contemporary scholars in geographic criminology advocate the use of much smaller spatial units of analysis (Groff et al. 2009;Oberwittler and Wikstro ¨m 2009;Smith et al. 2000) and prior research has indeed identified census blocks, street segments (Weisburd et al. 2004 ), street blocks (Kurtz et al. 1998; Taylor 1997), street corners (McCord and Ratcliffe 2007) and even single parcels (Kinney et al. 2008) or addresses (Groff and La Vigne 2001;Sherman et al. 1989) as meaningful spatial units of analysis.""
  - ""The first reason to favor small spatial units is the generic principle in all sciences that to understand the characteristics and behavior of an object of inquiry, it is helpful to understand the characteristics and the behavior of its constituting elements, as well as the nature of the relations between these constituting elements.""
  - ""Another reason to favor small units is that the relevant boundaries between units may not be known to the researcher.""
  - ""An empirical justification of the use of small spatial units of analysis is the observation that larger spatial units are often heterogeneous with respect to crime itself and many related variables.""
  - ""Ultimately, the main criterion for choosing a particular unit of analysis is the theory to be tested.""
  - ""The ecological fallacy (Robinson 1950) is the reasoning error by which conclusions about small units are made on the basis of empirical findings at higher levels of aggregation.""
  - ""Many theoretical notions that relate to spatial crime patterns, including propositions about offender behavior, informal social control and the nature of crime settings, apply to units of analysis that are arguably much smaller than neighborhoods, census tracts or block groups.""",,"- The paper references previous research by various scholars who advocate for the use of smaller spatial units of analysis, indicating a reliance on ""Previous research"" (Quote 1).
- The authors justify the use of small spatial units based on theoretical principles, such as understanding the characteristics and behavior of smaller units and avoiding the ecological fallacy, which aligns with ""Theory"" (Quotes 2, 5, 6, 7).
- The paper also provides empirical justification for using small spatial units, noting the heterogeneity of larger units and the need for more precise measurement, which relates to ""Data availability"" (Quote 4).
- The combination of these justifications suggests that the authors used a rationale that includes both theoretical considerations and empirical evidence from previous research, as well as the availability of data at smaller spatial scales."
The Importance of Importance Sampling,"Wim Medvedev, Oleg N Polaschek, Sophie Curtis-Ham, Wim Bernasco, Oleg N Medvedev, Devon L L Polaschek",-,-,-,-,-,2153,Not specified (the paper provides a range of population sizes per SA2 but does not specify an average),No (the researchers used NZ Census Statistical Area 2 (SA2) as the primary spatial unit for analysis without aggregating data from smaller administrative or statistical units),"The authors chose SA2s as their spatial unit because they are comparable to neighborhoods and have been used in other crime location choice studies, providing a practical precedent. Theoretically, SA2s are justified as they offer smaller, more ecologically valid spatial units that can better account for heterogeneity in variables, aligning with the goal of understanding crime location choice at an individual level. Additionally, using SA2s helps manage the computational burden associated with large datasets by limiting the number of alternatives to a manageable size.",Theory and previous research,"  - ""The outcome variable was the choice of SA2: in which of the 2153 SA2 areas of New Zealand did the offender commit the index offense?""
  - ""There were 2153 SA2s, with land areas of 0.063km 2 to 12,042.36km 2 , reflecting the relative population density in urban and rural areas (median 1.962km 2""
  - ""In this study we used the NZ Census Statistical Area 2 (SA2) as the set of locations from which an offense location could be chosen.""",,"- The paper specifies that the spatial units used in the study are the NZ Census Statistical Area 2 (SA2).
- It explicitly states that there were 2153 SA2s used in the study.
- The SA2s are described as the units from which an offense location could be chosen, indicating they are the spatial units included in the final statistical analysis.","  - ""There were 2153 SA2s, with land areas of 0.063km 2 to 12,042.36km 2 , reflecting the relative population density in urban and rural areas (median 1.962km 2""
  - ""SA2s are comparable to the units used in other crime location choice studies (e.g., Clare et al. 2009;Townsley et al. 2015).""
  - ""SA2s roughly equate to neighborhoods and typically contain 2000-4000 residents in metropolitan areas (1000-5000 in rural areas).""",,"- The paper provides specific information about the population size per SA2 (Statistical Area 2), which is the spatial unit used in the study. It states that SA2s typically contain 2000-4000 residents in metropolitan areas and 1000-5000 in rural areas.
- The mention of a range rather than a single average number suggests that the population size can vary significantly across different SA2s.
- The paper does not provide a single average population size per SA2, but rather a range that indicates variability in population density across metropolitan and rural areas.","  - ""SA2s are comparable to the units used in other crime location choice studies (e.g., Clare et al. 2009;Townsley et al. 2015).""
  - ""SA2s roughly equate to neighborhoods and typically contain 2000-4000 residents in metropolitan areas (1000-5000 in rural areas).""
  - ""In this study we used the NZ Census Statistical Area 2 (SA2) as the set of locations from which an offense location could be chosen.""",,"- The paper mentions the use of ""NZ Census Statistical Area 2 (SA2)"" as the spatial unit for analysis. This indicates that the data was analyzed at the SA2 level.
- The description of SA2s as ""roughly equate to neighborhoods"" and containing a specific number of residents suggests that SA2s are already a defined administrative/statistical unit, not an aggregation of smaller units.
- There is no mention of aggregating data from smaller administrative or statistical spatial units to create larger spatial units for analysis. The focus is on using SA2s as the primary unit of analysis.
- The paper does not provide any information about aggregating data from smaller units like census blocks or smaller postal zones to larger units like SA2s.","  - ""Understanding crime location choice at an individual level is a growing research undertaking with potential to inform criminal investigation and prevention activities beyond improvement in the explanation and prediction of where and when crime concentrates (Bernasco 2017;Ruiter 2017).""
  - ""Whereas most prior studies of crime location choice focused on neighborhoods, recent research has demonstrated the relevance of smaller and more ecologically valid spatial units of analysis, such as streets segments (Frith et al. 2017), census blocks (Bernasco et al. 2013), and even individual properties (Vandeviver et al. 2015).""
  - ""In this study we used the NZ Census Statistical Area 2 (SA2) as the set of locations from which an offense location could be chosen. SA2s roughly equate to neighborhoods and typically contain 2000-4000 residents in metropolitan areas (1000-5000 in rural areas).""
  - ""SA2s are comparable to the units used in other crime location choice studies (e.g., Clare et al. 2009;Townsley et al. 2015).""
  - ""The issue of computational burden due to many choice alternatives has been addressed in other fields and on other types of decisions. Based on the results of McFadden (1977), researchers have estimated choice models by sampling from the decision makers' available choice sets when studying decisions such as residential choice: where to find/buy a house (Duncombe et al. 2001) and transportation route choice: how to travel from A to B (Frejinger et al. 2009).""
  - ""In DSCM studies of crime location choice, the number of alternative locations that could be chosen for crime can be very large, as can the number of crime choices. Further, estimating discrete choice models requires attributes of all alternatives to be linked to the attributes of every choice.""
  - ""The more typical range is between approximately 500,000 to 5 million rows, involving 1000 to 5000 alternatives and 500 to 5000 offenses (Townsley et al. 2015; e.g., Bernasco et al. 2015; Frith et al. 2017).""
  - ""The issue of computational burden due to many choice alternatives has been addressed in other fields and on other types of decisions.""",,"- The authors justify the use of SA2s as their spatial unit by noting that they are comparable to neighborhoods and have been used in other crime location choice studies (Quotes 3 and 4). This suggests a practical consideration based on precedent in the field.
- The choice of SA2s is also theoretically justified by the need for smaller, more ecologically valid spatial units that can better account for heterogeneity in variables (Quote 2). This aligns with the goal of understanding crime location choice at an individual level.
- The authors mention the computational burden associated with large datasets and the need to reduce this burden (Quotes 5, 6, and 7). Using SA2s as the spatial unit helps manage this burden by limiting the number of alternatives to a manageable size.
- The use of SA2s is consistent with the aim to balance between spatial granularity and computational feasibility, as indicated by the typical range of rows and alternatives in DSCM studies (Quote 7).","  - ""In this study we used the NZ Census Statistical Area 2 (SA2) as the set of locations from which an offense location could be chosen. SA2s roughly equate to neighborhoods and typically contain 2000-4000 residents in metropolitan areas (1000-5000 in rural areas).""
  - ""The outcome variable was the choice of SA2: in which of the 2153 SA2 areas of New Zealand did the offender commit the index offense?""
  - ""SA2s are comparable to the units used in other crime location choice studies (e.g., Clare et al. 2009;Townsley et al. 2015).""",,"- The authors justify their choice of SA2s as the spatial unit of analysis by comparing them to neighborhoods, which suggests a theoretical basis for their selection.
- They also mention that SA2s are comparable to units used in other crime location choice studies, indicating that previous research supports their choice.
- The use of SA2s is further justified by their comparability to units used in other studies, which aligns with both theoretical and previous research rationales."
CO-OFFENDERS' CRIME LOCATION CHOICE: DO CO-OFFENDING GROUPS COMMIT CRIMES IN THEIR SHARED AWARENESS SPACE?,Marre Lammers,-,-,-,-,-,142,"7,000","Yes, the researchers aggregated data from smaller administrative units (six-digit postal code areas) to larger spatial units (four-digit postal code areas) for analysis.","The authors justify the use of four-digit postal code areas as the spatial unit of analysis due to their average size and population, which makes them suitable for studying familiarity and movement. They also reference common practice in crime location choice studies and acknowledge the practical considerations of using smaller units, such as increased spatial interdependence. Theoretical justifications include the design of these areas for minimal travel restrictions and awareness of the modifiable areal unit problem.",Theory and previous research,"  - ""the choice set consists of 142 four-digit postal code areas in the greater The Hague region.""
  - ""The set of alternatives J in this study contains the 142 four-digit postal code areas of the greater The Hague area.""
  - ""The dependent variable in this study is the choice of an area j from a geographical set of alternatives J to co-offend in. This co-offended crime had to be committed between 2006 and 2009 in the greater The Hague region. This region consists of a total of 142 four-digit postal code areas, which have an average size of 2.96 km 2 and an average population size of 7,000.""",,"- The paper specifies that the study area is the greater The Hague region, which is divided into 142 four-digit postal code areas.
- These postal code areas are used as the spatial units for analysis, as indicated by the mention of them as ""alternatives"" and ""choice set"" in the context of the discrete spatial choice model.
- The number of spatial units is consistently mentioned as 142 across different sections of the paper, reinforcing that this is the number of units included in the final statistical analysis.","  - ""This region consists of a total of 142 four-digit postal code areas, which have an average size of 2.96 km 2 and an average population size of 7,000.""",,"- The paper provides specific information about the average population size per spatial unit in the study.
- The spatial unit in question is the ""four-digit postal code area,"" which is used as the basis for analysis in the study.
- The paper explicitly states that these areas have an ""average population size of 7,000,"" which directly answers the question about the average population per unit.","  - ""The data were analysed using a discrete spatial choice model.""
  - ""The dependent variable in this study is the choice of an area j from a geographical set of alternatives J to co-offend in.""
  - ""This region consists of a total of 142 four-digit postal code areas, which have an average size of 2.96 km 2 and an average population size of 7,000.""
  - ""All crime and residential locations were geocoded and allocated to one of the 142 four-digit postal code areas.""
  - ""the spatial unit of analysis that was used in this study is a four-digit postal code area.""
  - ""A smaller measurement could have been used, e.g. a six-digit postal code area.""",,"- The study uses a discrete spatial choice model, which involves analyzing data at a specific spatial scale.
- The data is analyzed at the level of four-digit postal code areas, which are described as the spatial unit of analysis.
- The paper mentions that a smaller measurement could have been used, such as six-digit postal code areas, but this was not the case in this study.
- The use of four-digit postal code areas as the final unit of analysis suggests that data might have been aggregated from smaller units, such as six-digit postal code areas, to these larger units.
- The paper does not explicitly state that data was aggregated from smaller administrative units to larger ones, but the mention of a smaller measurement option implies that such aggregation could have occurred.","  - ""the spatial unit of analysis that was used in this study is a four-digit postal code area. Most studies on crime location choice have used areas of similar or larger size for their analyses.""
  - ""However, the four-digit postal code area could be considered a large unit of analysis. A smaller measurement could have been used, e.g. a six-digit postal code area. These areas contain on average 18 residential units and 40 residents.""
  - ""The dependent variable in this study is the choice of an area j from a geographical set of alternatives J to co-offend in. This co-offended crime had to be committed between 2006 and 2009 in the greater The Hague region. This region consists of a total of 142 four-digit postal code areas, which have an average size of 2.96 km 2 and an average population size of 7,000.""
  - ""Since the four-digit postal code areas were designed to have minimal travel restrictions for postal delivery services travelling by bike or foot (Bernasco 2010b) , it is plausible that those living in or frequently visiting such an area will be familiar with it.""
  - ""However, using small spatial units of analysis has its downsides. For example using smaller areas increases the issue of spatial interdependence between observations. This means that models that take spatial interdependence into account need to be used to properly analyse the data.""
  - ""This problem of choosing the right level of aggregation and the influence that has on study result, the modifiable areal unit problem, are discussed extensively in Ouimet (2000).""",,"- The authors justify the use of four-digit postal code areas as the spatial unit of analysis by referencing their average size and population, which suggests a practical consideration for data analysis.
- They mention that these areas were designed for minimal travel restrictions, which implies that they are suitable for studying familiarity and movement within the area.
- The authors acknowledge that most studies on crime location choice use similar or larger spatial units, indicating a theoretical justification based on common practice in the field.
- They discuss the potential downsides of using smaller units, such as increased spatial interdependence, which suggests a practical consideration for data analysis complexity.
- The reference to the modifiable areal unit problem and Ouimet (2000) indicates an awareness of theoretical issues related to spatial unit selection.","  - ""This problem of choosing the right level of aggregation and the influence that has on study result, the modifiable areal unit problem, are discussed extensively in Ouimet (2000).""
  - ""However, using small spatial units of analysis has its downsides. For example using smaller areas increases the issue of spatial interdependence between observations.""
  - ""the four-digit postal code area could be considered a large unit of analysis. A smaller measurement could have been used, e.g. a six-digit postal code area.""
  - ""the spatial unit of analysis that was used in this study is a four-digit postal code area. Most studies on crime location choice have used areas of similar or larger size for their analyses.""",,"- The authors justify their choice of a four-digit postal code area as the spatial unit of analysis by referencing previous research, stating that most studies on crime location choice have used similar or larger areas.
- They also consider the theoretical implications of using smaller units, such as the six-digit postal code area, but note the potential downsides, including increased spatial interdependence.
- The mention of the modifiable areal unit problem and its discussion in Ouimet (2000) suggests that theoretical considerations about the impact of spatial unit size on study results were also part of their rationale.
- The combination of references to previous research and theoretical considerations indicates that the authors used both ""Previous research"" and ""Theory"" to justify their choice of spatial unit of analysis."
"Right place, right time? Making crime pattern theory time-specific","Sabine E M Van Sleeuwen, Stijn Ruiter, Wouter Steenbeek",-,-,-,-,-,"13,305",Not specified,No (the data was analyzed directly at the neighbourhood level without aggregation from smaller administrative units),"The authors chose neighbourhoods as their spatial unit size because more than three-quarters of the locations were reported at least at the neighbourhood level, indicating high spatial accuracy. This choice is also practical as it aligns with existing administrative divisions in the Netherlands, allowing for meaningful analysis of crime patterns and activity spaces.",Data availability,"  - ""the final dataset for analysis is a data matrix of 944,655 rows (containing 13,305 neighbourhood rows for each of the 71 crimes to be explained).""
  - ""The dependent variable crime committed in neighbourhood (1 = yes; 0 = no) indicates whether or not an offence was committed in a specific neighbourhood. For each of the 71 crimes, the neighbourhood in which the offender had committed the offence was assigned a score of 1, while all other 13,304 neighbourhoods were scored 0.""
  - ""The independent variable neighbourhood routinely visited (1 = yes; 0 = no) indicates whether or not a neighbourhood was part of the offenders' activity space in the period before or during the crime event. A score of 1 was assigned to all the neighbourhoods the offender routinely visited and all other neighbourhoods were scored 0.""",,"- The paper mentions that the final dataset for analysis includes ""13,305 neighbourhood rows for each of the 71 crimes to be explained."" This indicates that the spatial units used in the analysis are neighborhoods.
- The dependent variable is defined at the neighborhood level, with each neighborhood being assigned a score based on whether a crime was committed there.
- The independent variable is also defined at the neighborhood level, indicating whether a neighborhood was part of the offender's activity space.
- The total number of spatial units (neighborhoods) included in the analysis is explicitly stated as 13,305.","  - ""In the present study, we measured not only the offenders' most important activity nodes and offence locations in the previous year, but also recorded the specific times they regularly visited these activity nodes.""
  - ""In order to determine the adequate spatial and temporal resolution for our unit of analysis, we first checked the reported level of accuracy for the seven routine activity domains and the five different reported types of crime. Spatial accuracy was generally higher for the reported routine activity nodes than for the crimes. However, for all 12 categories combined, more than three-quarters of the locations were indicated to be reported at least at the neighbourhood level.""
  - ""For each of the seven activity domains as well as for each reported crime type, respondents were asked to indicate the accuracy of their responses for the locations (i.e., whether their selection indicates a specific address, street, neighbourhood, or city), as well as the accuracy of the reported time slots of the day, days of the week and months of the year (i.e., very accurate, reasonably accurate, reasonably inaccurate, very inaccurate).""
  - ""we geocoded the longitude-latitude information to one of the 13,305 unique neighbourhoods in the Netherlands for the year 2018, with a median area of 0.66 km 2 (mean = 2.63, range = 0.02-130.14) (Statistics Netherlands 2019).""",,"- The study uses neighbourhoods as the spatial units for analysis, as indicated by the geocoding of locations to one of the 13,305 unique neighbourhoods in the Netherlands.
- The paper provides information on the median area of these neighbourhoods (0.66 km^2) but does not mention the average population size per neighbourhood.
- The focus of the study is on the spatial and temporal patterns of crime rather than demographic data such as population size.
- There is no mention of the average population per unit (neighbourhood) in the provided text.","  - ""In order to determine the adequate spatial and temporal resolution for our unit of analysis, we first checked the reported level of accuracy for the seven routine activity domains and the five different reported types of crime. Spatial accuracy was generally higher for the reported routine activity nodes than for the crimes. However, for all 12 categories combined, more than three-quarters of the locations were indicated to be reported at least at the neighbourhood level.""
  - ""The dependent variable crime committed in neighbourhood (1 = yes; 0 = no) indicates whether or not an offence was committed in a specific neighbourhood. For each of the 71 crimes, the neighbourhood in which the offender had committed the offence was assigned a score of 1, while all other 13,304 neighbourhoods were scored 0.""
  - ""Therefore, we geocoded the longitude-latitude information to one of the 13,305 unique neighbourhoods in the Netherlands for the year 2018, with a median area of 0.66 km 2 (mean = 2.63, range = 0.02-130.14) (Statistics Netherlands 2019).""",,"- The paper mentions that the spatial accuracy was generally higher for reported routine activity nodes than for crimes, and most locations were reported at least at the neighbourhood level. This suggests that the data was already collected at the neighbourhood level, which is the final unit of analysis.
- The researchers geocoded the longitude-latitude information to one of the 13,305 unique neighbourhoods in the Netherlands for the year 2018. This indicates that the data was not aggregated from smaller units to larger ones; instead, it was directly analyzed at the neighbourhood level.
- The dependent variable was defined at the neighbourhood level, further confirming that the analysis was conducted directly at this spatial scale without aggregation from smaller units.","  - ""In order to determine the adequate spatial and temporal resolution for our unit of analysis, we first checked the reported level of accuracy for the seven routine activity domains and the five different reported types of crime. Spatial accuracy was generally higher for the reported routine activity nodes than for the crimes. However, for all 12 categories combined, more than three-quarters of the locations were indicated to be reported at least at the neighbourhood level.""
  - ""The independent variable neighbourhood routinely visited (1 = yes; 0 = no) indicates whether or not a neighbourhood was part of the offenders' activity space in the period before or during the crime event.""
  - ""Therefore, we geocoded the longitude-latitude information to one of the 13,305 unique neighbourhoods in the Netherlands for the year 2018, with a median area of 0.66 km 2 (mean = 2.63, range = 0.02-130.14) (Statistics Netherlands 2019).""
  - ""The dependent variable crime committed in neighbourhood (1 = yes; 0 = no) indicates whether or not an offence was committed in a specific neighbourhood.""",,"- The authors justify their choice of spatial unit size by referencing the accuracy of location reporting by respondents. They note that more than three-quarters of the locations were reported at least at the neighbourhood level, which suggests that this level of granularity is appropriate for their analysis.
- The use of neighbourhoods as the spatial unit is also practical because it aligns with the existing administrative divisions in the Netherlands, as indicated by the reference to ""13,305 unique neighbourhoods in the Netherlands for the year 2018.""
- The choice of neighbourhoods as the spatial unit is further supported by the fact that it allows for a meaningful analysis of crime patterns and activity spaces. The authors use neighbourhoods to define both the dependent variable (crime committed in a neighbourhood) and an independent variable (neighbourhood routinely visited), which suggests that this unit size is relevant for understanding crime patterns.
- The authors do not explicitly reference previous research or theoretical justifications for their choice of spatial unit size, but the practical considerations and alignment with existing administrative divisions provide a rationale for their selection.","  - ""In order to determine the adequate spatial and temporal resolution for our unit of analysis, we first checked the reported level of accuracy for the seven routine activity domains and the five different reported types of crime.""
  - ""Spatial accuracy was generally higher for the reported routine activity nodes than for the crimes.""
  - ""Therefore, we geocoded the longitude-latitude information to one of the 13,305 unique neighbourhoods in the Netherlands for the year 2018, with a median area of 0.66 km 2 (mean = 2.63, range = 0.02-130.14) (Statistics Netherlands 2019).""
  - ""For more than 80% of the reported times in the survey, the respondents indicated the timing of their routine and criminal activities in the eight different 3-h time slots as ""reasonably accurate"" or ""very accurate"".""
  - ""We therefore divided the time of day category into the two most distinct time blocks: daytime (6 am-6 pm) vs. nighttime (6 pm-6 am).""
  - ""The dependent variable crime committed in neighbourhood (1 = yes; 0 = no) indicates whether or not an offence was committed in a specific neighbourhood.""",,"- The authors justify their spatial unit of analysis (SUoA) selection by referencing the accuracy of spatial data for routine activity nodes and crimes, which is a consideration based on ""Data availability.""
- They also mention the use of geocoding to unique neighborhoods in the Netherlands, which is a practical consideration related to ""Data availability.""
- The decision to divide the time of day into daytime and nighttime blocks is based on the accuracy of reported times, again related to ""Data availability.""
- The selection of neighborhoods as the spatial unit is further justified by the use of these units in the dependent variable, which is a practical consideration related to ""Data availability.""
- There is no explicit mention of theory or previous research in the justification for the SUoA selection in the provided quotes."
Ambient population and surveillance cameras: The guardianship role in street robbers' crime location choice,"Dongping Long, Lin Liu, Mingen Xu, Jiaxin Feng, Jianguo Chen, Li He",-,-,Cities,38,2021,1971,Not specified,"Yes, the researchers aggregated data from smaller administrative or statistical spatial units to create larger spatial units for analysis. The original smaller administrative unit is not explicitly mentioned, but the final larger administrative unit used for analysis is the community level, with 1971 communities being the spatial units for analysis.","The authors chose communities as their spatial unit, likely due to data availability and practicality. The average size of these communities is 1.62 km^2, with a standard deviation of 2.85 km^2. The choice aligns with common practices in criminology and spatial analysis, allowing for the integration of environmental factors relevant at this scale.","Theory, previous research, and data availability","  - ""This paper assumes that a street robber chose one for robbery among 1971 communities (1971 alternative sets).""
  - ""The study area covers 1971 communities (Fig. 2 ), with an average size of 1.62 km 2""
  - ""The selected neighborhood is recorded as ""1""; otherwise, the non-selected one is recorded as ""0"". Therefore, for each case, it has 1971 rows of data with a ""1"" and 1970 ""0"".""
  - ""The data matrix of dependent variables is constructed by using these cases. The calculation of dependent variables in discrete spatial choice modeling refers to the method by Bernasco et al. (2013) and Johnson and Summers (2015). This paper assumes that a street robber chose one for robbery among 1971 communities (1971 alternative sets).""
  - ""The dataset included the following information of each arrested robber: the unique offender identifier, the Hukou status, the home address, and the location and time of the robbery. Among a total of 11,455 arrest records in ZG City during 2012-2016, only 7860 records have a home address in the city, involving 7124 robbers.""",,"- The paper mentions that the study area covers 1971 communities, which are the spatial units used in the analysis.
- The methodology section explains that each street robber is assumed to choose one community out of 1971 for committing a robbery, indicating that these communities are the units of analysis.
- The data matrix construction involves each case having 1971 rows of data, corresponding to the 1971 communities, further confirming that these are the spatial units used in the final statistical analysis.","  - ""The study area covers 1971 communities (Fig. 2 ), with an average size of 1.62 km 2""
  - ""The standard deviation of the size of communities is 2.85, the minimum size of 0.001 km 2 , and the maximum size of 43 km 2""
  - ""The data sets used in this paper include crime data and neighborhood characteristics data of ZG City.""
  - ""The dataset included the following information of each arrested robber: the unique offender identifier, the Hukou status, the home address, and the location and time of the robbery.""
  - ""Among a total of 11,455 arrest records in ZG City during 2012-2016, only 7860 records have a home address in the city, involving 7124 robbers.""
  - ""A number of robberies involved multiple robbers. Following the practice of Bernasco et al. (2017), one robber is randomly selected to represent the decisionmaking of a robbery that involves multiple robbers. This selection leaves 4358 street robbers in the analysis (Table 1""
  - ""The data matrix of dependent variables is constructed by using these cases. The calculation of dependent variables in discrete spatial choice modeling refers to the method by Bernasco et al. (2013) and Johnson and Summers (2015).""
  - ""The selected neighborhood is recorded as ""1""; otherwise, the non-selected one is recorded as ""0"". Therefore, for each case, it has 1971 rows of data with a ""1"" and 1970 ""0"".""
  - ""Neighborhood data include POI data, census data, mobile phone data, and police data.""
  - ""Ambient population is measured by average daily mobility from ZG City's mobile phone signaling data.""",,"- The paper provides detailed information about the study area, including the number of communities (1971) and their average size (1.62 km 2 ). However, it does not specify the average population size per spatial unit.
- The paper mentions the use of census data, which typically includes population information, but it does not provide specific numbers or averages for population per unit.
- The focus of the paper is on ambient population measured by mobile phone data, but again, no specific average population size per unit is provided.
- The paper does not mention any specific average population size per unit in any of the quoted sections or elsewhere in the text.","  - ""The study area covers 1971 communities (Fig. 2 ), with an average size of 1.62 km 2""
  - ""The data sets used in this paper include crime data and neighborhood characteristics data of ZG City.""
  - ""The dataset included the following information of each arrested robber: the unique offender identifier, the Hukou status, the home address, and the location and time of the robbery.""
  - ""The data matrix of dependent variables is constructed by using these cases. The calculation of dependent variables in discrete spatial choice modeling refers to the method by Bernasco et al. (2013) and Johnson and Summers (2015). This paper assumes that a street robber chose one for robbery among 1971 communities (1971 alternative sets).""
  - ""The density of road network is used to represent traffic accessibility (Law et al., 2016;Long, Liu, Zhou, et al., 2017;Xiao et al., 2018), and it is measured by the ratio of the total length of road network in a neighborhood to the area of the same neighborhood.""
  - ""The distance of journey to crime is the Euclidean distance between the offender's residence and the centroid of each of the 1, 971 neighborhood units.""",,"- The study area is described as covering 1971 communities, which are used as the spatial units for analysis. This suggests that the data is aggregated at the community level.
- The data sets include crime data and neighborhood characteristics, which are likely aggregated from smaller units to these community levels.
- The calculation of dependent variables involves using these community units as alternatives for street robbers' crime location choices, indicating that data is aggregated to this level.
- The use of neighborhood characteristics such as road network density and distance to crime locations further supports the aggregation at the community level.
- There is no mention of aggregating data from smaller administrative units to these community units, but the focus on communities as the spatial unit for analysis implies some form of aggregation from potentially smaller units.","  - ""The utility function is calculated as follows:

where U ij is the expected utility of a robbery in neighborhood j for street robber i, x ij are the values of the explanatory variables for neighborhood j for street robber i, β is a vector of coefficients to be estimated, and ε ij is the random error component of the model.""
  - ""The discrete spatial choice approach is widely used in microeconomics to analyze discrete choice behavior (Bernasco & Nieuwbeerta, 2005).""
  - ""The study area covers 1971 communities (Fig. 2 ), with an average size of 1.62 km 2 . The standard deviation of the size of communities is 2.85, the minimum size of 0.001 km 2 , and the maximum size of 43 km 2""
  - ""The results of discrete spatial choice models (Odds Ratios, Z-scores, Pseudo R 2 , significance level with 95% confidence intervals) are listed in Table 4""
  - ""The dataset included the following information of each arrested robber: the unique offender identifier, the Hukou status, the home address, and the location and time of the robbery.""",,"- The authors chose to use communities as their spatial unit, which is justified by the use of discrete spatial choice modeling. This method is appropriate for analyzing choices among a set of alternatives, in this case, neighborhoods or communities.
- The average size of these communities is provided, along with the standard deviation, minimum, and maximum sizes. This suggests that the choice of community size was based on existing administrative or geographical divisions rather than a specific theoretical justification for a particular size.
- The use of communities as the spatial unit is likely due to the availability of data at this level and the practicality of analyzing crime location choices within these defined areas.
- The authors do not provide a specific theoretical justification for choosing communities over other spatial units, but the methodology aligns with common practices in criminology and spatial analysis.
- The focus on communities allows for the integration of various environmental factors such as crime generators, attractors, accessibility, and social disorganization, which are relevant at this scale.","  - ""The data matrix of dependent variables is constructed by using these cases. The calculation of dependent variables in discrete spatial choice modeling refers to the method by Bernasco et al. (2013) and Johnson and Summers (2015).""
  - ""The dataset included the following information of each arrested robber: the unique offender identifier, the Hukou status, the home address, and the location and time of the robbery.""
  - ""The study area covers 1971 communities (Fig. 2 ), with an average size of 1.62 km 2 . The standard deviation of the size of communities is 2.85, the minimum size of 0.001 km 2 , and the maximum size of 43 km 2""
  - ""The results of discrete spatial choice models (Odds Ratios, Z-scores, Pseudo R 2 , significance level with 95% confidence intervals) are listed in Table 4""
  - ""The utility function can be estimated by a conditional logit model (McFadden, 1978).""",,"- The paper uses a spatial unit of analysis (SUoA) based on communities, which are defined by their size and number (1971 communities).
- The selection of communities as the SUoA is justified by the use of discrete spatial choice modeling, which is a methodological choice influenced by previous research (Bernasco et al., 2013; Johnson and Summers, 2015).
- The data availability is also a factor, as the dataset includes information on arrested robbers and their locations, which are likely aggregated at the community level.
- The use of conditional logit models and the reference to McFadden (1978) suggest a theoretical basis for the choice of SUoA, as these models are commonly used in spatial choice analysis.
- The combination of methodological choices (discrete spatial choice modeling), theoretical underpinnings (conditional logit models), and data availability (dataset structure) suggests that the rationale for the SUoA selection is based on a combination of theory and previous research, as well as data availability."
Do Migrant and Native Robbers Target Different Places?," Liu",-,-,ISPRS Int. J. Geo Inf.,3,2021,1971,Not specified,No,The authors chose neighborhoods as their spatial unit size or type because it aligns with the availability of data from ZG City's Public Security Department and allows for the analysis of crime patterns and environmental influences at a local level. The average area of 1.62 square kilometers per neighborhood suggests a focus on detailed spatial analysis within these defined areas.,Data availability and administrative convenience,"  - ""The study area consists of 1971 neighborhoods (Figure 1 ) with an average area of 1.62 square kilometers.""
  - ""The data used in this paper include the arrest data and neighborhood characteristics data of ZG City.""
  - ""In this study, we selected the domicile attributes of street robbers in the individual attribute table to study the spatial differences in crime location choices of street robbers with different household registration attributes.""",,"- The paper mentions that the study area consists of 1971 neighborhoods, which are the spatial units used in the analysis.
- The methodology involves using data from these neighborhoods to study crime location choices, indicating that these neighborhoods are the units of analysis.
- The statistical analysis, as described in the results section, involves conditional logit regression models that likely use these neighborhoods as the spatial units to assess crime location choices.","  - ""In 2018, the resident population was 14.9 million, and the GDP of the city was 2.30 trillion with an annual growth rate of 6.50%.""
  - ""The study area consists of 1971 neighborhoods (Figure 1 ) with an average area of 1.62 square kilometers.""",,"- The paper provides the total resident population of ZG City as 14.9 million in 2018.
- It also mentions that the study area consists of 1971 neighborhoods with an average area of 1.62 square kilometers.
- However, the paper does not provide a direct calculation or mention of the average population per unit (neighborhood).
- The total population and the number of neighborhoods are given, but the average population per neighborhood is not explicitly calculated or mentioned in the text.","  - ""The data provider requested for confidentiality of the place names, so ""pinyin"" codes are used as substitutes).""
  - ""The second type of data is a dataset coupled with individual factors (distance of journey to crime variables) and key neighborhood factors, including 2014 POI data (point coordinates), 2014 traffic road network vector map data, 2015 bus stop data (point coordinates) crawled based on Baidu API, within one week of 12 to 18 May 2016 ZG City's mobile phone data and the sixth census data of ZG city in 2010 (Table 3""
  - ""The first type of data is the arrest data of street robbers in ZG City from 2012 to 2016 provided by ZG City's Public Security Department.""
  - ""The data used in this paper include the arrest data and neighborhood characteristics data of ZG City.""
  - ""The study area consists of 1971 neighborhoods (Figure 1 ) with an average area of 1.62 square kilometers.""",,"- The paper mentions that the study area consists of 1971 neighborhoods, which suggests that these neighborhoods are the basic spatial units used for analysis.
- The data used includes arrest data and neighborhood characteristics, which are likely aggregated at the neighborhood level.
- There is no mention of aggregating data from smaller administrative units to larger ones. The focus is on using data at the neighborhood level.
- The paper does not specify any aggregation process from smaller administrative units to larger ones, such as from census blocks to districts.","  - ""The study area consists of 1971 neighborhoods (Figure 1 ) with an average area of 1.62 square kilometers.""
  - ""The data used in this paper include the arrest data and neighborhood characteristics data of ZG City.""
  - ""The data used in this paper include the arrest data and neighborhood characteristics data of ZG City. The first type of data is the arrest data of street robbers in ZG City from 2012 to 2016 provided by ZG City's Public Security Department.""
  - ""The second type of data is a dataset coupled with individual factors (distance of journey to crime variables) and key neighborhood factors, including 2014 POI data (point coordinates), 2014 traffic road network vector map data, 2015 bus stop data (point coordinates) crawled based on Baidu API, within one week of 12 to 18 May 2016 ZG City's mobile phone data and the sixth census data of ZG city in 2010 (Table 3""
  - ""In this paper, the attributes of the built environment are used as explanatory variables, while the variables of social environment, ambient population, crime prevention, and crime travel aspects are incorporated into the model as control variables (Table 3""
  - ""The distance of street robbers' residence from crime location""",,"- The paper uses neighborhoods as the spatial unit for analysis, as indicated by the mention of ""1971 neighborhoods"" and ""neighborhood characteristics data.""
- The choice of neighborhoods as the spatial unit is likely due to the availability of data at this level, as the paper uses arrest data and neighborhood characteristics data provided by ZG City's Public Security Department.
- The use of neighborhoods aligns with the focus on spatial patterns and crime location choices, as it allows for the analysis of crime distribution within specific areas.
- The paper does not explicitly justify the choice of neighborhood size or type beyond the practical consideration of data availability, but it implies that neighborhoods are a suitable unit for understanding crime patterns and environmental influences.
- The paper integrates various data types, including POI data, traffic road network data, and mobile phone data, which are likely aggregated at the neighborhood level to analyze crime location choices.","  - ""The data used in this paper include the arrest data and neighborhood characteristics data of ZG City.""
  - ""ZG City-one of the largest cities in Southeast China [19]. In 2018, the resident population was 14.9 million, and the GDP of the city was 2.30 trillion with an annual growth rate of 6.50%. Due to the influx of large numbers of immigrants, ZG City has become the best place for study on the crime location choice of street robbers under different household registration attributes.""
  - ""The study area consists of 1971 neighborhoods (Figure 1 ) with an average area of 1.62 square kilometers.""",,"- The paper uses neighborhoods as the spatial unit of analysis (SUoA), as indicated by the mention of ""1971 neighborhoods"" and the use of neighborhood characteristics data.
- The choice of ZG City as the study area is justified by its large population and economic significance, as well as its relevance to studying crime location choices under different household registration attributes. This suggests a rationale based on ""Data availability"" and ""Administrative convenience,"" as the city provides a comprehensive dataset and is a significant urban area.
- The paper does not explicitly mention any theoretical or previous research justification for the choice of neighborhoods as the SUoA. Instead, it focuses on the practical aspects of data availability and the administrative convenience of using existing neighborhood boundaries.
- The mention of ""1971 neighborhoods"" and the use of neighborhood data implies that the choice was also influenced by the availability of data at this level, which aligns with ""Data availability."""
"Do juvenile, young adult, and adult offenders target different places in the Chinese context?","Dongping Long, Lin Liu",-,-,Cities,3,2022,1971,Not specified,No (the paper does not mention aggregating data from smaller administrative or statistical spatial units to create larger spatial units for analysis),"The authors chose neighborhood units as their spatial unit size, with an average area of 1.62 km 2, likely due to practical considerations such as using existing administrative boundaries for data analysis and to examine local crime patterns. Theoretical justifications or references to previous research for this choice are not explicitly mentioned in the paper.",Theory and data availability,"  - ""In this paper, the locations of the robbery were geocoded into one of 1971 neighborhoods as the dependent variable.""
  - ""The area under study comprises 1971 neighborhood units with an average area of 1.62 km 2 (Long et al., 2021)""",,"- The paper mentions that the study area is divided into ""1971 neighborhood units,"" which are used as the spatial units for analysis.
- The dependent variable in the study is the location of robberies, which are geocoded into these 1971 neighborhoods.
- This indicates that the final statistical analysis includes these 1971 spatial units.","  - ""The proportion of migrants and the proportion of young adults in a neighborhood were used to represent social disorganization (Curran, 1998;Liu et al., 2018;Long, Liu, Zhou, et al., 2017;Song et al., 2019), and they were generated from the census data of ZG City. They were acted as independent variables and measured as the total number of migrants (or young adults) in a neighborhood divided by the total number of people in the same neighborhood.""
  - ""The area under study comprises 1971 neighborhood units with an average area of 1.62 km 2 (Long et al., 2021)""",,"- The paper provides information about the average area size of the neighborhood units but does not specify the average population size per unit.
- The mention of ""the total number of migrants (or young adults) in a neighborhood divided by the total number of people in the same neighborhood"" suggests that population data is used to calculate proportions, but it does not provide a specific average population size per unit.
- The paper does not explicitly state the average population size per spatial unit, so we cannot determine this information from the provided text.","  - ""The data in this paper and those of Long et al. (2021) are derived from the same dataset for ZG City, but they have different research questions.""
  - ""The area under study comprises 1971 neighborhood units with an average area of 1.62 km 2 (Long et al., 2021)""
  - ""the locations of the robbery were geocoded into one of 1971 neighborhoods as the dependent variable.""",,"- The paper mentions that the study area is divided into ""1971 neighborhood units,"" which suggests that these are the spatial units used for analysis.
- The locations of robberies were geocoded into these neighborhood units, indicating that these units are the final spatial units for analysis.
- There is no mention of aggregating data from smaller administrative or statistical spatial units to create these neighborhood units. The focus is on the use of these neighborhood units as the basis for analysis.
- The paper does not specify any smaller administrative units that were aggregated to form these neighborhood units, nor does it mention any process of aggregation from smaller to larger units.","  - ""The area under study comprises 1971 neighborhood units with an average area of 1.62 km 2 (Long et al., 2021)""
  - ""the distance of journey to crime as an independent variable is represented by the Euclidean distance from the centroid of each of neighborhood units to the offender's residence location.""
  - ""the locations of the robbery were geocoded into one of 1971 neighborhoods as the dependent variable.""",,"- The paper mentions that the study area is divided into ""1971 neighborhood units with an average area of 1.62 km 2."" This suggests that the spatial unit size chosen for the study is based on these neighborhood units.
- The use of neighborhood units as the spatial unit is likely justified by the need to analyze crime patterns at a local level, where neighborhood characteristics can influence crime location choices.
- The paper does not provide explicit theoretical justifications or references to previous research for choosing this specific unit size, but it implies a practical consideration by using existing administrative boundaries (neighborhood units) for data analysis.
- The use of Euclidean distance from the centroid of each neighborhood unit to the offender's residence location as an independent variable suggests that the spatial unit size is also practical for calculating distances and analyzing journey-to-crime patterns.","  - ""The data in this paper and those of Long et al. (2021) are derived from the same dataset for ZG City, but they have different research questions.""
  - ""In this paper, ZG City Public Security Bureau provided crime data on arrested offenders and their robberies during the period 2012 to 2016 (Long et al., 2021)""
  - ""ZG City is one of the major cities in the southeast coastal region of China, a national central city and the core of the Guangdong-Hong Kong-Macao Greater Bay Area, and has been the political, economic, scientific, educational, and cultural center of southern China.""
  - ""The area under study comprises 1971 neighborhood units with an average area of 1.62 km 2 (Long et al., 2021)""
  - ""Due to the complexity of the social composition, ZG City has been regarded as the best place to study the crime location choices by different age-attributed street robbers.""",,"- The authors justify their choice of ZG City as the spatial unit of analysis (SUoA) by highlighting its significance as a major city in China with a complex social composition, which makes it an ideal location for studying crime location choices by different age groups.
- The mention of the city's role as a political, economic, scientific, educational, and cultural center suggests that the authors are drawing on theoretical considerations about the impact of urban characteristics on crime patterns.
- The reference to the complexity of social composition and the availability of crime data from the ZG City Public Security Bureau indicates that data availability was also a factor in their decision.
- The authors also mention that the data used in this study is derived from the same dataset as another study, which implies that data availability was a significant consideration.
- The combination of theoretical considerations about urban characteristics and data availability suggests that the authors used a rationale that combines both theory and data availability."
THE INFLUENCE OF ACTIVITY SPACE AND VISITING FREQUENCY ON CRIME LOCATION CHOICE: FINDINGS FROM AN ONLINE SELF-REPORT SURVEY,"Stijn Ruiter, Barbara Menting, Marre Lammers, Wim Bernasco",-,-,British Journal of Criminology,33,2019,"12,821",675,No,"The authors chose neighborhoods as their spatial unit of analysis because they are the smallest statistical units for which detailed socio-economic data is available from Statistics Netherlands, are internally homogeneous with a dominant function, and are well-known to regular visitors. This choice balances practical considerations of data availability and theoretical relevance to activity spaces and crime location choice with reduced concerns for spatial accuracy compared to smaller units.",Theory and data availability,"  - ""To construct the dependent variable, offence locations were geocoded to one of the 12,821 neighbourhoods.""
  - ""We used geographical data for all 12,821 neighbourhoods in the Netherlands in 2016, with a median size of 0.68 km 2 (mean = 2.63, standard deviation (SD) = 5.39, range = 0.01-128.2) and a median residential population of 675 (mean = 1,323, SD = 1,774, range = 0-28,120) (Statistics Netherlands 2017b).""
  - ""The entire Netherlands were selected as the study area and neighbourhoods as the spatial unit of analysis.""",,"- The paper specifies that the spatial unit of analysis for the study was neighborhoods.
- It mentions that the study area included all of the Netherlands, with data from 12,821 neighborhoods.
- The dependent variable was constructed by geocoding offense locations to one of these 12,821 neighborhoods, indicating that these neighborhoods were the units used in the final statistical analysis.","  - ""We used geographical data for all 12,821 neighbourhoods in the Netherlands in 2016, with a median size of 0.68 km 2 (mean = 2.63, standard deviation (SD) = 5.39, range = 0.01-128.2) and a median residential population of 675 (mean = 1,323, SD = 1,774, range = 0-28,120) (Statistics Netherlands 2017b).""
  - ""Dutch neighbourhoods are the smallest statistical units for which Statistics Netherlands provides detailed information on structural and socio-economic features.""",,"- The paper mentions that the study uses Dutch neighbourhoods as the spatial unit of analysis.
- It provides specific data on the median and mean size of these neighbourhoods in square kilometers.
- Importantly, it also provides information on the median and mean residential population of these neighbourhoods.
- The median residential population is given as 675, which is the average number of residents per individual unit (neighbourhood) in this study.","  - ""Given their size and homogeneous character, Dutch neighbourhoods are expected to be well known to those who regularly visit them.""
  - ""We used geographical data for all 12,821 neighbourhoods in the Netherlands in 2016, with a median size of 0.68 km 2 (mean = 2.63, standard deviation (SD) = 5.39, range = 0.01-128.2) and a median residential population of 675 (mean = 1,323, SD = 1,774, range = 0-28,120) (Statistics Netherlands 2017b).""
  - ""Dutch neighbourhoods are the smallest statistical units for which Statistics Netherlands provides detailed information on structural and socio-economic features.""
  - ""The entire Netherlands were selected as the study area and neighbourhoods as the spatial unit of analysis.""",,"- The paper specifies that the spatial unit of analysis was ""neighbourhoods,"" which are described as the smallest statistical units for which detailed information is available from Statistics Netherlands.
- The use of neighbourhoods as the spatial unit of analysis suggests that these were the final units used for analysis, as they are described as the smallest units with available data.
- There is no mention of aggregating data from smaller administrative or statistical units to create these neighbourhoods. Instead, the neighbourhoods themselves are the basic units of analysis.
- The paper does not indicate any aggregation process from smaller units to larger ones; it simply uses the existing neighbourhood boundaries as defined by Statistics Netherlands.","  - ""Dutch neighbourhoods are the smallest statistical units for which Statistics Netherlands provides detailed information on structural and socio-economic features.""
  - ""The entire Netherlands were selected as the study area and neighbourhoods as the spatial unit of analysis.""
  - ""by using (often homogeneously defined) neighbourhoods as spatial unit of analysis, lower spatial accuracy is less problematic than when smaller units of analyses (e.g., street segments) would have been used.""
  - ""Neighbourhood boundaries are defined in such a way that they are internally most homogeneous and generally have one dominant function (e.g., residential, work or recreational areas; Statistics Netherlands 2017a).""
  - ""Given their size and homogeneous character, Dutch neighbourhoods are expected to be well known to those who regularly visit them.""",,"- The authors chose neighborhoods as their spatial unit of analysis because they are the smallest statistical units for which detailed socio-economic data is available from Statistics Netherlands. This suggests a practical consideration based on data availability.
- Neighborhoods are defined to be internally homogeneous with a dominant function, which aligns with the theoretical need for spatial units to reflect meaningful social and economic contexts.
- The authors justify the use of neighborhoods by noting that their size and homogeneous character make them well-known to regular visitors, which is relevant to the study's focus on activity spaces and crime location choice.
- The use of neighborhoods is also justified by the reduced concern for spatial accuracy compared to smaller units like street segments, indicating a practical consideration related to data precision.","  - ""Given their size and homogeneous character, Dutch neighbourhoods are expected to be well known to those who regularly visit them.""
  - ""Dutch neighbourhoods are the smallest statistical units for which Statistics Netherlands provides detailed information on structural and socio-economic features.""
  - ""Neighbourhood boundaries are defined in such a way that they are internally most homogeneous and generally have one dominant function (e.g., residential, work or recreational areas; Statistics Netherlands 2017a).""
  - ""The entire Netherlands were selected as the study area and neighbourhoods as the spatial unit of analysis. Given the small size of the country-the maximum distance between pairs of neighbourhoods is only 336.7 km-it is possible for individuals to have activity nodes spread across the entire country, and offences may be committed near any of them.""",,"- The authors justify the use of neighborhoods as the spatial unit of analysis (SUoA) by mentioning the small size of the Netherlands, which allows for activity nodes to be spread across the country, and the fact that offenses can be committed near any of these nodes. This suggests a consideration of ""Theory"" as neighborhoods are used to capture activity spaces and crime locations effectively.
- The mention of neighborhoods being the smallest statistical units for which detailed information is available from Statistics Netherlands indicates ""Data availability"" as a rationale. This is because the choice of neighborhoods is influenced by the availability of data from a reliable source.
- The description of neighborhood boundaries being internally homogeneous and having a dominant function aligns with ""Theory"" as it supports the idea that neighborhoods are suitable units for analyzing crime patterns due to their consistent characteristics.
- The expectation that neighborhoods are well known to regular visitors further supports the theoretical justification, as it aligns with crime pattern theory that offenders commit crimes in familiar areas."
Location Choice of Snatching Offenders in Chennai City,"K Kuralarasan, Wim Bernasco",-,-,Journal of quantitative criminology,10,2021,201,"33,195",No (the researchers did not aggregate data from smaller administrative or statistical spatial units to create larger spatial units for analysis; they used the existing 201 wards of Chennai City as their spatial units of analysis),"The authors chose the 201 wards of Chennai City as their spatial unit of analysis because they are similar in size to neighborhoods or census tracts used in other studies. However, they acknowledge that this choice may not provide the most detailed or representative data, as contemporary research suggests that crime is better studied at finer resolutions like streets or parcels. The choice was likely due to data availability and practicality, but they note that a multiple-scale analysis would require additional research questions and a new design.",Previous research,"  - ""The discrete crime location choice method takes as a starting point an individual who is motivated to commit a snatching offense and is faced with the decision of where to commit it. It is assumed that the set of spatial alternatives the offender can choose from (the choice set) is discrete and countable. In this research, the offenders' choice set consists of the 201 wards in Chennai.""
  - ""The study area for the present research is the Greater Chennai City Corporation, a metropolitan area with a population of over 6.6 million during the latest census in 2011. It consists of 201 wards with an average surface area of 2.18 km 2 (quartiles 0.97, 1.61 and 2.53) and an average population of 33,195 (quartiles 21,451, 36,560 and 43,622)""",,"- The paper describes the study area as the Greater Chennai City Corporation, which is divided into 201 wards. This is the spatial unit of analysis for the study.
- The discrete crime location choice method used in the study involves analyzing the choice of snatching locations within these 201 wards.
- The methodology section explicitly states that the offenders' choice set consists of the 201 wards in Chennai, indicating that these wards are the spatial units included in the final statistical analysis.","  - ""It consists of 201 wards with an average surface area of 2.18 km 2 (quartiles 0.97, 1.61 and 2.53) and an average population of 33,195 (quartiles 21,451, 36,560 and 43,622)""
  - ""the population sizes of wards are larger than those in most other studies.""
  - ""The study area for the present research is the Greater Chennai City Corporation, a metropolitan area with a population of over 6.6 million during the latest census in 2011.""",,"- The paper provides specific information about the average population size per ward in Chennai City. The average population per ward is explicitly mentioned as 33,195.
- The study area is divided into 201 wards, and the average population size is given for these wards.
- The mention of quartiles (21,451, 36,560, and 43,622) provides additional context about the distribution of population sizes across the wards, but the average is clearly stated as 33,195.","  - ""the spatial units of analysis in this study, the 201 wards of Chennai City, have an average surface area of 2.18 km 2 and an average population of 33,195.""
  - ""The study area for the present research is the Greater Chennai City Corporation, a metropolitan area with a population of over 6.6 million during the latest census in 2011. It consists of 201 wards with an average surface area of 2.18 km 2 (quartiles 0.97, 1.61 and 2.53) and an average population of 33,195 (quartiles 21,451, 36,560 and 43,622)""
  - ""Although population is only measured at ward level and although the spatial precision of the geocoding of snatching offenses is not perfect, our data actually consists of objects (offender residence, crime locations and facilities) that are geo-coded as coordinates and could thus be aggregated to sizes and shapes other than ward boundaries and potentially be linked to data from the OpenStreetMap project (see www. opens treet map. org).""
  - ""Contemporary work on crime at places (Lee et al. 2017;Weisburd et al. 2009) emphasizes the heterogeneity of such large units and suggests that crime better be studied at more fine-grained resolutions, such as streets, street segments or parcels, as this could better reflect the very local nature of crime attractors and generators and guardianship.""
  - ""a multiple-scale analysis would require additional research questions, a new design and analytical strategy, and would go far beyond the purposes and ambitions of the present study.""",,"- The study uses the 201 wards of Chennai City as the spatial units of analysis. These wards are described as having an average surface area and population, indicating they are the final units used for analysis.
- The paper mentions that the wards are similar in size to neighborhoods or census tracts used in other studies, suggesting that they are already a level of aggregation.
- There is no mention of aggregating data from smaller administrative units to create these wards. Instead, the wards are used as is for the analysis.
- The paper discusses the potential for using finer-grained resolutions like streets or parcels but notes that this would require a different approach and is not what was done in this study.
- The mention of data being geo-coded as coordinates suggests that individual data points could potentially be aggregated differently, but this is not what was done for the final analysis.","  - ""In terms of surface area, the wards are similar in size to neighborhoods or census tracts that have been used in crime location studies elsewhere (i.e., Long et al. 2018;Townsley et al. 2015), but due to the high population density in Chennai, the population sizes of wards are larger than those in most other studies.""
  - ""Our study has some limitations that restrict its generality and should be emphasized. Most of these limitations apply to the level of detail and representativeness of the data. First, the spatial units of analysis in this study, the 201 wards of Chennai City, have an average surface area of 2.18 km 2 and an average population of 33,195. Contemporary work on crime at places (Lee et al. 2017;Weisburd et al. 2009) emphasizes the heterogeneity of such large units and suggests that crime better be studied at more fine-grained resolutions, such as streets, street segments or parcels, as this could better reflect the very local nature of crime attractors and generators and guardianship.""
  - ""The study area for the present research is the Greater Chennai City Corporation, a metropolitan area with a population of over 6.6 million during the latest census in 2011. It consists of 201 wards with an average surface area of 2.18 km 2 (quartiles 0.97, 1.61 and 2.53) and an average population of 33,195 (quartiles 21,451, 36,560 and 43,622)""
  - ""Although population is only measured at ward level and although the spatial precision of the geocoding of snatching offenses is not perfect, our data actually consists of objects (offender residence, crime locations and facilities) that are geo-coded as coordinates and could thus be aggregated to sizes and shapes other than ward boundaries and potentially be linked to data from the OpenStreetMap project (see www. opens treet map. org). However, a multiple-scale analysis would require additional research questions, a new design and analytical strategy, and would go far beyond the purposes and ambitions of the present study.""",,"- The authors chose the 201 wards of Chennai City as their spatial unit of analysis, which is similar in size to neighborhoods or census tracts used in other studies.
- The wards have an average surface area of 2.18 km² and an average population of 33,195, which is larger than in most other studies due to Chennai's high population density.
- The authors acknowledge that using wards as spatial units may not provide the most detailed or representative data, as contemporary research suggests that crime is better studied at finer resolutions like streets or parcels.
- The choice of wards was likely due to the availability of data at this level and the practicality of using existing administrative boundaries for analysis.
- The authors note that while their data could be aggregated to different spatial scales, a multiple-scale analysis would require additional research questions and a new design, which was beyond the scope of their study.","  - ""The study area for the present research is the Greater Chennai City Corporation, a metropolitan area with a population of over 6.6 million during the latest census in 2011. It consists of 201 wards with an average surface area of 2.18 km 2 (quartiles 0.97, 1.61 and 2.53) and an average population of 33,195 (quartiles 21,451, 36,560 and 43,622)""
  - ""Our study has some limitations that restrict its generality and should be emphasized. Most of these limitations apply to the level of detail and representativeness of the data. First, the spatial units of analysis in this study, the 201 wards of Chennai City, have an average surface area of 2.18 km 2 and an average population of 33,195. Contemporary work on crime at places (Lee et al. 2017;Weisburd et al. 2009) emphasizes the heterogeneity of such large units and suggests that crime better be studied at more fine-grained resolutions, such as streets, street segments or parcels, as this could better reflect the very local nature of crime attractors and generators and guardianship.""
  - ""In terms of surface area, the wards are similar in size to neighborhoods or census tracts that have been used in crime location studies elsewhere (i.e., Long et al. 2018;Townsley et al. 2015), but due to the high population density in Chennai, the population sizes of wards are larger than those in most other studies.""",,"- The authors justify their choice of spatial unit of analysis (SUoA) by comparing the size of the wards in Chennai to those used in previous studies, indicating a reliance on ""Previous research"" as a rationale.
- They also mention that the wards are similar in size to neighborhoods or census tracts used elsewhere, further supporting the ""Previous research"" category.
- The authors acknowledge limitations related to the size and population density of the wards, suggesting that they are aware of potential issues with their choice, but this does not change the primary rationale.
- There is no explicit mention of theory or data availability as a justification for their SUoA selection, so these categories are not applicable."
AWARENESS × OPPORTUNITY: TESTING INTERACTIONS BETWEEN ACTIVITY NODES AND CRIMINAL OPPORTUNITY IN PREDICTING CRIME LOCATION CHOICE,Barbara Menting,-,-,,14,2018,76,7700,No (the researchers used four-digit postal code areas as the spatial unit of analysis without aggregating data from smaller administrative or statistical spatial units),"The authors chose four-digit postal code areas as their spatial unit of analysis because these areas are designed to have minimal travel restrictions, are inversely related to urbanization, and are familiar to residents. This choice is justified by the theoretical premise that offenders are more likely to commit crimes in familiar areas and by the practical consideration of data availability. Although these areas might be considered large, they are comparable to or larger than those used in previous studies without yielding contradictory findings.","Theory, previous research, and data availability","  - ""These 76 postal code areas had an average population size of around 7700 and an average area size of 1.68 km 2 (SD = 2.61, range = 0.12-22.26, median = 1.15)""
  - ""The three municipalities in this study contained 82 postal code areas in 2006-2009. Postal code areas were includable when community survey data were available, which applied to 76 (92.7%) of the postal codes in the area""
  - ""The conditional logit models were estimated using a data matrix of 994,688 rows, containing 76 rows for each of the 13,088 offences (per offence, one row for each of the 76 alternative postal codes that could have been chosen).""
  - ""The study area consisted of three municipalities in the greater The Hague area in the Netherlands: The Hague, Rijswijk, and Leidschendam-Voorburg. Four-digit postal code areas were used as spatial unit of analysis.""",,"- The paper specifies that the spatial unit of analysis used in the study was four-digit postal code areas.
- It mentions that the study area included 82 postal code areas, but only 76 of these were included in the analysis because they had available community survey data.
- The number of spatial units included in the final statistical analysis is explicitly stated as 76, as indicated by the use of these units in the conditional logit models.","  - ""The three municipalities in this study contained 82 postal code areas in 2006-2009. Postal code areas were includable when community survey data were available, which applied to 76 (92.7%) of the postal codes in the area 1 . These 76 postal code areas had an average population size of around 7700 and an average area size of 1.68 km 2 (SD = 2.61, range = 0.12-22.26, median = 1.15) 2""",,"- The paper provides specific information about the average population size per spatial unit in the study.
- The spatial units in question are postal code areas, which are used as the unit of analysis in the study.
- The quote explicitly states that the 76 postal code areas included in the study had an average population size of around 7700.
- This information directly answers the question about the average population size per unit.","  - ""These postal codes are therefore well suited for a crime location choice study, because most people will be familiar with these areas when living there or (frequently) visiting the area.""
  - ""The three municipalities in this study contained 82 postal code areas in 2006-2009. Postal code areas were includable when community survey data were available, which applied to 76 (92.7%) of the postal codes in the area""
  - ""The study area consisted of three municipalities in the greater The Hague area in the Netherlands: The Hague, Rijswijk, and Leidschendam-Voorburg. Four-digit postal code areas were used as spatial unit of analysis.""",,"- The study used four-digit postal code areas as the spatial unit of analysis. This indicates that the data was aggregated to this level for analysis.
- The study area consisted of 82 postal code areas, but only 76 were included in the analysis due to the availability of community survey data. This suggests that the data was not further aggregated from smaller units to these postal code areas, as the focus was on using existing postal code boundaries.
- The paper does not mention any aggregation from smaller administrative or statistical spatial units to the four-digit postal code areas. Instead, it emphasizes the use of these postal codes as they are, due to their suitability for the study.","  - ""Dutch four-digit postal code areas are designed to have minimal travel restrictions for postal delivery services that usually travel by foot or bicycle, and their size is inversely related to the level of urbanization (Bernasco 2010: 398)""
  - ""The study area consisted of three municipalities in the greater The Hague area in the Netherlands: The Hague, Rijswijk, and Leidschendam-Voorburg. Four-digit postal code areas were used as spatial unit of analysis.""
  - ""although it is reasonable to assume that people are relatively familiar with four-digit postal codes when living there or (frequently) visiting them, this spatial unit of analysis could be considered as being rather large, whereas smaller areas may better fit theoretical models of crime location choice.""
  - ""The three municipalities in this study contained 82 postal code areas in 2006-2009. Postal code areas were includable when community survey data were available, which applied to 76 (92.7%) of the postal codes in the area""
  - ""These postal codes are therefore well suited for a crime location choice study, because most people will be familiar with these areas when living there or (frequently) visiting the area.""
  - ""Multiple previous crime location choice studies used areas similar to or larger than this study's postal codes, and their findings were not contradictory to findings from those that used smaller areas (Ruiter 2017).""",,"- The authors chose four-digit postal code areas as their spatial unit of analysis, which is justified by the design of these areas to have minimal travel restrictions, making them suitable for studying crime location choice.
- The size of these postal codes is inversely related to urbanization, which suggests they are more granular in urban areas, potentially aligning with the scale of individual awareness spaces.
- The familiarity of residents with these areas is highlighted as a practical consideration, as it aligns with the theoretical premise that offenders are more likely to commit crimes in areas they are familiar with.
- The authors acknowledge that while these areas might be considered large, they are comparable to or larger than those used in previous studies, which did not yield contradictory findings.
- The use of these postal codes is also justified by the availability of community survey data, which is essential for measuring collective efficacy.","  - ""Multiple previous crime location choice studies used areas similar to or larger than this study's postal codes, and their findings were not contradictory to findings from those that used smaller areas (Ruiter 2017).""
  - ""The study area consisted of three municipalities in the greater The Hague area in the Netherlands: The Hague, Rijswijk, and Leidschendam-Voorburg. Four-digit postal code areas were used as spatial unit of analysis.""
  - ""The study area consisted of three municipalities in the greater The Hague area in the Netherlands: The Hague, Rijswijk, and Leidschendam-Voorburg. Four-digit postal code areas were used as spatial unit of analysis. Dutch four-digit postal code areas are designed to have minimal travel restrictions for postal delivery services that usually travel by foot or bicycle, and their size is inversely related to the level of urbanization (Bernasco 2010: 398) . These postal codes are therefore well suited for a crime location choice study, because most people will be familiar with these areas when living there or (frequently) visiting the area.""
  - ""although it is reasonable to assume that people are relatively familiar with four-digit postal codes when living there or (frequently) visiting them, this spatial unit of analysis could be considered as being rather large, whereas smaller areas may better fit theoretical models of crime location choice.""",,"- The authors justify the use of four-digit postal code areas as the spatial unit of analysis (SUoA) by referencing previous research (Bernasco 2010) that suggests these areas are well-suited for crime location choice studies due to their design and familiarity to residents.
- They also mention that multiple previous studies have used similar or larger areas without contradictory findings, which supports the choice based on previous research.
- The rationale includes a theoretical aspect by noting that the size of these areas is inversely related to urbanization, which aligns with theoretical models of crime location choice.
- The authors acknowledge that while these areas might be considered large, they are still reasonable due to the familiarity of residents with them, which is a practical consideration related to data availability and administrative convenience."
"Assessing the Influence of Prior on Subsequent Street Robbery Location Choices: A Case Study in ZG City, China","Dongping Long, Lin Liu, Jiaxin Feng, Suhong Zhou, Fengrui Jing",-,-,Sustainability,21,2018,1973,Not specified,No,"The authors chose communities as their spatial unit size, with an average size of 1.62 km^2, likely due to data availability and the need to analyze crime patterns at a local level. This choice is implied by the use of community-level data and the mixed logit model for estimating individual decision-making processes.",Data availability,"  - ""The study area covers 1973 communities (Figure 2 ), with an average size of 1.62 km 2""
  - ""The mixed logit model is a family of discrete choice models that estimate the probability of individuals selecting one outcome from exhaustive, mutually exclusive, and limited set of options""
  - ""the total number of pairs of prior-subsequent street robberies is 1118 (see Table 2""
  - ""Finally, a total of 527 street robbers involving 1262 street robberies are screened out for further analysis.""",,"- The paper mentions that the study area covers 1973 communities, which are the spatial units used in the analysis.
- The final statistical analysis involves these communities as the units of analysis, as indicated by the use of community-level data in the mixed logit model.
- The number of communities is explicitly stated as 1973, which is the number of spatial units included in the final statistical analysis.","  - ""The study area covers 1973 communities (Figure 2 ), with an average size of 1.62 km 2 . The standard deviation of the size of the communities is 2.85, the minimum size of 0.001 km 2 and the maximum size of 43 km 2""",,"- The paper provides the total permanent resident population of ZG City, which is 14.04 million, but it does not specify the average population per unit.
- The study area is divided into 1973 communities, but the paper only provides the average size of these communities in square kilometers (1.62 km^2) and not the average population per community.
- There is no direct mention of the average population size per spatial unit or community in the paper.","  - ""Finally, a total of 527 street robbers involving 1262 street robberies are screened out for further analysis.""
  - ""The dataset contains information on offenders of cleared robberies. It includes the time and date of street robberies; the address and spatial coordinates of street robberies (with 1 m resolution); the residence of street robbers (address and geographic coordinates with 1 m resolution); and their identity information such as gender, nationality, hukou status (locals vs. immigrants), name, date of birth, and so on; as well as the object, the tool, the place, and the way of committing crime; and the amount of lost property or money.""
  - ""After excluding 2285 robberies of the street robbers who live outside the study area and 1338 robberies of the street robbers of unknown residence, 7882 robberies involving 7087 street robbers remained in this study.""
  - ""The data includes 11,455 cleared robberies, among which 67 percent were committed by a single robber without accomplices, 17 percent were committed by two robbers, and 16 percent were committed by three or more robbers.""
  - ""The study area covers 1973 communities (Figure 2 ), with an average size of 1.62 km 2 . The standard deviation of the size of the communities is 2.85, the minimum size of 0.001 km 2 and the maximum size of 43 km 2""",,"- The paper mentions that the study area covers 1973 communities, which suggests that these communities are the spatial units used for analysis.
- The data collection process involved excluding robberies outside the study area and those with unknown residence, indicating that the data was filtered to focus on specific geographic areas.
- The paper does not explicitly mention aggregating data from smaller administrative units to larger ones. Instead, it focuses on the number of communities and the characteristics of these communities.
- The data was collected at a fine resolution (1 m resolution for spatial coordinates), but there is no indication that this data was aggregated from smaller units to larger ones for analysis.","  - ""The study area covers 1973 communities (Figure 2 ), with an average size of 1.62 km 2 . The standard deviation of the size of the communities is 2.85, the minimum size of 0.001 km 2 and the maximum size of 43 km 2""
  - ""The dataset contains information on offenders of cleared robberies. It includes the time and date of street robberies; the address and spatial coordinates of street robberies (with 1 m resolution); the residence of street robbers (address and geographic coordinates with 1 m resolution); and their identity information such as gender, nationality, hukou status (locals vs. immigrants), name, date of birth, and so on; as well as the object, the tool, the place, and the way of committing crime; and the amount of lost property or money.""
  - ""The utility function is calculated as follows:

where U ij is the expected utility of a robbery in community j for street robber i, x ij are the values of the explanatory variables for community j for street robber i, β i is a vector of coefficients to be estimated for street robber i, and ε ij is the random error component of the model.""
  - ""The mixed logit model is a family of discrete choice models that estimate the probability of individuals selecting one outcome from exhaustive, mutually exclusive, and limited set of options""
  - ""The data includes 11,455 cleared robberies, among which 67 percent were committed by a single robber without accomplices, 17 percent were committed by two robbers, and 16 percent were committed by three or more robbers.""",,"- The study uses communities as the spatial unit for analysis, with an average size of 1.62 km^2. This choice is likely based on the availability of data and the need to aggregate data at a level that is meaningful for understanding crime patterns.
- The use of communities as spatial units allows for the analysis of crime patterns at a local level, which is relevant for understanding street robbery location choices.
- The mixed logit model is used to estimate the probability of individuals selecting a community for a robbery, which suggests that the choice of community as a spatial unit is appropriate for modeling individual decision-making processes.
- The paper does not explicitly discuss the rationale for choosing communities as the spatial unit, but it is implied that this choice is based on the data available and the need to analyze crime patterns at a local level.","  - ""The study area covers 1973 communities (Figure 2 ), with an average size of 1.62 km 2 . The standard deviation of the size of the communities is 2.85, the minimum size of 0.001 km 2 and the maximum size of 43 km 2""
  - ""The data includes 11,455 cleared robberies, among which 67 percent were committed by a single robber without accomplices, 17 percent were committed by two robbers, and 16 percent were committed by three or more robbers.""
  - ""After excluding 2285 robberies of the street robbers who live outside the study area and 1338 robberies of the street robbers of unknown residence, 7882 robberies involving 7087 street robbers remained in this study.""
  - ""Finally, a total of 527 street robbers involving 1262 street robberies are screened out for further analysis.""
  - ""The characteristics (sex and age) about the sample of street robbers are reported in Table 1""
  - ""The data set used in this study includes 1262 detected robberies committed by 527 street robbers from the ZG City Public Security Bureau in China.""",,"- The paper uses a spatial unit of analysis (SUoA) based on communities within ZG City, China, as indicated by the mention of ""1973 communities"" and the detailed description of their sizes.
- The selection of this SUoA is justified by the availability of data from the ZG City Public Security Bureau, which includes detailed information about street robberies and offenders.
- The paper also references the use of data from a navigation data company in China for point of interest (POI) data, which suggests that data availability played a role in the selection of the SUoA.
- The study's focus on street robbery and the use of mixed logit models to analyze crime location choices suggest a theoretical foundation, but the primary justification for the SUoA seems to be based on data availability.
- The paper does not explicitly mention administrative convenience or previous research as reasons for selecting the SUoA, although it does discuss theoretical frameworks related to crime location choices."
Familiar Locations and Similar Activities: Examining the Contributions of Reliable and Relevant Knowledge in Offenders' Crime Location Choices,"Sophie Curtis-Ham, Wim Bernasco, Oleg N Medvedev, Devon L L Polaschek",-,-,-,-,-,Not mentioned (the exact number of SA2s included in the final analysis is not explicitly stated in the paper),"2,000-4,000 residents (1,000-3,000 in rural areas)",No,"The authors chose Statistical Area 2 (SA2) as their spatial unit because it is consistent with previous studies, provides a suitable population base, and balances the risks of ignoring spatial spill-over and spatial heterogeneity. This choice allows for the examination of meso-level spatial choices and includes attributes from surrounding areas to address potential spill-over issues.",Theory and previous research,"  - ""We therefore sampled from alternatives to create a smaller set of alternatives for each offender using stratified importance sampling (Ben-Akiva & Lerman, 1985;McFadden, 1977). For each offender we included the chosen SA2, all SA2s with any activity nodes within 5 km of the SA2 boundary and 10 SA2s randomly selected from the remaining SA2s.""
  - ""Estimating DSCMs requires a dataset that includes one row for each potentially chosen alternative for each decision-maker. However, including all 2,153 SA2s for each offender, would, for example, yield almost 37 million rows for the 17,054 residential burglaries, presenting a computational barrier given the computing equipment available for this project.""
  - ""the alternatives are the neighborhoods (""Statistical Area 2"" Census Units, or ""SA2s"") from which offenders are selecting when deciding where to commit crime.""",,"- The paper mentions that the spatial units used in the analysis are ""Statistical Area 2"" Census Units, or ""SA2s.""
- Initially, there were 2,153 SA2s, but due to computational limitations, the authors had to sample from these alternatives.
- The sampling method involved including the chosen SA2, SA2s with activity nodes within 5 km, and 10 randomly selected SA2s from the remaining ones for each offender.
- The exact number of SA2s included in the final analysis is not explicitly stated in the quotes, but it is implied that the number is significantly reduced from the original 2,153 due to sampling.","  - ""SA2s usually contain 2,000-4,000 residents (1,000-3,000 in rural areas), and after sampling from alternatives as described below, the analyzed SA2s had a median of 1.2 km 2 land area, with 50% sized between 0.84 and 2.2 km 2""
  - ""The outcome variable reflects each offender's choice of crime location: in which of the 2,153 SA2s the reference offense was committed.""",,"- The paper mentions that the spatial units used in the study are ""Statistical Area 2"" (SA2) Census Units.
- It provides a range for the population size within these SA2s, stating that they ""usually contain 2,000-4,000 residents (1,000-3,000 in rural areas).""
- This range indicates the average population size per SA2 unit, which is the spatial unit used in the study.
- The mention of a median land area and the range of population sizes suggests that the average population size per unit is not a fixed number but rather a range.","  - ""We therefore included a range of ""near"" distances and expected the hypothesized associations to be stronger at shorter than at longer distances.""
  - ""SA2s usually contain 2,000-4,000 residents (1,000-3,000 in rural areas), and after sampling from alternatives as described below, the analyzed SA2s had a median of 1.2 km 2 land area, with 50% sized between 0.84 and 2.2 km 2""
  - ""Consistent with previous studies (e.g., Clare et al., 2009;Townsley et al., 2015), we use SA2s as the spatial unit to examine meso-level spatial choices.""
  - ""In the present study the alternatives are the neighborhoods (""Statistical Area 2"" Census Units, or ""SA2s"") from which offenders are selecting when deciding where to commit crime.""",,"- The paper uses ""Statistical Area 2"" (SA2) as the spatial unit for analysis, which is a predefined administrative/statistical boundary.
- There is no mention of aggregating data from smaller administrative units to create these SA2s. Instead, SA2s are used as they are, indicating that they are the original spatial units for analysis.
- The focus is on using SA2s as the base unit for examining spatial choices, not on aggregating smaller units into larger ones.
- The paper does not describe any process of combining smaller administrative units to form larger ones for analysis.","  - ""Consistent with previous studies (e.g., Clare et al., 2009;Townsley et al., 2015), we use SA2s as the spatial unit to examine meso-level spatial choices.""
  - ""In the present study the alternatives are the neighborhoods (""Statistical Area 2"" Census Units, or ""SA2s"") from which offenders are selecting when deciding where to commit crime.""
  - ""We included the attributes of surrounding areas within a series of distance bands around each SA2 alternative (elaborated below) to further reduce the risk of ignoring spatial spill-over, by explicitly accounting for activity locations in nearby units.""
  - ""In addition to the theoretical suitability of neighborhoods as our chosen level of spatial aggregation, using SA2s balances the risk of ignoring spatial spill-over mechanisms-where choices between small units are affected by nearby units-and the risk of ignoring spatial heterogeneity-where the use of large units may fail to capture important variation within those units.""
  - ""SA2s usually contain 2,000-4,000 residents (1,000-3,000 in rural areas), and after sampling from alternatives as described below, the analyzed SA2s had a median of 1.2 km 2 land area, with 50% sized between 0.84 and 2.2 km 2""",,"- The authors chose Statistical Area 2 (SA2) as their spatial unit because it is consistent with previous studies (e.g., Clare et al., 2009; Townsley et al., 2015), indicating a theoretical justification based on established research practices.
- SA2s are described as containing a significant number of residents (2,000-4,000), which suggests a practical consideration for ensuring a substantial population base for analysis.
- The size of SA2s (median land area of 1.2 km^2) is considered suitable for examining meso-level spatial choices, balancing between being too small to ignore spatial spill-over and too large to miss spatial heterogeneity.
- The use of SA2s is justified by the need to balance the risks of ignoring spatial spill-over and spatial heterogeneity, indicating a methodological rationale.
- The inclusion of attributes from surrounding areas within distance bands around each SA2 further supports the choice by addressing potential issues with spatial spill-over.","  - ""Consistent with previous studies (e.g., Clare et al., 2009;Townsley et al., 2015), we use SA2s as the spatial unit to examine meso-level spatial choices.""
  - ""The theoretical model we tested is universal to all crime, so we analyzed a range of crime types varying in target (premises versus people) and motivation (acquiring property versus sexual violence).""
  - ""the theoretical suitability of neighborhoods as our chosen level of spatial aggregation, using SA2s balances the risk of ignoring spatial spill-over mechanisms-where choices between small units are affected by nearby units-and the risk of ignoring spatial heterogeneity-where the use of large units may fail to capture important variation within those units.""
  - ""In the present study the alternatives are the neighborhoods (""Statistical Area 2"" Census Units, or ""SA2s"") from which offenders are selecting when deciding where to commit crime.""",,"- The authors justify their choice of SA2s as the spatial unit of analysis by referencing previous studies (e.g., Clare et al., 2009; Townsley et al., 2015), which indicates a reliance on ""Previous research.""
- They also mention the theoretical suitability of neighborhoods (SA2s) for their analysis, which aligns with ""Theory.""
- The choice of SA2s is further justified by the need to balance spatial spill-over mechanisms and spatial heterogeneity, which suggests a consideration of theoretical aspects.
- The use of SA2s is also practical for their study as it provides a suitable level of spatial aggregation, which could imply ""Data availability"" as a factor, although this is not explicitly stated.
- The combination of theoretical suitability and reference to previous studies suggests that the rationale is based on both ""Theory"" and ""Previous research."""
Traveling Alone or Together? Neighborhood Context on Individual and Group Juvenile and Adult Burglary Decisions,"Alyssa W Chamberlain, Lyndsay N Boggess, Taylor Fisher",-,-,Crime and delinquency,3,2022,304,Not specified,No (the researchers used data at the block group level without aggregating it to larger administrative units),The authors chose block groups as their spatial unit because they are the smallest unit available where meaningful sociodemographic data are available. This decision is based on practical considerations related to data availability and the relevance of sociodemographic factors in their study.,Data availability,"  - ""However, a handful of block groups were removed due to missing data on some Census variables, leaving the total number of neighborhoods analyzed at 304.""
  - ""To assess the potential influence of neighborhood characteristics on burglary decision making, we include demographic and economic data from the US Census for all 334 block groups in the city.""
  - ""The final sample includes 4,920 burglary arrests nested in 6,165 suspects.""",,"- The paper mentions that the final sample includes 4,920 burglary arrests and 6,165 suspects, but these numbers refer to the number of incidents and suspects, not spatial units.
- The relevant information for spatial units is found in the mention of ""334 block groups in the city"" and the subsequent adjustment due to missing data, which results in ""304"" block groups being analyzed.
- The term ""Number_of_Units"" likely refers to the number of spatial units (in this case, block groups) included in the final statistical analysis.
- Therefore, the number of spatial units included in the final analysis is 304.","  - ""We use block groups to define a neighborhood because these are the smallest unit available where meaningful sociodemographic data are available.""
  - ""we include demographic and economic data from the US Census for all 334 block groups in the city.""
  - ""We geocoded the incident and home addresses using ArcGIS 10.6.""
  - ""The data included the date and address of the incident, the date of arrest, the suspect's home address, and juvenile (younger than 18 years) or adult status (aged 18 or older).""
  - ""We use data from the Tampa, Florida between January 2000 and September 2012.""",,"- The study uses data from Tampa, Florida, and includes demographic and economic data from the US Census.
- The smallest unit of analysis is the block group, which is used to define neighborhoods.
- The paper does not provide specific information on the average population size per block group or any other spatial unit.
- The focus is on the sociodemographic characteristics of these block groups rather than the population size per unit.","  - ""We use block groups to define a neighborhood because these are the smallest unit available where meaningful sociodemographic data are available.""
  - ""To assess the potential influence of neighborhood characteristics on burglary decision making, we include demographic and economic data from the US Census for all 334 block groups in the city.""
  - ""We use data from the Tampa, Florida between January 2000 and September 2012. The city police department provided data for all arrests for burglaries over a 13-year period of time, totaling 7,124 burglary incidents corresponding to 9,288 unique suspects.""
  - ""However, a handful of block groups were removed due to missing data on some Census variables, leaving the total number of neighborhoods analyzed at 304.""
  - ""We geocoded the incident and home addresses using ArcGIS 10.6.""",,"- The paper mentions the use of data from the US Census for ""all 334 block groups in the city,"" which indicates that the original data was available at the block group level.
- The researchers used these block groups as the basis for their analysis, as they are described as the ""smallest unit available where meaningful sociodemographic data are available.""
- There is no mention of aggregating data from smaller administrative units to larger ones. Instead, the focus is on using the block groups directly for analysis.
- The removal of some block groups due to missing data does not constitute aggregation but rather a reduction in the number of units analyzed.","  - ""We use block groups to define a neighborhood because these are the smallest unit available where meaningful sociodemographic data are available.""
  - ""we include demographic and economic data from the US Census for all 334 block groups in the city.""
  - ""We use data from the Tampa, Florida between January 2000 and September 2012. The city police department provided data for all arrests for burglaries over a 13-year period of time, totaling 7,124 burglary incidents corresponding to 9,288 unique suspects.""
  - ""We geocoded the incident and home addresses using ArcGIS 10.6.""
  - ""We exclude incidents with an unknown or incorrect address, addresses listing a P.O. box or correctional facility, as well as incidents where the suspect lives outside of the city boundaries.""
  - ""The final sample includes 4,920 burglary arrests nested in 6,165 suspects.""",,"- The authors justify the use of block groups as the spatial unit by stating that they are the smallest unit available where meaningful sociodemographic data are available. This suggests a practical consideration based on data availability.
- The use of block groups aligns with the need for sociodemographic data, which is typically collected at this level by the US Census. This indicates a theoretical justification based on the relevance of sociodemographic factors in their study.
- The methodology involves geocoding addresses and excluding incidents outside city boundaries, which implies a focus on spatial analysis within a defined urban area. This suggests a practical consideration related to data quality and spatial focus.
- The authors do not mention any specific references to previous research or theoretical frameworks that justify the choice of block groups beyond the practical and data-related reasons.","  - ""We use block groups to define a neighborhood because these are the smallest unit available where meaningful sociodemographic data are available.""
  - ""However, a handful of block groups were removed due to missing data on some Census variables, leaving the total number of neighborhoods analyzed at 304.""
  - ""To assess the potential influence of neighborhood characteristics on burglary decision making, we include demographic and economic data from the US Census for all 334 block groups in the city.""
  - ""We use data from the Tampa, Florida between January 2000 and September 2012. The city police department provided data for all arrests for burglaries over a 13-year period of time, totaling 7,124 burglary incidents corresponding to 9,288 unique suspects.""",,"- The authors justify their choice of block groups as the spatial unit of analysis (SUoA) by stating that these are the smallest units available where meaningful sociodemographic data are available. This suggests that the decision is based on ""Data availability.""
- The use of block groups is also supported by the availability of demographic and economic data from the US Census, which further emphasizes the role of ""Data availability.""
- The mention of using data from the US Census and the process of removing block groups due to missing data indicates that the selection is also influenced by the practicality of working with available data, which aligns with ""Data availability.""
- There is no explicit mention of theory or previous research in the justification for choosing block groups as the SUoA, so these categories do not apply."
Divergent Decision-Making in Context: Neighborhood Context Shapes Effects of Physical Disorder and Spatial Knowledge on Burglars' Location Choice,"Liang Cai, Guangwen Song, Yanji Zhang",-,-,-,-,-,"1,652","5,957","No (the researchers used communities as the unit of analysis, which are the smallest administrative units for census and survey data collection, without aggregating data from smaller units to larger ones)","The authors chose communities (juweihui or cunweihui) as their unit of analysis because they are the smallest administrative units for which population census and major survey data are collected, ensuring data availability and consistency. These communities have relatively high resident homogeneity, making them theoretically justified as cohesive social and demographic entities. The choice is also comparable to previous studies in terms of geographic and population sizes, indicating a practical consideration for consistency with existing research.","Theory, previous research, and data availability","  - ""After excluding communities without street view images, we have 1,652 spatially contiguous communities in the analytical sample, with an average size of 0.958km 2 and an average population of 5,957.""
  - ""We model burglars' target location choice using a conditional logit specification where a burglar's decision of where to offend depends on an array of factors involving the characteristics of both the residential and potential target neighborhoods.""
  - ""In this study, we combine police arrest data, mobile phone mobility data, street view images, POI data, and census data. The police arrest data record the actual burglary cases between 2017 and 2018 in the city of ZG. For each arrested burglar, we have information on their residential neighborhood and the target neighborhood.""
  - ""There are a total of 2,643 communities in the ZG region, with an average geographic area of 2.813km 2""",,"- The paper mentions that there are a total of 2,643 communities in the ZG region, but this is not the number used in the final statistical analysis.
- The key phrase is ""After excluding communities without street view images, we have 1,652 spatially contiguous communities in the analytical sample,"" which indicates that 1,652 communities were included in the final analysis.
- The paper uses these communities as the unit of analysis for modeling burglars' target location choices, which suggests that these are the spatial units included in the statistical analysis.","  - ""After excluding communities without street view images, we have 1,652 spatially contiguous communities in the analytical sample, with an average size of 0.958km 2 and an average population of 5,957.""
  - ""There are a total of 2,643 communities in the ZG region, with an average geographic area of 2.813km 2""
  - ""We use communities (juweihui or cunweihui) as the unit of analysis. Communities are the smallest administrative unit where population census and major survey data are collected.""
  - ""We focus on the central urban area of the city where the majority of population reside and commute and where street view images are available.""",,"- The study uses communities as the unit of analysis, which are the smallest administrative units for population census and survey data.
- The paper provides specific information about the average population size per community, which is the relevant spatial unit in this study.
- The average population size per community is explicitly mentioned as 5,957.","  - ""After excluding communities without street view images, we have 1,652 spatially contiguous communities in the analytical sample, with an average size of 0.958km 2 and an average population of 5,957.""
  - ""There are a total of 2,643 communities in the ZG region, with an average geographic area of 2.813km 2""
  - ""We use communities (juweihui or cunweihui) as the unit of analysis. Communities are the smallest administrative unit where population census and major survey data are collected.""
  - ""We focus on the central urban area of the city where the majority of population reside and commute and where street view images are available.""",,"- The paper mentions that the researchers use ""communities (juweihui or cunweihui)"" as the unit of analysis, which are described as the smallest administrative units for population census and survey data collection. This suggests that the data is already at a relatively fine administrative scale.
- The paper does not mention any aggregation of data from smaller administrative units to larger ones. Instead, it focuses on using these communities as the primary unit of analysis.
- The exclusion of communities without street view images results in a sample of 1,652 communities, but this is not an aggregation process; it is a selection process based on data availability.
- There is no indication that data from smaller units was combined to form larger units for analysis. The focus remains on the community level as the primary unit of analysis.","  - ""We use communities (juweihui or cunweihui) as the unit of analysis. Communities are the smallest administrative unit where population census and major survey data are collected.""
  - ""These communities with relatively high resident homogeneity are comparable to prior studies in terms of geographic and population sizes (Bernasco and Block 2009;Song et al. 2019).""
  - ""After excluding communities without street view images, we have 1,652 spatially contiguous communities in the analytical sample, with an average size of 0.958km 2 and an average population of 5,957.""
  - ""There are a total of 2,643 communities in the ZG region, with an average geographic area of 2.813km 2""",,"- The authors chose communities (juweihui or cunweihui) as their unit of analysis because they are the smallest administrative units for which population census and major survey data are collected. This suggests a practical consideration for data availability and consistency.
- The communities are described as having ""relatively high resident homogeneity,"" which implies that they are theoretically justified as units because they represent cohesive social and demographic entities.
- The authors compare their choice of unit size to previous studies (Bernasco and Block 2009; Song et al. 2019), indicating that their selection is informed by existing research in the field.
- The average geographic area and population size of these communities are provided, which suggests that the authors considered both spatial and demographic factors in their selection.","  - ""We use communities (juweihui or cunweihui) as the unit of analysis. Communities are the smallest administrative unit where population census and major survey data are collected.""
  - ""These communities with relatively high resident homogeneity are comparable to prior studies in terms of geographic and population sizes (Bernasco and Block 2009;Song et al. 2019).""
  - ""After excluding communities without street view images, we have 1,652 spatially contiguous communities in the analytical sample, with an average size of 0.958km 2 and an average population of 5,957.""
  - ""There are a total of 2,643 communities in the ZG region, with an average geographic area of 2.813km 2""",,"- The authors justify their choice of spatial unit of analysis (SUoA) by mentioning that communities are the smallest administrative unit where population census and major survey data are collected. This suggests a rationale based on ""Administrative convenience"" because it aligns with existing administrative boundaries and data collection practices.
- The mention of communities being comparable to prior studies in terms of geographic and population sizes indicates a rationale based on ""Previous research,"" as it aligns with how other studies have defined their spatial units.
- The availability of data, such as population census and survey data, is also a factor, as it suggests a rationale based on ""Data availability.""
- The combination of these factors—administrative convenience, previous research, and data availability—provides a comprehensive justification for the choice of SUoA."
Relationships Between Offenders' Crime Locations and Different Prior Activity Locations as Recorded in Police Data,"Sophie Curtis-Ham, Wim Bernasco, Oleg N Medvedev, Devon L L Polaschek",-,-,-,-,-,2153,Not specified (the paper provides a range of population sizes per SA2 but does not specify an average),"Yes, the researchers aggregated data to the ""Statistical Area 2"" (SA2) level, which approximates neighborhoods. The original smaller administrative units are not specified, but SA2s are used as the final larger administrative unit for analysis.","The authors chose the Statistical Area 2 (SA2) as their spatial unit because it approximates neighborhoods, which is relevant for studying crime location choices. They justify this choice by noting that SA2s are comparable to units used in other similar studies. The selection was based on balancing theoretical relevance, spatial spill-over, spatial heterogeneity, and computational processing considerations. The size of SA2s, with a median land area of 1.2km^2, suggests a balance between capturing local variations and avoiding excessive computational demands.",Theory and previous research,"  - ""In DSCM analysis, the dataset needs to include not only the attributes of chosen locations but those of alternative locations that could have been chosen but were not. To overcome computational challenges involved in including every SA2 in each offender's 'choice set' of possible alternatives-given the number of alternatives, offenders, variables and available computing capacity-we sampled from all potential SA2 alternatives (n = 2153) to construct a manageable set for each offender.""
  - ""The median land area of the sampled SA2s was 1.2km 2 (quartiles 0.84, 2.2 km 2 ) on average across the five offences modelled.""",,"- The paper uses ""Statistical Area 2"" (SA2) as the spatial unit for analysis, which is a standard unit in New Zealand for census purposes.
- The total number of SA2s considered in the analysis is mentioned as ""n = 2153,"" which indicates the total number of spatial units included in the final statistical analysis.
- The mention of ""sampled from all potential SA2 alternatives (n = 2153)"" suggests that these are the units used in the discrete spatial choice model (DSCM) analysis.","  - ""The median land area of the sampled SA2s was 1.2km 2 (quartiles 0.84, 2.2 km 2 ) on average across the five offences modelled.""",,"- The paper specifies that the spatial units used in the study are ""Statistical Area 2"" (SA2), which are typically used to approximate neighborhoods.
- It provides a range for the population size within these SA2s: ""2000-4000 residents in urban areas and 1000-3000 residents in rural areas.""
- The paper does not provide a single average population size per unit but gives a range, indicating variability in population size across different areas.
- The mention of the median land area does not directly relate to the population size but rather to the physical size of the SA2s.","  - ""SA2s are comparable to the units used in other neighbourhood level DSCM studies (e.g., Clare et al. 2009;Townsley et al. 2015).""
  - ""The median land area of the sampled SA2s was 1.2km 2 (quartiles 0.84, 2.2 km 2 ) on average across the five offences modelled.""
  - ""Outliers with smaller populations represent industrial and commercial areas, remote regions, and bodies of water with no residential population.""",,"- The paper mentions the use of ""Statistical Area 2"" (SA2) as the spatial unit for analysis. This indicates that the data was aggregated to this level.
- SA2s are described as approximating neighborhoods with specific population ranges, suggesting they are a larger administrative unit compared to smaller statistical areas.
- The mention of outliers with smaller populations and the comparison to other neighborhood-level studies suggest that SA2s are a level of aggregation used for analysis.
- The paper does not specify the original smaller administrative units from which the data was aggregated, but it implies that SA2s are a larger unit used for analysis.","  - ""Selecting the spatial unit involves balancing a range of considerations by the analyst (Bernasco 2010a). These include theoretical relevance (how big is one unit of 'activity space'?), spatial spill-over (if the unit is too small the choice is influenced by the attributes of surrounding units), spatial heterogeneity (if the unit is too big then variation within the unit that could affect the choice is not captured), and computational processing (if there are too many units the capacity of available computing equipment may be exceeded).""
  - ""The median land area of the sampled SA2s was 1.2km 2 (quartiles 0.84, 2.2 km 2 ) on average across the five offences modelled.""
  - ""SA2s are comparable to the units used in other neighbourhood level DSCM studies (e.g., Clare et al. 2009;Townsley et al. 2015).""",,"- The authors chose the Statistical Area 2 (SA2) as their spatial unit because it approximates neighborhoods, which is relevant for studying crime location choices.
- They justify this choice by noting that SA2s are comparable to units used in other similar studies, indicating a consistency with established methodologies.
- The selection of SA2s was based on balancing theoretical relevance, spatial spill-over, spatial heterogeneity, and computational processing considerations.
- The size of SA2s, with a median land area of 1.2km^2, suggests a balance between being small enough to capture local variations and large enough to avoid excessive computational demands.","  - ""Selecting the spatial unit involves balancing a range of considerations by the analyst (Bernasco 2010a). These include theoretical relevance (how big is one unit of 'activity space'?), spatial spill-over (if the unit is too small the choice is influenced by the attributes of surrounding units), spatial heterogeneity (if the unit is too big then variation within the unit that could affect the choice is not captured), and computational processing (if there are too many units the capacity of available computing equipment may be exceeded).""
  - ""SA2s are comparable to the units used in other neighbourhood level DSCM studies (e.g., Clare et al. 2009;Townsley et al. 2015).""",,"- The selection of the spatial unit of analysis (SUoA) is justified by considering theoretical relevance, spatial spill-over, spatial heterogeneity, and computational processing. This indicates a theoretical basis for the choice.
- The use of ""Statistical Area 2"" (SA2) is justified by its approximation to neighborhoods and its comparability to units used in previous studies. This suggests that both theoretical considerations (approximation to neighborhoods) and previous research (comparability to other studies) are used to justify the choice.
- The mention of balancing various considerations and the reference to previous studies using similar units suggest that both theoretical and previous research justifications are used."
WHERE OFFENDERS CHOOSE TO ATTACK: A DISCRETE CHOICE MODEL OF ROBBERIES IN CHICAGO*,"Wim Bernasco, Richard Block",-,-,,277,2009,844,Not specified,No (the researchers used census tracts as the unit of analysis without aggregating data from smaller administrative units),"The authors chose the census tract as their spatial unit of analysis because it was consistent with previous studies, it was the lowest level of aggregation for which the ""collective efficacy"" measure was available, and it was computationally feasible. They also referenced empirical literature indicating that effects are robust across different geographic levels of aggregation, and noted that a significant portion of robberies occurred outside the offender's home census tract, making it a relevant scale for analysis.","Theory, previous research, and data availability","  - ""In the current article, we are interested in the second type of question: What characteristics make a certain area an attractive hunting ground for offenders?""
  - ""The model is estimated using a unique set of data on cleared robbery cases in Chicago and the offenders involved in them, on the communities where the offenders reside, and on those where they attack their victims.""
  - ""In line with many other studies of spatial choice (Block and Block, 1995;Boggs, 1965;Velez, 2001), we use the census tract as our unit of analysis of location choice.""
  - ""Although smaller units of analysis minimize within-unit heterogeneity, the census tract was chosen as the spatial unit of analysis because it was the lowest level of aggregation for which the ""collective efficacy"" measure was available and because computationally the use of the resource-intensive discrete choice model with smaller spatial units of analysis would have required a drastic reduction in sample size.""
  - ""In addition to destination census tracts, we distinguish measures of tract attractiveness for robbery that are conditional on where the offender lives.""
  - ""the analysis uses 844 census tracts, it involves 356,168 (844 2 /2) tract-to-tract distances.""
  - ""Tracts with a population below 100 were not used in the analysis, which applies to 21 tracts (2.4 percent); the other 844 census tracts are considered in the analysis.""
  - ""The only two correlations with an absolute value above .50 are those between the percentage of African Americans and the percentages of non-Hispanic whites and Hispanics.""
  - ""In 314 of the 844 tracts (37.2 percent), African Americans were a 75 percent majority; in 111 tracts (13.2 percent), non-Hispanic whites were a 75 percent majority; and in 76 tracts (9.0 percent), Hispanics were a 75 percent majority.""
  - ""The other 343 tracts (40.6 percent) were mixed-census tracts in which none of these three racial and ethnic groups formed a majority of more than 75 percent.""",,"- The paper uses census tracts as the spatial unit of analysis for location choice, which is a common approach in spatial choice studies.
- The analysis includes 844 census tracts, as indicated by multiple references to this number throughout the paper.
- The use of census tracts is justified due to the availability of collective efficacy measures and computational considerations.
- The paper explicitly states that 844 census tracts are considered in the analysis, with some tracts excluded due to low population.","  - ""Tracts with a population below 100 were not used in the analysis, which applies to 21 tracts (2.4 percent); the other 844 census tracts are considered in the analysis.""
  - ""the size of the resident tract population, as a crude measure of the number of opportunities available, has a positive effect. The odds of being chosen increase by 17 percent for every additional 1,000 residents in the tract population.""
  - ""Data on the population size and the racial and ethnic composition of the 865 census tracts in the city of Chicago in 2000 were taken from the public files of the U.S. Census Bureau.""",,"- The paper mentions that data on population size was obtained from the U.S. Census Bureau for 865 census tracts in Chicago.
- It specifies that tracts with a population below 100 were excluded from the analysis, indicating that these tracts were not considered due to their small population size.
- The paper provides a measure of how population size affects the likelihood of a tract being chosen for robbery, stating that for every additional 1,000 residents, the odds of being chosen increase by 17 percent. This suggests that population size is a factor in the analysis, but it does not provide a specific average population size per unit.
- The paper does not explicitly state the average population size per spatial unit (census tract) in the study.","  - ""Although smaller units of analysis minimize within-unit heterogeneity, the census tract was chosen as the spatial unit of analysis because it was the lowest level of aggregation for which the ""collective efficacy"" measure was available and because computationally the use of the resource-intensive discrete choice model with smaller spatial units of analysis would have required a drastic reduction in sample size.""
  - ""the spatial unit of analysis applies to the definition of what it is that offenders choose when they decide where to offend. In line with many other studies of spatial choice (Block and Block, 1995;Boggs, 1965;Velez, 2001), we use the census tract as our unit of analysis of location choice.""
  - ""In future work, it might be advisable to use smaller units of spatial aggregation. Using census tracts, 28 percent of the offenders committed a robbery in their home census tract. Thus, for 28 percent of them, where they live completely explains where they offend. In those as well as other cases, a more refined spatial scale, block groups, or blocks may yield improved insights because more within-tract heterogeneity and withintract distances are incorporated.""
  - ""In the current article, we are interested in the second type of question: What characteristics make a certain area an attractive hunting ground for offenders?""",,"- The paper explicitly states that the spatial unit of analysis used for the study is the census tract. This indicates that data was aggregated to this level for analysis.
- The researchers mention that smaller units of analysis, such as block groups or blocks, could provide more refined insights but were not used due to computational limitations and data availability.
- The paper does not specify that data was aggregated from smaller administrative units to create larger ones, but it implies that the census tract was the chosen level of aggregation for analysis.
- The mention of using smaller units in future work suggests that the current study did not aggregate data from smaller units to larger ones but rather used the census tract as the base unit.","  - ""Although smaller units of analysis minimize within-unit heterogeneity, the census tract was chosen as the spatial unit of analysis because it was the lowest level of aggregation for which the ""collective efficacy"" measure was available and because computationally the use of the resource-intensive discrete choice model with smaller spatial units of analysis would have required a drastic reduction in sample size.""
  - ""In line with many other studies of spatial choice (Block and Block, 1995;Boggs, 1965;Velez, 2001), we use the census tract as our unit of analysis of location choice.""
  - ""Finally, there is also an empirical aspect to the question of the appropriate unit of analysis. No less than 73 percent of the Chicago robberies were committed outside the census tract in which the offender lived.""
  - ""Furthermore, our reading of the empirical literature that addresses the modifiable area unit problem in the context of crime (e.g., Hipp, 2007; Wooldredge, 2002) is that effects tend to be fairly robust across geographic levels of aggregation.""",,"- The authors justify their choice of the census tract as the spatial unit of analysis by referencing previous studies that have used similar units (Block and Block, 1995; Boggs, 1965; Velez, 2001), indicating a theoretical consistency with established research practices.
- They mention that the census tract was the lowest level of aggregation for which the ""collective efficacy"" measure was available, which is a practical consideration for data availability and compatibility.
- The authors also consider computational limitations, noting that using smaller units would require a significant reduction in sample size, which would compromise the robustness of their findings.
- They reference empirical literature (Hipp, 2007; Wooldredge, 2002) that suggests effects are robust across different geographic levels of aggregation, supporting their choice of census tracts.
- The empirical aspect of their choice is further justified by the fact that a significant portion (73%) of robberies occurred outside the offender's home census tract, indicating that the census tract is a relevant scale for analyzing robbery location choices.","  - ""Although smaller units of analysis minimize within-unit heterogeneity, the census tract was chosen as the spatial unit of analysis because it was the lowest level of aggregation for which the ""collective efficacy"" measure was available and because computationally the use of the resource-intensive discrete choice model with smaller spatial units of analysis would have required a drastic reduction in sample size.""
  - ""In line with many other studies of spatial choice (Block and Block, 1995;Boggs, 1965;Velez, 2001), we use the census tract as our unit of analysis of location choice.""
  - ""Furthermore, our reading of the empirical literature that addresses the modifiable area unit problem in the context of crime (e.g., Hipp, 2007; Wooldredge, 2002) is that effects tend to be fairly robust across geographic levels of aggregation.""",,"- The authors justify their choice of the census tract as the spatial unit of analysis by referencing previous research (e.g., Block and Block, 1995; Boggs, 1965; Velez, 2001), indicating that this choice is based on established practices in the field.
- They also mention that the census tract was the lowest level of aggregation for which the ""collective efficacy"" measure was available, which suggests that data availability played a role in their decision.
- Additionally, they note that using smaller units would require a drastic reduction in sample size due to computational constraints, which implies a consideration of administrative convenience.
- The authors further justify their choice by referencing empirical literature on the modifiable area unit problem, suggesting that effects are robust across different geographic levels of aggregation, which aligns with previous research."
Relative Difference and Burglary Location: Can Ecological Characteristics of a Burglar's Home Neighborhood Predict Offense Location?,"Alyssa W Chamberlain, Lyndsay N Boggess",-,-,,30,2016,334,Not specified,"Yes, the researchers aggregated data from smaller administrative units to census block groups. The original smaller administrative unit is not explicitly mentioned, but the final larger administrative unit used for analysis is the census block group.",The authors chose census block groups as their spatial unit of analysis to minimize within-neighborhood heterogeneity and to include neighborhood contextual data not available at smaller scales. This choice is justified by the focus on broader geographic context and is consistent with previous research that has used similar units for similar analyses.,"Theory, previous research, and data availability","  - ""The final data set contains information on all 334 block groups in the City of Tampa.""
  - ""The final sample includes 5,182 incidents committed by 6,846 suspects which were aggregated to the census block group, the operational definition of neighborhood.""",,"- The paper mentions that the final sample includes 5,182 incidents, but this refers to the number of incidents rather than the number of spatial units.
- The key phrase is ""aggregated to the census block group,"" which indicates that the incidents were grouped into spatial units for analysis.
- The paper explicitly states that ""The final data set contains information on all 334 block groups in the City of Tampa,"" which directly answers the question about the number of spatial units included in the analysis.","  - ""The final data set contains information on all 334 block groups in the City of Tampa.""
  - ""We rely on block groups in order to minimize within neighborhood heterogeneity while also ensuring that there is neighborhood contextual data available.""
  - ""The final sample includes 5,182 incidents committed by 6,846 suspects which were aggregated to the census block group, the operational definition of neighborhood.""",,"- The study uses census block groups as the spatial unit for analysis, which is a common method for aggregating data in urban studies.
- The paper mentions that the data is aggregated to the census block group level, but it does not provide specific information on the average population size per block group.
- The focus of the study is on the characteristics of neighborhoods and their influence on burglary patterns, rather than on the population size per unit.
- Since the paper does not provide any specific data or mention of the average population size per block group, it is not possible to determine this information from the text.","  - ""The final sample includes 5,182 incidents committed by 6,846 suspects which were aggregated to the census block group, the operational definition of neighborhood.""
  - ""We normalize the 2010 data into 2000 census block group boundaries and linearly interpolated in order to capture year-specific values.""
  - ""The final data set contains information on all 334 block groups in the City of Tampa.""
  - ""We rely on block groups in order to minimize within neighborhood heterogeneity while also ensuring that there is neighborhood contextual data available.""",,"- The paper mentions that data was aggregated to ""census block groups,"" which are used as the operational definition of neighborhoods. This indicates that data from smaller units was combined into these larger units for analysis.
- The use of ""census block groups"" as the final unit of analysis suggests that data from smaller administrative or statistical units was aggregated to this level.
- The mention of normalizing 2010 data into 2000 census block group boundaries implies that there was a process of aligning data from different time periods to a consistent spatial unit, which is a form of aggregation.
- The focus on minimizing within-neighborhood heterogeneity and ensuring contextual data availability further supports the idea that data was aggregated from smaller units to larger ones.","  - ""We rely on block groups in order to minimize within neighborhood heterogeneity while also ensuring that there is neighborhood contextual data available.""
  - ""Recent journey to crime research (e.g., Bernasco 2010a; Bernasco et al. 2013;Bernasco and Block 2011) has relied on smaller units of analysis (e.g., blocks) in order to assess criminogenic nodes, hot spots, or spillover effects. However, our research has a different objective which emphasizes the importance of geographic context. Therefore, we rely on block groups as our unit of analysis in order to account for social and demographic characteristics of neighborhoods that likely influence target selection and are not available at the block level.""
  - ""The final sample includes 5,182 incidents committed by 6,846 suspects which were aggregated to the census block group, the operational definition of neighborhood.""
  - ""Recent scholarship also relies on block groups, census tracts, or their equivalent (e.g., Bernasco and Block 2009;Johnson and Summers 2015;Lammers et al. 2015;Townsley et al. 2015).""",,"- The authors chose the census block group as their spatial unit of analysis, which they define as the operational definition of a neighborhood.
- The rationale for this choice is to minimize within-neighborhood heterogeneity, ensuring that the data reflects consistent social and demographic characteristics within each unit.
- They also mention that using block groups allows for the inclusion of neighborhood contextual data, which is not available at smaller spatial scales like individual blocks.
- The authors differentiate their study from others that use smaller units like blocks, which are often used to identify specific crime hotspots or nodes. Instead, they focus on broader geographic context, which aligns with the use of block groups.
- The choice is also justified by referencing previous research that has successfully used block groups or similar units for similar analyses, indicating a precedent and theoretical justification for this choice.","  - ""We rely on block groups in order to minimize within neighborhood heterogeneity while also ensuring that there is neighborhood contextual data available.""
  - ""Therefore, we rely on block groups as our unit of analysis in order to account for social and demographic characteristics of neighborhoods that likely influence target selection and are not available at the block level.""
  - ""Recent journey to crime research (e.g., Bernasco 2010a; Bernasco et al. 2013;Bernasco and Block 2011) has relied on smaller units of analysis (e.g., blocks) in order to assess criminogenic nodes, hot spots, or spillover effects. However, our research has a different objective which emphasizes the importance of geographic context.""
  - ""Recent scholarship also relies on block groups, census tracts, or their equivalent (e.g., Bernasco and Block 2009;Johnson and Summers 2015;Lammers et al. 2015;Townsley et al. 2015).""",,"- The authors justify their choice of block groups as the spatial unit of analysis (SUoA) by mentioning the need to minimize within-neighborhood heterogeneity and ensure availability of contextual data (Quote 1). This suggests a consideration of data availability.
- They reference previous research that has used smaller units like blocks, but differentiate their objective as focusing on geographic context, which aligns with theoretical considerations (Quote 2).
- The authors also mention that recent scholarship has used block groups or similar units, indicating a reliance on previous research (Quote 3).
- The decision to use block groups is further justified by the need to account for social and demographic characteristics not available at the block level, which again points to data availability (Quote 4)."
Crime Feeds on Legal Activities: Daily Mobility Flows Help to Explain Thieves' Target Location Choices,"Guangwen Song, Wim Bernasco, Lin Liu, Luzi Xiao, Suhong Zhou, Weiwei Liao",-,-,-,-,-,1616,5956,No,"The authors chose census units as their spatial unit of analysis because they are similar in size to those used in comparable studies, ensuring consistency and comparability. Census units are approximately equally sized and relatively homogeneous in terms of population composition. Additionally, using census units avoids the need to estimate spillover effects and allows for the aggregation of crime generators at the same spatial resolution, which is necessary for theoretical consistency and practical analysis.","Theory, previous research, and data availability","  - ""The study area comprises 1891 census units in total, of which 275 are not included in the analysis because the lack mobility data due to limited coverage of the GSM mobile phone network, leaving 1616 census units in the analysis.""
  - ""The size of census units is 1.62 km 2 on average (standard error 2.99 km 2 , minimum 0.02 km 2 , maximum 31.30 km 2 ). The mean population is 5956 (standard error 4706, minimum 245, maximum 51,450). The study area comprises 1891 census units in total, of which 275 are not included in the analysis because the lack mobility data due to limited coverage of the GSM mobile phone network, leaving 1616 census units in the analysis.""",,"- The paper mentions that the study area initially consisted of 1891 census units.
- However, due to limited coverage of the GSM mobile phone network, 275 census units were excluded from the analysis.
- This leaves 1616 census units that were included in the final statistical analysis.
- The mention of ""leaving 1616 census units in the analysis"" directly indicates the number of spatial units used in the final analysis.","  - ""The size of census units is 1.62 km 2 on average (standard error 2.99 km 2 , minimum 0.02 km 2 , maximum 31.30 km 2 ). The mean population is 5956 (standard error 4706, minimum 245, maximum 51,450).""",,"- The paper provides specific information about the average population size per spatial unit, which is a key piece of data for understanding the demographic context of the study.
- The quote directly states that the ""mean population"" per census unit is 5956, which is the average number of residents or inhabitants per individual unit.
- This information is crucial for understanding the scale and distribution of the population within the study area.","  - ""The study area comprises 1891 census units in total, of which 275 are not included in the analysis because the lack mobility data due to limited coverage of the GSM mobile phone network, leaving 1616 census units in the analysis.""
  - ""Using census units as spatial units of analysis implies that we aggregate numbers of crime generators to the census unit level, and thus sum the numbers of schools, restaurants, bus stops and other facilities per census unit.""
  - ""The census unit was chosen as the spatial unit of analysis because census units have a size similar to those in comparable studies (Bernasco and Block 2009;Clare et al. 2009;Menting et al. 2016), because census units are approximately equally sized, and because in the study area they are relatively homogenous in terms of population composition.""",,"- The paper explicitly states that the researchers used census units as their spatial unit of analysis. This indicates that they did not aggregate data from smaller units to larger ones, as census units are already a defined administrative boundary.
- The mention of aggregating numbers of crime generators to the census unit level suggests that data on crime generators was summed up within each census unit, but this is not an aggregation of smaller administrative units to larger ones. Instead, it's an aggregation of data points within the same administrative unit.
- The study area consisted of 1891 census units, with 275 excluded due to data limitations, resulting in 1616 census units being analyzed. This does not indicate an aggregation from smaller to larger units, as the analysis was conducted at the census unit level.","  - ""The census unit was chosen as the spatial unit of analysis because census units have a size similar to those in comparable studies (Bernasco and Block 2009;Clare et al. 2009;Menting et al. 2016), because census units are approximately equally sized, and because in the study area they are relatively homogenous in terms of population composition.""
  - ""Using census units as spatial units of analysis implies that we aggregate numbers of crime generators to the census unit level, and thus sum the numbers of schools, restaurants, bus stops and other facilities per census unit. This is not just a practical necessity because all relevant theoretical constructs must be aligned to the same spatial resolution, it is also legitimized by the observation that crime generators produce mobility flows and presence of people in the streets where they are located and in their wider environments.""
  - ""In addition, a practical advantage is that the use of census units does not force us to estimate spillover effects (effects of attributes of nearby units on crime in a focal unit) which is a requirement if small units of analysis are used, such as census blocks or street blocks (Bernasco et al. 2013;Groff and Lockwood 2014).""",,"- The authors chose census units as their spatial unit of analysis because they are similar in size to those used in comparable studies, ensuring consistency and comparability with existing research.
- Census units are approximately equally sized and relatively homogeneous in terms of population composition, which helps in maintaining uniformity across the study area.
- A practical advantage of using census units is that it avoids the need to estimate spillover effects, which would be necessary if smaller units like census blocks or street blocks were used.
- The use of census units allows for the aggregation of crime generators at the same spatial resolution, which is necessary for theoretical consistency and practical analysis.","  - ""Using census units as spatial units of analysis implies that we aggregate numbers of crime generators to the census unit level, and thus sum the numbers of schools, restaurants, bus stops and other facilities per census unit.""
  - ""The census unit was chosen as the spatial unit of analysis because census units have a size similar to those in comparable studies (Bernasco and Block 2009;Clare et al. 2009;Menting et al. 2016), because census units are approximately equally sized, and because in the study area they are relatively homogenous in terms of population composition.""
  - ""In addition, a practical advantage is that the use of census units does not force us to estimate spillover effects (effects of attributes of nearby units on crime in a focal unit) which is a requirement if small units of analysis are used, such as census blocks or street blocks (Bernasco et al. 2013;Groff and Lockwood 2014).""",,"- The authors justify their choice of census units as the spatial unit of analysis by referencing previous research, indicating that census units have been used in comparable studies (Bernasco and Block 2009; Clare et al. 2009; Menting et al. 2016). This suggests that the selection is based on ""Previous research.""
- They also mention that census units are approximately equally sized and relatively homogenous in terms of population composition, which could be seen as a theoretical justification for ensuring uniformity and comparability across units.
- Additionally, the authors highlight a practical advantage of using census units, which is that it avoids the need to estimate spillover effects, indicating ""Administrative convenience.""
- The aggregation of crime generators to the census unit level is also mentioned, which could relate to ""Data availability"" as it simplifies the analysis by summing facilities per unit."
"""Location, Location, Location"": Effects of Neighborhood and House Attributes on Burglars' Target Selection","Christophe Vandeviver, Wim Bernasco",-,-,-,-,-,193,1287 residents,No,"The authors justify their choice of spatial unit size by emphasizing that burglars target individual residences rather than entire neighborhoods. They argue that the appropriate level of aggregation for studying burglary target choice is at the residence level, supported by previous research. The use of ""statistical districts"" as neighborhoods is based on administrative divisions and is consistent with previous studies. The neighborhood size is small enough to capture local variations but large enough to be meaningful for analysis.","Theory, previous research, and data availability","  - ""The Census subdivides Ghent in geographical entities called 'statistical districts', of which 193 have a residential function. Throughout this paper we refer to these entities as 'neighborhoods'.""
  - ""On average, the 193 residential neighborhoods have a population of 1287 residents (standard deviation [sd] = 1299), 717 residences (sd = 785) and cover an area of 0.79 (sd = 1.00) square kilometers.""
  - ""The neighborhoods in this study are similarly constructed to the areas used in most previous discrete spatial choice studies and are comparable or smaller in size (e.g., Lammers et al. 2015;Menting et al. 2016).""",,"- The paper mentions that the study area is divided into ""statistical districts"" which are referred to as ""neighborhoods."" This indicates that these neighborhoods are the spatial units used in the analysis.
- The number of these neighborhoods is explicitly stated as 193, which are used as the spatial units in the study.
- The description of these neighborhoods includes demographic and spatial characteristics, further confirming that they are the units of analysis.","  - ""On average, the 193 residential neighborhoods have a population of 1287 residents (standard deviation [sd] = 1299), 717 residences (sd = 785) and cover an area of 0.79 (sd = 1.00) square kilometers.""
  - ""The Census subdivides Ghent in geographical entities called 'statistical districts', of which 193 have a residential function. Throughout this paper we refer to these entities as 'neighborhoods'.""",,"- The paper describes the spatial units used in the study as ""statistical districts"" or ""neighborhoods,"" which are the primary units of analysis.
- The average population size per neighborhood is explicitly mentioned as 1287 residents, with a standard deviation of 1299.
- This information directly answers the question about the average population size per spatial unit in the study.","  - ""The Census subdivides Ghent in geographical entities called 'statistical districts', of which 193 have a residential function. Throughout this paper we refer to these entities as 'neighborhoods'. The neighborhoods in this study are similarly constructed to the areas used in most previous discrete spatial choice studies and are comparable or smaller in size (e.g., Lammers et al. 2015;Menting et al. 2016). On average, the 193 residential neighborhoods have a population of 1287 residents (standard deviation [sd] = 1299), 717 residences (sd = 785) and cover an area of 0.79 (sd = 1.00) square kilometers.""",,"- The paper mentions that the Census data divides Ghent into ""statistical districts,"" which are referred to as ""neighborhoods"" in the study. This indicates that the data is already aggregated at the level of these statistical districts.
- The description of these neighborhoods suggests they are the basic spatial units used for analysis, as they are compared to similar areas used in other studies.
- There is no mention of aggregating data from smaller administrative or statistical units to create these neighborhoods. Instead, the neighborhoods seem to be the primary spatial units derived from the Census data.
- The focus of the study is on using these neighborhoods as the spatial units for analysis, rather than aggregating data from smaller units to larger ones.","  - ""The major contribution of our research is that it investigates burglary target choice at the appropriate level of aggregation-burglars burglarize homes rather than complete neighborhoods-while still considering neighborhood-level attributes that affect these choices and taking into account the home locations of the burglars themselves and their limited action radius.""
  - ""The analysis of burglary target choice should thus preferably define 'residence' as its main unit of analysis (Bernasco 2010a; Vandeviver et al. 2015a""
  - ""The neighborhoods in this study are similarly constructed to the areas used in most previous discrete spatial choice studies and are comparable or smaller in size (e.g., Lammers et al. 2015;Menting et al. 2016).""
  - ""On average, the 193 residential neighborhoods have a population of 1287 residents (standard deviation [sd] = 1299), 717 residences (sd = 785) and cover an area of 0.79 (sd = 1.00) square kilometers.""
  - ""The Census subdivides Ghent in geographical entities called 'statistical districts', of which 193 have a residential function. Throughout this paper we refer to these entities as 'neighborhoods'.""",,"- The authors justify their choice of spatial unit size by emphasizing that burglars target individual residences rather than entire neighborhoods. This is a theoretical justification based on the nature of burglary as a crime.
- They argue that the appropriate level of aggregation for studying burglary target choice is at the residence level, which is supported by previous research (Bernasco 2010a; Vandeviver et al. 2015a).
- The use of ""statistical districts"" as neighborhoods is based on the administrative division of Ghent, which provides a practical framework for analysis.
- The authors compare their neighborhood size to previous studies, indicating that their choice is consistent with existing research practices in the field.
- The description of neighborhood characteristics (population, number of residences, area) suggests that these units are small enough to capture local variations in burglary risk but large enough to be meaningful for analysis.","  - ""The major contribution of our research is that it investigates burglary target choice at the appropriate level of aggregation-burglars burglarize homes rather than complete neighborhoods-while still considering neighborhood-level attributes that affect these choices and taking into account the home locations of the burglars themselves and their limited action radius.""
  - ""In reality, however, it is evident that burglars target individual houses or apartments, not neighborhoods, although clearly their choices may be affected by neighborhood attributes.""
  - ""The analysis of burglary target choice should thus preferably define 'residence' as its main unit of analysis (Bernasco 2010a; Vandeviver et al. 2015a""
  - ""Fortunately, our police and Census data have enough spatial resolution to allow us to use individual residences as our main units of analysis.""
  - ""The Census subdivides Ghent in geographical entities called 'statistical districts', of which 193 have a residential function. Throughout this paper we refer to these entities as 'neighborhoods'.""
  - ""The neighborhoods in this study are similarly constructed to the areas used in most previous discrete spatial choice studies and are comparable or smaller in size (e.g., Lammers et al. 2015;Menting et al. 2016).""
  - ""In this analysis, we assess the extent to which neighborhood attributes and residence attributes determine the target selection of burglars.""",,"- The authors justify their choice of spatial unit of analysis (SUoA) by emphasizing that burglars target individual residences rather than neighborhoods, which aligns with theoretical perspectives on burglary target selection (Theory).
- They also reference previous research that supports the use of individual residences as the main unit of analysis, indicating a reliance on both theory and previous research (Theory and previous research).
- The availability of data with sufficient spatial resolution to analyze individual residences is another factor, suggesting that data availability played a role in their decision (Data availability).
- The use of ""statistical districts"" as neighborhoods is consistent with previous studies, further supporting the role of previous research in their justification (Previous research)."
"EFFECTS OF ATTRACTIVENESS, OPPORTUNITY AND ACCESSIBILITY TO BURGLARS ON RESIDENTIAL BURGLARY RATES OF URBAN NEIGHBORHOODS","Wim Bernasco, Floor Luykx",-,-,,197,2003,89,2.11 (4950 residents / 2350 units),No (the paper does not explicitly mention aggregating data from smaller administrative units to larger ones),"The authors justify the use of neighborhoods as the spatial unit by referencing the long-standing tradition in criminology of studying neighborhood features related to attractiveness and opportunity. They also explain that burglars follow a hierarchical decision process, first selecting an area and then a specific object, which supports the use of neighborhoods as a relevant spatial unit for analysis. The study uses data from 89 neighborhoods in The Hague, which are defined by their residential characteristics, indicating a practical consideration for using existing administrative boundaries.","Theory, previous research, and data availability","  - ""Counting the 89 neighborhoods analyzed, the average neighborhood has a surface of 0.65 square kilometers, is the home to 4950, residents and contains 2350 residential units.""",,"- The paper mentions that The Hague comprises 94 neighborhoods, but only 89 neighborhoods were included in the analysis because 5 neighborhoods were non-residential.
- The focus is on the number of spatial units (neighborhoods) included in the final statistical analysis, not the number of residential units within those neighborhoods.
- The relevant information is the number of neighborhoods used in the analysis, which is explicitly stated as 89.","  - ""the average neighborhood has a surface of 0.65 square kilometers, is the home to 4950, residents and contains 2350 residential units.""
  - ""The burglary rate of a neighborhood is thus defined as the annual number of attempted or completed residential burglaries in that neighborhood per 100 residential units.""",,"- The paper provides specific information about the average number of residents and residential units per neighborhood.
- The quote ""The average neighborhood has a surface of 0.65 square kilometers, is the home to 4950, residents and contains 2350 residential units"" directly addresses the question by providing the average number of residents per neighborhood.
- To find the average population per unit, we need to divide the average number of residents by the average number of residential units.
- The calculation would be: Average_Population_per_Unit = Average number of residents / Average number of residential units = 4950 / 2350.","  - ""The study of the effects of neighborhood features reflecting attractiveness and opportunity has a long-standing tradition in criminology.""
  - ""The hypotheses are tested using data on the city of The Hague, the Netherlands. With a population of about 440,000, it is a large city according to Dutch standards.""
  - ""The city comprises 94 neighborhoods. We used data on 89 neighborhoods, as 5 neighborhoods are almost or completely non-residential (industrial areas, parks, dune area).""
  - ""Counting the 89 neighborhoods analyzed, the average neighborhood has a surface of 0.65 square kilometers, is the home to 4950, residents and contains 2350 residential units.""
  - ""Our measures of ethnic heterogeneity, residentiul mobility, real estate value of residential units and percentage of owner-occupied residential units all were taken from a statistical publication of the municipality of The Hague (DSO, 2001)""
  - ""Information on attempted and completed burglaries was obtained from the police force of Haaglanden (greater The Hague area).""
  - ""By assigning all addresses where residential burglaries took place in the period 1996-2001 to one of the 89 neighborhoods, and by subsequently counting the numbers of burglaries per neighborhood, we obtained neighborhood burglary counts.""",,"- The paper discusses the analysis of data at the neighborhood level within the city of The Hague, which is divided into 94 neighborhoods, with 89 being used for the study.
- The data on ethnic heterogeneity, residential mobility, real estate value, and home ownership were obtained from a statistical publication of the municipality, which suggests these data were likely aggregated from smaller units to the neighborhood level.
- The paper mentions that the city is divided into neighborhoods, but it does not explicitly state that data from smaller administrative units were aggregated to form these neighborhoods.
- The focus is on analyzing data at the neighborhood level, but there is no clear indication that data from smaller units like census blocks or statistical areas were aggregated to form these neighborhoods.
- The paper does not provide specific details about the original smaller administrative units or the process of aggregating data to larger units.","  - ""The study of the effects of neighborhood features reflecting attractiveness and opportunity has a long-standing tradition in criminology.""
  - ""The purpose of this section is to elaborate on theoretical notions regarding target selection of residential burglars, to identify criteria that residential burglars consider when they choose a target area for burgling, and to formulate testable hypotheses.""
  - ""Consider a motivated burglar who scans the environment for potential targets. Even if his or her knowledge of the environment is limited, the number of potential objects is overwhelmingly large.""
  - ""Several authors (Brantingham and Brantingham, 1978; Brown and Altman, 1991; Cornish and Clarke, 1996, Kleemans, 1996:52-53) argue that burglars follow a spatially structured, sequential and hierarchical decision process in selecting their targets.""
  - ""In the first stage they select a suitable area, and only in the second stage they select a suitable object.""
  - ""This sequential process implies that it makes sense to study location choice of burglars at the neighborhood level, and to ask which features of neighborhoods make them more likely to be chosen by burglars as their working sites.""
  - ""The city comprises 94 neighborhoods. We used data on 89 neighborhoods, as 5 neighborhoods are almost or completely non-residential (industrial areas, parks, dune area).""
  - ""Counting the 89 neighborhoods analyzed, the average neighborhood has a surface of 0.65 square kilometers, is the home to 4950, residents and contains 2350 residential units.""",,"- The authors justify the use of neighborhoods as the spatial unit by referencing the long-standing tradition in criminology of studying neighborhood features related to attractiveness and opportunity (Quote 1).
- They explain that burglars follow a hierarchical decision process, first selecting an area and then a specific object (Quotes 4 and 5), which supports the use of neighborhoods as a relevant spatial unit for analysis.
- The sequential decision process of burglars implies that studying neighborhoods is appropriate for understanding location choice (Quote 6).
- The study uses data from 89 neighborhoods in The Hague, which are defined by their residential characteristics, indicating a practical consideration for using existing administrative boundaries (Quotes 7 and 8).","  - ""The study of the effects of neighborhood features reflecting attractiveness and opportunity has a long-standing tradition in criminology.""
  - ""The purpose of this section is to elaborate on theoretical notions regarding target selection of residential burglars, to identify criteria that residential burglars consider when they choose a target area for burgling, and to formulate testable hypotheses.""
  - ""The main assumption underlying our model is that it takes the existence of motivated burglars for granted. It does not attempt to explain how people become burglars, it attempts to explain why they burgle where they burgle, instead of somewhere else.""
  - ""The strength of the accessibility-to-burglars measure that we propose in the Data and Methods section, is that it is based on the first law of geography, which asserts that ""everything is related to everything else, but near things are more related than distant things"" (Tobler, 1970: 236)""
  - ""The hypotheses are tested using data on the city of The Hague, the Netherlands.""
  - ""Our measures of ethnic heterogeneity, residentiul mobility, real estate value of residential units and percentage of owner-occupied residential units all were taken from a statistical publication of the municipality of The Hague (DSO, 2001)""
  - ""The measure of ethnic heterogeneity was constructed from data on the ethnic composition of neighborhoods.""
  - ""The average real estate value of residential units was based on the real estate tax administration of the municipality of The Hague.""",,"- The paper discusses the theoretical framework for understanding how burglars select target areas, which is based on the concept of attractiveness, opportunity, and accessibility. This indicates a strong theoretical rationale for the selection of the spatial unit of analysis (SUoA).
- The authors mention the long-standing tradition in criminology of studying neighborhood features, which suggests that previous research has influenced their choice of SUoA.
- The use of data from The Hague, Netherlands, and the construction of measures from statistical publications and real estate tax administration indicate that data availability was also a factor in selecting the SUoA.
- The paper integrates theoretical notions with empirical data, suggesting that both theory and data availability were crucial in the selection of the SUoA."
Testing Ecological Theories of Offender Spatial Decision Making Using a Discrete Choice Model,"Shane D Johnson, Lucia Summers",-,-,Crime and delinquency,85,2015,198,"1,524",No,"The authors chose the Lower Super Output Area (LSOA) as their unit of analysis, which is a standard spatial unit used in the UK for census data. The justification is implied by the suitability of LSOAs for analyzing spatial patterns of crime, their smaller size compared to other studies, and practical considerations for spatial analysis using GIS. This choice aligns with previous research, such as Bernasco et al. (2013).",Theory and previous research,"  - ""The unit of analysis selected was the U.K. census Lower Super Output Area (LSOA). For the study area, there were 198 LSOAs, each with a population of around 1,524 people and about 662 residential households.""
  - ""A total of 721 crimes committed by 263 offenders were included in the analyses.""",,"- The paper specifies that the unit of analysis used in the study was the U.K. census Lower Super Output Area (LSOA).
- It is explicitly mentioned that there were 198 LSOAs in the study area, which indicates the number of spatial units included in the analysis.
- The mention of 721 crimes and 263 offenders provides context on the data used but does not change the fact that the spatial units analyzed were the LSOAs.","  - ""The unit of analysis selected was the U.K. census Lower Super Output Area (LSOA). For the study area, there were 198 LSOAs, each with a population of around 1,524 people and about 662 residential households.""",,"- The paper specifies that the unit of analysis used in the study is the U.K. census Lower Super Output Area (LSOA).
- It provides the average population size per LSOA, stating that each LSOA has ""a population of around 1,524 people.""
- This information directly answers the question about the average population size per spatial unit in the study.","  - ""LSOAs are somewhat smaller than the areas used in most (but not all; for example, Bernasco et al., 2013) previous studies of this kind.""
  - ""For the study area, there were 198 LSOAs, each with a population of around 1,524 people and about 662 residential households.""
  - ""The unit of analysis selected was the U.K. census Lower Super Output Area (LSOA).""",,"- The paper specifies that the unit of analysis was the U.K. census Lower Super Output Area (LSOA), which is a specific administrative/statistical spatial unit.
- The description of LSOAs as having a population of around 1,524 people and about 662 residential households indicates that these are the units used for analysis.
- There is no mention of aggregating data from smaller administrative or statistical spatial units to create these LSOAs for analysis. Instead, the LSOAs themselves are used as the primary unit of analysis.
- The comparison to other studies suggests that LSOAs are a standard unit of analysis in this context, rather than an aggregated unit from smaller ones.","  - ""The unit of analysis selected was the U.K. census Lower Super Output Area (LSOA).""
  - ""For the study area, there were 198 LSOAs, each with a population of around 1,524 people and about 662 residential households.""
  - ""Using a Geographical Information System (GIS), the police data were ""related"" to maps of the area to determine origindestination flows.""
  - ""LSOAs are somewhat smaller than the areas used in most (but not all; for example, Bernasco et al., 2013) previous studies of this kind.""",,"- The authors chose the Lower Super Output Area (LSOA) as their unit of analysis, which is a standard spatial unit used in the UK for census data.
- The justification for this choice is not explicitly stated in terms of theoretical or practical considerations, but it is implied that LSOAs are a suitable size for analyzing spatial patterns of crime.
- The mention that LSOAs are ""somewhat smaller"" than those used in other studies suggests a consideration for granularity in spatial analysis.
- The use of GIS to relate police data to maps indicates a practical consideration for spatial analysis capabilities.
- The choice of LSOAs aligns with previous research, as indicated by the reference to Bernasco et al. (2013), suggesting a methodological consistency with existing literature.","  - ""For the study area, there were 198 LSOAs, each with a population of around 1,524 people and about 662 residential households.""
  - ""LSOAs are somewhat smaller than the areas used in most (but not all; for example, Bernasco et al., 2013) previous studies of this kind.""
  - ""In line with previous studies (Bernasco, 2006(Bernasco, , 2010;;Bernasco & Block, 2009, 2011;Bernasco & Luykx, 2003;Bernasco et al., 2013;Clare et al., 2009), crimes committed by offenders living outside the study area were excluded from the sample.""
  - ""Using a Geographical Information System (GIS), the police data were ""related"" to maps of the area to determine origindestination flows.""
  - ""The unit of analysis selected was the U.K. census Lower Super Output Area (LSOA).""",,"- The authors selected the U.K. census Lower Super Output Area (LSOA) as their spatial unit of analysis, which is a common administrative unit in the UK.
- The choice of LSOAs is justified by their use in previous studies, as indicated by the mention of ""previous studies"" and specific references to other researchers' work.
- The authors also mention that LSOAs are ""somewhat smaller than the areas used in most previous studies,"" suggesting a consideration of both theoretical and practical aspects in their selection.
- The use of GIS to relate police data to maps further supports the practicality and data availability rationale for choosing LSOAs.
- The exclusion of crimes committed by offenders living outside the study area aligns with previous research methods, indicating a combination of theoretical and practical considerations."
Situating Crime Pattern Theory Into The Explanation Of Co-Offending: Considering Area-Level Convergence Spaces,"Zachary R Rowan, Sarah Appleby, Jean Marie Mcgloin, Simon Fraser",-,-,,3,2021,653,953 residents per census block group,Yes. The researchers aggregated data from smaller administrative units (census blocks) to create larger spatial units (census block groups) for analysis.,"The authors chose census block groups as their spatial unit of analysis because it is the smallest geographic area available in the EPA's Smart Location Database, providing necessary data on street connectivity. This choice is consistent with prior research on co-offending and neighborhood context, and the relatively small size of census block groups in Baltimore makes them suitable for analyzing neighborhood context.","Theory, previous research, and data availability","  - ""During this time period, there were a total of N = 6,249 incidents across 653 census block groups (Average Rate = 1.93 per 100 residents, SD = 11.24).""
  - ""The average census block group in Baltimore has 2.4 census blocks, is .14 square miles, and has an average of 953 residents.""
  - ""The data used in this study cover arrests from January 1, 2013 to December 31, 2016 that had complete information on the variables of interest (N = 68,393).1""",,"- The paper mentions that the study analyzed data from ""653 census block groups,"" which indicates the number of spatial units included in the final statistical analysis.
- The mention of ""N = 6,249 incidents across 653 census block groups"" further supports that these census block groups are the units of analysis.
- The description of the average size and population of these census block groups provides additional context but does not change the number of units.","  - ""Population density. Each census block group has varying population totals, which might be related to differences in the amount of criminally active individuals or potential targets that reside within a particular census block group.""
  - ""The average census block group in Baltimore has 2.4 census blocks, is .14 square miles, and has an average of 953 residents.""",,"- The paper provides specific information about the average population size per spatial unit, which is the census block group.
- The quote directly states that the average census block group in Baltimore has an average of 953 residents.
- This information is relevant to understanding the population density and distribution within the study area.
- The mention of population density further supports the idea that the average population size per unit is an important factor in the study.","  - ""Data include street connectivity measures from the Environmental Protection Agency and publicly available arrest information from Baltimore City (2013-16).""
  - ""The data used in this study cover arrests from January 1, 2013 to December 31, 2016 that had complete information on the variables of interest (N = 68,393).1""
  - ""We merged the 2013-16 geocoded arrest data with data from the Environmental Protection Agency (EPA) 2""
  - ""This database includes information regarding the density of pedestrian-oriented and auto-oriented streets within each census block group generated during the year 2010 (see description of each in Measures section).""
  - ""Importantly, in a city context (as opposed to suburban or rural locales), a census block is generally a small area (typically a street-bounded block) and using this unit is consistent with prior work on the relationship between co-offending and neighbourhood context, which has relied on census tracts or blocks (e.g., Schaefer 2012;Billings et al. 2016).""
  - ""Indeed, in Baltimore the census block group is relatively small: The average census block group in Baltimore has 2.4 census blocks, is .14 square miles, and has an average of 953 residents.""
  - ""We conduct a series of spatially lagged negative binomial regression models to analyze our data because the total count of group crime incidents exhibits over-dispersion (Anselin 1988).""
  - ""For all models, we included the population within the census block group as an exposure measure and this estimates the outcome as a group crime rate per capita (e.g., Osgood 2000).""",,"- The paper mentions the use of data from the Environmental Protection Agency and arrest information from Baltimore City, which are aggregated at the level of census block groups.
- The researchers merged arrest data with EPA data, which includes information on street connectivity within each census block group.
- The paper specifies that the average census block group in Baltimore contains 2.4 census blocks, indicating that data from smaller census blocks are aggregated to form larger census block groups.
- The analysis is conducted using spatially lagged negative binomial regression models, which include the population within each census block group as an exposure measure, further indicating that data are aggregated at this level.
- The paper does not mention any aggregation from smaller administrative units to larger ones beyond the use of census block groups, which are already a level of aggregation from individual census blocks.","  - ""The data used in this study cover arrests from January 1, 2013 to December 31, 2016 that had complete information on the variables of interest (N = 68,393).1 This time period was included in the analyses for two main reasons. At the time of original data collection and geocoding, arrest data from 2013 to 2016 were publicly available.""
  - ""We merged the 2013-16 geocoded arrest data with data from the Environmental Protection Agency (EPA) 2 . The EPA has a publicly available Smart Location Database that includes a wide range of contextual information about census block groups across the entire United States.""
  - ""This database includes information regarding the density of pedestrian-oriented and auto-oriented streets within each census block group generated during the year 2010 (see description of each in Measures section). This information was associated with each census block group in Baltimore City, which is the smallest geographic area available in the database (as opposed to block faces or street segments).""
  - ""Importantly, in a city context (as opposed to suburban or rural locales), a census block is generally a small area (typically a street-bounded block) and using this unit is consistent with prior work on the relationship between co-offending and neighbourhood context, which has relied on census tracts or blocks (e.g., Schaefer 2012;Billings et al. 2016).""
  - ""Indeed, in Baltimore the census block group is relatively small: The average census block group in Baltimore has 2.4 census blocks, is .14 square miles, and has an average of 953 residents.""
  - ""There are several limitations to the current study that warrant consideration. First, the study relies on data from a single city which limits the generalizability of these findings.""
  - ""Relatedly, the current study's unit of analysis was a census block group. Although prior co-offending research has used similar or larger geographic areas, advances within crime pattern theory have demonstrated the importance of even smaller microunits that may more fully represent Felson (2003) description of convergence spaces (e.g., Weisburd et al. 2012).""",,"- The authors chose to use census block groups as their spatial unit of analysis because it is the smallest geographic area available in the EPA's Smart Location Database, which provides necessary data on street connectivity.
- They justify this choice by noting that census block groups are relatively small in Baltimore, with an average size of 2.4 census blocks and 953 residents, making them a suitable unit for analyzing neighborhood context.
- The use of census block groups is consistent with prior research on co-offending and neighborhood context, which has used similar or larger geographic areas.
- The authors acknowledge that using a single city (Baltimore) limits the generalizability of their findings, but they do not provide a specific rationale for choosing Baltimore beyond the availability of data.
- They also mention that future research should consider smaller microunits, as suggested by advances in crime pattern theory, but this is more of a limitation than a justification for their current choice.","  - ""The current study extends crime pattern theory and addresses this gap in the co-offending literature by considering whether the distribution of co-offences across census block groups in Baltimore City (Maryland) is related to measures of activity nodes and 'connected' street networks, net of the solo crime rate.""
  - ""Indeed, in Baltimore the census block group is relatively small: The average census block group in Baltimore has 2.4 census blocks, is .14 square miles, and has an average of 953 residents.""
  - ""Incorporating a consideration of both elements that comprise convergence spaces (e.g., nodes and pathways) in the same empirical study is rare (see Summers and Johnson 2017), even though scholars argue it is ideal for models seeking to understand the spatial distribution of crime (Brantingham and Brantingham 1981).""
  - ""in a city context (as opposed to suburban or rural locales), a census block is generally a small area (typically a street-bounded block) and using this unit is consistent with prior work on the relationship between co-offending and neighbourhood context, which has relied on census tracts or blocks (e.g., Schaefer 2012;Billings et al. 2016).""
  - ""the current study furthers our understanding by exploring how the built environment may be related to the co-offending process.""",,"- The authors justify their choice of census block groups as the spatial unit of analysis by referencing previous research that has used similar units (census tracts or blocks) to study co-offending and neighborhood context (Quote 1). This aligns with the ""Previous research"" category.
- They also provide theoretical justification by extending crime pattern theory to understand the distribution of co-offenses across these spatial units (Quotes 3 and 4). This aligns with the ""Theory"" category.
- The mention of the size and characteristics of census block groups in Baltimore (Quote 2) suggests a consideration of data availability and practicality, as these units are described as relatively small and consistent with prior work.
- The combination of these justifications suggests that the authors used a rationale that includes both theoretical considerations and references to previous research, as well as practical considerations related to data availability."
HOW DO RESIDENTIAL BURGLARS SELECT TARGET AREAS? A New Approach to the Analysis of Criminal Location Choice,"Wim Bernasco, Paul Nieuwbeerta, Richard Block, Henk Elffers, Jan De Keijser, Jasper Van Der Kemp, Peter Van Koppen",-,-,,362,2005,89,"4,952 residents per neighborhood",No (the researchers did not aggregate data from smaller administrative or statistical spatial units to create larger spatial units for analysis; they used existing neighbourhood boundaries as defined by the municipality of The Hague),"The authors chose neighborhoods as their spatial unit size because it aligns with existing administrative divisions in The Hague, allowing for practical data collection from police records and municipal statistics. The discrete spatial choice approach is theoretically justified by its ability to integrate previous findings and model individual differences in location choice criteria, making neighborhoods a suitable unit for analyzing attributes relevant to burglary location choice.","Theory, previous research, and data availability","  - ""The Hague comprises 89 residential neighbourhoods.""
  - ""The practical issue of estimating a conditional logit model boils down to creating a data-set that contains, for every burglary, not only the chosen alternative (i.e. the neighbourhood in which the burglary took place), but also all other neighbourhoods that could have been chosen but were not. Thus, for a single case of burglary, the data-set contains 89 records-one for every residential neighbourhood in The Hague.""
  - ""The estimation results of the conditional logit model that corresponds to equation ( 2) are presented in Table 2""",,"- The paper mentions that The Hague is divided into 89 residential neighbourhoods, which are the spatial units of analysis.
- The methodology section describes the use of a conditional logit model, which involves creating a dataset with 89 records for each burglary, representing all possible neighbourhoods.
- The number of spatial units included in the final statistical analysis is directly related to the number of neighbourhoods considered in the model.","  - ""The average neighbourhood has a surface of 0.65 square kilometres, is home to 4,952 residents and contains 2,380 residential units (DSO 2001).""",,"- The paper provides specific information about the average population size per spatial unit in the study.
- The relevant passage states that the average neighborhood is ""home to 4,952 residents.""
- This directly answers the question about the average population size per spatial unit, which in this context refers to the average number of residents per neighborhood.","  - ""The Hague comprises 89 residential neighbourhoods.""
  - ""Our measures of neighbourhood characteristics-i.e. ethnic heterogeneity, residential mobility, real estate value of residential units, the percentage of single-family dwellings and the number of residential units-all were taken from statistical publications of the municipality of The Hague (DSO 2001).""
  - ""The average neighbourhood has a surface of 0.65 square kilometres, is home to 4,952 residents and contains 2,380 residential units (DSO 2001).""
  - ""The geometric positions of the 89 residential neighbourhoods are displayed in Figure 1""
  - ""The measure of ethnic heterogeneity was constructed from data on the ethnic composition of neighbourhoods.""
  - ""Residential mobility was calculated as the sum of the annual number of residents who moved out of the neighbourhood and the annual number who moved into the neighbourhood, relative to the total population of the neighbourhood.""
  - ""The average real estate value of residential units was based on the real estate tax administration of the municipality of The Hague.""",,"- The paper mentions that The Hague is divided into 89 residential neighbourhoods, which are used as the spatial units for analysis.
- The data on neighbourhood characteristics such as ethnic heterogeneity, residential mobility, and real estate value were taken from statistical publications of the municipality of The Hague, which suggests that these data were already aggregated at the neighbourhood level.
- There is no mention of any smaller administrative or statistical spatial units being aggregated to form these neighbourhoods. The focus is on using the existing neighbourhood boundaries as defined by the municipality.
- The paper does not indicate that data from smaller units like census blocks or statistical areas were combined to create these neighbourhoods. Instead, it uses the neighbourhoods as they are defined by the municipality.","  - ""The theory is tested using data on 548 residential burglaries, committed by 290 burglars from the city of The Hague, the Netherlands.""
  - ""The likelihood of a neighbourhood's being selected for burglary is heightened by its ethnic heterogeneity, its percentage of single-family dwellings, and its proximity to where the offender lives.""
  - ""The discrete spatial choice approach applies a general micro-economic framework to discrete choice behaviour.""
  - ""The point of departure of the discrete spatial choice approach is an actor who is faced with a choice amongst a number of discrete spatial alternatives, of which he must choose only one.""
  - ""the discrete spatial choice approach is able to integrate previous findings in this field of inquiry, and is a useful theoretical and methodological tool for research in criminal target choice.""
  - ""The Hague comprises 89 residential neighbourhoods. The average neighbourhood has a surface of 0.65 square kilometres, is home to 4,952 residents and contains 2,380 residential units (DSO 2001).""",,"- The authors chose to use the discrete spatial choice approach, which involves analyzing target selection as influenced by both target characteristics and offender characteristics simultaneously.
- The study focuses on residential burglaries in the city of The Hague, which is divided into 89 residential neighborhoods. This division suggests that the spatial unit size is based on these predefined neighborhoods.
- The authors justify the use of this approach by highlighting its ability to integrate previous findings and its theoretical and methodological utility in studying criminal target choice.
- The choice of neighborhoods as the spatial unit is practical because it aligns with existing administrative divisions and data availability from police records and municipal statistics.
- The approach is theoretically justified by its roots in micro-economic frameworks and its ability to model individual differences in location choice criteria.
- The use of neighborhoods as the spatial unit allows for the analysis of various attributes such as ethnic heterogeneity, percentage of single-family dwellings, and proximity to the offender's home, which are relevant to burglary location choice.","  - ""The problem of criminal location choice is a classical one in criminology. It pertains to the descriptive question of where offenders commit their offences, and to the explanatory question of why they commit them there, rather than somewhere else.""
  - ""In the literature, answers to the latter question have involved two general notions that have usually been dealt with separately. The first is the notion that for a crime to occur, a motivated offender must find a suitable target, in the absence of a capable guardian (Cohen and Felson 1979). The second is the notion that crimes tend to occur close to where the offender lives (Baldwin and Bottoms 1976: 78-98; Wiles and Costello 2000;Ratcliffe 2003).""
  - ""This paper combines these two notions, in an attempt to answer the question of how residential burglars select their target areas.""
  - ""The theory is tested using data on 548 residential burglaries, committed by 290 burglars from the city of The Hague, the Netherlands.""
  - ""The likelihood of a neighbourhood's being selected for burglary is heightened by its ethnic heterogeneity, its percentage of single-family dwellings, and its proximity to where the offender lives.""
  - ""The discrete spatial choice approach applies a general micro-economic framework to discrete choice behaviour.""
  - ""The point of departure of the discrete spatial choice approach is an actor who is faced with a choice amongst a number of discrete spatial alternatives, of which he must choose only one.""
  - ""the discrete spatial choice approach is able to integrate previous findings in this field of inquiry, and is a useful theoretical and methodological tool for research in criminal target choice.""",,"- The authors justify their spatial unit of analysis (SUoA) selection by combining theoretical notions from criminology, specifically the routine activities theory and the concept that crimes occur close to where offenders live (Quotes 1, 2, 3).
- They use previous research to support their approach, integrating findings from various studies on criminal location choice (Quotes 2, 8).
- The discrete spatial choice approach is theoretically grounded in micro-economic frameworks, which provides a structured method for analyzing choice behavior (Quotes 6, 7).
- The authors also consider data availability, as they use data from police records in The Hague to test their hypotheses (Quote 4).
- The rationale is not solely based on administrative convenience or data availability alone but is deeply rooted in theoretical and previous research justifications."
Co-offending and the Choice of Target Areas in Burglary,Wim Bernasco,-,-,-,-,-,89,4952 residents per neighborhood,No (the paper does not mention aggregating data from smaller administrative units to create larger spatial units for analysis; data is analyzed at the level of 89 residential neighbourhoods as they are),"The authors chose residential neighborhoods as their spatial unit, with an average area of 0.65 square kilometers and approximately 4,952 residents. This choice is justified by practical considerations, such as using existing administrative boundaries and the need for consistent distance calculations using neighborhood centroids. Theoretical justifications are not explicitly discussed, but the use of administrative boundaries is a common practice in spatial analysis.",Theory and previous research,"  - ""The Hague comprises of 89 residential neighbourhoods.""
  - ""Each residential burglary and each offender address was assigned to one of the 89 residential neighbourhoods of The Hague.""
  - ""The number of properties in a neighbourhood functions as a control variable: it is not a part of the theoretical model, but obviously it is part of the opportunity structure for burglary.""",,"- The paper mentions that The Hague is divided into 89 residential neighborhoods, which are used as the spatial units for analysis.
- The methodology involves assigning each burglary and offender address to one of these 89 neighborhoods, indicating that these neighborhoods are the spatial units used in the analysis.
- The mention of ""the number of properties in a neighbourhood"" as a control variable suggests that each neighborhood is considered a unit in the analysis.","  - ""The average neighbourhood has an area of 0.65 square kilometres, is the home to 4952 residents and contains 2380 residential units.""",,"- The paper provides specific information about the average population size per spatial unit in The Hague, which is the focus of the study.
- The quote directly states that the average neighborhood is home to 4952 residents, which is the average population size per spatial unit.
- The number of residents per neighborhood is explicitly mentioned, making it clear that this is the average population size per unit.","  - ""The Hague comprises of 89 residential neighbourhoods. The average neighbourhood has an area of 0.65 square kilometres, is the home to 4952 residents and contains 2380 residential units.""
  - ""Each residential burglary and each offender address was assigned to one of the 89 residential neighbourhoods of The Hague.""
  - ""The affluence of neighbourhoods is measured by the average value of residential properties in the neighbourhood, the percentage of owner-occupied properties, and the mean income per resident.""
  - ""The physical accessibility of properties in the neighbourhoods is also based on the real estate registration system of the city of The Hague.""
  - ""The geometric positions of the 89 residential neighbourhoods are displayed in Figure 1""
  - ""The number of properties in a neighbourhood functions as a control variable: it is not a part of the theoretical model, but obviously it is part of the opportunity structure for burglary.""",,"- The paper mentions that The Hague is divided into 89 residential neighbourhoods, which are used as the spatial units for analysis.
- The data on residential burglaries and offender addresses are assigned to these 89 neighbourhoods, indicating that these are the units used for analysis.
- The paper does not mention any aggregation from smaller administrative units to these neighbourhoods. Instead, it seems that the data is already available at the level of these neighbourhoods.
- The focus is on analyzing data at the neighbourhood level, with no indication of combining smaller units to form these neighbourhoods.","  - ""The average neighbourhood has an area of 0.65 square kilometres, is the home to 4952 residents and contains 2380 residential units.""
  - ""The reason for calculating the distance between home address and burglary address by approximation (neighbourhood centroids distances) rather than as an exact distance is that the model to be introduced below requires us to compare the distances between the home of the burglar and all potential target neighbourhood in the study area.""
  - ""Each residential burglary and each offender address was assigned to one of the 89 residential neighbourhoods of The Hague.""
  - ""The geometric positions of the 89 residential neighbourhoods are displayed in Figure 1""
  - ""For each burglar-burglary combination, the distance between the offender home and the crime site was calculated using the centroids of both neighbourhoods.""",,"- The paper uses residential neighborhoods as the spatial unit for analysis, which is justified by the practical consideration of using existing administrative boundaries that are likely to be meaningful in terms of social and physical characteristics.
- The size of these neighborhoods is described in terms of area and population, indicating a balance between spatial resolution and the aggregation of data.
- The use of centroids to calculate distances suggests a simplification for analytical purposes, allowing for a consistent method to compare distances across the study area.
- The methodology section explains that the choice of neighborhood centroids for distance calculations is due to the need for consistency in measuring distances to potential target neighborhoods, which is a practical consideration for the analysis model used.
- The paper does not explicitly discuss theoretical justifications for the choice of neighborhood size or type, but the use of existing administrative boundaries is a common practice in spatial analysis, as it aligns with how data are often collected and aggregated.","  - ""In developing a theoretical framework that could help answer these questions, the initial focus will be on general issues of criminal location choice in burglary.""
  - ""Ethnographic research shows that, as compared to other types of offences, residential burglary is an offence that is often prepared for and committed in a relatively purposeful and calculated way""
  - ""Johnson and Bowers (2004) describe the target search of burglars in terms of the foraging theory, a theory in behavioural ecology that explains the foraging behaviour of animals""
  - ""The metaphor of foraging behaviour may even be fruitfully extended here, because the optimal foraging theory also addresses questions pertaining to solitary foraging versus flock (group) foraging in animals, questions that bear similarity to questions on solitary offending versus co-offending that are the subject matter of the present paper.""
  - ""Consider a prospective burglar who searches the environment for potential targets. Even if his or her knowledge of the environment is limited, the number of potential targets is overwhelmingly large.""
  - ""Several authors (Brantingham & Brantingham, 1978;Brown & Altman, 1981; Cornish & Clarke, 1986) argue that burglars follow a spatially structured, sequential, and hierarchical decision process in selecting their targets.""
  - ""the location selection process starts with a set of implicit or explicit rules regarding which areas are suitable for burglary and which areas are not.""
  - ""The ethnographic literature referenced above suggests that three general criteria play a role when burglars compare the features of alternative areas.""
  - ""The results support the postulated relevance of physical accessibility and proximity to the offenders' homes for both single offenders and co-offending groups.""",,"- The paper uses a theoretical framework to justify the selection of the spatial unit of analysis (SUoA), focusing on criminal location choice in burglary (Quotes 1, 3, 4).
- Ethnographic research and previous studies are referenced to support the theoretical framework, indicating that both theory and previous research are used (Quotes 2, 6, 8).
- The paper discusses the decision-making process of burglars, which is informed by both theoretical considerations and empirical evidence from previous research (Quotes 5, 7).
- The hypotheses developed are based on a combination of theoretical reasoning and previous research findings (Quotes 9, 10).
- The paper does not mention data availability or administrative convenience as reasons for selecting the SUoA."
LEARNING WHERE TO OFFEND EFFECTS OF PAST ON FUTURE BURGLARY LOCATIONS,"Wim Bernasco, Shane D Johnson",-,-,,88,2015,"1,687","1,500",No,"The authors chose the UK Census Lower Level Super Output Area (LSOA) as their spatial unit of analysis because it provides a smaller, more homogeneous unit compared to previous studies, enhancing ecological validity. They acknowledge the theoretical preference for smaller units but note practical challenges. LSOAs are defined by proximity and social homogeneity, making them suitable for analyzing crime location choices and assessing spillover effects using hierarchical spatial nesting structures.","Theory, previous research, and data availability","  - ""a discrete spatial crime location choice approach is used (Bernasco et al., 2013;Bernasco & Ruiter, 2014) in which every burglary is conceptualized as a discrete choice amongst all 1,687 LSOAs in the study area, and a multinomial logit model is used to estimate the relative weight of each of the LSOA characteristics in the burglar's decision.""
  - ""As a compromise, we decided to use the UK Census Lower Level Super Output Area (LSOA) geography as the basic spatial unit of analysis.""
  - ""The concept of crime location choice presumes spatial units of analysis, which are the alternative locations that burglars choose from when deciding on where to commit a burglary.""",,"- The paper mentions the use of a ""discrete spatial crime location choice approach"" which involves analyzing burglaries as choices among multiple spatial units.
- It specifies that the analysis is conducted using ""all 1,687 LSOAs in the study area,"" indicating that these LSOAs are the spatial units included in the analysis.
- The use of LSOAs as the ""basic spatial unit of analysis"" further confirms that these are the units considered in the final statistical analysis.","  - ""the areas used here have an average population of only 1,500, potentially providing for more homogeneous spatial units and enhanced ecological validity.""
  - ""LSOAs are defined on the basis of proximity and social homogeneity measures (type of dwelling and nature of tenure) and have a population of approximately 1,500 residents and 600 households.""",,"- The paper mentions that the spatial units used in the study have an average population of 1,500 residents. This is explicitly stated in two different parts of the paper, ensuring consistency in the information provided.
- The first quote directly addresses the average population size of the spatial units used in the study, which are referred to as having an average population of 1,500.
- The second quote provides additional context by specifying that the Lower Level Super Output Areas (LSOAs) have approximately 1,500 residents and 600 households, reinforcing the first quote's information about the average population size.","  - ""MSOAs comprise groups of typically 4-5 LSOAs and have a minimum size of 5,000 residents (and 3,000 households) with an average population size of 7,500.""
  - ""Spillover effects can be assessed using either hierarchical spatial nesting structures or spatial proximity structures (Bernasco & Elffers, 2010). Because the boundaries of the UK census areas are designed to optimize social homogeneity in terms of household tenure and dwelling type (Haining, 2012;Sturgis, Brunton-Smith, Kuha, & Jackson, 2013), we preferred the former, and estimated spillover using variables measured at the next higher level of the census geography in the UK, the Middle Layer Super Output Area (MSOA).""
  - ""As a compromise, we decided to use the UK Census Lower Level Super Output Area (LSOA) geography as the basic spatial unit of analysis.""
  - ""The concept of crime location choice presumes spatial units of analysis, which are the alternative locations that burglars choose from when deciding on where to commit a burglary.""",,"- The paper discusses the use of spatial units for analysis, specifically mentioning the UK Census Lower Level Super Output Area (LSOA) as the basic unit.
- It is noted that the LSOAs are used as the primary spatial unit for analysis, which suggests that data was not aggregated from smaller units to form these LSOAs.
- The paper does mention the use of Middle Layer Super Output Areas (MSOAs) for assessing spillover effects, which are larger units that comprise groups of LSOAs. This indicates a hierarchical structure where LSOAs are nested within MSOAs.
- However, the question specifically asks about aggregating data from smaller administrative or statistical spatial units to create larger spatial units for analysis. The use of MSOAs for spillover effects does not imply that data was aggregated from smaller units to form these MSOAs for the primary analysis.","  - ""The concept of crime location choice presumes spatial units of analysis, which are the alternative locations that burglars choose from when deciding on where to commit a burglary. Whereas the contemporary literature on the geography of crime emphasizes the analytical superiority of small spatial units (e.g., micro-places like face blocks or street segments), the implementation of units of such small size in spatial choice models is fraught with complex issues, including the need to use 'sampling from alternatives' to solve the intractability of the estimation problem, and the requirement to estimate multiple-level spillover effects (Bernasco et al., 2013) . As a compromise, we decided to use the UK Census Lower Level Super Output Area (LSOA) geography as the basic spatial unit of analysis.""
  - ""Spillover effects can be assessed using either hierarchical spatial nesting structures or spatial proximity structures (Bernasco & Elffers, 2010). Because the boundaries of the UK census areas are designed to optimize social homogeneity in terms of household tenure and dwelling type (Haining, 2012;Sturgis, Brunton-Smith, Kuha, & Jackson, 2013), we preferred the former, and estimated spillover using variables measured at the next higher level of the census geography in the UK, the Middle Layer Super Output Area (MSOA).""
  - ""LSOAs are defined on the basis of proximity and social homogeneity measures (type of dwelling and nature of tenure) and have a population of approximately 1,500 residents and 600 households. LSOAs are smaller than the postal code areas used in some other crime location choice studies (Bernasco, 2010b;Lammers et al., 2015) but larger than the micro-scale places used in others (Bernasco, 2010a;Bernasco et al., 2013).""",,"- The authors justify their choice of spatial unit size by comparing it to previous studies, noting that they used a smaller unit size (LSOAs with an average population of 1,500) compared to Lammers et al. (2015), which used areas with an average population of 7,000. This smaller size is intended to provide more homogeneous spatial units and enhance ecological validity.
- They acknowledge the theoretical preference for small spatial units like micro-places but note practical challenges such as estimation problems and the need for complex modeling techniques.
- The choice of LSOAs is a compromise between theoretical ideals and practical feasibility, balancing the need for detailed analysis with the complexity of spatial choice models.
- The authors highlight that LSOAs are defined by proximity and social homogeneity, which aligns with their research goals and provides a suitable framework for analyzing crime location choices.
- The use of LSOAs also allows for the assessment of spillover effects using hierarchical spatial nesting structures, which is facilitated by the design of UK census areas to optimize social homogeneity.","  - ""LSOAs are defined on the basis of proximity and social homogeneity measures (type of dwelling and nature of tenure) and have a population of approximately 1,500 residents and 600 households.""
  - ""Spillover effects can be assessed using either hierarchical spatial nesting structures or spatial proximity structures (Bernasco & Elffers, 2010). Because the boundaries of the UK census areas are designed to optimize social homogeneity in terms of household tenure and dwelling type (Haining, 2012;Sturgis, Brunton-Smith, Kuha, & Jackson, 2013), we preferred the former, and estimated spillover using variables measured at the next higher level of the census geography in the UK, the Middle Layer Super Output Area (MSOA).""
  - ""LSOAs are smaller than the postal code areas used in some other crime location choice studies (Bernasco, 2010b;Lammers et al., 2015) but larger than the micro-scale places used in others (Bernasco, 2010a;Bernasco et al., 2013).""
  - ""As a compromise, we decided to use the UK Census Lower Level Super Output Area (LSOA) geography as the basic spatial unit of analysis.""
  - ""The concept of crime location choice presumes spatial units of analysis, which are the alternative locations that burglars choose from when deciding on where to commit a burglary.""",,"- The authors justify their choice of spatial unit of analysis (SUoA) by referencing previous research, as indicated by the comparison with other studies that used different spatial units (e.g., postal code areas and micro-scale places).
- The selection of LSOAs is also based on theoretical considerations, as they are defined by proximity and social homogeneity measures, which align with the theoretical framework of crime location choice.
- The use of LSOAs is further justified by their characteristics, such as population size and household number, which are relevant for the study's focus on burglary location choice.
- The authors also consider data availability, as they mention the use of UK Census data and the hierarchical structure of census areas, which facilitates the estimation of spillover effects."
Burglar Target Selection: A Crossnational Comparison,"Michael Townsley, Daniel Birks, Wim Bernasco, Stijn Ruiter, Shane D Johnson,  Gentry White, Scott Baum",-,-,Journal of research in crime and delinquency,60,2015,Not mentioned (the paper does not provide the exact number of spatial units included in the final statistical analysis),Not specified,"No (the paper does not mention aggregating data from smaller administrative units to larger ones; it uses neighborhoods, Super Output Areas, and Statistical Local Areas directly for analysis)","The authors chose their specific spatial unit size or type based on equivalence in size of the known burglar population, number of targets (households) within each area, and total number of areas in a study region. They also selected regions with varying target densities to assess the consistency of relationships across different environmental settings. This was done to ensure comparability and to examine how differences in target density affect burglar target selection.","Theory, previous research, and data availability","  - ""The discrete spatial choice approach required the collection of three core data sets for each study region: (1) alternatives-the choice set of geographical spatial units (e.g., neighborhoods and suburbs) in which offenders may choose to offend; (2) choosers-charged residential burglary offenders who resided and committed burglaries within the study region in the study time frame; and (3) choices-cleared offense data comprising the locations (alternatives) where offenders (choosers) chose to offend.""
  - ""The variable number of households is an operationalization of the target availability construct and simply represents the total number of residential dwellings, and thus potential targets for residential burglary, found within the area.""
  - ""Study regions and their associated choice set geographies (NL-neighborhoods, UK-Super Output Areas [medium layer], AU-Statistical Local Areas) were selected based on equivalence in size of the known burglar population, number of targets (households) within each area, and total number of areas in a study region.""
  - ""Study regions were purposefully selected based on differences in target density, aligning with our aims to assess the consistency of relationships across differing environmental settings.""
  - ""The Hague, Birmingham, and Brisbane can be characterized as having relatively high (3,652 households per km 2 ), medium (1,513 households per km 2 ), and low (299 households per km 2 ) target densities, respectively.""",,"- The paper discusses the selection of study regions based on equivalence in size of the known burglar population, number of targets, and total number of areas. This suggests that the number of spatial units was considered in the selection process.
- The methodology section mentions the collection of data sets for each study region, including the choice set of geographical spatial units. This implies that the number of spatial units was a critical component of the data collection.
- The paper provides information on the target densities of the study regions, which are related to the number of households per square kilometer. However, it does not explicitly state the total number of spatial units included in the final analysis.
- The paper does not provide a specific number for the total number of spatial units included in the final statistical analysis. The focus is on the characteristics of these units rather than their count.","  - ""The variable number of households is an operationalization of the target availability construct and simply represents the total number of residential dwellings, and thus potential targets for residential burglary, found within the area.""
  - ""The Hague, Birmingham, and Brisbane can be characterized as having relatively high (3,652 households per km 2 ), medium (1,513 households per km 2 ), and low (299 households per km 2 ) target densities, respectively.""
  - ""Study regions and their associated choice set geographies (NL-neighborhoods, UK-Super Output Areas [medium layer], AU-Statistical Local Areas) were selected based on equivalence in size of the known burglar population, number of targets (households) within each area, and total number of areas in a study region.""",,"- The paper provides information on the density of households per square kilometer for each study region, which can be used to infer the average population size per spatial unit.
- The density figures are given as 3,652 households per km² for The Hague, 1,513 households per km² for Birmingham, and 299 households per km² for Brisbane.
- However, these figures represent the density of households per square kilometer, not the average population size per individual unit.
- The paper does not provide a direct measure of the average population size per spatial unit, such as the number of residents per neighborhood or area.
- Therefore, the average population size per spatial unit is not specified in the paper.","  - ""Study regions and their associated choice set geographies (NL-neighborhoods, UK-Super Output Areas [medium layer], AU-Statistical Local Areas) were selected based on equivalence in size of the known burglar population, number of targets (households) within each area, and total number of areas in a study region.""
  - ""The variables proximity and proximity to city center describe the distance between an offender's home area and the alternative in question, and the distance between the alternative and the city center of the study region, respectively.""
  - ""The variable residential mobility is an operationalization of the community stability construct and is calculated by estimating the resident ''turnover'' for an area.""
  - ""The variable proportion of single-family dwellings is an operationalization of the target accessibility construct and is measured as the proportion of residential dwellings in a given area not categorized as flats/apartments.""
  - ""The variable number of households is an operationalization of the target availability construct and simply represents the total number of residential dwellings, and thus potential targets for residential burglary, found within the area.""",,"- The paper mentions that the study regions were selected based on equivalence in size of the known burglar population, number of targets, and total number of areas. This suggests that the data was aggregated to ensure comparability across different regions.
- The use of ""neighborhoods"" in the Netherlands, ""Super Output Areas [medium layer]"" in the UK, and ""Statistical Local Areas"" in Australia indicates that these are the spatial units used for analysis. These are likely larger administrative units compared to finer scales like census blocks or smaller postal zones.
- The paper does not explicitly mention aggregating data from smaller administrative units to these larger units. Instead, it seems to use these larger units directly for analysis.
- The focus on operationalizing variables like target availability, target accessibility, and community stability at these larger spatial units suggests that these are the primary units of analysis.","  - ""Study regions and their associated choice set geographies (NL-neighborhoods, UK-Super Output Areas [medium layer], AU-Statistical Local Areas) were selected based on equivalence in size of the known burglar population, number of targets (households) within each area, and total number of areas in a study region.""
  - ""Study regions were purposefully selected based on differences in target density, aligning with our aims to assess the consistency of relationships across differing environmental settings.""
  - ""The Hague, Birmingham, and Brisbane can be characterized as having relatively high (3,652 households per km 2 ), medium (1,513 households per km 2 ), and low (299 households per km 2 ) target densities, respectively.""",,"- The authors selected specific spatial units for each study region based on several criteria: the size of the known burglar population, the number of targets (households) within each area, and the total number of areas in the study region. This suggests a practical consideration to ensure comparability across regions.
- The choice of spatial units was also influenced by the aim to assess the consistency of relationships across different environmental settings, particularly focusing on differences in target density. This indicates a theoretical justification related to the study's objectives.
- The selection of neighborhoods in The Hague, Super Output Areas in Birmingham, and Statistical Local Areas in Brisbane was based on these criteria, ensuring that the units were comparable in terms of population and target density.
- The authors highlight the differences in target density among the study regions, which was a deliberate choice to examine how these differences affect burglar target selection. This suggests a theoretical justification related to understanding environmental influences on crime.","  - ""The variable number of households is an operationalization of the target availability construct and simply represents the total number of residential dwellings, and thus potential targets for residential burglary, found within the area.""
  - ""Study regions and their associated choice set geographies (NL-neighborhoods, UK-Super Output Areas [medium layer], AU-Statistical Local Areas) were selected based on equivalence in size of the known burglar population, number of targets (households) within each area, and total number of areas in a study region.""
  - ""Study regions were purposefully selected based on differences in target density, aligning with our aims to assess the consistency of relationships across differing environmental settings.""",,"- The selection of spatial units of analysis (SUoA) was based on several factors, including the size of the known burglar population, the number of targets (households) within each area, and the total number of areas in a study region. This suggests that data availability was a significant consideration.
- The study regions were purposefully selected to assess consistency across different environmental settings, which aligns with theoretical considerations about the impact of environmental factors on crime.
- The use of specific geographical units like neighborhoods and Super Output Areas indicates a reliance on administrative data structures, which is a practical consideration related to data availability.
- The focus on target density and the operationalization of target availability through the number of households also reflects theoretical considerations about the attractiveness of areas for burglary."
ROLE OF THE STREET NETWORK IN BURGLARS' SPATIAL DECISION-MAKING *,"Michael J Frith, Shane D Johnson, Hannah M Fry",-,-,CrimRxiv,63,2017,"5,286",Not specified,Yes. The researchers aggregated data from smaller administrative units (U.K. census output areas) to larger spatial units (street segments) for analysis.,"The authors chose the street segment as their spatial unit size because it aligns with contemporary theory and research questions, allows for better capture of spatial logic and measurement of key constructs, and is methodologically justified to preserve local variations. They also note that people navigate along the road network, which supports this choice.",Theory and previous research,"  - ""The resulting study area covers a geography of approximately 150 km 2 and includes 81,682 dwellings situated on 5,286 street segments.""
  - ""the unit of analysis is the street segment.""
  - ""The resulting data set contained 459 residential burglaries committed by 207 offenders.""
  - ""The study area was defined by identifying the ""built-up areas"" of the three towns and by applying a 1-km buffer around them""",,"- The paper describes the study area as covering approximately 150 km² and including 81,682 dwellings on 5,286 street segments. This indicates the total number of spatial units (street segments) within the study area.
- The unit of analysis is explicitly stated as the street segment, which means that each street segment is considered a separate spatial unit in the analysis.
- The final statistical analysis likely included these street segments as the primary units of analysis, given that the paper discusses modeling offender spatial decision-making at the street segment level.","  - ""Output areas contain around 150 homes and are the smallest unit of analysis for which data are available.""",,"- The paper describes the study area as covering approximately 150 km² with 81,682 dwellings on 5,286 street segments. This provides a total number of dwellings but does not specify the average population per unit.
- The mention of ""Output areas contain around 150 homes"" suggests that these areas are used as units of analysis for some data, but it does not specify the average population per unit. It only indicates the number of homes in these areas, not the population.
- There is no direct mention of the average population size per spatial unit in the paper. The focus is on the number of dwellings and street segments rather than population density or average population per unit.","  - ""Street segments were then assigned social disorganization values based on the mean values of the output area(s) within which they were located.""
  - ""Data were obtained for three variables (ethnic-heterogeneity, socioeconomic heterogeneity, and population turnover) for U.K. census output areas.""
  - ""The study area was defined by identifying the ""built-up areas"" of the three towns and by applying a 1-km buffer around them""",,"- The study area was defined by identifying built-up areas and applying a buffer, which does not directly indicate aggregation from smaller to larger units.
- The data for social disorganization variables were obtained at the level of U.K. census output areas, which are smaller administrative units.
- These data were then assigned to street segments based on the mean values of the output areas within which they were located. This implies that data from smaller units (output areas) were aggregated to larger units (street segments) for analysis.
- The focus is on the aggregation of data from smaller administrative units (census output areas) to larger spatial units (street segments) for analysis.","  - ""Here, consistent with contemporary theory (Weisburd, Groff, and Yang, 2012) and the research questions at hand, we do so at the street segment level.""
  - ""Also, as constructs such as (the potential for) guardianship and awareness spaces can be more precisely measured at this level, street segments are a natural unit for studying crime (Weisburd, Groff, and Yang, 2012).""
  - ""As such, a spatial resolution at this scale (e.g., street segment) should better capture the spatial logic of offender decision-making (Johnson and Bowers, 2010).""
  - ""These smaller spatial units are also methodologically justified as even if an offender's mental map is more generalized than is specified, local variations would be unobserved if aggregated before measurement (Bernasco, 2010b)""
  - ""For example, people do not navigate from one large area to another; they navigate along the road network.""",,"- The authors justify their choice of the street segment as the spatial unit by referencing contemporary theory and research questions, indicating that this scale is appropriate for understanding offender decision-making.
- They argue that people navigate along the road network, which aligns with the street segment level, suggesting a practical consideration for choosing this unit.
- The authors mention that this scale allows for a better capture of spatial logic and the measurement of constructs like guardianship and awareness, which are crucial for their study.
- They also justify the choice methodologically by noting that local variations would be lost if larger units were used, which aligns with previous research findings.
- The use of street segments is consistent with the aim to model offender spatial decision-making, as it provides a detailed level of analysis.","  - ""The aim of prior research has been to examine the role of the road network on crime, but it has failed to isolate the influence of these two mechanisms.""
  - ""in most previous studies, scholars have examined offender location choice at the area level (for the exceptions, see Bernasco, 2010b, and Vandeviver et al., 2015).""
  - ""Here, consistent with contemporary theory (Weisburd, Groff, and Yang, 2012) and the research questions at hand, we do so at the street segment level.""
  - ""For example, people do not navigate from one large area to another; they navigate along the road network.""
  - ""As such, a spatial resolution at this scale (e.g., street segment) should better capture the spatial logic of offender decision-making (Johnson and Bowers, 2010).""
  - ""These smaller spatial units are also methodologically justified as even if an offender's mental map is more generalized than is specified, local variations would be unobserved if aggregated before measurement (Bernasco, 2010b)""",,"- The authors justify their choice of the street segment as the spatial unit of analysis (SUoA) by referencing both theoretical and previous research perspectives. They mention that previous studies have typically used larger area levels, but they choose the street segment level to align with contemporary theory and to better capture the spatial logic of offender decision-making.
- The paper references contemporary theory (Weisburd, Groff, and Yang, 2012) as a basis for selecting the street segment level, indicating a theoretical justification.
- The authors also draw on previous research (Bernasco, 2010b; Vandeviver et al., 2015) to support their choice, showing that this level of analysis is not only theoretically sound but also supported by empirical studies.
- The practical aspect of how people navigate along the road network is highlighted, which aligns with both theoretical and empirical justifications.
- The methodological justification is also mentioned, as smaller spatial units can capture local variations that would be lost at larger scales."
Modelling taste heterogeneity regarding offence location choices,Michael J Frith,-,-,Journal of Choice Modeling,13,2019,Not mentioned (the paper does not provide a specific number of spatial units included in the final statistical analysis),Not specified,"No (the analysis was conducted at the level of output areas/neighbourhoods, which are the smallest units for which variables were available, without aggregating smaller units into larger ones)","The authors chose output areas (neighbourhoods) as their spatial unit because they are the smallest units for which the necessary variables are available. This choice is justified by the need to capture local variations within larger areas and aligns with social disorganisation theory, which suggests that smaller units can better capture the effects of heterogeneity on offender behavior.",Theory and data availability,"  - ""The study area in these analyses is the city of York (UK), which covers approximately 270km""
  - ""the alternatives in this analysis are output areas, herein referred to as neighbourhoods, which are the smallest units for which the variables in this study are available.""
  - ""The three discrete choice models of offence location choices in these analyses are all computed in Stata 14 (StataCorp, 2015).""
  - ""This results in a final dataset of 1,105 offence location choices made by 498 offenders -of which, 325 offenders made one offence location choice, 111 made two or three, and 62 who made up to 92 location choices.""
  - ""For these analyses, revealed preference data for 1,105 recorded3 and solved4 SAC in York committed by 687 offenders living in York between April 2008 and March 2012 were collected.""",,"- The paper mentions that the study area is the city of York, UK, and that the analysis uses output areas referred to as neighborhoods.
- The number of spatial units is not explicitly stated in terms of a specific number, but it is implied that the analysis is conducted at the level of these neighborhoods.
- The paper does not provide a specific count of how many neighborhoods were included in the final statistical analysis.
- The focus is on the methodology and data collection rather than providing a specific number of spatial units.","  - ""the level of affluence in a neighbourhood was calculated as the median price paid for a house between 2006 and 2014 in each neighbourhood according to the UK Land Registry. On average, there were 46 houses sold within the time-period per neighbourhood.""
  - ""The social disorganisation and number of potential target variables were calculated using data from the 2011 UK Census.""
  - ""the alternatives in this analysis are output areas, herein referred to as neighbourhoods, which are the smallest units for which the variables in this study are available.""",,"- The study uses ""output areas"" or ""neighbourhoods"" as the spatial units for analysis, which are the smallest units for which data is available.
- The number of potential targets is defined by the number of households, residents, or vehicles, which implies that these are used as proxies for population size in each unit.
- The mention of ""46 houses sold within the time-period per neighbourhood"" provides some insight into the scale of the units but does not directly translate to an average population size.
- There is no explicit mention of an average population size per unit in the provided text.","  - ""The social disorganisation and number of potential target variables were calculated using data from the 2011 UK Census.""
  - ""The study area in these analyses is the city of York (UK), which covers approximately 270km""
  - ""For these analyses, revealed preference data for 1,105 recorded3 and solved4 SAC in York committed by 687 offenders living in York between April 2008 and March 2012 were collected.""
  - ""the alternatives in this analysis are output areas, herein referred to as neighbourhoods, which are the smallest units for which the variables in this study are available.""",,"- The paper mentions that the analysis uses ""output areas"" referred to as ""neighbourhoods,"" which are the smallest units for which the variables are available. This suggests that the data was not aggregated from smaller units to larger ones, as the analysis was conducted at the level of these smallest available units.
- The study area is described as the city of York, but this does not imply aggregation of smaller units into larger ones for analysis purposes. It simply defines the geographical scope of the study.
- The use of data from the 2011 UK Census for calculating certain variables does not indicate aggregation of smaller administrative units into larger ones. Census data can be used at various levels of granularity without necessarily aggregating smaller units.
- There is no mention of aggregating data from smaller administrative or statistical spatial units to create larger spatial units for analysis. The focus is on using the smallest available units for analysis.","  - ""the alternatives in this analysis are output areas, herein referred to as neighbourhoods, which are the smallest units for which the variables in this study are available.""
  - ""in terms of the average effect, in particular regarding three variables: ethnic heterogeneity, residential churn and affluence. For the former two variables, they are both significant positive predictors in Frith et al. (2017) which is as expected based on social disorganisation theory as more heterogeneous neighbourhoods should be less cohesive and therefore the residents are less willing to exert informal social control. They should therefore be more attractive for offenders. Here, however, and also in Townsley et al. (2016) for residential churn, they were both non-significant. Although further replication is needed to examine this;

particularly as the effects of each variable was estimated to significantly diffe r across the samples, one potential explanation regards the size of the spatial units used as alternatives as much smaller units, average size is ~0.03km 2 , are used in Frith et al. (2017) compared to here and in Townsley et al. (2016) where the average sizes are 0.44km 2 and 8.48km 2 respectively (Frith, 2019). As such, if the social organisation process generally occurs at a smaller scale (Hipp, 2007), for example between neighbours on the same street, then the average levels of those related variables at a larger scale can give misleading results.""
  - ""As such, if larger areas are used, local variations between sub-areas would be unobserved.""
  - ""For example, while offenders' mental boundaries between areas are effectively inscrutable, and will, to some degree, vary from offender to offender, larger spatial areas tend to be more heterogeneous.""",,"- The authors chose output areas (neighbourhoods) as their spatial unit because they are the smallest units for which the necessary variables are available. This suggests a practical consideration based on data availability.
- The choice of smaller spatial units is justified by the need to capture local variations within larger areas. Larger areas might mask these variations, which are important for understanding offender behavior.
- The authors also discuss the theoretical justification related to social disorganisation theory, which suggests that smaller units can better capture the effects of heterogeneity on offender behavior.
- The comparison with other studies highlights the impact of spatial unit size on results, suggesting that smaller units might provide more accurate insights into social processes like social disorganisation.","  - ""For these analyses, revealed preference data for 1,105 recorded3 and solved4 SAC in York committed by 687 offenders living in York between April 2008 and March 2012 were collected.""
  - ""Based on this, the alternatives in this analysis are output areas, herein referred to as neighbourhoods, which are the smallest units for which the variables in this study are available.""
  - ""In general, finer spatial granularity are to be preferred (see also Weisburd et al., 2009). For example, while offenders' mental boundaries between areas are effectively inscrutable, and will, to some degree, vary from offender to offender, larger spatial areas tend to be more heterogeneous. As such, if larger areas are used, local variations between sub-areas would be unobserved.""
  - ""The study area in these analyses is the city of York (UK), which covers approximately 270km""",,"- The paper discusses the preference for finer spatial granularity, which is supported by theory (e.g., Weisburd et al., 2009) as it allows for better observation of local variations within larger areas.
- The choice of using output areas (neighbourhoods) as the spatial unit of analysis is justified by the availability of data, as these are the smallest units for which the necessary variables are available.
- The study area is defined as the city of York, which is an administrative boundary, but the primary rationale for the spatial unit selection seems to be a combination of theoretical considerations (finer granularity) and data availability (output areas being the smallest units with available data)."
Graffiti Writers Choose Locations That Optimize Exposure,"K Kuralarasan, Wim Bernasco, Christophe Vandeviver",-,-,Crime &amp; Delinquency,1,2024,"2,233",Not specified,No (the researchers did not aggregate data from smaller administrative or statistical spatial units to create larger spatial units for analysis; they used street segments as their spatial unit of analysis),"The authors justify their choice of street segments as the spatial unit of analysis by referencing previous research that advocates for this scale in studying crime and disorder. They also highlight that street segments align with human observational limitations, allowing for direct sensory perception of activities within the segment. Additionally, they note that street segments can capture the complexities of urban spaces, such as intersections and bridges, which are important for understanding graffiti placement. The use of polygons instead of lines to represent street segments is justified by the need to accurately capture the spatial complexities of older European cities.",Theory and previous research,"  - ""Our final dataset includes information from 2,233 street segments from the original 2,392.""
  - ""A total of 159 segments were not observed for various reasons and were excluded from the analysis""",,"- The paper mentions that the final dataset includes information from 2,233 street segments. This indicates that these are the spatial units included in the final statistical analysis.
- The mention of 159 segments being excluded from the analysis further supports that the remaining 2,233 segments were the ones used in the analysis.","  - ""we collected data through Systematic Social Observation in Ghent's city center in November 2017, covering 12,655 graffiti instances across 2,233 street segments.""
  - ""The data were collected by a team of 212 observers in November 2017 using systematic social observation (SSO).""
  - ""In addition to counting and recording graffiti, our observers recorded the presence of facilities likely to attract higher footfall and increase exposure potential, such as bars, shops, night shops, nightclubs, restaurants, general stores, hotels or hostels, offices, public parking lots, bus or tram stops, schools, and residential units.""
  - ""The observation focused only on the street segments of Ghent city center.""
  - ""Our final dataset includes information from 2,233 street segments from the original 2,392.""
  - ""We adopted street segments as our spatial unit of analysis, aligning with recent research advocating the use of street segments or similarly sized spatial units for analyzing crime and disorder""",,"- The study focuses on graffiti instances across street segments in Ghent's city center, but it does not provide specific information about the population size per street segment.
- The paper mentions the presence of residential units as a factor that influences graffiti location choices, but it does not specify the average population size per unit.
- The study uses street segments as the spatial unit of analysis, but it does not provide demographic data such as average population size per segment.
- The paper does not mention any specific data or statistics related to the average population size per spatial unit.","  - ""We adopted street segments as our spatial unit of analysis, aligning with recent research advocating the use of street segments or similarly sized spatial units for analyzing crime and disorder""
  - ""The observation focused only on the street segments of Ghent city center.""
  - ""Our final dataset includes information from 2,233 street segments from the original 2,392. A total of 159 segments were not observed for various reasons and were excluded from the analysis""
  - ""We chose to represent street segments using polygons rather than the more common ""line"" representations.""
  - ""we analyze graffiti instances in Ghent, Belgium. 1 To ensure practicality in the scope of our observations while still focusing on areas with a high incidence of graffiti, we restricted our study area to the city center of Ghent.""",,"- The study focuses on the city center of Ghent, which is a larger administrative unit compared to individual street segments.
- The researchers used street segments as their spatial unit of analysis, which are smaller administrative units.
- The data was collected from these street segments, but there is no mention of aggregating data from smaller administrative units to create larger ones.
- The study does not involve aggregating data from smaller units like census blocks or statistical areas to larger units like census tracts or districts.
- The focus is on analyzing graffiti instances at the level of street segments, which are the basic spatial units used in the study.","  - ""We adopted street segments as our spatial unit of analysis, aligning with recent research advocating the use of street segments or similarly sized spatial units for analyzing crime and disorder (Groff et al., 2010;Weisburd et al., 2004).""
  - ""The spatial resolution of a street segment naturally corresponds to human observational limitations. It possesses attributes suitable for direct sensory perception, making it especially relevant for measuring exposure.""
  - ""We chose to represent street segments using polygons rather than the more common ""line"" representations. ""Line"" representations fail to adequately capture the complexities of older European city urban spaces, particularly when it comes to accurately portraying intersections and bridges that span canals and rivers.""
  - ""From nearly any vantage point within a street segment, one can see, hear, or even smell activities occurring elsewhere in that segment.""
  - ""These categories have different structural characteristics that directly affect urban traffic flows in general and may indirectly influence social dynamics.""",,"- The authors justify their choice of street segments as the spatial unit of analysis by referencing previous research that advocates for this scale in studying crime and disorder (Groff et al., 2010; Weisburd et al., 2004). This suggests a theoretical justification based on established practices in the field.
- They highlight the practical consideration that street segments align with human observational limitations, allowing for direct sensory perception of activities within the segment. This is a practical rationale for choosing a unit size that is manageable and relevant for human observation.
- The authors also mention that street segments can capture the complexities of urban spaces, such as intersections and bridges, which are important for understanding graffiti placement. This is a theoretical justification based on the need to accurately represent urban environments.
- The use of polygons instead of lines to represent street segments is justified by the need to accurately capture the spatial complexities of older European cities, which is a practical consideration for data representation.","  - ""We adopted street segments as our spatial unit of analysis, aligning with recent research advocating the use of street segments or similarly sized spatial units for analyzing crime and disorder (Groff et al., 2010;Weisburd et al., 2004).""
  - ""From nearly any vantage point within a street segment, one can see, hear, or even smell activities occurring elsewhere in that segment.""
  - ""The spatial resolution of a street segment naturally corresponds to human observational limitations. It possesses attributes suitable for direct sensory perception, making it especially relevant for measuring exposure.""",,"- The authors justify their choice of street segments as the spatial unit of analysis by referencing ""recent research advocating the use of street segments or similarly sized spatial units for analyzing crime and disorder."" This indicates that they are basing their decision on previous research.
- They also provide theoretical justification by explaining that the spatial resolution of a street segment aligns with human observational limitations and is suitable for measuring exposure. This suggests that theoretical considerations about the nature of street segments and their attributes are part of their rationale.
- The mention of the spatial resolution and sensory perception aligns with theoretical perspectives on how street segments function as units of analysis.
- There is no mention of data availability or administrative convenience as reasons for their choice, so these categories are not relevant."
Modelling the spatial decision making of terrorists: the discrete choice approach,-,-,-,Applied Geography,21,2019,890,Not specified,No,"The authors chose ""Small Areas"" (SAs) as their spatial unit because they are the smallest areal unit available in Northern Ireland, designed for statistical purposes, and follow physical features like roads and rivers. This choice was practical due to the absence of sociodemographic variables in the analysis. Although smaller units like street blocks are theoretically ideal, larger units like SAs help mitigate issues like independence of irrelevant alternatives (IIA) in conditional logit estimation.","Theory, previous research, and data availability","  - ""The location of each attack was geocoded to the corresponding SA.""
  - ""The final offence and offender datasets comprised 150 attacks by 127 PIRA members within Belfast.""
  - ""The geographical boundary data for the SAs was obtained from the Northern Ireland Statistics and Research Agency (NISRA).""
  - ""Since 2011, Northern Ireland has been divided into 4537 'Small Areas' (hereafter, SAs), which are currently the smallest areal unit.""",,"- The paper mentions that Northern Ireland is divided into 4537 'Small Areas' (SAs), but this is the total number for the entire region.
- The study focuses on Belfast, and it specifies that there are 890 SAs in Belfast.
- The final analysis includes data from these 890 SAs in Belfast, as indicated by the geocoding of attack locations to these areas.
- Therefore, the number of spatial units included in the final statistical analysis is 890.","  - ""Since 2011, Northern Ireland has been divided into 4537 'Small Areas' (hereafter, SAs), which are currently the smallest areal unit.""
  - ""The geographical boundary data for the SAs was obtained from the Northern Ireland Statistics and Research Agency (NISRA).""
  - ""The final offence and offender datasets comprised 150 attacks by 127 PIRA members within Belfast.""
  - ""The location of each attack was geocoded to the corresponding SA.""
  - ""A direct link had to be made with the member of PIRA who committed the attack, whose home address at the time of the attack was known, to qualify for inclusion.""
  - ""The offender dataset contained information on the offender's home location (also geocoded to SA).""
  - ""the set of alternatives takes the form of output areas called 'small areas' in Belfast, Northern Ireland and the expected utility of each potential target area is assumed to be evaluated according to the decision criteria presented below.""
  - ""The geographical SA data was obtained from NISRA.""
  - ""Binary indicator variables were used to identify the presence of major thoroughfares (A-roads -as according to the Ordnance Survey of Northern Ireland), military bases and police stations (both identified using the Conflict and Politics in Northern Ireland web service (CAIN) during the period studied.""
  - ""The model indicated that three of the variables affected the likelihood of a SA being chosen as a target.""",,"- The study uses ""Small Areas"" (SAs) as the spatial units for analysis, which are the smallest areal units in Northern Ireland.
- The paper mentions that there are 4537 SAs in Northern Ireland, but it does not provide any information about the average population size per SA.
- The focus of the study is on the spatial decision-making of terrorists and the characteristics of the areas they target, rather than on demographic data such as population size.
- The paper does not mention any specific population figures or averages for the SAs, nor does it provide any data on the number of residents or inhabitants per SA.","  - ""Since 2011, Northern Ireland has been divided into 4537 'Small Areas' (hereafter, SAs), which are currently the smallest areal unit.""
  - ""The geographical boundary data for the SAs was obtained from the Northern Ireland Statistics and Research Agency (NISRA).""
  - ""The final offence and offender datasets comprised 150 attacks by 127 PIRA members within Belfast.""
  - ""The location of each attack was geocoded to the corresponding SA.""
  - ""Areal unit boundaries are arbitrary and lack ecological meaning (Bursik, 1986) and the characteristic data used may not be an accurate representation of the perceptions of those living in the areas (Coulton et al., 2001).""
  - ""Smaller units would enable factors such as the effects of social disorganisation to be touched upon, if the data was available. The theoretical notions apply to much smaller units and the street block is the most appropriate unit for analysis (Taylor, 1997).""
  - ""larger areal units such as small areas relax the effects of independence of irrelevant alternatives (IIA) which is a consideration of the conditional logit estimation.""",,"- The paper mentions that the data was analyzed at the level of ""Small Areas"" (SAs), which are the smallest areal units in Northern Ireland.
- The geographical boundary data for these SAs was obtained from the Northern Ireland Statistics and Research Agency (NISRA), indicating that these are predefined administrative units.
- The paper does not mention any aggregation of data from smaller administrative units to create these SAs. Instead, it suggests that the SAs themselves are the smallest units used for analysis.
- The discussion about larger areal units and the effects of independence of irrelevant alternatives (IIA) implies that the SAs are already considered larger units, but there is no indication that they were aggregated from smaller units for this study.
- The paper does not provide any information about aggregating data from smaller administrative or statistical spatial units to create larger spatial units for analysis.","  - ""Since 2011, Northern Ireland has been divided into 4537 'Small Areas' (hereafter, SAs), which are currently the smallest areal unit.""
  - ""SAs were designed specifically for statistical purposes and follow physical features of the environment such as roads and rivers (NISRA).""
  - ""As no sociodemographic variables were included in the analysis, it was deemed that SAs would be appropriate to use, and they therefore formed the choice set of alternatives for this study""
  - ""Areal unit boundaries are arbitrary and lack ecological meaning (Bursik, 1986) and the characteristic data used may not be an accurate representation of the perceptions of those living in the areas (Coulton et al., 2001).""
  - ""Smaller units would enable factors such as the effects of social disorganisation to be touched upon, if the data was available.""
  - ""However, larger areal units such as small areas relax the effects of independence of irrelevant alternatives (IIA) which is a consideration of the conditional logit estimation.""
  - ""The theoretical notions apply to much smaller units and the street block is the most appropriate unit for analysis (Taylor, 1997).""",,"- The authors chose ""Small Areas"" (SAs) as their spatial unit because they are the smallest areal unit available in Northern Ireland, designed for statistical purposes, and follow physical features like roads and rivers.
- The decision to use SAs was practical because no sociodemographic variables were included in the analysis, making them suitable for the study's focus.
- The authors acknowledge that areal unit boundaries are arbitrary and may not accurately represent local perceptions, but they chose SAs for their statistical design and availability.
- They note that smaller units like street blocks are theoretically ideal for analysis, but larger units like SAs help mitigate issues like independence of irrelevant alternatives (IIA) in conditional logit estimation.
- The choice of SAs was a balance between theoretical ideals and practical considerations, such as data availability and statistical design.","  - ""Since 2011, Northern Ireland has been divided into 4537 'Small Areas' (hereafter, SAs), which are currently the smallest areal unit.""
  - ""SAs were designed specifically for statistical purposes and follow physical features of the environment such as roads and rivers (NISRA).""
  - ""As no sociodemographic variables were included in the analysis, it was deemed that SAs would be appropriate to use, and they therefore formed the choice set of alternatives for this study""
  - ""The geographical boundary data for the SAs was obtained from the Northern Ireland Statistics and Research Agency (NISRA).""
  - ""Areal unit boundaries are arbitrary and lack ecological meaning (Bursik, 1986) and the characteristic data used may not be an accurate representation of the perceptions of those living in the areas (Coulton et al., 2001).""
  - ""Smaller units would enable factors such as the effects of social disorganisation to be touched upon, if the data was available.""
  - ""larger areal units such as small areas relax the effects of independence of irrelevant alternatives (IIA) which is a consideration of the conditional logit estimation.""",,"- The authors chose ""Small Areas"" (SAs) as their spatial unit of analysis, which are the smallest areal units in Northern Ireland.
- The SAs are designed for statistical purposes and follow physical features like roads and rivers, indicating a theoretical basis for their selection.
- The decision to use SAs was also influenced by the absence of sociodemographic variables in the analysis, suggesting a practical consideration related to data availability.
- The use of SAs is justified by their availability from the Northern Ireland Statistics and Research Agency (NISRA), which is a data availability consideration.
- The authors acknowledge that areal unit boundaries are arbitrary and may not accurately represent local perceptions, but they still chose SAs due to their statistical design and data availability.
- The choice of SAs is also influenced by the need to relax the effects of independence of irrelevant alternatives (IIA) in the conditional logit estimation, which is a theoretical consideration."
Spatial analysis with preference specification of latent decision makers for criminal event prediction,"Yifei Xue, Donald E Brown",-,-,Decision Support Systems,66,2006,2517,Not specified,Yes. The researchers aggregated data from block groups (the original smaller administrative unit) to 2517 regular grids (the final larger administrative unit) for analysis.,"The authors chose to aggregate spatial alternatives into 2517 regular grids due to the practical difficulty of representing every individual house in a city like Richmond. They also used block groups as sub-regions, which are the smallest areas for census counts, suggesting alignment with existing data collection practices. The involvement of ReCAP likely influenced the choice of spatial unit size, aligning with existing frameworks used by local police departments and researchers.",Theory and data availability,"  - ""The analysis of B & E is related to locations of households in a city. However, it is difficult to represent all locations of individual houses in even a modest sized city, such as Richmond. Therefore, we aggregated alternatives using 2517 regular grids, which were assumed to be fine enough to represent all spatial alternatives within this area.""
  - ""The data from the first three months are used for model estimation. The observations of October 1997 are used for model validation.""
  - ""We extracted the Residential bBreaking and Enter-ingQ (B & E) criminal incidents between July 1, 1997 and October 31, 1997 in the city of Richmond, VA for model estimation and validation.""",,"- The paper discusses the analysis of criminal incidents in Richmond, VA, specifically focusing on residential breaking and entering incidents.
- The data collection period is specified as July 1, 1997, to October 31, 1997, with the first three months used for model estimation and October for validation.
- The key piece of information regarding the number of spatial units is found in the statement about aggregating alternatives using ""2517 regular grids."" This indicates that the spatial analysis was conducted using these grids as the spatial units.","  - ""The data for model evaluation came from the Regional Crime Analysis Program (ReCAP). ReCap was created as a cooperative project between local police departments in Northern and Central Virginia and the researchers in the University of Virginia.""
  - ""The specific data set used for evaluating this work came from the criminal incident reporting mainframe system (RAMS). It is the data set used by the police department in Richmond, VA.""
  - ""The features of each spatial alternative come from the combination of census data and calculated distance values.""
  - ""The sub regions shown in Fig. 1 are block groups, which are the smallest areas, for which census counts are recorded.""
  - ""we aggregated alternatives using 2517 regular grids, which were assumed to be fine enough to represent all spatial alternatives within this area.""
  - ""The first three were used by Brown et al. [7]. These are the key features for use in the spatial choice models and each represents all other features in its cluster.""",,"- The paper uses data from the Regional Crime Analysis Program (ReCAP) and the criminal incident reporting mainframe system (RAMS) in Richmond, VA.
- The study involves spatial analysis using block groups, which are the smallest areas for census counts.
- The paper mentions the use of ""FAM.DENSITY (Family density per unit area)"" as a key feature, which implies that family density is considered in the analysis.
- However, the paper does not provide a specific average population size per spatial unit. It discusses the use of family density as a feature but does not specify an average number of residents or inhabitants per unit.","  - ""The sub regions shown in Fig. 1 are block groups, which are the smallest areas, for which census counts are recorded.""
  - ""The analysis of B & E is related to locations of households in a city. However, it is difficult to represent all locations of individual houses in even a modest sized city, such as Richmond. Therefore, we aggregated alternatives using 2517 regular grids, which were assumed to be fine enough to represent all spatial alternatives within this area.""
  - ""The features of each spatial alternative come from the combination of census data and calculated distance values.""
  - ""The specific data set used for evaluating this work came from the criminal incident reporting mainframe system (RAMS). It is the data set used by the police department in Richmond, VA.""
  - ""The data for model evaluation came from the Regional Crime Analysis Program (ReCAP). ReCap was created as a cooperative project between local police departments in Northern and Central Virginia and the researchers in the University of Virginia.""",,"- The paper mentions the use of data from the Regional Crime Analysis Program (ReCAP) and the criminal incident reporting mainframe system (RAMS), which suggests that data was collected at a detailed level.
- The features for spatial alternatives were derived from census data and distance values, indicating that data was available at a fine scale.
- The paper explicitly states that alternatives were aggregated using 2517 regular grids to represent all spatial alternatives within the area. This implies that data was aggregated from a finer scale to these grids.
- The mention of block groups as the smallest areas for census counts suggests that these were the original smaller administrative units.
- The final analysis used these aggregated grids, which are larger than the original block groups, for spatial analysis.","  - ""The analysis of B & E is related to locations of households in a city. However, it is difficult to represent all locations of individual houses in even a modest sized city, such as Richmond. Therefore, we aggregated alternatives using 2517 regular grids, which were assumed to be fine enough to represent all spatial alternatives within this area.""
  - ""The data for model evaluation came from the Regional Crime Analysis Program (ReCAP). ReCap was created as a cooperative project between local police departments in Northern and Central Virginia and the researchers in the University of Virginia.""
  - ""The sub regions shown in Fig. 1 are block groups, which are the smallest areas, for which census counts are recorded.""",,"- The authors chose to aggregate spatial alternatives into 2517 regular grids to represent all spatial alternatives within the study area. This decision was likely made due to the practical difficulty of representing every individual house in a city like Richmond.
- The use of block groups as sub-regions suggests that the authors considered these as the smallest meaningful units for spatial analysis, aligning with census data collection practices.
- The involvement of the Regional Crime Analysis Program (ReCAP) indicates that the choice of spatial unit size might have been influenced by existing data collection and analysis frameworks used by local police departments and researchers.","  - ""Spatial analysis of crime requires more than visualization and exploration. Ideally we would also like to have predictive models.""
  - ""To meet local needs for predictive models, law enforcement has turned to the above mentioned visualization and descriptive techniques of hot spot analyses.""
  - ""According to the rational choice perspective in criminology, criminal incidents, like many other human initiated events, involve a decision making and choice process""
  - ""In this paper, we exploit the rational choice perspective to model the site selection behavior of individual criminals.""
  - ""The problem with trying to make a model that is distinct to each criminal is that there is a very large number of both alternatives and alternative attributes that may be considered by the criminals.""
  - ""The alternative set is quite large and the decision makers are latent or unknown and cannot be surveyed for their preferences.""
  - ""The results in Section 2 show how discrete choice theory can describe spatial choices by criminals.""
  - ""The models of Section 3 provide a method for predicting criminal incidents.""
  - ""The data for model evaluation came from the Regional Crime Analysis Program (ReCAP).""
  - ""The specific data set used for evaluating this work came from the criminal incident reporting mainframe system (RAMS).""
  - ""The features of each spatial alternative come from the combination of census data and calculated distance values.""",,"- The authors justify their spatial unit of analysis (SUoA) selection by referencing the ""rational choice perspective in criminology,"" which is a theoretical framework. This indicates that theory plays a significant role in their justification.
- The paper discusses the use of discrete choice theory to model criminal spatial choices, further emphasizing the theoretical basis for their SUoA selection.
- The authors also mention the large number of alternatives and the latent nature of decision makers, which suggests that data availability and the complexity of the data influence their choice of SUoA.
- The use of data from the Regional Crime Analysis Program (ReCAP) and the criminal incident reporting mainframe system (RAMS) indicates that data availability is another factor in their justification.
- The combination of theoretical frameworks (rational choice perspective and discrete choice theory) and the practical considerations of data availability (use of specific datasets) suggests that both theory and data availability are crucial in their justification."
Do Street Robbery Location Choices Vary Over Time of Day or Day of Week? A Test in Chicago,"Wim Bernasco, Stijn Ruiter, Richard Block",-,-,-,-,-,"11,999 (for daily variation), 7,999 (for weekly variation)",Not specified,No,"The authors chose census blocks as their spatial unit of analysis because they are a fine-grained unit that allows for detailed analysis of spatial patterns, they are aligned with data collection practices, and they can capture local variations in crime rates and environmental characteristics. The high geocoding success rate and the inclusion of all census blocks, regardless of residential function, further justify this choice.",Data availability and previous research,"  - ""The sample sizes were chosen to maximally use the computer's memory resources. For the analysis of daily variation (12 models), the sample size was 11,999 census blocks, and for the analysis of weekly variation (seven models), the sample size was 7,999 census blocks.""
  - ""The analysis is limited to cleared robberies because only for cleared robberies offender addresses are available, and distance from the offender home location is by far the most important predictive factor in crime location choice""
  - ""In addition, we collected detailed information on land use, population, and activities in all 24,594 census blocks of the city of Chicago in the year 2000.""
  - ""About 98.5 percent of these addresses were successfully geocoded and assigned to 1 of the 24,594 census blocks in the city of Chicago.""
  - ""The spatial units of analysis are census blocks.""",,"- The paper specifies that the spatial units of analysis are census blocks, which are used to study street robbery location choices.
- The total number of census blocks in Chicago is mentioned as 24,594, but not all were included in the final statistical analysis due to the use of a sampling technique.
- The sampling technique involved selecting a subset of census blocks for each analysis, with sample sizes of 11,999 for daily variation and 7,999 for weekly variation.
- The question asks for the number of spatial units included in the final statistical analysis, which is indicated by the sample sizes used for the daily and weekly variation analyses.","  - ""Data on block population was obtained from the U.S. 2000 Census. It included ( 16) the total number of residents in the census block and (17) the racial and ethnic composition of the population.""
  - ""The blocks had a median size of 19,680 m 2 (approximately 140 Â 140 m), and there were 5,867 blocks without a residential function.""",,"- The paper provides information about the size of the census blocks in terms of square meters but does not specify the average population per unit.
- The mention of data on block population from the U.S. 2000 Census suggests that population data was collected, but the paper does not provide an average population size per unit.
- The focus is on the characteristics of the census blocks and the spatial analysis of crime patterns rather than on providing specific demographic averages like population size per unit.","  - ""The data also exclude Chicago robberies committed by persons who are not residents of Chicago, but this is an exclusion by design, as our sample applies to residents of Chicago.""
  - ""The sample excludes robberies committed by Chicago residents outside their city, but Bernasco et al. (2013) demonstrated that this selection does not produce biased estimates.""
  - ""About 98.5 percent of these addresses were successfully geocoded and assigned to 1 of the 24,594 census blocks in the city of Chicago.""
  - ""The analysis is limited to cleared robberies because only for cleared robberies offender addresses are available, and distance from the offender home location is by far the most important predictive factor in crime location choice""
  - ""The spatial units of analysis are census blocks.""",,"- The paper explicitly states that the spatial units of analysis are census blocks, which are the smallest administrative units used in the study.
- There is no mention of aggregating data from smaller administrative units to larger ones. The focus is on analyzing data at the census block level.
- The paper discusses the geocoding of addresses to census blocks, indicating that the analysis is conducted at this level without aggregation to larger units.
- The exclusion criteria mentioned in the paper relate to the selection of data rather than the aggregation of spatial units.","  - ""The spatial units of analysis are census blocks.""
  - ""The present article seeks to contribute to the knowledge about how spatial crime patterns depend on the time of the day and the day of the week.""
  - ""The analysis is limited to cleared robberies because only for cleared robberies offender addresses are available, and distance from the offender home location is by far the most important predictive factor in crime location choice""
  - ""The recorded information on robberies includes the date, the time, the number of arrested offenders involved, and the nearest address to where the robbery was committed.""
  - ""About 98.5 percent of these addresses were successfully geocoded and assigned to 1 of the 24,594 census blocks in the city of Chicago.""
  - ""As robberies can be committed anywhere in outdoor public space, all census blocks are included in the analyses.""
  - ""the conditional logit model was used to estimate the effects of census block attributes on the probability of the census block being selected for robbery.""",,"- The authors chose census blocks as their spatial unit of analysis, which is a common choice in crime studies due to the availability of detailed demographic and socioeconomic data at this level.
- The use of census blocks allows for a fine-grained analysis of spatial patterns, as they are relatively small units that can capture local variations in crime rates and environmental characteristics.
- The authors justify the use of census blocks by noting that they are able to geocode a high percentage of robbery locations to these blocks, which is essential for their analysis.
- The inclusion of all census blocks, regardless of residential function, ensures that the analysis covers all potential areas where robberies can occur, not just residential areas.
- The choice of census blocks is also practical for data analysis, as it aligns with the data collection and reporting practices of the Chicago Police Department and the U.S. Census.
- The use of a conditional logit model to estimate the effects of census block attributes on robbery location choice suggests that the authors are interested in understanding how specific characteristics of these blocks influence crime patterns.","  - ""The spatial units of analysis are census blocks.""
  - ""The present article seeks to contribute to the knowledge about how spatial crime patterns depend on the time of the day and the day of the week.""
  - ""Using data on the city of Chicago, we answer the question whether street robbers' crime location preferences vary across the hours of the day and across the days of the week.""
  - ""The analysis is limited to cleared robberies because only for cleared robberies offender addresses are available, and distance from the offender home location is by far the most important predictive factor in crime location choice""
  - ""the data include both the location where the offender lived and the location where the robbery was committed.""
  - ""About 98.5 percent of these addresses were successfully geocoded and assigned to 1 of the 24,594 census blocks in the city of Chicago.""
  - ""The sample excludes robberies committed by Chicago residents outside their city, but Bernasco et al. (2013) demonstrated that this selection does not produce biased estimates.""
  - ""The data further exclude a few street robberies that are perpetrated on expressways (covered by the state police) and robberies on college campuses (covered by the university's police).""
  - ""In addition, we collected detailed information on land use, population, and activities in all 24,594 census blocks of the city of Chicago in the year 2000.""
  - ""The blocks had a median size of 19,680 m 2 (approximately 140 Â 140 m), and there were 5,867 blocks without a residential function.""",,"- The authors chose census blocks as their spatial unit of analysis, which is a common administrative unit used in many studies.
- The rationale for using census blocks is not explicitly stated in terms of theory or previous research, but it is implied that they are used because they are a standard unit for data collection and analysis in criminology.
- The use of census blocks is also justified by the availability of data, as the authors mention that they collected detailed information on land use, population, and activities in all 24,594 census blocks.
- The administrative convenience of using census blocks is evident, as they are pre-defined units that can be easily geocoded and analyzed.
- The authors do not explicitly mention any theoretical justification for using census blocks, but the choice is likely influenced by previous research that has also used these units."
Go where the money is: modeling street robbers' location choices,"Wim Bernasco, Richard Block, Stijn Ruiter",-,-,-,-,-,"24,594",118 residents,No (the researchers did not aggregate data from smaller administrative or statistical spatial units to create larger spatial units for analysis; they used census blocks as the primary unit of analysis),"The authors chose census blocks as their spatial unit size because they are smaller than traditional units like census tracts, allowing for finer-grained analysis of crime location choices. This choice is justified by previous research indicating that crime concentrations are often localized to small areas, and it minimizes aggregation bias. The availability of detailed spatial crime data and recommendations from contemporary studies also support this choice. Additionally, the authors consider the potential for spatial spillover effects when analyzing at this scale.",Theory and data availability,"  - ""In 2000 there were 24,594 census blocks in Chicago from which a robber chooses a single one when committing a robbery.""
  - ""The data further include detailed information on land use, population and activities in all census blocks in the city of Chicago. In 2000, there were 24,736 census blocks in Chicago. The 142 blocks that had no land were excluded from the analysis. The remaining 24,594 blocks have a median size of 19,680 m 2 ($140 m Â 140 m).""
  - ""the complete estimation procedure involved the following steps:3 1. From the 12,938 robberies, select a random sample of 6000 robberies; 2. For each of these 6000 robberies involving multiple offenders, select a random offender from those involved;4 3. For each of the 6000 robberies, select the block where the robbery was actually perpetrated, and add to this a random sample of 5999 blocks of the other 24,593 census blocks;""",,"- The paper mentions that there were 24,594 census blocks in Chicago, which were used as the spatial units for analysis.
- The methodology section describes the selection process for the statistical analysis, where a random sample of 6000 robberies was taken, and for each robbery, a random sample of 5999 alternative blocks was selected from the remaining 24,593 census blocks.
- The total number of spatial units included in the final statistical analysis is therefore 24,594, as this is the total number of census blocks considered in the study.","  - ""In Chicago, with an average surface of 140 m Â 140 m (460 ftÂ 460 ft) and an average population of 118 residents, census blocks are approximately 30 times smaller than census tracts.""
  - ""Information on block population was obtained from the US 2000 Census. It includes ( 16) the total number of residents in the census block and the racial and ethnic composition of the population.""
  - ""The remaining 24,594 blocks have a median size of 19,680 m 2 ($140 m Â 140 m).""",,"- The paper provides specific information about the average population size per census block in Chicago. It states that each census block has an average population of 118 residents.
- The mention of the average surface area and the comparison to census tracts further supports the idea that the average population size is a key characteristic of these spatial units.
- The use of the term ""average population"" in the context of census blocks indicates that this is the average number of residents per unit.","  - ""In this article, we introduce three major advances over prior work on crime location choice. The first applies to spatial scale. While classic studies on the geography of crime (Shaw and McKay, 1942;Sampson et al., 1997) have used large urban areas as their spatial units of analysis, recent research suggests that often crime concentrations are not larger than a street segment (Smith et al., 2000;Weisburd et al., 2004) or street corner (McCord and Ratcliffe, 2007). To improve our understanding of the fine-grained spatial decisions of street robbers, we zoom in to the level of census blocks.""
  - ""Whereas we previously also investigated spatial spillover effects and used data from the same sources to analyze aggregated robbery counts per census block (Bernasco and Block, 2011), the current analysis improves the prior analysis in two ways. First, it is solidly grounded in random utility maximization (RUM) theory and the discrete choice framework (Ben-Akiva and Lerman, 1994). Second, whereas the prior analysis used aggregated data, the current analysis utilizes disaggregated crime data.""
  - ""The data further include detailed information on land use, population and activities in all census blocks in the city of Chicago. In 2000, there were 24,736 census blocks in Chicago. The 142 blocks that had no land were excluded from the analysis. The remaining 24,594 blocks have a median size of 19,680 m 2 ($140 m Â 140 m).""
  - ""In Chicago, with an average surface of 140 m Â 140 m (460 ftÂ 460 ft) and an average population of 118 residents, census blocks are approximately 30 times smaller than census tracts.""",,"- The paper explicitly states that they ""zoom in to the level of census blocks"" to improve understanding of fine-grained spatial decisions, indicating that they are using a smaller administrative unit (census blocks) rather than larger ones like census tracts.
- The paper mentions that census blocks are ""approximately 30 times smaller than census tracts,"" which suggests that they are not aggregating data from smaller units to larger ones like census tracts.
- The analysis is conducted at the level of census blocks, as indicated by the detailed information collected on these blocks and the exclusion of blocks without land.
- The paper contrasts their current analysis with a previous one that used aggregated data, suggesting that they are not aggregating data from smaller units to larger ones in this study.","  - ""In this article, we introduce three major advances over prior work on crime location choice. The first applies to spatial scale. While classic studies on the geography of crime (Shaw and McKay, 1942;Sampson et al., 1997) have used large urban areas as their spatial units of analysis, recent research suggests that often crime concentrations are not larger than a street segment (Smith et al., 2000;Weisburd et al., 2004) or street corner (McCord and Ratcliffe, 2007). To improve our understanding of the fine-grained spatial decisions of street robbers, we zoom in to the level of census blocks.""
  - ""In Chicago, with an average surface of 140 m Â 140 m (460 ftÂ 460 ft) and an average population of 118 residents, census blocks are approximately 30 times smaller than census tracts.""
  - ""When performing the analysis on units as small as census blocks, spatial spillover effects are plausible (Bernasco, 2010).""
  - ""Due to the increasing availability of detailed spatial crime data, and in order to minimize the risk of aggregation bias (Openshaw, 1984), contemporary studies on crime and law enforcement generally advocate the measurement of crime at small spatial units of analysis, such as face blocks (Taylor, 1997;Braga et al., 2011) in the USA context, and 'output areas' in the UK (Oberwittler and Wikstro¨m, 2009).""
  - ""The typical distance decay pattern of the distances between the offender's home and the block where they perpetrated the robbery is displayed in Figure 1""",,"- The authors justify their choice of census blocks as the spatial unit by referencing previous studies that suggest crime concentrations are often smaller than large urban areas, indicating a need for finer spatial resolution.
- They highlight that census blocks are significantly smaller than census tracts, which allows for a more detailed analysis of crime location choices.
- The authors mention the risk of aggregation bias, which is minimized by using smaller spatial units like census blocks, as supported by Openshaw (1984).
- The choice of census blocks is also influenced by the availability of detailed spatial crime data and the recommendation in contemporary studies to use small spatial units for crime analysis.
- The authors acknowledge the potential for spatial spillover effects when analyzing small units like census blocks, which is relevant to their study of robbery location choices.","  - ""Due to the increasing availability of detailed spatial crime data, and in order to minimize the risk of aggregation bias (Openshaw, 1984), contemporary studies on crime and law enforcement generally advocate the measurement of crime at small spatial units of analysis, such as face blocks (Taylor, 1997;Braga et al., 2011) in the USA context, and 'output areas' in the UK (Oberwittler and Wikstro¨m, 2009).""
  - ""We use data that are disaggregated to the level of census blocks. In Chicago, with an average surface of 140 m Â 140 m (460 ftÂ 460 ft) and an average population of 118 residents, census blocks are approximately 30 times smaller than census tracts. Zooming in to block level allows us to analyze in a detailed way the location choices of robbers.""
  - ""In this article, we introduce three major advances over prior work on crime location choice. The first applies to spatial scale. While classic studies on the geography of crime (Shaw and McKay, 1942;Sampson et al., 1997) have used large urban areas as their spatial units of analysis, recent research suggests that often crime concentrations are not larger than a street segment (Smith et al., 2000;Weisburd et al., 2004) or street corner (McCord and Ratcliffe, 2007). To improve our understanding of the fine-grained spatial decisions of street robbers, we zoom in to the level of census blocks.""",,"- The authors justify their choice of census blocks as the spatial unit of analysis by referencing previous research that suggests crime concentrations are often smaller than large urban areas, indicating a need for finer-grained analysis.
- They also mention that recent research advocates for using small spatial units like census blocks to minimize aggregation bias, which is a theoretical consideration.
- The availability of detailed spatial crime data is another factor that supports their choice, as it allows for more precise analysis at the block level.
- The authors combine these justifications to support their decision to use census blocks, indicating a rationale that includes both theoretical considerations and data availability."
The usefulness of past crime data as an attractiveness index for residential burglars,"Aiko Hanayama, | Shumpei Haginoya, Hiroki Kuraishi, Masakazu Kobayashi",-,-,,5,2018,"1,134",Not specified,No (the paper does not mention aggregating data from smaller administrative or statistical spatial units to larger units; it uses 500 m grid cells as the basic spatial unit for analysis),"The authors chose 500 m grid cells as their spatial unit size because these data are available from the Japanese national census, allowing for unbiased comparison due to equal size. This choice is also theoretically justified by Ratcliffe (2003), who found that physical boundaries do not form barriers to residential burglars' movement.",Data availability and previous research,"  - ""Ultimately, we used 1,134 grid cells as the study area.""
  - ""We used data from 369 solved cases committed by 70 offenders and related these data to 1,134 areas (500 m grid cells) in Sendai City, Japan.""
  - ""Using grid cells as alternatives in the conditional logit model allows the unbiased comparison of alternatives, because the grid cells are equal in size.""",,"- The paper mentions that the study used data from 1,134 areas, which are described as 500 m grid cells in Sendai City, Japan.
- The methodology section explains that these grid cells were used as alternatives in the conditional logit model, indicating they were the spatial units included in the final statistical analysis.
- The mention of ""1,134 grid cells"" is repeated, confirming that this is the number of spatial units used in the study.","  - ""The size of grid cells is 500 m on a one side and comes with specified longitude and latitude data.""
  - ""The proportion of newcomers is the proportion of residents who lived in a different place for 5 years previously, calculated from the population of newcomers and the total population of each grid cell.""
  - ""The proportion of foreigners was calculated by dividing the population of foreigners by the total population.""
  - ""The number of past residential burglaries was defined as a median value for the total reported cases per year in each grid cell,""
  - ""We used data from 369 solved cases committed by 70 offenders and related these data to 1,134 areas (500 m grid cells) in Sendai City, Japan.""",,"- The study uses 500 m grid cells as spatial units, but it does not provide a direct average population size per unit.
- The paper mentions the calculation of the past residential burglary rate by dividing the number of past residential burglaries by the number of residential units, but it does not provide an average population size per unit.
- The proportion of foreigners and newcomers is calculated based on the total population, but again, no average population size per unit is specified.
- The paper does not provide any explicit information on the average population size per spatial unit.","  - ""We used data from 369 solved cases committed by 70 offenders and related these data to 1,134 areas (500 m grid cells) in Sendai City, Japan.""
  - ""The Japanese national census, in addition to neighbourhood units, makes data aggregated by grid cell unit available. The size of grid cells is 500 m on a one side and comes with specified longitude and latitude data.""
  - ""Using grid cells as alternatives in the conditional logit model allows the unbiased comparison of alternatives, because the grid cells are equal in size.""",,"- The paper mentions the use of ""1,134 areas (500 m grid cells)"" for analysis, which suggests that these grid cells are the spatial units used for the study.
- The mention of ""data aggregated by grid cell unit available"" from the Japanese national census indicates that data was aggregated to these grid cells.
- However, there is no explicit mention of aggregating data from smaller administrative or statistical spatial units to these grid cells. The grid cells themselves are the basic spatial unit used for analysis.
- The paper does not specify any smaller administrative units (e.g., census blocks, smaller postal zones) being aggregated to larger units (e.g., census tracts, larger postal areas).","  - ""Using grid cells as alternatives in the conditional logit model allows the unbiased comparison of alternatives, because the grid cells are equal in size.""
  - ""The Japanese national census, in addition to neighbourhood units, makes data aggregated by grid cell unit available. The size of grid cells is 500 m on a one side and comes with specified longitude and latitude data.""
  - ""We used data from 369 solved cases committed by 70 offenders and related these data to 1,134 areas (500 m grid cells) in Sendai City, Japan.""
  - ""Ratcliffe (2003) showed that physical boundaries separating neighbourhoods, such as highways and parkland, do not form barriers to the movement of residential burglars.""",,"- The authors chose a spatial unit size of 500 m grid cells for their analysis. This choice is justified by the availability of data from the Japanese national census, which provides data aggregated by grid cell units.
- The use of grid cells allows for unbiased comparison of alternatives because they are equal in size, which is a practical consideration for ensuring consistency in the analysis.
- The reference to Ratcliffe (2003) suggests a theoretical justification that physical boundaries do not significantly impact the movement of residential burglars, supporting the use of grid cells as a spatial unit.
- The choice of a 500 m grid cell size is likely based on the balance between detail and generalizability, as it provides a fine enough resolution to capture local variations while being broad enough to encompass larger patterns.","  - ""The Japanese national census, in addition to neighbourhood units, makes data aggregated by grid cell unit available. The size of grid cells is 500 m on a one side and comes with specified longitude and latitude data.""
  - ""Unfortunately, other attributes, such as the real estate value of residences in Japan, are not readily available.""
  - ""Ratcliffe (2003) showed that physical boundaries separating neighbourhoods, such as highways and parkland, do not form barriers to the movement of residential burglars.""
  - ""Using grid cells as alternatives in the conditional logit model allows the unbiased comparison of alternatives, because the grid cells are equal in size.""",,"- The authors used data from the Japanese national census, which is a source of data availability. This is evident from the quotes that mention the use of census data for various indices.
- The choice of grid cells as the spatial unit of analysis is justified by the fact that they are equal in size, allowing for unbiased comparison. This is a practical consideration related to data availability and administrative convenience.
- The mention of Ratcliffe (2003) suggests that previous research supports the idea that physical boundaries do not significantly impact the movement of burglars, which indirectly justifies the use of grid cells as a spatial unit.
- The lack of availability of certain attributes like real estate value further supports the rationale based on data availability."
Adolescent offenders' current whereabouts predict locations of their future crimes,Wim Bernasco,-,-,PLoS ONE,21,2019,4558,Not specified,No (the paper does not mention aggregating data from smaller administrative or statistical spatial units to create larger spatial units for analysis),"The authors chose a grid cell size of 200x200m based on practical considerations such as data resolution and analysis requirements. The spatial resolution was chosen by the researcher, and the use of spatially contiguous bands up to the 6th order was influenced by theoretical justifications related to spatial exploration and preferential return. The radius of gyration was used to describe individual mobility patterns, which may have influenced the grid cell size choice for accurate prediction and analysis.",Theory,"  - ""The model fit measure is the rank number of the grid cell where the crime was actually committed, divided by the total number of 4558 grid cells, averaged over all crimes.""
  - ""the offender chooses a single location from the full choice set of 4558 locations (67 × 67 = 5092 grid cells of 200x200m each, minus 544 grid cells completely located on the North Sea).""",,"- The paper describes the use of a ""full choice set of 4558 locations"" in the statistical analysis. This indicates that the final statistical analysis included 4558 spatial units.
- The mention of ""4558 grid cells"" in the context of model fit measurement further confirms that these are the spatial units used in the analysis.
- The calculation of the model fit measure involves ranking these 4558 grid cells, which suggests that they are the units of analysis.","  - ""the offender chooses a single location from the full choice set of 4558 locations (67 × 67 = 5092 grid cells of 200x200m each, minus 544 grid cells completely located on the North Sea).""
  - ""The study included a selfreport questionnaire and a personal space-time budget interview, both of which were administered at the schools that the respondents attended.""
  - ""In total, 843 pupils participated in the first wave and 615 (73%) participated again in the second wave.""
  - ""The sample was designed to be conducted among a cohort of 1st graders (ages 12-13) and a cohort 4th graders (ages 15-16).""
  - ""The sample was representative for adolescents in The Hague of these age groups in terms of gender and ethnic background.""",,"- The study focuses on adolescents in The Hague, but it does not provide specific information about the average population size per spatial unit.
- The study uses a grid cell system for spatial analysis, with each grid cell being 200x200m, but it does not mention the average population per grid cell.
- The paper provides details about the sample size and demographic characteristics but does not specify the average population size per unit.","  - ""The sample was representative for adolescents in The Hague of these age groups in terms of gender and ethnic background.""
  - ""I use a discrete spatial choice approach [35] to explain the offender's choice of a crime location and test the hypotheses. Following the random utility maximization postulate and according to a conditional logit model [36], the offender chooses a single location from the full choice set of 4558 locations (67 × 67 = 5092 grid cells of 200x200m each, minus 544 grid cells completely located on the North Sea).""
  - ""The points of interest in the period 2008-2010 were extracted from the LISA, a commercially available geo-referenced dataset on all branches of businesses and facilities in The Netherlands, including both commercial and public facilities (government, education, health care, recreation; see www.lisa.nl).""
  - ""The study included a selfreport questionnaire and a personal space-time budget interview, both of which were administered at the schools that the respondents attended.""",,"- The paper mentions the use of a ""geo-referenced dataset on all branches of businesses and facilities in The Netherlands"" from LISA, which suggests that data might be aggregated from smaller units to larger ones for analysis. However, this is not explicitly stated as an aggregation process for administrative or statistical spatial units.
- The study uses a ""discrete spatial choice approach"" with a ""full choice set of 4558 locations (67 × 67 = 5092 grid cells of 200x200m each),"" which indicates a grid-based analysis rather than an aggregation of administrative units.
- The study is conducted in The Hague, and while it mentions the sample being representative of adolescents in The Hague, there is no mention of aggregating data from smaller administrative units to larger ones.
- The focus on grid cells and not on administrative boundaries suggests that the analysis is based on a grid system rather than aggregated administrative units.","  - ""The model fit measure is the rank number of the grid cell where the crime was actually committed, divided by the total number of 4558 grid cells, averaged over all crimes.""
  - ""the spatial resolution of space-time budget data can be chosen by the researcher.""
  - ""The values of β 1 to β 17 are parameters that are estimated from the data.""
  - ""the characteristic size of the area covered by the mobility of a single person up to time t is indicated by his or her radius of gyration""
  - ""I calculated spatially contiguous bands up to the 6 th order.""",,"- The paper uses a grid cell size of 200x200m, which is a specific spatial unit size chosen for the study. This choice is likely based on practical considerations such as data resolution and analysis requirements.
- The mention of ""spatial resolution"" being chosen by the researcher suggests that the selection of the grid cell size was a deliberate methodological decision, possibly influenced by the need for detailed spatial analysis.
- The use of ""spatially contiguous bands up to the 6th order"" indicates a theoretical justification related to spatial exploration and preferential return, as these bands are used to measure proximity to activity spaces and prior crime locations.
- The radius of gyration is used to describe the area covered by individual mobility, which may have influenced the choice of grid cell size to ensure it aligns with typical mobility patterns.
- The model fit measure based on the rank of grid cells suggests that the choice of grid cell size was also influenced by the need for accurate prediction and analysis of crime locations.","  - ""The statistical analyses are informed and structured by the crime pattern theory [7].""
  - ""The theory asserts that offenders perpetrate crimes in and nearby their activity spaces, locations they are already familiar with through their recurrent mobility.""
  - ""The research was approved by the Ethics Committee for Legal and Criminological Research of the Faculty of Law of the Vrije Universiteit Amsterdam (CERCO).""
  - ""The Study of Peers, Activities and Neighborhoods (SPAN) is a two-wave panel study among adolescents in The Hague, the Netherlands, and its suburbs.""
  - ""The sample was designed to be conducted among a cohort of 1st graders (ages 12-13) and a cohort 4th graders (ages 15-16).""
  - ""The sample was representative for adolescents in The Hague of these age groups in terms of gender and ethnic background.""",,"- The paper is heavily influenced by ""crime pattern theory,"" which provides a theoretical basis for understanding where crimes occur.
- The theory suggests that crimes are committed in or near the offender's activity space, which is a key concept in selecting the spatial unit of analysis.
- The study is structured around this theory, indicating that theoretical considerations are primary in the selection of the spatial unit of analysis.
- The paper does not mention data availability or administrative convenience as reasons for selecting the spatial unit of analysis.
- The focus on theory is consistent throughout the paper, with no mention of other rationales such as previous research or data availability."
"The UGent Institutional Repository is the electronic archiving and dissemination platform for all UGent research publications. Ghent University has implemented a mandate stipulating that all academic publications of UGent researchers should be deposited and archived in this repository. Except for items where current copyright restrictions apply, these papers are available in Open Access",-,-,-,-,-,-,"503,589",Not specified,No (the study does not aggregate data from smaller administrative or statistical spatial units to create larger spatial units for analysis; it uses data at the house level within the province of East Flanders),"The authors justify using the house as the spatial unit of analysis because it is the smallest relevant unit for burglary, aligning with the actual decision-making process of burglars. This approach addresses the modifiable areal unit problem and reduces aggregation bias, providing a more accurate reflection of the environment in which offenders operate.",Theory and previous research,"  - ""In total, 503,589 residential properties were included in the final choice set.""
  - ""Since McFadden (1978a) demonstrated that these models can be consistently estimated on a subset of alternatives provided that the chosen alternative is included and for each choice at least one alternative from the choice set is randomly sampled as well, we randomly sampled a subset of alternatives that was one-eighth the size of the original choice set (Nerella & Bhat, 2004) and repeated this procedure for each chosen alternative.""
  - ""Estimating a conditional logit model involves an iterative maximum likelihood process and requires the likelihood function to be computed for each decision-maker-by-alternative combination (Ben-Akiva & Lerman, 1985). For the current paper, this would be practically infeasible since at least 327,332,850 decision-maker-by-alternative combinations are involved in estimating the models.""
  - ""The discrete spatial choice approach has previously been applied to study burglary location choice (e.g., Bernasco & Nieuwbeerta, 2005), robbery target selection (e.g., Bernasco & Block, 2009), violent offenders' spatial behavior (e.g., Summers, 2012), rioters' target choices (e.g., Baudains, et al., 2013) and theft from motor vehicles (e.g., S. D. Johnson & Summers, 2015).""
  - ""In total, 650 unique burglars and their burglaries were included in the analysis.""",,"- The paper mentions that 650 unique burglars and their burglaries were included in the analysis, which suggests that these are the decision-makers in the study.
- The final choice set includes 503,589 residential properties, which are the spatial units or alternatives from which the burglars can choose.
- The methodology involves estimating a conditional logit model, which requires computing the likelihood function for each decision-maker-by-alternative combination. However, due to computational feasibility, a subset of alternatives was randomly sampled.
- The number of decision-maker-by-alternative combinations is mentioned as at least 327,332,850, but this is not the number of spatial units included in the final analysis. Instead, it indicates the complexity of the data.
- The paper does not explicitly state the number of spatial units included in the final statistical analysis, but it implies that the analysis involves a subset of the 503,589 residential properties.","  - ""The study area comprises the entire province of East Flanders (Belgium), a densely urbanized polycentric study area with a population of approximately 1.5 million inhabitants distributed across 12 cities and 53 towns.""",,"- The study area is described as the entire province of East Flanders, which has a population of approximately 1.5 million inhabitants.
- The population is distributed across 12 cities and 53 towns, but the paper does not provide a specific average population size per individual unit (city or town).
- The paper does not mention an average population size per spatial unit, such as a city or town, but only provides the total population for the entire study area.","  - ""The study area comprises the entire province of East Flanders (Belgium), a densely urbanized polycentric study area with a population of approximately 1.5 million inhabitants distributed across 12 cities and 53 towns.""
  - ""The Belgian Land Registry data reflects the situation on 1 January 2013 and contains the construction type of a house, the number of floors in addition to the ground floor, whether there is a rooftop living floor, whether a house has a garage, availability of central heating and/or air-conditioning system, and the built surface area (in 1,000 m²).""
  - ""Information on attributes of residential properties in East Flanders was obtained through the Belgian Land Registry.""
  - ""In this study, we consider a discrete spatial choice model of burglary target selection in which every burglar can choose among 503,589 residential properties in a Belgian province to pick a burglary target.""
  - ""In total, 650 unique burglars and their burglaries were included in the analysis.""",,"- The study area is described as the entire province of East Flanders, which includes 12 cities and 53 towns. This suggests that the data might be aggregated from smaller administrative units to the provincial level.
- The use of the Belgian Land Registry data indicates that information was collected at the house level, which is a fine-grained spatial unit.
- The study models the target selection process at the house level, using a discrete spatial choice model with a choice set of over 500,000 houses. This implies that the analysis was conducted at the house level rather than aggregating data to larger administrative units.
- There is no mention of aggregating data from smaller administrative or statistical spatial units to create larger spatial units for analysis. The focus is on individual houses within the province.","  - ""This paper addresses this shortcoming and seeks to establish which attributes at the house-level influence offenders' decision when selecting a residential property as a burglary target.""
  - ""this is the first discrete spatial choice study that models the target selection process of burglars using the house as the spatial unit of analysis.""
  - ""the spatial resolution of existing applications of the approach is not aligned with the outcome of offenders' spatial choice behavior and the decisions they are expected to make when looking for a particular burglary target.""
  - ""the use of fine-grained spatial units of analysis such as the house that is burglarized has the advantage that it addresses the modifiable areal unit problem and reduces the risk of aggregation bias""
  - ""Whenever possible smaller spatial units of analysis are to be preferred over larger spatial units of analysis""
  - ""Since micro-places more accurately measure the environment in which the offender acts, it is preferable to conduct geospatial criminological research at the most fine-grained spatial resolution available.""
  - ""With respect to burglary, there is little debate that the house is naturally the smallest spatial unit of analysis available""
  - ""Essentially, burglary is about an offender finding a suitable house to burglarize and committing his offence within a clearly confined space.""",,"- The authors justify the use of the house as the spatial unit of analysis by stating that it is the smallest spatial unit relevant to burglary, as the crime is committed at the house level.
- They argue that previous studies using larger spatial units (like neighborhoods) do not align with the actual decision-making process of burglars, which focuses on individual houses.
- The use of fine-grained spatial units like houses helps address the modifiable areal unit problem and reduces aggregation bias, making it a more accurate approach.
- The authors emphasize that smaller spatial units are preferable because they more accurately reflect the environment in which offenders operate.
- The choice of the house as the spatial unit is theoretically justified by the nature of burglary itself, which involves selecting a specific house to target.","  - ""This paper addresses this shortcoming and seeks to establish which attributes at the house-level influence offenders' decision when selecting a residential property as a burglary target.""
  - ""this is the first discrete spatial choice study that models the target selection process of burglars using the house as the spatial unit of analysis.""
  - ""the spatial resolution of existing applications of the approach is not aligned with the outcome of offenders' spatial choice behavior and the decisions they are expected to make when looking for a particular burglary target.""
  - ""the use of fine-grained spatial units of analysis such as the house that is burglarized has the advantage that it addresses the modifiable areal unit problem and reduces the risk of aggregation bias""
  - ""Since micro-places more accurately measure the environment in which the offender acts, it is preferable to conduct geospatial criminological research at the most fine-grained spatial resolution available.""
  - ""With respect to burglary, there is little debate that the house is naturally the smallest spatial unit of analysis available""
  - ""Essentially, burglary is about an offender finding a suitable house to burglarize and committing his offence within a clearly confined space.""",,"- The authors justify their choice of the house as the spatial unit of analysis (SUoA) by arguing that it is the most fine-grained spatial resolution available for studying burglary, which aligns with theoretical considerations in geospatial criminology (Quotes 4, 5, 6).
- They also mention that previous studies have not used this level of spatial resolution, indicating a gap in previous research that their study addresses (Quotes 2, 3).
- The rationale is further supported by the theoretical understanding that burglary involves selecting a specific house, making it the most appropriate unit of analysis (Quotes 1, 7).
- The authors do not mention data availability or administrative convenience as reasons for their choice, focusing instead on theoretical and methodological justifications."
Where Do Dealers Solicit Customers and Sell Them Drugs? A Micro-Level Multiple Method Study,"Wim Bernasco, Scott Jacques",-,-,,26,2015,262,Not specified,No,"The authors justify the use of street segments as spatial units by referencing recent research advocating for small spatial units of analysis. They define street segments operationally as the two sides of a street between intersections or a square, with an average length of 103 meters, which they believed was small enough for relevant attributes to be seen or heard. However, they later suggest that even these units may be too coarse and propose using smaller units like 10 × 10 m grids or addresses in future research. The rationale is based on the need for detailed spatial resolution and practical considerations for observational analysis.",Theory and previous research,"  - ""Systematic observation requires that the area be partitioned into spatial units. In line with recent work that advocates the use of small spatial units of analysis (Oberwittler & Wikström, 2009;Weisburd, Groff, & Yang, 2012) and translating it into practical guidelines, 262 street segments were identified in the study area, of which 49 are located in the Red Light District.""
  - ""The statistical approach taken here reflects the small size of our sample, which is too small to allow statistical inference. We only analyze bivariate relations between the characteristics of street segment variables and the dealers' spatial choices, and we refrain from trying to assess the statistical significance of these relations.""
  - ""the quantitative analysis of the choices the subjects made when selecting street segments to solicit customers and to sell them drugs.""
  - ""The descriptive statistics of the 36 measures are presented in Table 2 , together with the descriptive statistics of the street segment length.""
  - ""The observation of a single street segment took 15 minutes on average.""",,"- The paper mentions that 262 street segments were identified in the study area, which indicates the total number of spatial units considered for analysis.
- The methodology section describes the systematic observation process, which involved these 262 street segments.
- The quantitative analysis section refers to the analysis of these street segments in relation to the dealers' spatial choices.
- The paper does not mention any reduction or exclusion of these units from the final statistical analysis, suggesting that all 262 street segments were included.","  - ""Systematic observation requires that the area be partitioned into spatial units. In line with recent work that advocates the use of small spatial units of analysis (Oberwittler & Wikström, 2009;Weisburd, Groff, & Yang, 2012) and translating it into practical guidelines, 262 street segments were identified in the study area, of which 49 are located in the Red Light District.""
  - ""The 1012 postal code includes as a subarea the Amsterdam Red Light District (""De Wallen""), a network of small streets and alleys with a heavy concentration of legal indoors prostitution services, totaling approximately 370 ""windows"" where prostitutes openly advertise their services.""
  - ""In 2011, 11% of Amsterdam's residents lived in Centrum, but the area accounted for 22% of the city's police-recorded crimes (www.os.amsterdam.nl).""
  - ""The city of Amsterdam, the Netherlands, had a population of 780,500 in 2011 (www. os.amsterdam.nl).""",,"- The paper provides the total population of Amsterdam and the percentage of residents living in Centrum, but it does not specify the average population per spatial unit.
- The study area is divided into 262 street segments, but there is no mention of the average population size per segment.
- The focus of the study is on the spatial behavior of dealers and the characteristics of street segments rather than on the population density or size per unit.
- The paper does not provide any data or estimates regarding the average number of residents or inhabitants per individual spatial unit.","  - ""The present study applied this general theory to a very specific crime-illicit drug dealing in an open air drug market-and tested it in the Red Light District and its neighboring area in downtown Amsterdam, the Netherlands.""
  - ""The 1012 postal code includes as a subarea the Amsterdam Red Light District (""De Wallen""), a network of small streets and alleys with a heavy concentration of legal indoors prostitution services, totaling approximately 370 ""windows"" where prostitutes openly advertise their services.""
  - ""the 1012 postal code was chosen as the study area; its street layout is displayed in Figure 1""
  - ""The overall study sample consisted of 50 subjects who were active as dealers in downtown Amsterdam.""
  - ""The results of our analysis of the interview transcripts demonstrate that street segments are still too coarse as units of analysis, not only because they still cover too large territory but also because their relevant characteristics are not stable over time.""
  - ""The conclusion to be drawn from this observation could be, as we suggest, that future research should study offending at even smaller spatial units of analysis than street segments (e.g., 10 × 10 m grids, or even addresses).""",,"- The study focuses on the Red Light District and its neighboring area in downtown Amsterdam, which is a specific geographic area rather than an aggregation of smaller units into a larger one.
- The study area is defined by the 1012 postal code, which is a specific administrative unit rather than an aggregation of smaller postal zones.
- The analysis is conducted at the level of street segments, which are small spatial units of analysis. There is no mention of aggregating data from smaller administrative or statistical spatial units to create larger spatial units for analysis.
- The paper discusses the use of street segments as the unit of analysis and suggests that even these are too coarse, indicating a focus on detailed spatial resolution rather than aggregation.
- There is no indication that data was aggregated from smaller administrative units like census blocks or smaller postal zones to larger units like census tracts or larger postal areas.","  - ""Systematic observation requires that the area be partitioned into spatial units. In line with recent work that advocates the use of small spatial units of analysis (Oberwittler & Wikström, 2009;Weisburd, Groff, & Yang, 2012) and translating it into practical guidelines, 262 street segments were identified in the study area, of which 49 are located in the Red Light District.""
  - ""Segments were operationally defined as the two sides of a street, road or alley between intersections, or a square.""
  - ""The average length of the 262 street segments is 103 meters (SD = 65 m, minimum = 16 m, maximum = 425 m).""
  - ""The rationale was that for decision making in dealing situations, what matters are the characteristics of a place that can be seen or heard, and it seemed that street segments (""street blocks,"" ""face blocks"") are small enough to assure that from any point in the street segment, relevant attributes of any other point in the same segment could be seen and heard.""
  - ""The results of our analysis of the interview transcripts demonstrate that street segments are still too coarse as units of analysis, not only because they still cover too large territory but also because their relevant characteristics are not stable over time.""
  - ""The conclusion to be drawn from this observation could be, as we suggest, that future research should study offending at even smaller spatial units of analysis than street segments (e.g., 10 × 10 m grids, or even addresses).""
  - ""A good example is the definition of a ""setting"" proposed by Wikström: ""The part of the environment (the configuration of objects, persons and events) that, at any given moment in time, is accessible to a person through his or her senses (including any media present)"" (Wikström, Oberwittler, Treiber, & Hardie, 2012, p. 15)""
  - ""This definition shares elements with a previous definition of ""place"" as ""a fixed physical environment that can be seen completely and simultaneously, at least on its surface, by one's naked eyes"" (Sherman, Gartin, & Buerger, 1989, p. 31)""",,"- The authors justify the use of street segments as spatial units by referencing recent research that advocates for small spatial units of analysis (Oberwittler & Wikström, 2009; Weisburd, Groff, & Yang, 2012). This suggests a theoretical justification based on the need for detailed spatial resolution.
- The operational definition of street segments as the two sides of a street between intersections or a square provides a practical guideline for their selection.
- The average length of these segments (103 meters) was considered small enough for relevant attributes to be seen or heard from any point within the segment, which aligns with the rationale for choosing this unit size.
- However, the authors later note that even these small units may be too coarse, as their characteristics are not stable over time, suggesting a limitation in their choice.
- The authors suggest future research should use even smaller units, such as 10 × 10 m grids or addresses, indicating a desire for more precise spatial analysis.
- The reference to Wikström's definition of a ""setting"" and Sherman's definition of ""place"" highlights the importance of considering dynamic and sensory aspects of spatial units, which may influence future unit selection rationales.","  - ""The rationale was that for decision making in dealing situations, what matters are the characteristics of a place that can be seen or heard, and it seemed that street segments (""street blocks,"" ""face blocks"") are small enough to assure that from any point in the street segment, relevant attributes of any other point in the same segment could be seen and heard.""
  - ""Following that advice, the present study used street segments as the unit of analysis, that is, as the relevant spatial context for location choices in drug dealing.""
  - ""Many other recent studies used street segments or similarly sized entities as their spatial unit of analysis (McCord & Ratcliffe, 2007;Oberwittler & Wikström, 2009;Smith, Frazee, & Davison, 2000;Weisburd et al., 2004).""",,"- The authors justify their choice of street segments as the spatial unit of analysis (SUoA) by referencing the theoretical perspective that what matters in decision-making for drug dealing are the characteristics of a place that can be seen or heard. This aligns with a theoretical rationale.
- They also mention that street segments are small enough to ensure that relevant attributes can be seen or heard from any point within the segment, which further supports the theoretical justification.
- Additionally, the authors note that many other recent studies have used street segments or similar entities as their SUoA, indicating a reliance on previous research to support their choice.
- There is no mention of data availability or administrative convenience as reasons for their choice, so these categories are not relevant."
Discrete choice analysis of spatial attack sites,"Michael A Smith, Ae D E Brown, Donald E Brown",-,-,Inf. Syst. E Bus. Manag.,16,2007,"4,895",Not specified,Yes. The researchers aggregated data from smaller administrative units (census blocks) to larger administrative units (census block groups) for analysis.,"The authors justify their choice of spatial unit size by ensuring it is fine enough to capture the variance of spatial features. For areally aggregated features, a finer resolution than the aggregation area is unnecessary. For proximity measures, the inter-centroid spacing should be smaller than the minimum distance between key locations. The grid resolution was set to 170 meters north-south and 191 meters east-west to balance detail and computational complexity.",Theory and data availability,"  - ""The choice set was defined using the following steps. The smallest rectangle that would wholly circumscribe the boundaries of the City of Richmond was the extents of a grid with 100 rows and 100 columns. A spatial intersection operation was then performed to remove those grid cells falling wholly outside the city limits. The remaining 4,895 centroids constitute the choice set.""
  - ""The complete dataset consists of all reported breaking and entering crime in the City of Richmond, VA for calendar year 1997. To make the assumption of consistent preferences reasonable, only residential breaking and entering crimes occurring in the third quarter of the year were used. This subset contained 637 distinct spatial selections.""",,"- The paper describes the use of a grid to discretize the geographic space, resulting in 4,895 centroids that constitute the choice set. This indicates that the spatial units used in the analysis are these centroids.
- The number of spatial units included in the final statistical analysis is directly related to the choice set, which is defined by these centroids.
- The mention of 637 distinct spatial selections and the partitioning into training and test sets (425 and 212 events, respectively) refers to the number of crime events used in the analysis, not the number of spatial units.","  - ""The candidate predictor set, F, consists of proximity measurements to each of 30 features in the geographic space and 38 demographic profile variables aggregated at the census block group level.""
  - ""The choice set was defined using the following steps. The smallest rectangle that would wholly circumscribe the boundaries of the City of Richmond was the extents of a grid with 100 rows and 100 columns. A spatial intersection operation was then performed to remove those grid cells falling wholly outside the city limits. The remaining 4,895 centroids constitute the choice set.""
  - ""The complete dataset consists of all reported breaking and entering crime in the City of Richmond, VA for calendar year 1997. To make the assumption of consistent preferences reasonable, only residential breaking and entering crimes occurring in the third quarter of the year were used. This subset contained 637 distinct spatial selections.""",,"- The paper discusses the use of a grid to define the choice set, which is a common method for spatial analysis. This grid is used to discretize the geographic space into manageable units.
- The choice set consists of 4,895 centroids, which are the points used to represent the spatial units in the analysis.
- The paper mentions demographic profile variables aggregated at the census block group level, which implies that population data is considered in the analysis. However, it does not provide specific numbers or averages for population per unit.
- The focus of the paper is on the discrete choice model and its application to crime data, rather than on providing detailed demographic statistics like average population per unit.","  - ""The complete dataset consists of all reported breaking and entering crime in the City of Richmond, VA for calendar year 1997. To make the assumption of consistent preferences reasonable, only residential breaking and entering crimes occurring in the third quarter of the year were used.""
  - ""The candidate predictor set, F, consists of proximity measurements to each of 30 features in the geographic space and 38 demographic profile variables aggregated at the census block group level.""
  - ""The dataset of breaking and entering crime analyzed here was obtained from the Richmond City Records Management Center and augmented with publicly available GIS layers to introduce proximity measurements and census information.""",,"- The paper mentions that demographic profile variables were ""aggregated at the census block group level."" This indicates that data was aggregated from a smaller administrative unit (census blocks) to a larger administrative unit (census block groups) for analysis.
- The mention of ""census block group level"" suggests that the researchers used data that was already aggregated to this level, rather than aggregating it themselves from finer scales.
- The focus on aggregation between different levels of administrative/statistical boundaries is met by the aggregation from census blocks to census block groups.","  - ""The resolution of the grid used must be fine enough to capture the variance of spatial features. Determining adequate resolution depends on the nature of features used. If features are aggregated areally, such as demographic data reported by census tract, then a grid resolution finer than the aggregation area is unnecessary. Similarly, if features are proximity measures, such as distances to key locations, then the inter-centroid spacing should be smaller than the minimum distance between these locations.""
  - ""The choice set was defined using the following steps. The smallest rectangle that would wholly circumscribe the boundaries of the City of Richmond was the extents of a grid with 100 rows and 100 columns. A spatial intersection operation was then performed to remove those grid cells falling wholly outside the city limits. The remaining 4,895 centroids constitute the choice set. The north-south inter-centroid spacing is 170 m, the east-west inter-centroid spacing is 191 m.""",,"- The authors justify the choice of spatial unit size by considering the need to capture the variance of spatial features. They suggest that the grid resolution should be fine enough to reflect the nature of the features being analyzed.
- For areally aggregated features like demographic data, a finer grid resolution than the aggregation area is not necessary. This implies that the authors considered the scale of data aggregation in their decision.
- For proximity measures, the inter-centroid spacing should be smaller than the minimum distance between key locations. This indicates a practical consideration to ensure that the grid captures relevant spatial relationships.
- The choice set was defined by creating a grid that circumscribes the city boundaries, with specific inter-centroid spacings of 170 meters north-south and 191 meters east-west. This suggests a balance between capturing detailed spatial variation and managing computational complexity.
- The authors do not provide explicit theoretical justifications or references to previous research in the quoted sections, but their approach is based on practical considerations related to data aggregation and spatial feature capture.","  - ""The objective of this paper is to define an algorithm for the objective application of multinomial discrete choice models to spatial point patterns which are driven by human decision makers.""
  - ""The facility inherent in the algorithm will be demonstrated on an urban crime data set.""
  - ""The algorithm presented in this section assumes that the random variable under consideration represents a spatial attack.""
  - ""the goal of the modeler is to predict the locations of future attacks.""
  - ""The algorithm is exercised in Sect. 4.""
  - ""The dataset of breaking and entering crime analyzed here was obtained from the Richmond City Records Management Center and augmented with publicly available GIS layers to introduce proximity measurements and census information.""
  - ""The complete dataset consists of all reported breaking and entering crime in the City of Richmond, VA for calendar year 1997.""
  - ""To make the assumption of consistent preferences reasonable, only residential breaking and entering crimes occurring in the third quarter of the year were used.""",,"- The paper focuses on developing an algorithm for spatial choice models, specifically for predicting spatial attack sites, which is a theoretical framework.
- The use of a breaking and entering crime dataset from Richmond, VA, suggests that data availability played a role in the selection of the spatial unit of analysis.
- The authors mention that the algorithm is demonstrated on an urban crime data set, indicating that the choice of spatial unit is influenced by the availability of data.
- The paper does not explicitly mention previous research as a justification for the spatial unit of analysis selection, but it does imply a theoretical basis for the algorithm development.
- The selection of the City of Richmond and the specific crime data suggests administrative convenience, as it is a readily available dataset."
Residential burglary target selection: An analysis at the property-level using Google Street View,"Samuel H Langton, Wouter Steenbeek",-,-,,40,2017,300,Not specified,No (the study uses data at the neighborhood level without aggregating from smaller administrative units),"The authors justify their choice of spatial unit size by explaining the need to isolate property-level effects from neighborhood-level effects. They use a case-control design to compare burglarized properties with non-burglarized ones within the same neighborhoods, minimizing assumptions about omitted variable bias and keeping neighborhood-level characteristics constant. A fixed effects analysis is used to control for invariant property-level characteristics. This design choice is practical for ensuring the validity of their findings, although it has limitations in estimating predicted probabilities of burglary.","Theory, previous research, and data availability","  - ""the final sample used for analysis therefore consisted of 300 single houses, evenly split between burglarised and non-burglarised dwellings.""
  - ""After balancing out, the final sample used for analysis therefore consisted of 300 single houses, evenly split between burglarised and non-burglarised dwellings.""
  - ""the final sample consisted of 2911 cases.""
  - ""The non-burglarised control group consists of a further 155 residential homes randomly sampled from the BAG single houses dataset.""
  - ""The total sample is split between the 'treatment' group of observations, suffering from the disease of interest, and the 'control' group, which are free of the disease.""",,"- The paper describes a case-control design where the sample is split into two groups: burglarized and non-burglarized properties.
- The final sample size for analysis is explicitly mentioned as 300 single houses, with an equal split between burglarized and non-burglarized properties.
- This indicates that the number of spatial units included in the final statistical analysis is 300.","  - ""The total sample is split between the 'treatment' group of observations, suffering from the disease of interest, and the 'control' group, which are free of the disease.""
  - ""the final sample used for analysis therefore consisted of 300 single houses, evenly split between burglarised and non-burglarised dwellings.""
  - ""The average response per neighbourhood was 36 respondents, giving a net-response rate of 31 percent (Bruinsma et al., 2013).""",,"- The paper provides information about the number of respondents per neighborhood and the total number of houses in the study, but it does not specify the average population size per individual unit.
- The mention of ""single houses"" indicates that each unit is a single household, but it does not provide a specific number of residents per household.
- The average response rate and the number of respondents per neighborhood are related to the survey data collection process, not directly to the population size per unit.
- The study focuses on single-family homes, but it does not provide an average population size per unit, which is what the question asks for.","  - ""the present study uses quantitative data on burglary events and residential units to test the previous findings from offender-based literature, answering calls from recent research (Vandeviver et al., 2015).""
  - ""The total sample is split between the 'treatment' group of observations, suffering from the disease of interest, and the 'control' group, which are free of the disease.""
  - ""the 'treatment' observations are those properties that were burgled, and the 'control' observations are those that were not.""
  - ""By sampling treatments and controls by neighbourhood, observations can be systematically compared whilst keeping all contextual characteristics on the neighbourhood-level constant, and no assumptions have to be made regarding omitted variable bias.""
  - ""The neighbourhoods of The Hague that were used in this study are exhibited in Fig. 1 , along with a single demonstrative neighbourhood to visualise the case-control design, using synthetic crime data.""
  - ""Previous research using this survey removed 24 of the 110 administratively-defined neighbourhoods from analyses because fewer than 20 respondents returned the survey or because relevant census data was unsuitable (Bruinsma et al., 2013). The present study followed suit, and consequently only burglary events within the remaining 86 neighbourhoods were kept in the data.""
  - ""the final sample used for analysis therefore consisted of 300 single houses, evenly split between burglarised and non-burglarised dwellings.""",,"- The study uses a case-control design, which involves comparing burglarized properties (treatment group) with non-burglarized properties (control group) within the same neighborhoods.
- The study focuses on individual residential properties and their immediate surroundings, using Google Street View for data collection.
- The data is organized by neighborhoods, which are administrative units in The Hague.
- The study does not mention aggregating data from smaller administrative units to larger ones. Instead, it uses data at the neighborhood level, which is the primary spatial unit for analysis.
- The mention of ""administratively-defined neighbourhoods"" suggests that the neighborhoods themselves are the basic spatial units used in the study, rather than smaller units being aggregated into larger ones.","  - ""Investigating target selection on individual residential properties demands a research design that isolates property-level effects from those on the neighbourhood-level, and takes the hierarchical structure of the data into consideration.""
  - ""To address this, we adopt a case-control sampling procedure.""
  - ""This study uses the approach to disentangle micro-macro effects, and to minimise the assumptions made when using spatially sensitive hierarchical data.""
  - ""Utilising a case-control design grouped by neighbourhood allows researchers to investigate micro-level target selection behaviour without having to make such strong assumptions.""
  - ""The total sample is split between the 'treatment' group of observations, suffering from the disease of interest, and the 'control' group, which are free of the disease.""
  - ""the 'treatment' observations are those properties that were burgled, and the 'control' observations are those that were not.""
  - ""By sampling treatments and controls by neighbourhood, observations can be systematically compared whilst keeping all contextual characteristics on the neighbourhood-level constant, and no assumptions have to be made regarding omitted variable bias.""
  - ""The downside of this research design is that one cannot estimate predicted probabilities of burglary, given that the sample is not representative.""
  - ""A 'fixed effects' analysis is used to control for property-level invariant characteristics, allowing one to control for stable characteristics even if they are not measured""",,"- The authors justify their choice of spatial unit size by explaining the need to isolate property-level effects from neighborhood-level effects, which is a common challenge in spatial analysis.
- They use a case-control design to address this issue, which is a methodological choice that allows them to compare burglarized properties with non-burglarized ones within the same neighborhoods.
- The case-control design is chosen to minimize assumptions about omitted variable bias and to keep neighborhood-level characteristics constant, which is a practical consideration for ensuring the validity of their findings.
- The use of a fixed effects analysis further supports their choice by controlling for invariant property-level characteristics, which helps in isolating the effects of interest.
- The authors acknowledge the limitation of their design in not being able to estimate predicted probabilities of burglary due to the non-representative sample, but this does not detract from their rationale for choosing the spatial unit size.","  - ""Investigating target selection on individual residential properties demands a research design that isolates property-level effects from those on the neighbourhood-level, and takes the hierarchical structure of the data into consideration.""
  - ""To address this, we adopt a case-control sampling procedure.""
  - ""This study uses the approach to disentangle micro-macro effects, and to minimise the assumptions made when using spatially sensitive hierarchical data.""
  - ""Utilising a case-control design grouped by neighbourhood allows researchers to investigate micro-level target selection behaviour without having to make such strong assumptions.""
  - ""The total sample is split between the 'treatment' group of observations, suffering from the disease of interest, and the 'control' group, which are free of the disease.""
  - ""the 'treatment' observations are those properties that were burgled, and the 'control' observations are those that were not.""
  - ""By sampling treatments and controls by neighbourhood, observations can be systematically compared whilst keeping all contextual characteristics on the neighbourhood-level constant, and no assumptions have to be made regarding omitted variable bias.""",,"- The authors justify their choice of spatial unit of analysis (SUoA) by explaining the need to isolate property-level effects from neighborhood-level effects, which is a theoretical consideration (Theory).
- They use a case-control design to achieve this, which is a methodological choice influenced by previous research in epidemiology (Previous research).
- The use of this design allows them to minimize assumptions about omitted variable bias, which is related to data availability and the structure of their data (Data availability).
- The selection of properties within neighborhoods is based on the need to control for contextual characteristics, which aligns with both theoretical and practical considerations (Theory and data availability)."