"Title","Authors","Year","Country","City","X","Spatial_Unit_Name","Unit_Size","X.1","Number_of_Units","Average_Population_per_Unit","Spatial_Aggregation","Rationale_Spatial_Aggregation","Unit_Selection_Rationale","Rationale_Category","Smallest.unit.due.to.data.availability..Yes.No.","Spatial.unit.data.limitation..Yes.No.","Limitation.type","Direct.quote...page","Data_Limitations","Computational.constraints..Yes.No.","Evidence.type","Direct.quote...page.1","Computational_Constraints","Alternative.unit.s..named..verbatim.terms.","Direct.quote.s....page","Alternative_Units","Data_Collection_Period","Crime.data_period","Data.source...period","Direct.quote.s....page.1","Data_Sources","Number_of_Data_Sources","No.of.data.source","Crime_Type","Crime_Type_Group","Crime_Incidents","Model_Type","Independent_Variables","Number_of_Variables","Model_Fit_Statistics","Coefficients","Confidence_Intervals","Effect_Sizes","Distance.variables","Software_Used","MAUP","MAUP_Discussion","Sesnitity","Sensitivity_Analysis","Future_Suggestions","Verified_by_Kural","Verified_by_Stephanie"
"""Location, Location, Location"": Effects of Neighborhood and House Attributes on Burglars' Target Selection","Christophe Vandeviver, Wim Bernasco",2020,"Belgium","Ghent","156 square kilometers","statistical districts (referred to as neighborhoods)","0.79","square kilometers","193 neighborhood and 138,321 residentaial units","1287","No","","The authors justify their choice of spatial unit size by emphasizing that burglars target individual residences rather than entire neighborhoods. They argue that the appropriate level of aggregation for studying burglary target choice is at the residence level, supported by previous research. The use of ""statistical districts"" as neighborhoods is based on administrative divisions and is consistent with previous studies. The neighborhood size is small enough to capture local variations but large enough to be meaningful for analysis.","Theory and Previous research","No","Yes","Privacy / aggregation requirement","""address coordinates were withheld by Statistics Belgium to comply with privacy regulations."" (p. 791)","Use of predefined ""statistical districts"" as neighborhoods may not align with actual spatial patterns.
- Neighborhood and residence data were not contemporaneous with burglary data.
- Census data lack relevant variables for burglary target selection.
- Scarcity of large-scale residence-level data and difficulty in measuring situational cues.
- Assumptions about burglary trip origins and offender information may not be accurate.","Yes","Processing time","""Even in a high-performance computing environment, estimation of a nested logit model on a choice set as large as our dataset... proved to be computationally prohibitive."" (p. 794)","The authors mentioned that the nested logit model was computationally prohibitive due to the large dataset size (138,321 residences nested in 193 neighborhoods for each of the 679 burglaries), even with high-performance computing. This forced them to use the less flexible but computationally less demanding conditional logit model.","None stated","No explicit suggestion of alternative spatial units found.","No alternative units discussed.","2005-2014","2005–2014","Census → 2011; Income → 2005–2012","""2011 Belgian Census"" (p. 791); ""median income averaged for 2005–2012"" (p. 792)","1. Police-recorded burglary and offender records (Ghent Police)
2. 2011 Belgian Census (Statistics Belgium)","2",2,"Residential burglary","Single crime type","679","Conditional Logit Model","1. Median income
2. Residential density
3. Proportion non-Belgian residents
4. Proportion rental units
5. Prior burglary in neighborhood
6. Building construction type
7. Number of occupants
8. Number of residences inside the building
9. Rental status
10. Distance from the offender's home","10","AIC and BIC are used as model fit statistics. The smallest AIC and BIC values are observed for the integrated main effects model, indicating it provides the best fit.","Residential density: 10% decrease in odds for every additional 1000 residences per square kilometer
- Prior burglary activity: 19 times greater odds of selecting a residence in a neighborhood where they committed a burglary in the past 6 months
- Detached residences: 35% greater odds of being burglarized compared to terraced residences
- Renter-occupied residences: 101% greater odds of being selected compared to owner-occupied residences
- Distance: 55% decrease in odds for every kilometer a residence is further away from the offender's home","Not mentioned (the paper does not provide confidence intervals for the model coefficients or parameter estimates)","Residential density: Odds ratio = 0.9 (10% decrease for every additional 1000 residences per square kilometer)
- Prior burglary activity: Odds ratio = 19 (19 times more likely to target a residence in a previously burglarized neighborhood)
- Detached residences: Odds ratio = 1.35 (35% greater likelihood compared to terraced residences)
- Single-unit buildings: Odds ratio = 1.42 (42% higher likelihood compared to multi-unit buildings)
- Renter-occupied residences: Odds ratio = 2.01 (101% greater likelihood compared to owner-occupied residences)
- Distance from offender's home: Odds ratio = 0.45 (55% decrease for every kilometer further away)
- Interaction effects:
  - Distance and neighborhood median income: Odds ratio ranges from 0.37 to 0.64 and from 0.92 to 1.27","","Not mentioned","","No MAUP discussion present.","","No sensitivity analysis performed.","• Account for environmental features across multiple levels of spatial aggregation in burglary studies.• Apply the multi-level spatial decision-making model to other crime types (e.g., graffiti).• Investigate whether burglars return to the exact same residences they previously targeted.• Examine short-distance spatial spillover mechanisms in greater detail.","Yes",NA
"A discrete spatial choice model of burglary target selection at the house level","Christophe Vandeviver a, , Tijs Neutens b, Stijn van Daele a, Dirk Geurts c,
Tom Vander Beken ",2015,"Belgium","East Flandres","3,000 square kilometers","residential units","Not specified (the unit size is a single house, but no specific measurement like area or dimension is provided)","","503589","Not specified","No","","The authors justify the use of the house as the spatial unit of analysis by arguing that it is the smallest and most relevant unit for studying burglary target selection. This choice addresses the modifiable areal unit problem, reduces aggregation bias, and more accurately measures the environment in which offenders operate. Theoretically, it aligns with the nature of burglary, which involves selecting a specific house to commit the crime.","Theory, previous research, and data availability","No","No","None stated","No spatial-unit–related data limitation explicitly stated.","The study was limited by the lack of data on apartments, which are a significant portion of potential targets.
- Data availability issues included the removal of plots due to multiple dwellings and coding errors.
- The study area was constrained to houses only due to the limitations of the Belgian Land Registry data.","Yes","Sampling due to computational infeasibility","""this would be practically infeasible since at least 327,332,850 decision-maker-by-alternative combinations are involved in estimating the models."" (p. 27)","Estimating the conditional logit model was computationally infeasible due to the large number of decision-maker-by-alternative combinations (327,332,850).
- The model required access to all choice-specific characteristics, adding to the computational burden.
- A sampling strategy was used to reduce the number of alternatives, but even this was not sufficient for standard desktop computers.
- The dataset and buffer memory requirements exceeded typical desktop capabilities, necessitating the use of high-performance computing infrastructure.","street, neighborhood and municipality","""burglars’ location choice problems might better be defined by the house, street, neighborhood and municipality that is selected."" (p. 33)","Neighborhoods: Previous studies used neighborhoods as a spatial unit of analysis, but this was rejected due to methodological concerns such as the modifiable areal unit problem and aggregation bias.
- Postal code areas: Similar to neighborhoods, postal code areas were considered but rejected for the same methodological reasons.","2013","2006–2012","Belgian Land Registry → 2013","""Belgian Land Registry data reflects the situation on 1 January 2013"" (p. 28)","1. Belgian General Police Database 
2. Belgian Land Registry ","2",2,"Residential burglary","Single crime type","650","Conditional Logit Model","1. Income Built_surface_area
2. Presence_of_garage
3. Central_heating_and/or_air-conditioning_system
4. Distance_from_offender's_home
5. Construction_type
6. Number_of_floors
7. Presence_of_rooftop_living_floor","7","Pseudo RÂ²: 0.15
- Likelihood ratio test statistic: 8.714; Î”df = 2; p = 0.013","Construction type (semi-detached vs. terraced): Odds ratio = 0.72 (28% decrease)
- Presence of a garage: Odds ratio = 0.80 (20% decrease)
- Central heating/air-conditioning system: Odds ratio = 0.68 (32% decrease)
- Distance from offender's home: Odds ratio = 0.79 (21% decrease per kilometer)","Not mentioned (the paper does not provide specific numerical values for the confidence intervals) --> It does: . The horizontal lines represent the 95% confidence intervals associated with the estimated odds ratios. ","Distance: OR = 0.79 (21% decrease in odds for every kilometer further away)
- Construction type: Semi-detached vs. Terraced: OR = 0.72 (28% decrease in odds)
- Presence of garage: OR = 0.80 (20% decrease in odds)
- Central heating/air-conditioning: OR = 0.68 (32% decrease in odds)","Yes","R version 3.0.2, ICTCE 5.5.0","yes","The authors discuss the Modifiable Areal Unit Problem (MAUP) by highlighting that using fine-grained spatial units such as individual houses addresses the issue and reduces aggregation bias. They emphasize the preference for smaller spatial units over larger ones to minimize aggregation bias and spatial heterogeneity, which are components of the MAUP. This approach is seen as providing a more accurate measurement of the environment relevant to offenders' actions.","Yes","To ensure parameter stability and correct for bias introduced by the sampling-of-alternatives procedure, the authors performed 20 iterations of the model with different random samples","• Seek more accurate and detailed fine-grained spatial information from sources like land registers, tax services, or insurance companies.• Implement variations of the nested logit model to account for the hierarchical nature of spatial choice (house, street, neighborhood, and municipality).• Include more nuanced environmental attributes such as street-level connectedness, permeability, and the observability of a house from its surroundings.• Investigate interaction effects between reward, effort, and risk to determine how certain attributes moderate target choice.","",NA
"A SENTIMENTAL JOURNEY TO CRIME: EFFECTS OF RESIDENTIAL HISTORY ON CRIME LOCATION CHOICE*","Wim Bernasco",2010,"Netherlands","The Hague","Total study area size: 142 * 2.96 square kilometers = 420.32 square kilometers","postal code areas","2.96","square kilometers","4000","4,900","No","","The authors justify the use of postal code areas as the spatial unit by noting their average population size, design conducive to local travel, and inverse relationship with urbanization level, making them a suitable approximation for areas of familiarity. This choice aligns with the theoretical framework of crime pattern theory, which emphasizes spatial awareness and familiarity.","Theory, previous research, and data availability","No","No","None stated","No spatial-unit–related data limitation explicitly stated.","Limited availability of past addresses for some offenders, with only up to five prior addresses obtainable.
- Bias due to missing information on past home addresses, leading to conservative estimates.
- Use of postal code areas as spatial units, influenced by size and urbanization level.
- Lack of data on other activity nodes like schools, workplaces, or social networks.","No","None stated","No explicit computational constraints reported.","No computational constraints mentioned.","None stated","No explicit suggestion of alternative spatial units found.","No alternative units discussed.","2004-2005","2004–2005","None stated","Not reported.","Police information system used by the Greater The Hague Police Force;
- Population registration data system (GBA);
- National database of demographic, social, and economic information on postal code areas in the Netherlands","3",3,"residential burglary; theft from vehicle; robbery; assault","Multiple crime types","7,179","Conditional Logit Model","1. Current area of residence (incorporates duration);2. Former area of residence (incorporates duration/recency);3. Distance to current area of residence;4. Distance to former area of residence;5. Population size;6. Percentage single-person households;7. Poverty level;8. Level of urbanization","8","Not mentioned (the paper does not provide specific model fit statistics such as log-likelihood, pseudo R-squared, McFadden's R-squared, AIC, BIC, or chi-square statistics)","Current residence: 36.72
- Former residence: 8.63
- Recent former residence: 10.63
- Ancient former residence: 7.49
- Duration of residence:
  - Current residence > 2 years: 41.93
  - Current residence < 2 years: 19.53
  - Former residence > 2 years: 11.66
  - Former residence < 2 years: 5.79
- Proximity:
  - Distance from current home: .74
  - Distance from former home: .87","Not mentioned (the paper does not provide explicit confidence intervals for the model coefficients)","Odds ratio for areas where the offender lives or has lived: 22.52
- Odds ratio for current home area: 36.72
- Odds ratio for former home area: 8.63
- Odds ratio for recent former residence: 10.63
- Odds ratio for ancient former residence: 7.49
- Odds ratio for areas lived in for more than 2 years: 41.93 (current), 11.66 (former)
- Odds ratio for areas lived in for less than 2 years: 19.53 (current), 5.79 (former)
- Odds ratio for proximity to current residence: .74 (26% reduction per kilometer)
- Odds ratio for proximity to former residence: .87 (9% reduction per kilometer)
- Odds ratio for current residence lived in for more than 2 years: 10.33
- Odds ratio for current residence lived in for less than 2 years: 6.01
- Odds ratio for former residence lived in for more than 2 years until recently: 6.57
- Odds ratio for former residence lived in for a short period until recently: 2.96
- Odds ratio for former residence lived in for more than 2 years but left long ago: 3.76
- Odds ratio for former residence lived in for less than 2 years and left long ago: 2.52","2","Not mentioned (the paper does not specify the software used for data analysis)","","No MAUP discussion present.","Yes","The author explicitly reports performing sensitivity checks by re-estimating the models using alternative temporal thresholds (1 and 3 years instead of 2 years) for duration and recency variables. Additionally, the author reports a robustness check involving the re-estimation of the model on the full sample (including those who never moved) to ensure the findings regarding distance were stable.","• Incorporate a wider variety of anchor points into models, such as schools, workplaces, friends' homes, and leisure locations, to improve predictions of crime location choice.• Utilize space–time budget data in prospective longitudinal research to generate refined, empirical estimates of changing individual activity spaces.• Investigate if ""sentimental journeys"" lead to former non-residential anchor points (e.g., former schools or workplaces).• Apply findings to investigative practice by including former residents of a crime area as prioritized candidates in suspect lists and geographic profiles.","",NA
"A Time for a Crime: Temporal Aspects of Repeat Offenders' Crime Location Choices","Sabine E M Van Sleeuwen, Stijn Ruiter, Barbara Menting",2018,"Netherlands","The Hague","Total study area size: 142 * 2.96 square kilometers = 420.32 square kilometers","postal code areas","2.96","square kilometers","142","7,000","No","","The authors chose four-digit postal code areas as their spatial unit because they are well-suited for crime location choice research due to minimal travel restrictions and familiarity. These areas have an average population of 7,000 residents and an average size of 2.96 km^2, similar to those used in previous studies. This choice is justified by practical considerations and theoretical alignment with awareness spaces in crime pattern theory.","Theory, previous research, and data availability","No","Yes","Smaller units unavailable","""[postal code areas] are currently the smallest areal unit."" (p. 544)","The study uses four-digit postal code areas as spatial units due to their suitability for crime location choice research and minimal travel restrictions.
- The selection was influenced by data availability from the BRP and administrative boundaries around The Hague.
- The study area is limited to the greater The Hague area, which may introduce regional constraints.
- Detection bias may be present due to reliance on police data for arrested offenders.","Yes","Processing time","""the task to estimate a mixed logit model for a research problem the size of ours exceeds the limits of most contemporary computer workstations. We estimated it would have taken us several months to estimate a single model."" (p. 562-563)","No computational constraints mentioned.","None stated","No explicit suggestion of alternative spatial units found.","No alternative units discussed.","2003 to 2009","2003–2009","Census/LISA → 2006–2009","""All contextual variables were constructed using year-specific information that relates to the year of the offense under study (2006 to 2009)."" (p. 550)","1. Dutch Suspect Identification System (HKS)2. Nationwide citizen information system (BRP)3. Statistics Netherlands (demographic and socioeconomic census-like statistics)4. LISA database (Landelijk Informatiesysteem Arbeidsplaatsen)","4",4,"robbery; burglary; theft; assault","Multiple crime types","12,639","Conditional Logit","1. Prior offending history (collapsed conceptual variable representing the interaction of temporal similarity and crime type similarity);2. Offender's current or former residence status;3. Distance from current residential area;4. Proportion of non-Western residents;5. Proportion of single-person households;6. Population density;7. Number of employees;8. Retail business;9. Hotels, restaurants, and bars;10. Schools;11. Health-care facility;12. Cultural facility;13. Sports and leisure facility","13","Pseudo R-squared: .32 for models with time-specific effects; .26 for baseline model","Same weekend day: OR = 6.38
- Different weekend day: OR = 2.93
- Same weekday: OR = 4.26
- Different weekday: OR = 3.82
- Different part of the week: OR = 3.02
- Same hour of the day: OR = 9.38
- Three-to five-hour difference: OR = 3.67
- Same weekend day with zero-hour difference: OR = 25.77
- Same weekend day with greater than six-hour difference: OR = 3.22","Not mentioned (the paper does not provide explicit confidence intervals for the model coefficients or parameter estimates)","Odds Ratio (OR) for committing a crime on the same weekend day: 6.38
- OR for committing a crime on a different weekend day: 2.93
- OR for committing a crime on the same weekday: 4.26
- OR for committing a crime on a different weekday: 3.82
- OR for committing a crime on a different part of the week: 3.02
- OR for committing a crime on the same weekend day with a zero-hour difference: 25.77
- OR for committing a crime on the same weekend day with a greater than six-hour difference: 3.22","1","Stata/MP version 11","No","	
While the authors justify the use of four-digit postal code areas based on travel restrictions and consistency with previous literature (pp. 543–544), they do not explicitly discuss the Modifiable Areal Unit Problem (MAUP), aggregation bias, or scale/zoning effects.","","yes","Future studies could measure other activity nodes visited by offenders and their usual visit times.
- Offender interviews could provide more detailed information on routines and spatiotemporal preferences.
- Direct measures of time-varying target attractiveness, such as facility opening and closing hours, could be considered.
- Systematic observations could help determine variations in target attractiveness for specific crime types.","",NA
"Adolescent offenders' current whereabouts predict locations of their future crimes","Wim Bernasco",2019,"Netherlands","The Hague","4558 X 40,000 square meter = 182.32 square kilometers","grid cells","200x200","square meters","4558","Not specified","No","","The authors chose a grid cell size of 200x200m based on practical considerations such as data resolution and analysis requirements. The spatial resolution was chosen by the researcher, and the use of spatially contiguous bands up to the 6th order was influenced by theoretical justifications related to spatial exploration and preferential return. The radius of gyration was used to describe individual mobility patterns, which may have influenced the grid cell size choice for accurate prediction and analysis.","Theory and data availability","No","No","None stated","No spatial-unit–related data limitation explicitly stated.","Overrepresentation and underrepresentation of certain educational qualification groups due to school selection.
- High attrition rate due to difficulties in contacting students who left their original schools.
- Incomplete police data due to unreported crimes and unapprehended offenders.
- Limited availability of reliable crime data due to the discontinuation of the HKS system in 2013.
- Measurement period did not include summer months, potentially missing outdoor activities.","No","None stated","No explicit computational constraints reported.","High fieldwork costs limit sample size to less than 1,000 participants.
- Participants' memory limitations restrict data collection to a few days.--> belongs to data limitations, not to comput. constraints
- Sparseness of data due to the ratio of crimes to grid cells affects model accuracy.","None stated","No explicit suggestion of alternative spatial units found.","No alternative units discussed.","2008–2009","2008–2012","LISA → 2008–2010","""The points of interest in the period 2008–2010 were extracted from the LISA"" (p. 311)","1. Police records (HKS information system, Dutch National Police)2. Study of Peers, Activities and Neighborhoods (SPAN) self-report questionnaire and space-time budget interviews3. LISA commercial geo-referenced dataset (points of interest)4. Administrative reference data for The Hague (accessed at denhaag.buurtmonitor.nl)","4",4,"theft; burglary; assault; robbery; drug dealing; public order offences","Multiple crime types","165","Conditional Logit Model","1. Time spent in location (collapsed from three binary indicators of duration in activity space);2. Proximity to activity space (collapsed from five binary indicators of spatial contiguity order);3. Prior crime location and proximity (collapsed from six binary indicators of repeat and near-repeat locations);4. Catering business presence;5. Retail business presence;6. School presence","6","Model fit measure: Rank number of the grid cell where the crime was actually committed, divided by the total number of 4558 grid cells, averaged over all crimes.
- McFadden's R2: Correlated with the accuracy measure P, but less interpretable.
- Accuracy measure P: Values provided for different models (e.g., P = .94 for a parsimonious model, P = .95 for a comprehensive model).","Not mentioned (the paper does not provide specific numerical coefficient values or odds ratios for the independent variables) -> not sure, check more in detail","Not mentioned (the paper does not provide specific numerical values for confidence intervals)","Odds ratios are reported as effect sizes, with most attributes having statistically significant odds ratios above 1, indicating increased likelihood of location choice for crime. Specific numerical values are not provided.","Stata; R","""I declare that the applicant(s) will be made a temporary member of the research team and will be given on-site access to all data used for the research, and all code (Stata for the conditional logit analyses and R for everything else)."" (p. 3)","No","	
The paper utilizes 200m x 200m grid cells as the unit of analysis and justifies this resolution based on prior literature, but it does not discuss aggregation bias, scale effects, or the Modifiable Areal Unit Problem.","Yes","Yes","No","",NA
"Ambient population and surveillance cameras: The guardianship role in street robbers' crime location choice","Dongping Long, Lin Liu, Mingen Xu, Jiaxin Feng, Jianguo Chen, Li He",2021,"China","ZG City","1971 * 1.62 = 3195.02 square kilometers","Communities","1.62","square kilometers","1971","~7,559","Yes","The study aggregates an independent analytical variable (ambient population signaling data) originally available at a finer spatial scale (52,026 cell tower polygons) to a higher spatial unit (1,971 communities) for analysis","The authors chose communities as their spatial unit, likely due to data availability and practicality. The average size of these communities is 1.62 km^2, with a standard deviation of 2.85 km^2. The choice aligns with common practices in criminology and spatial analysis, allowing for the integration of environmental factors relevant at this scale.","Theory, previous research, and data availability","No","No","None stated","No spatial-unit–related data limitation explicitly stated.","Limited to arrested offenders due to unavailability of addresses for non-arrested offenders.
- Use of a single randomly selected robber for robberies involving multiple offenders.
- Data derived from various sources, including census data, which might have its own limitations.","No","None stated","No explicit computational constraints reported.","No computational constraints mentioned.","None stated","No explicit suggestion of alternative spatial units found.","No alternative units discussed.","2016","2012–2016","Mobile signaling → 2016; POI → 2014","""signaling data... measured on an hourly basis during the period of 12–18 May 2016."" (p. 388); ""other control variables are constructed on the basis of point of interest (POI) in 2014"" (p. 480)","1. ZG Municipal Public Security Bureau: Provided the crime database, including arrest records, offender identifiers, and offense locations.2. Sixth Census of China: Administrative register used for demographic data (migrants, youngsters) and housing types to measure socioeconomic heterogeneity.3. Mobile phone signaling data: Obtained from a telecommunication operator to measure ambient population via cell tower communication.4. Points of Interest (POI) data: Mapping dataset used to identify surveillance cameras and various crime generators/attractors like malls, banks, and transport stations.","4",4,"Street robbery","Single crime type","4,358","Conditional Logit Model","1. Malls and supermarkets;2. Grocers;3. Terminal markets;4. Bars and clubs;5. Cybercafés;6. Sports stadiums;7. High schools;8. ATMs and banks;9. Carparks;10. Bus stops;11. Transportation hubs;12. Subway stations;13. Density of road network;14. Proportion of migrants;15. Proportion of youngsters;16. Socioeconomic heterogeneity;17. Log distance;18. Ambient population;19. Surveillance cameras","19","Pseudo R-squared for Model 1: 0.264
- Pseudo R-squared for Model 2: 0.285
- Pseudo R-squared for Model 3: 0.283
- Pseudo R-squared for Model 4: 0.289
- Significance level with 95% confidence intervals","Density of road network: Odds ratio = 0.589
- Daily human mobility: Odds ratio = 0.915
- Surveillance cameras: Odds ratio = 0.961
- Malls and supermarkets: Odds ratio = 1.176 (17.6% increase)
- Bus stops: Odds ratio = 1.097 (9.7% increase)
- Logged distance of journey to crime: Strong negative effect (no specific odds ratio provided)","Not mentioned (the paper mentions the inclusion of 95% confidence intervals but does not provide specific numerical ranges)","Ambient population: Odds ratio = 0.915 (negative effect)
- Surveillance cameras: Odds ratio = 0.961 (negative effect)
- Density of road network: Odds ratio = 0.589 (negative effect)
- Subway stations: Odds ratio = 1.050 (positive effect)
- Malls and supermarkets: Increase odds by 17.6%
- Bus stops: Increase odds by 9.7%
- Proportion of migrants: Increase odds by 9.0%","1","Stata 13.0","No","	
The authors describe and justify their choice of spatial units (1,971 communities) and provide descriptive statistics on their average size and variation (p. 7), but they do not discuss the Modifiable Areal Unit Problem (MAUP), aggregation bias, scale effects, or the ecological fallacy in relation to this choice","Yes","The authors performed robustness checks by re-estimating their primary findings using two alternative statistical specifications: negative binomial regression and partial least square regression. This analysis was explicitly conducted to verify the stability of their results regarding the relative guardianship roles of ambient population and surveillance cameras across different modeling frameworks.","• Expansion of data sources: Utilize a wider variety of geo-referenced data, such as location-enabled APPs, GPS tracking, and social media (e.g., Tweets), to measure human presence and ambient population.• Holistic environmental modeling: Incorporate human activity interventions and formal prevention/control measures into future analyses of environmental effects on offender location choice.","",NA
"Assessing the Influence of Prior on Subsequent Street Robbery Location Choices: A Case Study in ZG City, China","Dongping Long, Lin Liu, Jiaxin Feng, Suhong Zhou, Fengrui Jing",2018,"China","ZG City","1973 * 1.62 square kilometers =  3196.26 square kilometers","Communities","1.62","square kilometers","1973","~7,116","No","Although several control variables (e.g., facilities and amenities) originate from point-level POI data, the analysis is conducted at the community level because key contextual variables—such as socioeconomic heterogeneity, daily human mobility, and journey-to-crime distance -are only available at that administrative scale. As a result, POI counts are aligned to the community unit to ensure consistency with these required contextual controls. This reflects a data-availability constraint rather than a deliberate spatial aggregation of finer-scale analytical variables.","The authors chose communities as their spatial unit size, with an average size of 1.62 km^2, likely due to data availability and the need to analyze crime patterns at a local level. This choice is implied by the use of community-level data and the mixed logit model for estimating individual decision-making processes.","Theory and data availability","No","No","None stated","No spatial-unit–related data limitation explicitly stated.","Difficulty in accessing official police data in China. -> true, bot this is not the limitation within THIS study
- Exclusion of robberies due to robbers living outside the study area or having unknown residences.
- Study only includes data from arrested robbers, potentially introducing bias by omitting un-arrested robbers.
- Potential problem of offenses being nested within offenders not explicitly addressed.","No","None stated","No explicit computational constraints reported.","No computational constraints mentioned.","None stated","No explicit suggestion of alternative spatial units found.","No alternative units discussed.","Not mentioned (the paper does not specify the exact time period when the data was collected)","2012–2016","POI → 2014","""other control variables are constructed on the basis of point of interest (POI) in 2014"" (p. 480)","1. ZG City Public Security Bureau: Provided the crime dataset on cleared street robberies, including information on offenders (gender, age, identity), offenses (time, date, coordinates), and arrest records.2. Navigation data company in China: Source of the Point of Interest (POI) data used for environmental control variables, including transportation hubs, transit stations, daily activity places (bars, clubs, cybercafés, malls), high schools, and surveillance camera locations.","2",2,"street robbery","Single crime type","1,262","Mixed Logit Model","1. Time interval between two robberies;2. Distance of journey to prior robbery;3. Not arrested in the act of prior robbery;4. Transportation hubs;5. Subway stations;6. Bus stops;7. Bars and clubs;8. Cybercafés;9. Malls and supermarkets;10. High schools;11. Surveillance cameras;12. Daily human mobility;13. Socioeconomic heterogeneity;14. Distance of journey to subsequent robbery (Distance of JSR)","14","McFadden's LRI: 0.26 for Model 1, 0.19 for Model 2, 0.23 for Model 3
- P-value: 0.000 for all models","Time Intervals Between Two Robberies: Odds ratios greater than 1 (specific values not provided)
- Not Being Arrested in the Act of Prior Robbery: Odds ratio = 8.35
- Distance of Journey to Subsequent Robbery: Odds ratio = 0.13","Not mentioned (the paper mentions that confidence intervals are included in the results tables, but does not provide specific values in the text)","Time interval between robberies:
  - 0-2 days: Odds ratio = 18.10
  - 3-7 days: Odds ratio = 12.79
  - 8-30 days: Odds ratio = 6.05
  - 1-6 months: Odds ratio = 6.02
- Not being arrested in the act of prior robbery: Odds ratio = 8.35","2","Not mentioned (the paper does not specify the software used for data analysis)","No","The authors describe and justify the use of 1,973 communities as their spatial units and provide descriptive statistics on their average size and variation, but they do not explicitly discuss the Modifiable Areal Unit Problem (MAUP), aggregation bias, scale effects, or the ecological fallacy in relation to this choice.","No","The authors estimate three primary mixed logit models to test distinct hypotheses regarding time, distance, and arrest history, but they do not report any re-estimation of these findings using alternative thresholds, spatial units, or parameter values. While they justify the selection of the mixed logit model over a fixed-effect logistic regression using an LR test, this is a model selection procedure rather than a robustness check intended to show stability across alternative specifications. Furthermore, the authors explicitly identify the potential bias of nesting offenses within offenders and the exclusion of un-arrested robbers as limitations that were not addressed in the current analysis and require future investigation","• Distance Dynamics: Further examination of the interplay between distance from home to prior crime location and distance to subsequent location.• Methodological Refinement: Further examination of whether mixed logit models effectively alleviate the problem of offenses being nested within offenders.• Sampling Improvements: Future research to address potential biases from relying solely on data from arrested robbers.• Geographic Validation: Testing the findings in other Chinese cities to ensure the results are generalizable.","",NA
"AWARENESS X OPPORTUNITY: TESTING INTERACTIONS BETWEEN ACTIVITY NODES AND CRIMINAL OPPORTUNITY IN PREDICTING CRIME LOCATION CHOICE","Barbara Menting",2018,"Netherlands","The Grater  Hague area (inlcudes The Hague Rijswijk; Leidschendam-Voorburg","127.68 square kilometers","Postal code areas","1.68","square kilometers","76","7700","No","","The authors chose four-digit postal code areas as their spatial unit of analysis because these areas are designed to have minimal travel restrictions, are inversely related to urbanization, and are familiar to residents. This choice is justified by the theoretical premise that offenders are more likely to commit crimes in familiar areas and by the practical consideration of data availability. Although these areas might be considered large, they are comparable to or larger than those used in previous studies without yielding contradictory findings.","Theory and data availability","No","Yes","Data only available at this unit","""Postal code areas were includable when community survey data were available"" (p. 1175)","The study used four-digit postal code areas as the spatial unit of analysis due to their familiarity to residents and visitors.
- The size of these postal codes is inversely related to urbanization, which might affect the analysis in urban versus rural areas.
- The study area was limited to three urban municipalities, which might not be representative of rural areas or other geographical contexts.
- The choice of postal codes was influenced by data availability, as only areas with available community survey data were included.
- The use of larger spatial units like postal codes was a deliberate choice to avoid computational and theoretical challenges associated with smaller units.","Yes","Dataset size / combinations","""smaller spatial units of analysis also yield several computational and theoretical challenges (e.g. very large datasets and spatial spillover)."" (p. 1187)","The authors mention that using smaller spatial units of analysis would yield ""computational and theoretical challenges,"" specifically mentioning ""very large datasets and spatial spillover."" This suggests that they were aware of potential computational constraints related to data size and processing complexity, but they do not provide detailed descriptions of specific computational limitations or software constraints.","None stated","No explicit suggestion of alternative spatial units found.","Smaller spatial units of analysis were considered but not used due to computational and theoretical challenges such as large datasets and spatial spillover. Previous studies using similar or larger areas were referenced, indicating that smaller units were considered but not selected due to practical and theoretical limitations.","2006-2009","2006–2009","LISA/Survey/Census → 2006–2009","""LISA... data on the locations and other characteristics of all businesses and facilities in the study area in 2006–2009"" (p. 1177); ""control variables... determined for each postal code for the years 2006–2009."" (p. 1178)","Police information system of The Hague Police Service;
- Population registration data from BRP (nationwide information system);
- Community survey from the Study of Peers, Activities and Neighborhoods (SPAN) project;
- LISA data (Landelijk Informatiesysteem Arbeidsplaatsen);
- Census-like statistics from Statistics Netherlands","5",5,"any-crime-type; violent offences (assaults, criminal threats, homicides, sex offences, robberies); property crimes (thefts, burglaries, selling of stolen goods, forgery)","Multiple crime types","13,088","Conditional Logit Model","1. Residential area of the offender
2. Residential area of family members
3. Number of bars/restaurants/hotels
4. Collective efficacy
5. Former residential area of the offender
6. Distance between the offender's residential area and the crime location
7. Previous crime locations
8. Other postal code area characteristics (shops and schools)
9. Neighborhood disorder
10. Population density
11. Proportion of single-person households
12. Proportion of residents with a non-western background","12","Pseudo R-squared for main model: 0.25
- Pseudo R-squared for violence model: 0.30
- Pseudo R-squared for property offenses model: 0.25","Not mentioned (the paper does not provide specific numerical coefficient values or odds ratios for the independent variables)","Not mentioned (the paper does not provide specific confidence intervals for the model coefficients or parameter estimates)","Odds ratios (OR) are reported as effect sizes, indicating the multiplicative effect of a one-unit increase of the independent variable on the odds of choosing a target area. Specific numerical values for these odds ratios are not provided in the text but are referenced in tables (e.g., Table 3).","","Not mentioned (the paper does not specify the software used for data analysis)","","No MAUP discussion present.","","No sensitivity analysis performed.","The authors suggest that smaller spatial units of analysis might be more appropriate for future studies, as they could better fit theoretical models of crime location choice. However, they also acknowledge the computational and theoretical challenges associated with smaller units. The paper does not propose specific alternative spatial units or scales of analysis but emphasizes the need for more precise measures to map awareness spaces and criminal opportunity.","",NA
"BITING ONCE, TWICE: THE INFLUENCE OF PRIOR ON SUBSEQUENT CRIME LOCATION CHOICE *","Marre Lammers, Barbara Menting, Stijn Ruiter, Wim Bernasco",2015,"Netherlands","The Hague","420.32 square kilometers","Postal code areas","2.96","square kilometers","142","7,000","No","The study does not spatially aggregate six-digit postal code data. Four-digit postal codes are selected as the unit of analysis because key administrative and census variables are only available at that scale and because finer units raise spatial interdependence concerns. Crime incidents are directly assigned to these pre-existing units, reflecting routine geocoding and a data-driven unit-selection decision rather than spatial aggregation.","The authors chose four-digit postal code areas as their spatial unit of analysis because they are a useful and plausible indication of areas people are familiar with, given their design for minimal travel restrictions and relation to urbanization levels. This choice is also consistent with previous studies in the field and aligns with the focus on personal geographic experience of offenders. However, they acknowledge that smaller units could be used but would introduce issues of spatial interdependence.","Theory and previous research","No","No","None stated","No spatial-unit–related data limitation explicitly stated.","The study used four-digit postal code areas as the spatial unit of analysis due to their inverse relationship with urbanization levels and their size being a useful indication of areas people are familiar with. The choice was influenced by the need to balance between spatial detail and the complexity of modeling spatial interdependence. The modifiable areal unit problem was acknowledged as a consideration in choosing the spatial unit. -> add: *it relies exclusively on cleared offense data from police records, and it might suffer from detection bias, that is, bias caused by the fact that solved crimes are not representative for all (both solved and unsolved) crimes. * our data are geographically limited to the greater The Hague area. This region is largely urban. The results could be different in other, more rural parts of the country. *Furthermore, we did not take crimes into account that the offenders in the sample could have committed outside the study area. Excluding crimes committed outside the study area could inflate distance decay parameters for offenders living close to the boundary (real decay could be less strong than the estimates). ","No","None stated","No explicit computational constraints reported.","No computational constraints mentioned. The paper discusses the choice of spatial unit in terms of urbanization and geographic coverage but does not explicitly mention computational limitations or constraints.","None stated","No explicit suggestion of alternative spatial units found.","A six-digit postal code area was considered as an alternative unit of analysis. This unit is roughly the size of a football field and contains 18 residential properties and 40 residents on average. However, it was not used due to increased issues of spatial interdependence between observations, which would require more complex models to account for.","2006-2009","2003–2009","Census/LISA → 2006–2009","""census-like statistics... for the years 2006–2009."" (p. 317); ""LISA database... was used to obtain crime year-specific information... in the years 2006–2009."" (p. 317)","Police information system; LISA database; Statistics Netherlands; BRP system","4",4,"violence; property; vandalism; traffic; environmental; drugs; weapons; other","Multiple crime types","12,639","Conditional Logit Model","1. Previously_chosen
2. Distance_to_prior_offense
3. Previously_chosen_within_2_days
4. Previously_chosen_within_3_to_7_days
5. Previously_chosen_within_8_to_30_days
6. Previously_chosen_within_31_to_183_days
7. Previously_chosen_within_184_to_730_days
8. Previously_chosen_within_731_to_1096_days
9. Number_of_prior_offenses
10. Same_type_of_crime
11. Different_type_of_crime
12. Current_residence_short_term
13. Current_residence_long_term
14. Former_residence_short_term
15. Former_residence_long_term
16. Distance_to_current_residence
17. Population_density
18. Proportion_of_single_person_households
19. Proportion_of_non_Western_residents
20. Number_of_retail_stores
21. Number_of_hotels_restaurants_and_bars
22. Number_of_schools
23. Number_of_culture_health_care_and_sports_facilities
24. Number_of_people_working","17 -> 24","Pseudo R-squared values ranging from .30 to .35, with the full model having a pseudo R-squared of .35.","Previously chosen: Odds ratio = 7.17
- Distance to prior crime location: Odds ratio = 0.69
- Time intervals:
  - Within 2 days: Odds ratio = 59.94
  - 2-3 years: Odds ratio = 3.43
- Frequency of prior crimes:
  - Two crimes: Odds ratio = 1.62
  - Three or four crimes: Odds ratio = 2.25
  - Five to eight crimes: Odds ratio = 2.95
  - Nine or more crimes: Odds ratio = 8.63
- Type of prior crime:
  - Same type: Odds ratio = 7.25
  - Different type: Odds ratio = 3.07","Not mentioned (the paper does not provide explicit confidence intervals for the model coefficients or parameter estimates)","Odds ratio for previously chosen areas: 7.17
- Odds ratio for distance to prior crime location: 0.69
- Odds ratios for recency:
  - Within 2 days: 59.94
  - 3-7 days: Not specified
  - 8-30 days: Not specified
  - 31-183 days: Not specified
  - 184-730 days: Not specified
  - 731-1,096 days: 3.43
- Odds ratios for frequency:
  - Two prior crimes: 1.62
  - Three or four prior crimes: 2.25
  - Five to eight prior crimes: 2.95
  - Nine or more prior crimes: 8.63
- Odds ratios for crime type:
  - Same type: 7.25
  - Different type: 3.07","","Not mentioned (the paper does not specify the software used for data analysis)","","The authors briefly discuss the Modifiable Areal Unit Problem (MAUP) in relation to their spatial unit selection, noting that the four-digit postal code area could be considered large and that smaller units like six-digit postal code areas could introduce issues of spatial interdependence. They acknowledge the MAUP but do not discuss it in detail, referring readers to another study for further exploration.","","No sensitivity analysis performed.","Consider using smaller spatial units of analysis, such as six-digit postal code areas, to increase detail.
- Address the modifiable areal unit problem by considering the impact of different spatial aggregations on study results.
- Study larger areas to increase the generalizability of findings.
- Conduct offender-based research to understand daily spatial routines and crime locations.","",NA
"Burglar Target Selection: A Crossnational Comparison","Michael Townsley, Daniel Birks, Wim Bernasco, Stijn Ruiter, Shane D Johnson,  Gentry White, Scott Baum",2015,"Netherlands","The Hague","~58  square kilometers","Neighborhoods
","0.65","square kilometers","89","2380","No","","Study regions and their associated choice set geographies (NL—neighborhoods, UK—Super Output Areas [medium layer], AU—Statistical Local Areas) were selected based on equivalence in size of the known burglar population, number of targets (households) within each area, and total number of areas in a study region. Study regions were purposefully selected based on differences in target density","Method and Previous research","No","No","None stated","No spatial-unit–related data limitation explicitly stated.","**Cleared offense data only**
   - ""findings rely solely on cleared offense data""
   - Non-probabilistic sample of all burglaries

2. **Crime trip origin assumption**
   - ""analyses presented assume crime trips originate from an offender's residence""

3. **Temporal mismatch**
   - Census data (2011 for some) vs. crime data (1996-2001, 2006, 2009)

4. **Measurement inconsistencies**
   - Real estate value measured differently across regions
   - Could not measure ethnic heterogeneity consistently

5. **Missing variables**
   - ""alternative methodologies such as offender interviews and ethnographic studies suffer from the same nonprobabilistic sampling issue""

6. **Co-offending removed**
   - Multiple offender cases excluded","No","None stated","No explicit computational constraints reported.","No computational constraints mentioned.","None stated","No explicit suggestion of alternative spatial units found.","No alternative units discussed.","1996-2001","1996–2001","Census AU → 2006; Census UK → 2001; Land Registry UK → 2009","""Australian Bureau of Statistics 2006 Census"" (p. 12); ""2001 Australian Census"" (p. 147); ""2001 UK census"" (p. 13); ""mean House Price sale as recorded by the U.K. Land Registry... in 2009"" (p. 12, 14)","1. Recorded crime data from the police service in The Hague.2. Census, neighborhood, and tax assessment data (for residential real estate value) from the Municipal Agency for Urban Development.","2",2,"Residential burglary","Single crime type","548","Conditional Logit Model","1. Number_of_households
2. Proportion_of_single-family_dwellings
3. Residential_mobility
4. Proximity_to_offender_residence
5. Proximity_to_city_center
6. Residential_real_estate_value","6","Not mentioned (the paper does not provide specific model fit statistics or goodness-of-fit measures)","Proximity to Home: The Hague (OR = 1.67), Birmingham (OR = 1.90), Brisbane (OR = 1.21)
- Proportion of Single-Family Dwellings: The Hague (OR = 1.19), Birmingham (OR = 1.12), Brisbane (OR = 1.13)
- Number of Households: The Hague (OR = 1.34), Birmingham (OR = 1.76), Brisbane (OR = 1.47)
- Proximity to City Center: Brisbane (OR = 1.06)","Not mentioned (the paper does not explicitly report confidence intervals for the model coefficients or parameter estimates)","Proximity to an offender's home: OR = 1.67 (The Hague), OR = 1.90 (Birmingham), OR = 1.21 (Brisbane)
- Proportion of single-family dwellings: OR = 1.19 (The Hague), OR = 1.12 (Birmingham), OR = 1.13 (Brisbane)
- Number of residential units: OR = 1.34 (The Hague), OR = 1.76 (Birmingham), OR = 1.47 (Brisbane)
- Proximity effect for juveniles vs. adults: Larger for juveniles under the legal driving age than for adults","2","Not mentioned (the paper does not specify the software used for data analysis)","No","While the authors justify their choice of spatial units (Neighborhoods, Super Output Areas, and Statistical Local Areas) based on ""equivalence in size"" and ""target density"" to facilitate cross-national comparison, they do not explicitly discuss the Modifiable Areal Unit Problem (MAUP), aggregation bias, zoning effects, or the ecological fallacy. The text acknowledges that ""differences in experimental units"" can make replication difficult and notes that the ""size of the neighborhoods"" varies between regions, but these are descriptive observations rather than a substantive discussion of MAUP-related statistical problems.","Yes","The authors performed several sensitivity and robustness checks to validate their findings. These included re-estimating the model while omitting specific variables to check for coefficient stability, comparing a pooled model against expanded models to justify their consolidated modeling approach, and testing alternative age thresholds (a fixed age of 18 vs. local legal driving ages) for the juvenile subgroup analysis","1. ""To conclude, we outline several avenues of future research that could extend the ideas presented here in terms of breadth and depth. First, criminological knowledge can be made broader by applying the specified behavioral rule in more study regions."" (p. 21)2. ""Incorporating the permeability and connectedness of alternatives might shed light on spatial preferences. Equally, the role that public transport networks play in connecting spatial areas could be investigated."" (p. 22)3. ""Relaxing this assumption involves the use of a more complex statistical model, the mixed logit (Train 2009), but should yield more precise estimates of spatial preferences."" (p. 22)","",NA
"Burglar Target Selection: A Crossnational Comparison","Michael Townsley, Daniel Birks, Wim Bernasco, Stijn Ruiter, Shane D Johnson,  Gentry White, Scott Baum",2015,"United Kingdom","Birmingham"," ~267  square kilometers","Super Output Areas","2.04","square kilometers","131","3086","No","","Study regions and their associated choice set geographies (NL—neighborhoods, UK—Super Output Areas [medium layer], AU—Statistical Local Areas) were selected based on equivalence in size of the known burglar population, number of targets (households) within each area, and total number of areas in a study region. Study regions were purposefully selected based on differences in target density","Method and Previous research","No","No","None stated","No spatial-unit–related data limitation explicitly stated.","**Cleared offense data only**
   - ""findings rely solely on cleared offense data""
   - Non-probabilistic sample of all burglaries

2. **Crime trip origin assumption**
   - ""analyses presented assume crime trips originate from an offender's residence""

3. **Temporal mismatch**
   - Census data (2011 for some) vs. crime data (1996-2001, 2006, 2009)

4. **Measurement inconsistencies**
   - Real estate value measured differently across regions
   - Could not measure ethnic heterogeneity consistently

5. **Missing variables**
   - ""alternative methodologies such as offender interviews and ethnographic studies suffer from the same nonprobabilistic sampling issue""

6. **Co-offending removed**
   - Multiple offender cases excluded","No","None stated","No explicit computational constraints reported.","No computational constraints mentioned.","None stated","No explicit suggestion of alternative spatial units found.","No alternative units discussed.","2009","2009","Census AU → 2006; Census UK → 2001; Land Registry UK → 2009","""Australian Bureau of Statistics 2006 Census"" (p. 12); ""2001 Australian Census"" (p. 147); ""2001 UK census"" (p. 13); ""mean House Price sale as recorded by the U.K. Land Registry... in 2009"" (p. 12, 14)","1. Recorded crime data from the police service in Birmingham.2. Census and neighborhood data from the Office of National Statistics (ONS).3. Real estate sales records from the U.K. Land Registry.","3",2,"Residential burglary","Single crime type","398","Conditional Logit Model","1. Number_of_households
2. Proportion_of_single-family_dwellings
3. Residential_mobility
4. Proximity_to_offender_residence
5. Proximity_to_city_center
6. Residential_real_estate_value","6","Not mentioned (the paper does not provide specific model fit statistics or goodness-of-fit measures)","Proximity to Home: The Hague (OR = 1.67), Birmingham (OR = 1.90), Brisbane (OR = 1.21)
- Proportion of Single-Family Dwellings: The Hague (OR = 1.19), Birmingham (OR = 1.12), Brisbane (OR = 1.13)
- Number of Households: The Hague (OR = 1.34), Birmingham (OR = 1.76), Brisbane (OR = 1.47)
- Proximity to City Center: Brisbane (OR = 1.06)","Not mentioned (the paper does not explicitly report confidence intervals for the model coefficients or parameter estimates)","Proximity to an offender's home: OR = 1.67 (The Hague), OR = 1.90 (Birmingham), OR = 1.21 (Brisbane)
- Proportion of single-family dwellings: OR = 1.19 (The Hague), OR = 1.12 (Birmingham), OR = 1.13 (Brisbane)
- Number of residential units: OR = 1.34 (The Hague), OR = 1.76 (Birmingham), OR = 1.47 (Brisbane)
- Proximity effect for juveniles vs. adults: Larger for juveniles under the legal driving age than for adults","2","Not mentioned (the paper does not specify the software used for data analysis)","No","While the authors justify their choice of spatial units (Neighborhoods, Super Output Areas, and Statistical Local Areas) based on ""equivalence in size"" and ""target density"" to facilitate cross-national comparison, they do not explicitly discuss the Modifiable Areal Unit Problem (MAUP), aggregation bias, zoning effects, or the ecological fallacy. The text acknowledges that ""differences in experimental units"" can make replication difficult and notes that the ""size of the neighborhoods"" varies between regions, but these are descriptive observations rather than a substantive discussion of MAUP-related statistical problems.","Yes","The authors performed several sensitivity and robustness checks to validate their findings. These included re-estimating the model while omitting specific variables to check for coefficient stability, comparing a pooled model against expanded models to justify their consolidated modeling approach, and testing alternative age thresholds (a fixed age of 18 vs. local legal driving ages) for the juvenile subgroup analysis","1. ""To conclude, we outline several avenues of future research that could extend the ideas presented here in terms of breadth and depth. First, criminological knowledge can be made broader by applying the specified behavioral rule in more study regions."" (p. 21)2. ""Incorporating the permeability and connectedness of alternatives might shed light on spatial preferences. Equally, the role that public transport networks play in connecting spatial areas could be investigated."" (p. 22)3. ""Relaxing this assumption involves the use of a more complex statistical model, the mixed logit (Train 2009), but should yield more precise estimates of spatial preferences."" (p. 22)","",NA
"Burglar Target Selection: A Crossnational Comparison","Michael Townsley, Daniel Birks, Wim Bernasco, Stijn Ruiter, Shane D Johnson,  Gentry White, Scott Baum",2015,"Australia","Brisbane","~1,340 square kilometers","Statistical Local Areas","8.48","square kilometers","158","2537","No","","Study regions and their associated choice set geographies (NL—neighborhoods, UK—Super Output Areas [medium layer], AU—Statistical Local Areas) were selected based on equivalence in size of the known burglar population, number of targets (households) within each area, and total number of areas in a study region. Study regions were purposefully selected based on differences in target density","Method and Previous research","No","No","None stated","No spatial-unit–related data limitation explicitly stated.","**Cleared offense data only**
   - ""findings rely solely on cleared offense data""
   - Non-probabilistic sample of all burglaries

2. **Crime trip origin assumption**
   - ""analyses presented assume crime trips originate from an offender's residence""

3. **Temporal mismatch**
   - Census data (2011 for some) vs. crime data (1996-2001, 2006, 2009)

4. **Measurement inconsistencies**
   - Real estate value measured differently across regions
   - Could not measure ethnic heterogeneity consistently

5. **Missing variables**
   - ""alternative methodologies such as offender interviews and ethnographic studies suffer from the same nonprobabilistic sampling issue""

6. **Co-offending removed**
   - Multiple offender cases excluded","No","None stated","No explicit computational constraints reported.","No computational constraints mentioned.","None stated","No explicit suggestion of alternative spatial units found.","No alternative units discussed.","2006","2006","Census AU → 2006; Census UK → 2001; Land Registry UK → 2009","""Australian Bureau of Statistics 2006 Census"" (p. 12); ""2001 Australian Census"" (p. 147); ""2001 UK census"" (p. 13); ""mean House Price sale as recorded by the U.K. Land Registry... in 2009"" (p. 12, 14)","1. Recorded crime data from the Queensland Police Service.2. Census and housing repayment data from the Australian Bureau of Statistics.","2",2,"Residential burglary","Single crime type","889","Conditional Logit Model","1. Number_of_households
2. Proportion_of_single-family_dwellings
3. Residential_mobility
4. Proximity_to_offender_residence
5. Proximity_to_city_center
6. Residential_real_estate_value","6","Not mentioned (the paper does not provide specific model fit statistics or goodness-of-fit measures)","Proximity to Home: The Hague (OR = 1.67), Birmingham (OR = 1.90), Brisbane (OR = 1.21)
- Proportion of Single-Family Dwellings: The Hague (OR = 1.19), Birmingham (OR = 1.12), Brisbane (OR = 1.13)
- Number of Households: The Hague (OR = 1.34), Birmingham (OR = 1.76), Brisbane (OR = 1.47)
- Proximity to City Center: Brisbane (OR = 1.06)","Not mentioned (the paper does not explicitly report confidence intervals for the model coefficients or parameter estimates)","Proximity to an offender's home: OR = 1.67 (The Hague), OR = 1.90 (Birmingham), OR = 1.21 (Brisbane)
- Proportion of single-family dwellings: OR = 1.19 (The Hague), OR = 1.12 (Birmingham), OR = 1.13 (Brisbane)
- Number of residential units: OR = 1.34 (The Hague), OR = 1.76 (Birmingham), OR = 1.47 (Brisbane)
- Proximity effect for juveniles vs. adults: Larger for juveniles under the legal driving age than for adults","2","Not mentioned (the paper does not specify the software used for data analysis)","No","While the authors justify their choice of spatial units (Neighborhoods, Super Output Areas, and Statistical Local Areas) based on ""equivalence in size"" and ""target density"" to facilitate cross-national comparison, they do not explicitly discuss the Modifiable Areal Unit Problem (MAUP), aggregation bias, zoning effects, or the ecological fallacy. The text acknowledges that ""differences in experimental units"" can make replication difficult and notes that the ""size of the neighborhoods"" varies between regions, but these are descriptive observations rather than a substantive discussion of MAUP-related statistical problems.","Yes","The authors performed several sensitivity and robustness checks to validate their findings. These included re-estimating the model while omitting specific variables to check for coefficient stability, comparing a pooled model against expanded models to justify their consolidated modeling approach, and testing alternative age thresholds (a fixed age of 18 vs. local legal driving ages) for the juvenile subgroup analysis","1. ""To conclude, we outline several avenues of future research that could extend the ideas presented here in terms of breadth and depth. First, criminological knowledge can be made broader by applying the specified behavioral rule in more study regions."" (p. 21)2. ""Incorporating the permeability and connectedness of alternatives might shed light on spatial preferences. Equally, the role that public transport networks play in connecting spatial areas could be investigated."" (p. 22)3. ""Relaxing this assumption involves the use of a more complex statistical model, the mixed logit (Train 2009), but should yield more precise estimates of spatial preferences."" (p. 22)","",NA
"Burglars blocked by barriers? The impact of physical and social barriers on residential burglars' target location choices in China","Luzi Xiao, Stijn Ruiter, Lin Liu, Guangwen Song, Suhong Zhou",2021,"China","ZG city","7241.82 square kilometers","communities","2.74","square kilometers","2643","~5,298","No","","The authors chose communities as their spatial unit size because they have a relatively homogeneous population and their average size is similar to those used in other crime location choice studies. This choice allows for a detailed analysis of crime patterns and barriers at a local level, considering the variability in community sizes and population densities.","Previous research and data availability","No","No","None stated","No spatial-unit–related data limitation explicitly stated.","Limited to arrested offenders only, excluding non-arrested burglars.
- Exclusion of cases with unknown Hukou status.
- Exclusion of burglaries committed by offenders living outside of ZG city or where geocoding was not possible.
- Temporal mismatch between census data (2010) and burglary data (2012-2016).
- Lack of direct measures of wealth, using proxy measures instead.","Yes","Dataset size / combinations","""The sheer size of the dataset... prohibited the estimation of the more flexible mixed logit model."" (p. 824)","The sheer size of the dataset, with 3860 burglaries committed in one of 2643 communities, resulting in a matrix over 10 million rows, prohibited the estimation of the more flexible mixed logit model due to computational constraints. The models were estimated using Stata/MP version 15.","None stated","No explicit suggestion of alternative spatial units found.","No alternative units discussed.","January 2012 to June 2016","2012–2016","Census → 2010","""census data from 2010 were used to construct the social barrier and control variables"" (p. 814)","1. Municipal Public Security Bureau of ZG city: Source of the residential burglary dataset (January 2012 to June 2016), which includes geocoded incident locations, offender identifiers, home addresses, and Hukou status.2. 2010 Census data: Administrative register providing community-level demographic and housing statistics, including the proportion of local/nonlocal residents, rent prices, and building construction years.3. RITU (electronic map navigation company): Commercial dataset providing the spatial configuration of the road network (expressways, freeways, and arterial roads) and river structures used to identify physical barriers.","3",3,"Residential burglary","Single crime type","3,860","Conditional Logit Model","1. Rivers;
2. Major roads with access control;
3. Major roads without access control;
4. Social barriers (Offender Hukou status and community majority Hukou status combinations);
5. Distance from home;
6. Proportion of houses built after 2000;
7. Average rent price;
8. Proportion of high-rise building;
9. Number of households (logged)","9","AIC (Akaike Information Criterion)
- BIC (Bayesian Information Criterion)
- Pseudo R-squared","Distance: OR = 4.33
- Proportion of houses built after 2000: OR = 1.83
- Low-rent communities: OR = 0.75
- Medium-rent communities: OR = 0.70
- High-rent communities: OR = 0.50
- High-rise buildings: OR = 0.38
- Communities with more households: OR = 2.11
- Crossing a river: OR = 0.57
- Crossing a major road with access control: OR = 0.82
- Crossing a major road without access control: OR = 0.55","Not mentioned (the paper does not provide confidence intervals for the model coefficients or parameter estimates)","Distance from home: OR = 4.33
- Proportion of houses built after 2000: OR = 1.83
- Low-rent communities: OR = 0.75
- Medium-rent communities: OR = 0.70
- High-rent communities: OR = 0.50
- Communities with more high-rise buildings: OR = 0.38
- Communities with more households: OR = 2.11
- Crossing a river: OR = 0.57 (43% reduction)
- Crossing a major road with access control: OR = 0.82 (18% reduction)
- Crossing a major road without access control: OR = 0.55 (45% reduction)
- Crossing multiple rivers: Ï‡ 2 (1) = 29.38, p = .000
- Local burglars targeting local majority communities: OR = 4.53","1","Stata/MP version 15","No","	
The authors describe the 2,643 communities used as spatial units, noting their average size and population homogeneity to justify their selection
. However, the paper contains no explicit discussion of the Modifiable Areal Unit Problem (MAUP), scale effects, zoning effects, or the ecological fallacy in relation to these units.","Yes","The authors explicitly report conducting a robustness check by re-estimating their social barrier measures using alternative thresholds (70% and 80% instead of the primary 75% threshold). This satisfies the criteria for re-estimation using alternative parameter values to verify that the results are stable under alternative specifications.","• Methodological/Network Analysis: Integration of street network topology and public transportation systems to more accurately model how offenders overcome physical barriers.• Population/Sampling Extension: Examination of spatial decision-making patterns specifically among non-arrested burglars to determine if findings from arrested populations are generalizable.","",NA
"CO-OFFENDERS' CRIME LOCATION CHOICE: DO CO-OFFENDING GROUPS COMMIT CRIMES IN THEIR SHARED AWARENESS SPACE?","Marre Lammers",2018,"Netherlands","The Hague","420.32 square kilometers","postal code areas","2.96","square kilometers","142","7,000","No","The study does not spatially aggregate six-digit postal code data. Four-digit postal codes are selected as the unit of analysis because key administrative and census variables are only available at that scale and because finer units raise spatial interdependence concerns. Crime incidents are directly assigned to these pre-existing units, reflecting routine geocoding and a data-driven unit-selection decision rather than spatial aggregation.","The authors justify the use of four-digit postal code areas as the spatial unit of analysis due to their average size and population, which makes them suitable for studying familiarity and movement. They also reference common practice in crime location choice studies and acknowledge the practical considerations of using smaller units, such as increased spatial interdependence. Theoretical justifications include the design of these areas for minimal travel restrictions and awareness of the modifiable areal unit problem.","Theory, Previous research, and Method","No","No","None stated","No spatial-unit–related data limitation explicitly stated.","Data not specifically sampled for co-offending, leading to a reduced sample size.
- Use of police arrest data may over-represent co-offending groups.
- Potential incompleteness of data if some offenders in a group were not arrested.
- Geographical limitation to the greater The Hague region.
- Limited measurement of awareness space to home and crime locations.
- Use of a four-digit postal code area as a potentially large spatial unit.
- Issues with spatial interdependence if smaller units are used.
- Modifiable areal unit problem affecting spatial unit choice.
- Alternative definitions and measurements of shared awareness space could affect results.","No","None stated","No explicit computational constraints reported.","No computational constraints mentioned. The paper discusses the choice of spatial unit analysis and the challenges associated with smaller units, such as spatial interdependence, but does not explicitly mention computational limitations like memory constraints or processing challenges.","None stated","No explicit suggestion of alternative spatial units found.","Alternative units discussed: six-digit postal code area, which contains on average 18 residential units and 40 residents. This unit was not used due to increased spatial interdependence between observations requiring more complex models.","2006-2009","2003–2009","Statistics Netherlands/LISA → 2006–2009","""information was obtained... for the years 2006–2009."" (p. 1199); ""business... specific information... in the years 2006–2009."" (p. 1199)","1. Police information system used by the greater The Hague Police Service
2. Nationwide population registration data (BRP) 
3. Statistics Netherlands socio-demographic and socio-economic records
4. Ministry of the Interior and Kingdom Relations data for surface area and shapefiles,
5. LISA database regarding businesses and facilities","5",5,"burglary; theft; public disorder crimes; assault","Multiple crime types","2,926","Conditional Logit Model","1. Current home location; 2. Previous home location; 3. Previous crime location; 4. Density of residents; 5. Number of one-person households; 6. Percentage of non-Western residents; 7. Number of employees; 8. Retail businesses; 9. Hotel, restaurants and bars; 10. Schools; 11. Healthcare facilities; 12. Cultural facilities; 13. Sport facilities","13","Not mentioned (the paper does not provide specific model fit statistics or goodness-of-fit measures for the discrete spatial choice model)","Area where one offender lives at the time of the offense: 11.7
- Area where two or three offenders live at the time of the offense: 44.05
- Area where one offender has previously lived: 3.01
- Area where multiple offenders have previously lived: 8.41
- Area where one offender has previously offended: 4.8
- Area where multiple offenders have previously offended: 15.08","Not mentioned (the paper does not provide confidence intervals for the model coefficients or parameter estimates)","Area where one offender lives: 11.7 times higher odds
- Area where two or three offenders live: 44.05 times higher odds
- Previous home location: 3.01 times higher odds
- Previous crime location: 4.8 times higher odds
- Shared previous home location: 8.41 times higher odds
- Shared previous crime location: 15.08 times higher odds","0","Not mentioned (the paper does not specify the software or programming tools used for data analysis)","yes","The author acknowledges that choosing a four-digit postal code (a larger unit) over a six-digit postal code (a smaller unit) is a decision that involves balancing the level of detail against the statistical complexity introduced by spatial interdependence, ultimately identifying this tension as the Modifiable Areal Unit Problem.","yes","The author conducted robustness checks by re-estimating the final model using alternative samples—specifically separating burglary and theft crimes—to confirm that the primary findings regarding shared awareness space remained stable. This conclusion is reached because: 1. The author first established a baseline using a combined model for all crime types. 2. To ensure findings were not an artifact of aggregate data, the author identified sub-samples large enough for independent verification. 3. The author performed re-estimations for these specific crime types. 4. A comparison confirmed that while effect sizes varied slightly, the direction of effects and level of significance remained consistent, proving the results were robust across different criminal contexts.","Future research should transition to smaller spatial units (such as six-digit postal codes) for higher precision, utilize statistical models that account for spatial interdependence to mitigate the Modifiable Areal Unit Problem (MAUP), and expand the geographic scale of the study area to improve generalization.","",NA
"Co-offending and the Choice of Target Areas in Burglary","Wim Bernasco",2006,"Netherlands","The Hague","57.85  square kilometers","Neighbourhoods","0.65","square kilometres","89","4952","No","","The authors chose residential neighborhoods as their spatial unit, with an average area of 0.65 square kilometers and approximately 4,952 residents. This choice is justified by practical considerations, such as using existing administrative boundaries and the need for consistent distance calculations using neighborhood centroids. Theoretical justifications are not explicitly discussed, but the use of administrative boundaries is a common practice in spatial analysis.","Theory and Data availability","No","No","None stated","No spatial-unit–related data limitation explicitly stated.","Low detection rate of residential burglaries (7%) which could bias results if related to location choice criteria.
- Focus only on target area selection, not on why or how offender groups form.
- Data limited to detected burglaries by The Hague residents, excluding those committed outside city boundaries.
- Potential incompleteness of police data on number of offenders involved in each burglary.","No","None stated","No explicit computational constraints reported.","The authors used approximations based on neighbourhood centroids to calculate distances due to computational feasibility concerns, ensuring consistency in measuring distances to all potential target neighbourhoods.","None stated","No explicit suggestion of alternative spatial units found.","No alternative units discussed.","1996-2004","1996–2004","Swing The Hague → 1996–2004","""All neighbourhood variables are available for each year in the study period 1996–2004."" (p. 148)","1. Police records of the police force servicing the greater The Hague area (incident and suspect data)
2. Office of Urban Development information system (Swing The Hague)
3. Real estate registration of the city of The Hague (property values and ownership data)
4. Statistics Netherlands biannual digital publications (income data)
5. Citizen registration of the city of The Hague (ethnic origin and residential mobility data)""","5",5,"residential burglary","Single crime type","1,174","Conditional Logit Model","1. Affluence 2. Physical accessibility 3. Social disorganisation 4. Proximity home neighbourhood 5. Own neighbourhood 6. Proximity city center 7. Number of properties","7","Not mentioned (the paper does not provide specific model fit statistics or goodness-of-fit measures)","Proximity to the home neighbourhood: 1.49 (significant)
- Physical accessibility: significant
- Home neighbourhood: significant
- Affluence: not significant
- Social disorganisation: not significant
- Proximity to the city centre: not significant","Not mentioned (the paper does not provide specific confidence intervals for the model coefficients)","Proximity to home neighbourhood: 1.49 (multiplicative effect on probability)
- Physical accessibility: significant effect (no specific value provided)
- Proximity: significant effect (no specific value provided)","Yes","Not mentioned (the paper does not specify the software used for data analysis)","No","No MAUP discussion present.","Yes","The author conducted a sensitivity check by re-estimating the model with an alternative parameter value for intra-neighbourhood distances. By comparing the results of the non-zero distance calculation against a zero-distance specification, the author verified that the preference for the ""own neighbourhood"" remained statistically significant and stable. Additionally, the author performed ""separate analyses"" to ensure that low burglary detection rates did not systematically bias findings related to neighborhood characteristics.","Not mentioned.","",NA
"Crime Feeds on Legal Activities: Daily Mobility Flows Help to Explain Thieves' Target Location Choices","Guangwen Song, Wim Bernasco, Lin Liu, Luzi Xiao, Suhong Zhou, Weiwei Liao",2009,"China","ZG City","~ 3000 square kilometers","Census units","1.62","square kilometres","1616","5956","Yes","The study performs spatial aggregation by transforming individual-level, geocoded mobile phone trajectory data into community-level mobility flow matrices. These flows summarize movements between pairs of communities, representing a deliberate aggregation of fine-scale behavioral data into coarser spatial units for analysis.

Although counts of facilities (e.g., schools, restaurants) are computed at the community level, this reflects data availability constraints and standard preprocessing rather than spatial aggregation. The aggregation decision relevant here concerns the construction of mobility flows from individual trajectories, which constitutes true spatial aggregation.","The authors chose census units as their spatial unit of analysis because they are similar in size to those used in comparable studies, ensuring consistency and comparability. Census units are approximately equally sized and relatively homogeneous in terms of population composition. Additionally, using census units avoids the need to estimate spillover effects and allows for the aggregation of crime generators at the same spatial resolution, which is necessary for theoretical consistency and practical analysis.","Theory, Previous research, and Method ","No","No","None stated","No spatial-unit–related data limitation explicitly stated.","The choice of census units was influenced by their size and homogeneity, similar to comparable studies.
- The use of census units avoided estimating spillover effects, a practical advantage but also a limitation.
- Significant variation in census unit size and population could affect analysis.
- 275 census units were excluded due to limited mobile phone network coverage.
- Privacy concerns led to the use of aggregated data, potentially limiting detail and precision.","No","None stated","No explicit computational constraints reported.","No computational constraints mentioned.","None stated","No explicit suggestion of alternative spatial units found.","Alternative units considered but not used include census blocks and street blocks. These were rejected because using them would require estimating spillover effects, which added complexity to the analysis.","June 1st, 2014 - May 30th, 2016 (excluding February 2015 and 2016); Mobile phone data collected on December 28, 2016","2014–2016","Mobile phone → 2016; POI → 2014","""routes taken by the mobile phones... on Wednesday, December 28, 2016"" (p. 843); ""POIs in ZG city were collected in 2014."" (p. 841)","1. Police records of registered theft from the person (TFP) incidents (including offender home addresses and incident locations)
2. Mobile phone cellular signaling tracking data provided by a major Chinese telecommunications service provider
3. Points of Interest (POI) dataset (schools, hospitals, businesses, and transit facilities) purchased from the mapping company Daodaotong
4. Administrative census records and Hukou household registration data (population size and non-local proportion per tract)","4",4,"theft from the person (TFP)","Single crime type","3,436","Conditional Logit Model","1. Primary schools2. Middle schools3. Hospitals4. Basic stores5. Markets6. Supermarkets7. Restaurants8. Cinemas9. Bars10. Banks11. Subway stations12. Bus stops13. Nonlocal proportion14. Distance (ln(km))15. Relative Mobility flow (ln)","15","McFadden's Pseudo R-squared: Model 2 = 0.301, Model 1 = 0.298
- Akaike's information criterion (AIC): Significant decrease from Model 1 to Model 2
- Bayesian information criterion (BIC): Significant decrease from Model 1 to Model 2","Schools: Not significant
- Markets: Not significant
- Bars: Not significant
- Subway stations: Increases odds by 57.0%
- Cinemas: Increases odds by 15.4%
- Hospitals: Increases odds by 13.5%
- Basic stores: Less influential
- Restaurants: Less influential
- Bus stops: Less influential
- Proportion of non-locals: Increases odds by 19.8%
- Distance: Strong positive effect
- Mobility flows: Significant positive effect","Not mentioned (the paper does not provide explicit confidence intervals for the model coefficients or parameter estimates)","Subway stations: OR = 57.0%
- Cinemas: OR = 15.4%
- Hospitals: OR = 13.5%
- Proportion of non-locals: OR = 19.8%
- Distance: Strong positive effect, no specific OR value provided
- Mobility flows: Significant increase in odds, no specific OR value provided","1","Not mentioned (the paper does not specify the software used for data analysis)","No","The authors justify the selection of the census unit as the spatial unit of analysis based on its comparability to prior studies and the practical advantage of avoiding the need to estimate spillover effects. However, the text does not explicitly name or substantively discuss the Modifiable Areal Unit Problem (MAUP), aggregation bias, scale effects, zoning effects, or the ecological fallacy.","Yes","The authors performed a robustness check by re-estimating the model using an alternative sample (including a random member from co-offending groups rather than just solitary offenders) and also tested an alternative specification for their primary mobility variable (absolute vs. relative flow), reporting that results remained stable.","No","",NA
"Discrete choice analysis of spatial attack sites","Michael A Smith, Ae D E Brown, Donald E Brown",2007,"United States","Richmond","Not specified -> can't this be calculated? 158.94 square kilometers. It should be 156.64","Grid cells","170 meters x 191 meters","","4895","Not specified","Yes","The researchers took a continuous geographic space (individual points) and deliberately discretized it into a regular grid of 4,895 centroids to serve as the choice set. Moving from specific point coordinates to a coarser grid to make the analysis computationally manageable is the act of spatial aggregation defined in your instructions
.","The authors justify their choice of spatial unit size by ensuring it is fine enough to capture the variance of spatial features. For areally aggregated features, a finer resolution than the aggregation area is unnecessary. For proximity measures, the inter-centroid spacing should be smaller than the minimum distance between key locations. The grid resolution was set to 170 meters north-south and 191 meters east-west to balance detail and computational complexity.","Method","No","Yes","Privacy / aggregation requirement","""Aggregation requirements due to demographic data at census block group level"" (p. 1053)","Focus on breaking and entering crimes in Richmond, VA, limiting generalizability to other crimes or locations.
- Data restricted to residential crimes in the third quarter of 1997, limiting temporal and spatial scope.
- Administrative boundary constraints due to grid circumscribing city limits.
- Grid resolution determined by inter-centroid spacing, affecting spatial analysis precision.
- Aggregation requirements due to demographic data at census block group level, with potential multicollinearity issues.","No","None stated","No explicit computational constraints reported.","The authors mention that the grid resolution must be fine enough to capture spatial feature variance, and the choice of grid size and inter-centroid spacing suggests a balance between detail and computational feasibility. No explicit computational constraints like memory limitations or processing time are mentioned.","None stated","No explicit suggestion of alternative spatial units found.","No alternative units discussed. The paper mentions considering different grid resolutions based on the nature of features used but does not specify other alternative units or scales that were considered but not used.","Third quarter of 1997","1997","None stated","Not reported.","1. Richmond City Records Management Center breaking and entering crime records2. Publicly available GIS layers (geographic features and proximity measurements)3. Census information and demographic profile variables (census block group level)","3",2,"residential burglary","Single crime type","637","Multinomial Logit with Spatial Hierarchy Model","1. log(k̂) (Spatial hierarchy term / Spatial kernel density estimate)2. u13 (Proximity measurement)3. u18 (Proximity measurement)4. u19 (Proximity measurement)5. u30 (Distance to the nearest federal highway)6. u38 (Demographic profile variable)7. u46 (Demographic profile variable)8. u52 (Demographic profile variable)9. u53 (Demographic profile variable)10. u58 (Demographic profile variable)11. u62 (Demographic profile variable)12. u66 (Population density)","12","Log likelihood: Mentioned as part of the model estimation process.
- Student's t test: Used to test for significance of feature coefficients.
- Mean selection site percentile score: Custom metric used to evaluate model performance.
- Paired t test: Used to compare the relative effectiveness of different models.","u 30: Negative coefficient (exact value not provided)
- u 66: Positive coefficient (exact value not provided)","Not mentioned (the paper does not provide explicit confidence intervals for model coefficients or parameter estimates)","Not mentioned (the paper does not provide specific effect sizes, odds ratios, or standardized coefficients for the independent variables) -> maybe check tables in article?","4","R software package (Team 2004)","No","No MAUP discussion present (the paper implies consideration for scale effects but does not explicitly discuss MAUP or ecological fallacy)","Yes","The authors conduct sensitivity and alternative-specification analyses by testing model performance across a range of 23 different predictor counts (parameter $k$) using cross-validation to identify the most stable and parsimonious specification. They further validate their findings by comparing the standard multinomial logit model against an alternative spatial hierarchy specification and a traditional hot spot (KDE) model, using paired t-tests to verify that the performance differences between these specifications are statistically significant and robust.","No","",NA
"Divergent Decision-Making in Context: Neighborhood Context Shapes Effects of Physical Disorder and Spatial Knowledge on Burglars' Location Choice","Liang Cai, Guangwen Song, Yanji Zhang",2024,"China","ZG City","1582.616 square kilometers","communities (juweihui or cunweihui)","0.958","square kilometers","1652","5,957","Yes","To measure the spatial knowledge between neighborhoods, we obtain mobility flows from mobile phone usage for the whole month of October 2019 from China Unicom Inc, a major telecom provider in China. The provider has a market share of 24% in the city of ZG. 4 The location information of phone users is registered when a phone call, text, or data-use request is made. During the observation period, 5,367,239 unique users made 325 million trips. On average, each user generated 2.56 trips per day. The individual level data is then aggregate to communities by China Unicom. ","The authors chose communities (juweihui or cunweihui) as their unit of analysis because they are the smallest administrative units for which population census and major survey data are collected, ensuring data availability and consistency. These communities have relatively high resident homogeneity, making them theoretically justified as cohesive social and demographic entities. The choice is also comparable to previous studies in terms of geographic and population sizes, indicating a practical consideration for consistency with existing research.","Theory, previous research, and data availability","Yes","Yes","Data only available at this unit","""Communities are the smallest administrative unit where population census and major survey data are collected."" (p. 31/1086)","Geographical scope limited to the central urban area due to availability of street view images.
- Administrative boundary constraints: use of communities as the smallest administrative unit for census and survey data.
- Data availability issue: exclusion of communities without street view images.
- Potential limitations in considering other neighborhood structural conditions like social cohesion and ecological networks.","Yes","Software / hardware limitation","""disaggregating the unit of analysis to smaller units is not computationally viable."" (p. 1136)","No computational constraints mentioned.","None stated","No explicit suggestion of alternative spatial units found.","No alternative units discussed.","Crime data: 2017-2018
- Mobility flow data: October 2019
- Point of interest data: 2016
- Socio-demographic data: 2010","2017–2018","Mobile signaling → 2019; POI → 2016; Census → 2010; SVIs → 2015–2019","""mobility flows... for the whole month of October 2019"" (p. 1065); ""point of interest data of 2016"" (p. 1066); ""socio-demographic characteristics come from the 2010 sixth national census"" (p. 1066); ""107,858 street view images recorded between 2015 and 2019"" (p. 1070)","1. Police arrest records (burglary cases between 2017 and 2018 in the city of ZG)2. China Unicom mobile phone mobility data3. Baidu Map street view images4. Point of interest (POI) data (including bus stops, subway stations, parks, and entertainment venues)5. 2010 sixth national census of China","5",5,"Burglary","Single crime type","1,972","Conditional Logit","1. Target neighborhood concentrated disadvantage status2. Spatial knowledge (Mobility flow)3. Physical disorder (Observed or Perceived measures)4. Interaction: Target disadvantage × Spatial knowledge5. Interaction: Target disadvantage × Physical disorder6. Interaction: Spatial knowledge × Physical disorder7. Interaction: Target disadvantage × Spatial knowledge × Physical disorder8. Euclidean distance (log)9. Population size (log)10. Proportion of buildings built post-200011. Proportion of high-rise buildings (9+ floors)12. Number of subway stations13. Number of bus stops14. Number of parks15. Number of entertainment venues","15","Not mentioned (the paper does not explicitly report specific model fit statistics such as log-likelihood, pseudo R-squared, McFadden's R-squared, AIC, BIC, or chi-square statistics)","Distance: OR = 0.325 and 0.326 for Non-Dis-residing burglars; OR ranges between 0.299 and 0.300 for Dis-residing burglars
- Population size: OR = 98.6%-100.9% increase for Non-Dis-residing burglars; OR = 78.7%-82.2% increase for Dis-residing burglars
- Newer buildings: OR > 2.4 for both groups
- High-rise buildings: OR = 0.177 for Dis-residing burglars
- Subway stations: OR = 20% increase for Non-Dis-residing burglars; OR > 80% increase for Dis-residing burglars
- Bus stops: OR = 1.2% increase for Non-Dis-residing burglars; OR = 1.6% increase for Dis-residing burglars
- Parks: OR = 0.05 for Dis-residing burglars
- Entertainment venues: OR = 4% increase for Non-Dis-residing burglars","Not mentioned (the paper does not provide specific numerical values for confidence intervals)","Distance from burglar's home: OR = 0.325 and 0.326 for Non-Dis-residing burglars
- Population increase: OR = 98.6%-100.9% for Non-Dis-residing burglars, 78.7%-82.2% for Dis-residing burglars
- Newer buildings: OR > 2.4 for both groups
- High-rise buildings: OR = 0.177 for Dis-residing burglars
- Subway stations: 20% increase for Non-Dis burglars, over 80% increase for Dis burglars
- Bus stops: 1.2% increase for Non-Dis burglars, 1.6% increase for Dis burglars
- Entertainment venues: 4% higher odds for Non-Dis-residing burglars","1","Not mentioned (the paper does not specify the software or tools used for data analysis)","Yes","The authors explicitly discuss the ecological fallacy in relation to using aggregate mobility flows as a proxy for individual spatial knowledge. Additionally, they substantively address the modifiable areal unit problem (referred to as the ""modifiable geographic unit area problem"") by justifying their choice of community-level aggregation for physical disorder data.","Yes","The authors conduct alternative-specification analysis by estimating models using two distinct operationalizations of their key independent variable: ""observed physical disorder"" and ""perceived disorder,"" noting that the results are ""highly similar"". They also perform a robustness check by providing an appendix with models that exclude the three-way interaction terms to demonstrate the stability of their primary analysis. Finally, they conduct an explicit test (variance decomposition) to evaluate whether their results are stable across different spatial scales/units, specifically to address and limit the risk of the modifiable areal unit problem (MAUP).","No","",NA
"Do juvenile, young adult, and adult offenders target different places in the Chinese context?","Dongping Long, Lin Liu",2022,"China","ZG City","3193.03 square kilometers","neighborhoods","1.62","square kilometers","1971","~7,559","No","","The authors chose neighborhood units as their spatial unit size, with an average area of 1.62 km 2, likely due to practical considerations such as using existing administrative boundaries for data analysis and to examine local crime patterns. Theoretical justifications or references to previous research for this choice are not explicitly mentioned in the paper.","Previous research and data availability","No","No","None stated","No spatial-unit–related data limitation explicitly stated.","Confidentiality requirements: The data used in the study is confidential, which may limit the availability or detail of the data.
- Administrative boundary constraints: The study is confined to ZG City, which could limit the spatial units to those within this administrative boundary.
- Data aggregation requirements: The use of neighborhood units as spatial units might be due to data aggregation requirements or the way data is collected and processed.","No","None stated","No explicit computational constraints reported.","No computational constraints mentioned.","None stated","No explicit suggestion of alternative spatial units found.","No alternative units discussed.","2012-2016","2012–2016","Census → 2010; POI → 2014","""generated from the census data of ZG City"" (p. 1158); ""used the ZG City's POI data for constructing routine activity nodes variables"" (p. 1156, 1213)","1. ZG City Public Security Bureau crime data (2012–2016)2. ZG City Point of Interest (POI) data3. ZG City census data","3",3,"street robbery","Single crime type","4,358","Conditional Logit","1. Bars and clubs2. Cybercafés3. Schools4. Transportation hubs5. Wholesale markets6. Migrants proportion7. Young adults proportion8. Euclidean distance (log)9. Malls and supermarkets10. Bus stops11. Subway stations12. Car parks","12","Pseudo R-squared value > 0.20","CybercafÃ©s: OR = 1.070 (juvenile), OR = 1.092 (young adult), OR = (not significant for adult)
- Transportation hubs: OR = 1.035 (young adult), OR = 1.075 (adult), OR = (not significant for juvenile)
- Young adults proportion: OR = 0.976 (juvenile), OR = 1.051 (young adult), OR = 1.051 (adult)
- Distance of journey to crime: OR = 0.194 (juvenile), OR = 0.212 (young adult), OR = 0.227 (adult)
- Wholesale markets: Effect present but no variation by age
- Migrants' proportion: Effect consistent with wholesale markets","95% CI: Not explicitly provided in the text, but mentioned as included in Table 3.","CybercafÃ©s: OR = 1.070 (juvenile), OR = 1.092 (young adult)
- Transportation hubs: OR = 1.035 (young adult), OR = 1.075 (adult)
- Young adults proportion: OR = 0.976 (juvenile), OR = 1.051 (adult)
- Schools: OR = 1.162 (juvenile), OR = 1.101 (young adult), OR = 1.098 (adult)
- Distance of journey to crime: OR = 0.194 (juvenile), OR = 0.212 (young adult), OR = 0.227 (adult)","1","Not mentioned (the paper does not specify the software used for data analysis)","No","No MAUP discussion present.","No","no","NO","",NA
"Do Migrant and Native Robbers Target Different Places?","Liu",2021,"China","ZG City","3193.03 square kilometers","neighborhoods","1.62","square kilometers","1971","~7,559","No","","The authors chose neighborhoods as their spatial unit size or type because it aligns with the availability of data from ZG City's Public Security Department and allows for the analysis of crime patterns and environmental influences at a local level. The average area of 1.62 square kilometers per neighborhood suggests a focus on detailed spatial analysis within these defined areas.","Data availability and administrative convenience","No","No","None stated","No spatial-unit–related data limitation explicitly stated.","Data availability issues: Exclusion of records due to residence outside the study area or unknown residence.
- Confidentiality requirements: Use of 'pinyin' codes instead of actual place names; limited agreement and restrictions on disclosing crime and mobile phone data sources and details.","No","None stated","No explicit computational constraints reported.","No computational constraints mentioned.","None stated","No explicit suggestion of alternative spatial units found.","No alternative units discussed.","Arrest data: 2012 to 2016
- POI data: 2014
- Traffic road network vector map data: 2014
- Bus stop data: 2015
- Mobile phone data: May 12-18, 2016
- Census data: 2010","2012–2016","POI → 2014; Mobile phone → 2016; Census → 2010","""2014 POI data... 12 to 18 May 2016 ZG City’s mobile phone data and the sixth census data of ZG city in 2010"" (p. 1213)","1. ZG City Public Security Department arrest data (2012–2016)2. Sixth census data of ZG City (2010)3. Daodaotong Map Point of Interest (POI) data (2014)4. Daodaotong Map traffic road network vector map data (2014)5. Baidu API bus stop data (2015)6. ZG City mobile phone data (May 2016)","6",4,"street robbery","Single crime type","1,416","Conditional Logit","1. Malls and supermarkets2. Grocers3. Wholesale markets4. Bars and clubs5. Sports stadiums6. High schools7. ATMs and banks8. Carparks9. Bus stops10. Transportation hubs11. Subway stations12. Density of road network13. Proportion of migrants14. Proportion of youngsters15. Socioeconomic heterogeneity16. Daily human mobility17. Detection rate18. Log distance","18","Pseudo R-squared values for both models are greater than 0.25, indicating strong explanatory power and good model fit.","Wholesale markets: OR = 1.147 (migrant), OR = 1.018 (native)
- Sports stadiums: OR = 0.816 (migrant), OR = 1.016 (native)
- Transportation hubs: OR = 1.052 (migrant), OR = 1.018 (native)
- Subway stations: OR = 1.038 (migrant), OR = 1.022 (native)
- Proportion of migrants: OR = 1.043 (migrant), OR = 0.377 (native)
- Distance of journey to crime: Significant negative influence (no specific OR value provided)","Not mentioned (the paper does not provide confidence intervals for the model coefficients or parameter estimates)","Wholesale markets: OR = 1.147 for migrant robbers (p < 0.001), OR = 1.018 for native robbers (p > 0.05)
- Sports stadiums: OR = 0.816 for migrant robbers (p < 0.01), OR = 1.016 for native robbers (p > 0.05)
- Transportation hubs: OR = 1.052 for migrant robbers (p < 0.01), OR = 1.018 for native robbers (p > 0.05)
- Subway stations: OR = 1.038 for migrant robbers (p < 0.000), OR = 1.022 for native robbers (p > 0.05)
- Proportion of migrants: OR = 1.043 for migrant robbers (p < 0.001), OR = 0.377 for native robbers (p < 0.001)","1","Stata 13.0","No","No MAUP discussion present.","Yes","The authors conducted a robustness check by comparing their analytical sample (a random subsample of 708 migrants) against the total migrant population (N=3,650). They explicitly confirmed the stability of the results by noting that the spatial patterns were similar and that the statistical findings of the ""sampling model"" were consistent with the ""overall model"" run for the full sample.","NO","",NA
"Do Street Robbery Location Choices Vary Over Time of Day or Day of Week? A Test in Chicago","Wim Bernasco, Stijn Ruiter, Richard Block",2016,"United States","Chicago","Not specified","Census blocks","19,680 m² (approximately 140 m 140 m)","","24594","117.75","No","Geocoded robbery incidents are simply assigned to pre-existing census blocks and counted, which constitutes routine geocoding and standard preprocessing rather than spatial aggregation. The study does not collapse finer-scale analytical units into coarser ones, so the use of census blocks reflects unit selection, not deliberate spatial aggregation.","The authors chose census blocks as their spatial unit of analysis because they are a fine-grained unit that allows for detailed analysis of spatial patterns, they are aligned with data collection practices, and they can capture local variations in crime rates and environmental characteristics. The high geocoding success rate and the inclusion of all census blocks, regardless of residential function, further justify this choice.","Data availability and previous research","No","No","None stated","No spatial-unit–related data limitation explicitly stated.","Limited to cleared robberies due to availability of offender addresses.
- Exclusion of robberies committed by non-residents of Chicago.
- Exclusion of robberies on expressways and college campuses due to different law enforcement jurisdictions.
- Lack of information on business opening and closing hours.
- Use of time as a proxy for physical presence and business hours.","Yes","Memory limitation","""sample sizes were chosen to maximally use the computer’s memory resources."" (p. 257)","Memory constraints: Sample sizes were chosen to maximize computer memory resources.
- Processing time constraints: Two-hour blocks were chosen over one-hour blocks for efficiency in presenting results and statistical power.
- Computational feasibility concerns: Including lagged effects would have doubled the number of model estimates, which was deemed computationally unfeasible.
- Software limitations: The need to balance computational resources with the complexity of the analysis led to prioritizing temporal over spatial complexity.","block groups, or blocks","""it might be advisable to use smaller units of spatial aggregation... a more refined spatial scale, block groups, or blocks may yield improved insights"" (p. 265)","No alternative units discussed.","1996 to 1998","1996–1998","Marketing info → 1996–1998; Census → 2000","""Claritas on businesses... during the same period the crime data were recorded"" (p. 254); ""U.S. 2000 Census."" (p. 256)","1. Chicago Police Department robbery incident data (1996–1998)2. Chicago Police Department illegal activity (drugs, prostitution, and gambling) incident files (1996–1998)3. U.S. 2000 Census population and demographic data4. Claritas (Nielsen) business/marketing dataset (1996–1998)5. Chicago Public Schools high school lists","5",5,"Street robbery","Single crime type","12,938","Conditional Logit Model","1. Bars and clubs2. Restaurants, food stands, etc.3. Barbers and beauty salons4. Liquor stores5. Grocery stores6. General merchandise stores7. Gas stations8. Laundromats9. Currency exchange and pawnshops10. Drug-related incidents11. Prostitution-related incidents12. Gambling-related incidents13. Main streets14. El stations15. High schools16. Total population17. Ethnic majority (Offender-block racial/ethnic concordance)18. Proximity (Negative log distance)","18","Model: Conditional Logit Model
- Fit Statistics: Odds ratios and 95% confidence intervals
- Performance Metrics: Bootstrapping for robust estimates","Restaurants and fast-food outlets: Odds ratios ranging from 1.15 to 1.37
- Liquor stores: Odds ratios between 1.04 and 1.54
- High schools: Strong temporal variation in location preference
- Other variables: Detailed coefficients are in Appendix Tables A1 and A2","95% CI: [lower bound, upper bound] as reported in Appendix Tables A1 and A2","Restaurants and fast-food outlets: Odds ratios range from 1.15 to 1.37.
- Liquor stores: Odds ratios range from 1.04 to 1.54.
- High schools: Statistically significant positive effects during school hours (6 a.m. to 4 p.m.), nonsignificant negative effects outside these hours.","1","Not mentioned (the paper does not specify the software used for data analysis)","yes","The authors explicitly mention the modifiable areal unit problem (MAUP) by name in the footnotes of the paper. While they use it to draw a parallel to the choice of temporal bandwidths, they acknowledge it as a significant geographic problem and explicitly defer its exploration to future research due to space constraints.","yes","The authors performed a robustness check by employing a bootstrapping technique where they re-estimated their models 10 times using different random samples of alternative census blocks. This approach was explicitly used to ensure that the parameter estimates were not artifacts of a single random sample and to provide more conservative standard errors by accounting for the variance between different iterations of the sampled choice sets.","No","",NA
"EFFECTS OF ATTRACTIVENESS, OPPORTUNITY AND ACCESSIBILITY TO BURGLARS ON RESIDENTIAL BURGLARY RATES OF URBAN NEIGHBORHOODS","Wim Bernasco, Floor Luykx",2003,"Netherlands","The Hague","57.85 square kilometers","neighborhoods","0.65","square kilometers","89","4950 residents","No","","The authors justify the use of neighborhoods as the spatial unit by referencing the long-standing tradition in criminology of studying neighborhood features related to attractiveness and opportunity. They also explain that burglars follow a hierarchical decision process, first selecting an area and then a specific object, which supports the use of neighborhoods as a relevant spatial unit for analysis. The study uses data from 89 neighborhoods in The Hague, which are defined by their residential characteristics, indicating a practical consideration for using existing administrative boundaries.","Theory, previous research, and data availability","No","No","None stated","No spatial-unit–related data limitation explicitly stated.","Data availability issues: Limited data on burglars living outside The Hague.
- Administrative boundary constraints: Analysis is spatially truncated at The Hague city boundaries.
- Aggregation requirements: Data aggregated at the neighborhood level.
- Statistical disclosure controls: Use of police records for offender data.","No","None stated","No explicit computational constraints reported.","No computational constraints mentioned.","None stated","No explicit suggestion of alternative spatial units found.","No alternative units discussed.","1996-2001","1996–2001","Mobility → 1996–1999; Real estate → 1993, 1996–1999","""calculated for each of the years 1996-1999 separately"" (p. 989); ""estimated value... for the years 1996–1998 and for 2000–2001"" (p. 989)","1. Police force of Haaglanden (burglary incident registers and offender home address information system).2. Municipality of The Hague, Municipal Agency for Urban Development (DSO) statistical publication and administrative records (Kerncijfers Wonen/Residential Statistics).","2",2,"residential burglary","Single crime type","26,000","regression models","1. SWEBER (Spatially weighted burglar exposition rate)2. Proximity to Central Business District (CBD)3. Residential mobility4. Ethnic heterogeneity5. Average value of residential units6. Home ownership","6","Model 1: Explained variance = 60%
- Model 2: Explained variance = 73%, Moran's I statistic = non-significant
- Model 3: Explained variance = 84%, Moran's I statistic = non-significant","Not mentioned (the paper does not provide specific numerical coefficient values for the independent variables in the statistical models)","Not mentioned (the paper does not provide specific confidence intervals for model coefficients or parameter estimates)","Model 1: 60% of variation in burglary rates explained by proximity to burglars (SWEBER measure)
- Model 2: Significant shared variance between proximity to burglars and proximity to CBD
- Model 3: 84% of variation in burglary rates explained by all variables
- Standardized effect of proximity to burglars' homes is larger than any other variable in Model 3","2","Not mentioned (the paper does not specify the software used for data analysis)","No","While the authors utilize neighborhoods as their spatial unit and conduct tests for spatial autocorrelation (Moran’s I) to identify spatial dependence in the model residuals,, they do not link these issues to the Modifiable Areal Unit Problem (MAUP), unit choice, or aggregation bias. There is no explicit mention of the ecological fallacy, scale effects, or zoning effects within the text.","Yes","The authors conducted extensive sensitivity and alternative-specification analyses to ensure their findings were robust. They explicitly re-estimated their models using alternative definitions for the burglar population ($M_i$), tested the stability of their results against different functional forms for distance decay (parameter values), utilized alternative spatial weight matrices (rooks vs. queens criterion) for spatial autocorrelation tests, and confirmed that alternative measures of independent variables like ethnic heterogeneity produced consistent results. In all cases, the authors reported that the results were stable and remained virtually unchanged under these alternative specifications.","Expand geographic scale and refine spatial measurement. The authors suggest expanding the study's scale beyond administrative city boundaries to include adjacent municipalities and adapting the spatial accessibility measure (SWEBER) to incorporate non-Euclidean pathways, physical barriers, and alternative spatial anchor points (e.g., activity nodes).","",NA
"Effects of residential history on commercial robbers' crime location choices","Wim Bernasco, Thessa Kooistra",2010,"Netherlands","Nationwide","Not specified (the study covers the entire Netherlands, but no specific total area is mentioned)","Postal code areas","Not specified","","4006","4900","No","","The authors justify the use of postal code areas as their spatial unit because these areas approximate the familiar environment of individuals, have minimal physical travel restrictions, and invite local travel, which aligns with the concept of awareness space in crime pattern theory. Additionally, postal code areas are practical for analysis due to their existing administrative boundaries and availability of demographic and economic data.","Theory and Data availability","No","No","None stated","No spatial-unit–related data limitation explicitly stated.","Limited sample size affecting statistical significance
- Homogeneous sample limiting generalizability
- Potential inaccuracies in official residential histories
- Reliance on government systems for data
- Conservative estimates due to data unreliability","No","None stated","No explicit computational constraints reported.","No computational constraints mentioned.","None stated","No explicit suggestion of alternative spatial units found.","No alternative units discussed.","2004-2005","2004–2005","Citizen Information System → 1992 onwards","""GBA system allows the reconstruction of the residential histories... from 1992 onward."" (p. 256)","1. National Commercial Robbery Registration System (LORS)2. Nationwide Citizen Information System (GBA)3. National Postal Code Database","3",3,"Commercial robbery","Single crime type","276","Conditional Logit Model","1. Distance (km) 2. Current area of residence 3. Former area of residence 4. Total area covered by retail businesses 5. Distance to nearest highway ramp 6. Average real estate property value 7. Number of residents (population size) 8. Population density 9. Population percentage aged 15–25 10. Population percentage born abroad 11. Population percentage single","13","Not mentioned (the paper does not provide specific model fit statistics or goodness-of-fit measures)","Area where the offender lives: 11.6
- Distance: 0.91
- Current residence duration >2 years: 15.3
- Current residence duration <2 years: 9.5
- Former residence: 8.3
- Former residence duration >2 years: 10.3
- Former residence duration <2 years: 6.9
- Recency of former residence <2 years ago: 13.0
- Recency of former residence >2 years ago: 6.7
- Combined effect of long and recent former residence: 17.0","Not mentioned (the paper does not provide confidence intervals for the model coefficients or parameter estimates)","Area where the offender lives: 11.6 times more likely
- Current area of residence with long-term experience: 15.3 times more likely
- Current area of residence with short-term experience: 9.5 times more likely
- Former residential areas: 8.3 times more likely
- Former areas with long-term residence: 10.3 times more likely
- Former areas with short-term residence: 6.9 times more likely
- Former areas left recently: 13.0 times more likely
- Former areas left less recently: 6.7 times more likely
- Areas of long and recent residence: 17.0 times more likely","2","Not mentioned (the paper does not specify the software or programming tools used for data analysis)","No","The authors justify their use of postal code areas as the spatial unit of analysis by stating they approximate the area of an individual's awareness space. However, they do not explicitly or substantively discuss the Modifiable Areal Unit Problem (MAUP), aggregation bias, scale effects, or zoning effects. The discussion focuses on the reliability of residential history data and the theoretical implications of the results rather than the statistical issues related to the choice of spatial units.","yes","The authors conducted a sensitivity analysis by re-estimating their models using alternative thresholds for the duration and recency variables. Although they initially chose a 2-year cutoff, they tested 16 different combinations using thresholds of 1, 2, 3, and 5 years to ensure the findings were not dependent on an arbitrary parameter choice, confirming that the results remained consistent across these specifications,.","Broaden the spatial measurement of awareness space to include a wider array of activity nodes and the habitual routes (paths) between them, rather than relying solely on residential history.","",NA
"Familiar Locations and Similar Activities: Examining the Contributions of Reliable and Relevant Knowledge in Offenders' Crime Location Choices","Sophie Curtis-Ham, Wim Bernasco, Oleg N Medvedev, Devon L L Polaschek",2025,"New Zealand","Nationwide","Not specified","Statistical Area 2 (SA2s)/neighborhoods","1.2 square kilometers (median), range: 0.84 to 2.2 square kilometers","","2153","2,000-4,000 residents (1,000-3,000 in rural areas)","No","","The authors chose Statistical Area 2 (SA2) as their spatial unit because it is consistent with previous studies, provides a suitable population base, and balances the risks of ignoring spatial spill-over and spatial heterogeneity. This choice allows for the examination of meso-level spatial choices and includes attributes from surrounding areas to address potential spill-over issues.","Theory and previous research","No","No","None stated","No spatial-unit–related data limitation explicitly stated.","Computational limitations due to large dataset size required sampling.
- Data did not capture all pre-offense activity locations.
- Proxies were used for offenders' knowledge, which may not be direct measures.
- Method for filling in missing data introduced imprecision.
- Overestimation of frequency for certain activity locations.
- Emphasis on general patterns over specific effect sizes due to these limitations.","Yes","Software / hardware limitation","""yield almost 37 million rows for the 17,054 residential burglaries, presenting a computational barrier given the computing equipment available for this project."" (p. 11)","The authors faced a computational barrier due to the large number of rows (almost 37 million) that would be generated if all SA2s were included for each offender. This led to the use of stratified importance sampling to reduce the number of alternatives, indicating concerns about computational feasibility and processing power or memory limitations.","None stated","No explicit suggestion of alternative spatial units found.","Alternative units considered but not used include 200 mÃ—200 m grid cells, census blocks, and neighborhoods identified by postcodes. These were not selected because the authors chose SA2s for their balance between spatial spill-over and heterogeneity, and for consistency with previous studies.","2009-2018","2004–2018","Census/Business → 2018","""Census 2018 data were used... Business demography... 2018 was used"" (p. 15, 1511)","1. New Zealand Police National Intelligence Application (NIA)2. NZ Statistics Census data3. Business Demography data4. Statistics NZ Datafinder (2018 SA2 shapefiles)5. Time-use surveys (referenced for activity frequency/timing)","5",2,"residential burglary; non-residential burglary; commercial robbery; personal robbery; extra-familial sex offenses","Multiple crime types","38,120","Conditional Logit Model","1. Combined reliability and relevance of spatial knowledge (Categorical variable combining familiarity factors and activity similarity) 2. Distance to nearest activity node (Spatial proximity predictor) 3. Crime opportunity (Target distribution/density control)","3","Pseudo R-squared values ranging from 0.27 to 0.36
- Wald statistics","Not mentioned (the paper does not provide specific numerical coefficient values for the independent variables in the statistical model within the text itself)","Residential burglary: 95% CI: 1.05-1.06
- Non-residential burglary: 95% CI: 1.10-1.11
- Commercial robbery: 95% CI: 1.10-1.12
- Personal robbery: 95% CI: 1.10-1.11
- Sex offenses: 95% CI: 1.07-1.09","Odds ratios (ORs) for activity nodes with high reliability and high relevance: Not explicitly provided in the text, but mentioned as being significantly higher than for other categories.
- ORs for opportunity variables:
  - Residential burglary: 1.06 (95% CI: 1.05-1.06)
  - Non-residential burglary: 1.11 (95% CI: 1.10-1.11)
  - Commercial robbery: 1.11 (95% CI: 1.10-1.12)
  - Personal robbery: 1.11 (95% CI: 1.10-1.11)
  - Sex offenses: 1.08 (95% CI: 1.07-1.09)","1","Not mentioned (the paper does not specify the software or programming tools used for data analysis)","No","The authors justify their choice of ""Statistical Area 2"" (SA2) as the ""level of spatial aggregation"" by stating it ""balances the risk of ignoring spatial spill-over... and the risk of ignoring spatial heterogeneity""
. However, the paper does not mention the Modifiable Areal Unit Problem (MAUP) by name, nor does it discuss aggregation bias, zoning effects, or the ecological fallacy. According to the coding rules, descriptive justifications of spatial units—even those mentioning heterogeneity or spill-over—do not qualify as a substantive MAUP discussion if they are not linked to MAUP-related problems.","yes","The authors performed several alternative-specification and robustness checks. They conducted preliminary analyses to ensure variables included in their indices were not redundant and contributed to the model's variance. Additionally, they addressed potential sensitivity to the ""arbitrary"" 50th percentile cutoff used to categorize reliability and relevance by exploring an alternative three-level (high/medium/low) classification to verify if a more granular approach would alter their findings.","Increase spatial measurement precision and granularity by utilizing high-resolution data collection methods and expand the geographic scale of research to other jurisdictions to verify findings.","",NA
"FAMILY MATTERS: EFFECTS OF FAMILY MEMBERS' RESIDENTIAL AREAS ON CRIME LOCATION CHOICE *","Barbara Menting, Marre Lammers, Stijn Ruiter, Wim Bernasco",2016,"Netherlands","The Hague","420.32 square kilometers","Postal code areas","2.96","square kilometers","142","~ 7,000","No","","The authors chose four-digit postal code areas as their spatial unit because these areas are designed to have minimal travel restrictions, are inversely related to urbanization levels, and are familiar to individuals who live or visit them, making them suitable for studying crime location choices.","Theory, previous research, and data availability","No","No","None stated","No spatial-unit–related data limitation explicitly stated.","Limited to the greater The Hague area, which is not representative of the entire Netherlands.
- Does not account for variations in family relationships and dynamics.
- Indirect measurement of awareness spaces based on register data.
- Does not directly measure awareness spaces or account for other activity nodes.
- Generic model does not differentiate between different types of crimes.","No","None stated","No explicit computational constraints reported.","No computational constraints mentioned.","None stated","No explicit suggestion of alternative spatial units found.","No alternative units discussed.","2006-2009","2003–2009","Census/LISA → 2006–2009","""determined for each postal code area for the years 2006–2009."" (p. 1583); ""facilities in the study area in the years 2006–2009."" (p. 1584)","1. The Hague Police Service information system2. Basisregistratie Personen (BRP) population registration data3. Statistics Netherlands census-like statistics4. Ministry of the Interior and Kingdom Relations shapefiles and surface data5. LISA (Landelijk Informatiesysteem Arbeidsplaatsen) business and facility data","5",5,"any-crime-type offences","Multiple crime types","19,420","Conditional Logit Model","1. Residential area of parents2. Residential area of siblings3. Residential area of children4. Residential area of offender5. Distance to current residence of offender6. Previous crime location7. Population density8. Percentage non-Western residents9. Percentage single-person households10. Number of employees11. Number of retail businesses12. Number of hotels, restaurants, and bars13. Number of schools14. Number of health-care facilities15. Number of cultural facilities16. Number of sport and leisure facilities","16","Pseudo-RÂ²: 0.30 to 0.31
- Wald chi-square tests for testing differences between odds ratios","Current residential area of any family member: OR = 1.88
- Former residential area of any family member: OR = 1.37
- Specific ORs for parents, siblings, and children are not provided in the text; they are likely detailed in tables 3 and 4.","Not mentioned (the paper does not provide confidence intervals for model coefficients or parameter estimates)","Odds Ratio (OR) for current residential areas of any family member: 1.88
- Odds Ratio (OR) for former residential areas of any family member: 1.37
- Statistically significant difference between current and former residential areas (Ï‡ 2 (1) = 30.8, p < .001)
- Current residential areas of children have larger ORs compared to parents and siblings","1","Not mentioned (the paper does not specify any software or programming tools used for data analysis)","No","	
The authors justify the selection of ""four-digit postal code areas"" as the unit of analysis by stating they are ""perfectly suited"" for a crime location choice study because of the population's familiarity with these areas
. While they provide descriptive details regarding the average population and surface area of these units, they do not explicitly or substantively discuss the Modifiable Areal Unit Problem (MAUP), aggregation bias, scale effects, or the ecological fallacy","Yes","The authors conducted sensitivity and alternative-specification analyses by performing preliminary tests for variable redundancy and by re-estimating their constructs using alternative thresholds. Specifically, they tested the stability of their findings by moving from a dichotomous ""high/low"" classification to a more granular tripartite (high/medium/low) categorization for the reliability and relevance indices to ensure the results were not merely artifacts of the chosen cut-offs.","Expand the geographical scale of analysis and move beyond discrete spatial units (activity nodes) to incorporate linear paths (routes) between those locations.","",NA
"Formal Evaluation of the Impact of Barriers and Connectors on Residential Burglars' Macro-Level Offending Location Choices","Joseph Clare, John Fernandez, Frank Morgan",2009,"Australia","Perth","1967.16 square kilometers","Suburb (similar to neighborhood in US and Canada)","6.76","square kilometers","291","4,669","No","","The authors chose suburbs as their spatial unit because they are akin to neighborhoods, which aligns with the scale of analysis for residential burglary. This choice is justified by the need to define a relevant choice set for burglars' decision-making, allowing for the examination of physical barriers and connectors. The selection is also influenced by practical considerations such as data availability and relevance to the study area.","Theory, data availability, and method","No","No","None stated","No spatial-unit–related data limitation explicitly stated.","Limited to Perth metropolitan area
- Exclusion of suburbs outside Perth metropolitan area
- Dataset did not allow unique identification of offenders
- Predefined set of 291 residential suburbs
- Complexity in selecting appropriate spatial scale","No","None stated","No explicit computational constraints reported.","No computational constraints mentioned.","artificially constructed and uniform areas","""Future research could seek to minimise the impact of this limitation by using more artificially constructed and uniform areas for this type of analysis."" (p. 153)","The authors suggest considering more artificially constructed and uniform areas as an alternative to the current spatial scale, possibly smaller than neighborhoods, to minimize variations in surface size and better capture crime rate variations.","January 1, 2001, to December 31, 2002","2001–2002","Census → 2001, 2002","""2001 Australian Census"" (p. 147); ""resulting from the 2002 Census"" (p. 148)","1. Western Australian Police residential burglary database (offense and offender records)2. 2001 Australian Census (demographic, mobility, and housing variables)3. ABS CDATA 2001 Release 2 (spatial and geographic data for suburb boundaries and infrastructure)4. ABS Household income and income distribution 2002 (survey data used for affluence variables)","4",2,"Residential burglary","Single crime type","1,761","Conditional Logit","1. River barrier (Boolean), 2. Road barrier (Boolean), 3. Train connector (Boolean), 4. Distance to offender home (moderated by offender age), 5. Suburb income (weekly category), 6. SEIFA index (Advantage–Disadvantage), 7. Residential transience (5-year), 8. Percentage of rental properties, 9. Ethnic heterogeneity (percentage of Indigenous residents moderated by offender ethnicity), 10. Number of residential units","10","McFadden's Ï 2 = 0.27 (full model), McFadden's Ï 2 = 0.29 (restricted model)","Not mentioned (the paper does not provide specific numerical coefficient values for each independent variable in the statistical model)","Not mentioned (the paper does not explicitly provide confidence intervals for the model coefficients)","Odds ratio for train line presence: 2.08 (full model), 2.34 (restricted sample)
- Odds ratio for river barrier: Not explicitly provided in text, but mentioned as significantly reduced likelihood","","Not mentioned (the paper does not specify the software used for data analysis)","No","The authors describe the ""selection of the spatial scale"" as a ""complex problem"" and note that burglary rates can exhibit ""large variations across very small populations and areas"" that are smaller than the suburbs used in their study. They also acknowledge the ""variation in surface size"" between suburbs as a ""limitation"" and suggest future research use ""uniform areas"". However, these points are presented descriptively or as justifications for unit choice rather than as an explicit or substantive discussion of the Modifiable Areal Unit Problem (MAUP), aggregation bias, scale effects, or the ecological fallacy as defined by the strict coding rules.","Yes","The authors conducted a robustness check by re-estimating the discrete spatial choice model using an alternative sample (referred to as a ""restricted choice set"") consisting of 86 suburbs bordering the Swan River. This analysis was performed to verify the stability of the parameter estimates and to investigate whether the inhibitory effect of the river barrier was more pronounced when examined in isolation from suburbs that might already be considered remote due to distance decay.","Use artificially constructed and uniform spatial areas as units of analysis instead of existing administrative boundaries like suburbs.","",NA
"Go where the money is: modeling street robbers' location choices","Wim Bernasco, Richard Block, Stijn Ruiter",2013,"United States - ""Using data on nearly 13,000 robberies, on the approximately 18,000 offenders involved in these robberies, and on the nearly 25,000 census blocks in the city of Chicago, we utilize the discrete choice framework to assess which criteria motivate the location decisions of street robbers.","Chicago","Not specified (the paper does not provide the total area of the study region) ","census blocks","140 m2‚ 140 m 2(19,600 square meters)  should be 19.680 m²","","24594","118","No","","The authors chose census blocks as their spatial unit size because they are smaller than traditional units like census tracts, allowing for finer-grained analysis of crime location choices. This choice is justified by previous research indicating that crime concentrations are often localized to small areas, and it minimizes aggregation bias. The availability of detailed spatial crime data and recommendations from contemporary studies also support this choice. Additionally, the authors consider the potential for spatial spillover effects when analyzing at this scale.","Theory, previous research, data availability, and method","No","No","None stated","No spatial-unit–related data limitation explicitly stated.","The study uses census blocks as the spatial unit of analysis, which is a finer scale than previously used large urban areas or census tracts.
- The selection of census blocks was influenced by their small size and detailed data availability.
- The study excluded blocks with no land and robberies committed outside Chicago city boundaries.
- A limitation of the data was the inability to track offenders across multiple robberies.
- The assumption that robbers have detailed knowledge of all census blocks is a strong one.
- The study did not have access to information on prior crimes or past residential addresses of offenders.","Yes","Processing time","""to solve the computational intractability of parameter estimation... task exceeds the limits of most contemporary computer workstations."" (p. 129-130)","Computational constraint: Estimating the multinomial logit model on the full dataset would require processing 325 million combinations, exceeding the capabilities of most contemporary computer workstations.
- Memory constraint: Computer memory was strictly limited, necessitating the use of a bootstrapping procedure and reducing the sample size for the universal logit model from 6000 to 4000.","None stated","No explicit suggestion of alternative spatial units found.","Street segments and street corners were considered as alternative units but not used; the authors chose census blocks for their analysis to capture fine-grained spatial decisions.","1996-1998","1996–1998","Claritas → 1996–1998; Census → 2000","""Claritas... during the same period the crime data were recorded"" (p. 125); ""U.S. 2000 Census."" (p. 126)","1. Chicago Police Department (CPD) geocoded incident and arrest database2. Claritas business marketing dataset3. Chicago Public Schools (CPS) lists of private and public high schools4. US 2000 Census population and demographic data5. Property tax rolls administrative register","5",5,"Street robbery","Single crime type","6,000","Multinomial Logit Model and Universal Logit Model","1. Bars and clubs (focal and lagged), 2. Fast-food restaurants (focal and lagged), 3. Barbers and beauty salons (focal and lagged), 4. Liquor stores (focal and lagged), 5. Grocers (focal and lagged), 6. General merchandise stores (focal and lagged), 7. Gas stations (focal and lagged), 8. Laundromats (focal and lagged), 9. Pawn shops/cash services (focal and lagged), 10. Drug incidents (focal and lagged), 11. Prostitution incidents (focal and lagged), 12. Illegal gambling incidents (focal and lagged), 13. Presence of main streets (focal and lagged), 14. Presence of El stations (focal and lagged), 15. Presence of high schools (focal and lagged), 16. Total population (focal and lagged), 17. Racial/Ethnic composition of target block (categorical; interacted with offender race), 18. Distance to home (logged)","18","Not mentioned (the paper does not provide specific model fit statistics or goodness-of-fit measures for the statistical models)","Distance from home: 5.32 times more likely for each log-kilometer closer
- Small businesses:
  - Barber shops and beauty salons: 1.18
  - Liquor stores: 1.38
- Illegal market activities: Significantly positive, specific coefficients not provided
- Accessibility:
  - Main roads: Not specified
  - El station: 3.43 times more likely
- High school presence: 1.78 times more likely
- Racial and ethnic preferences:
  - African-American robbers: 1.98 times more likely for African-American majority
  - Hispanic robbers: 3.82 times more likely for Hispanic majority, 2.25 times more likely for mixed population
  - White robbers: More likely for White majority, Hispanic majority, or mixed population
- Spatial spillover effects: Positive, specific coefficients not provided","Not mentioned (the paper does not provide explicit confidence intervals for the model coefficients)","Presence of a fast-food restaurant: Odds ratio = 1.256 (25.6% increase)
- Presence of an El station: Odds ratio = 3.43
- Presence of a high school: Odds ratio = 1.78
- African-American robbers targeting African-American majority blocks: Odds ratio = 1.98
- Hispanic robbers targeting Hispanic majority blocks: Odds ratio = 3.82
- Hispanic robbers targeting mixed population blocks: Odds ratio = 2.25","","Stata/MP version 11","Yes","The authors explicitly address aggregation bias as a rationale for their choice of spatial units, specifically citing Openshaw (1984)—the seminal author on the Modifiable Areal Unit Problem (MAUP). They substantively discuss scale effects, arguing that ""zooming in"" to the census block level is necessary because crime is often concentrated at scales no larger than a street segment, and larger units may obscure ""fine-grained spatial decisions"".","Yes","The authors performed several explicit tests to ensure the stability of their findings. They utilized a bootstrapping procedure with 25 iterations to provide more conservative and precise parameter estimates. They also conducted re-estimation using alternative distance thresholds (2, 5, and 10 km) to verify that their distance decay results were not biased by proximity to city boundaries. Additionally, they performed a robustness check by comparing their primary sampling method against the full choice set of nearly 25,000 blocks, confirming the results were stable. Finally, they tested alternative spatial lags by extending the model to include second-order adjacent blocks.","Shift from purely spatial choice units to spatiotemporal units and expand the set of spatial anchor points considered beyond the offender's current residence to include former homes, schools, and workplaces.","",NA
"Graffiti Writers Choose Locations That Optimize Exposure","K Kuralarasan, Wim Bernasco, Christophe Vandeviver",2024,"Belgium","Ghent","0.188 square kilometer","Street segments","0.0000844","square kilometers","2233","2.51","No","","The authors justify their choice of street segments as the spatial unit of analysis by referencing previous research that advocates for this scale in studying crime and disorder. They also highlight that street segments align with human observational limitations, allowing for direct sensory perception of activities within the segment. Additionally, they note that street segments can capture the complexities of urban spaces, such as intersections and bridges, which are important for understanding graffiti placement. The use of polygons instead of lines to represent street segments is justified by the need to accurately capture the spatial complexities of older European cities.","Theory, previous research, and method","No","No","None stated","No spatial-unit–related data limitation explicitly stated.","The study was limited to the city center of Ghent, focusing on areas with high graffiti incidence.
- Data collection was restricted to street segments, excluding specific objects where graffiti was written.
- Some street segments were not observed and were excluded from the analysis.
- Graffiti along railway tracks or on trains was not observed.
- Certain variables were excluded due to inter-rater reliability issues.","Yes","Processing time","""We used the Poisson model implementation because it is computationally easier to estimate."" (p. 23)","The authors mentioned that they used the Poisson model implementation because it is computationally easier to estimate, indicating a computational constraint related to processing time or feasibility. Additionally, the choice of street segments as the spatial unit of analysis was influenced by human observational limitations, which could imply a computational constraint related to data collection and processing. No other explicit computational constraints were mentioned.","None stated","No explicit suggestion of alternative spatial units found.","No alternative units discussed.","2017","2017","SSO → 2017","""The data were collected... in November 2017 using systematic social observation (SSO)."" (p. 1760)","Systematic Social Observation (SSO) conducted by a team of 212 observers in Ghent's city center in November 2017","1",2,"Graffiti","Single crime type","12,655","Conditional Logit Model","1. Betweenness network centrality
2. Presence of bars
3. Presence of night shops
4. Presence of nightclubs
5. Presence of restaurants
6. Presence of schools
7. Presence of residential units
8. Presence of trees
9. Street segment surface size
10. Type of street segment (intersection, bridge, or regular segment)","10","Akaike Information Criterion (AIC) value for Model 2: 28,169.993
- Odds ratios (OR) and p-values for predictor variables
- Use of Poisson model implementation equivalent to conditional logit model
- Generalized variance inflation factors (GVIFs) to assess multicollinearity","Bars: OR = 1.065, p < .01
- Night shops: OR = 1.302, p < .01
- Nightclubs: OR = 1.084, p < .01
- Restaurants: OR = 1.058, p < .01
- Schools: OR = 1.235, p < .01
- Residential units: OR = 1.034, p < 0.01
- Trees: OR = 0.990, p < .01
- Street network centrality (betweenness): OR = 1.161, p < .01
- Street segment surface size: OR = 1.007, p < .01
- Intersections: OR = 0.473, p < .01
- Regular street segments: OR = 0.556, p < .01","Not mentioned (the paper does not provide confidence intervals for the model coefficients or parameter estimates)","Bars: OR = 1.065, increase by 10.1%
- Night shops: OR = 1.302, increase by 30.2%
- Nightclubs: OR = 1.084, increase by 8.4%
- Restaurants: OR = 1.058, increase by 5.8%
- Schools: OR = 1.235, increase by 23.5%
- Residential units: OR = 1.034, increase by 3.4% for every 10 units
- Trees: OR = 0.990, decrease by 1%
- Street network centrality: OR = 1.161, increase by 16.1% for every 1 standard deviation
- Street segment surface size: OR = 1.007, increase by 0.7% for every 10 m^2
- Intersections: OR = 0.473, decrease by 54.5%
- Regular street segments: OR = 0.556, decrease by 44.4%","","Not mentioned (the paper does not specify the software used for data analysis)","","No MAUP discussion present.","No","	
The authors utilize a single spatial unit of analysis (street segments) and a single study area (Ghent city center) without testing the stability of their results across alternative scales or boundaries
. While they estimate two models, the comparison is used for model selection via AIC (comparing a parsimonious network-only model against a full model) rather than for testing the robustness of specific coefficients under alternative specifications. Additionally, the authors perform inter-rater reliability checks (Krippendorff’s alpha) and multicollinearity diagnostics (GVIF), but they do not report re-estimations using bootstrapping, alternative distance thresholds, or sub-sampling to verify that their findings are stable.","Not mentioned (the paper does not discuss future suggestions related to spatial unit size or spatial unit of analysis) ","",NA
"","",NA,"","","","","","","","","","","","","","","","","","","","","","","","","","","","","data soure","",NA,"","","","","varibles count","","","","","","","softwareused","MAUP_Discussion","","Sensitivity_Analysis","","Future_Suggestions","",NA
"","",NA,"","","","","","","","","","","","","","","","","","","","","","","","","","","","","Verify all data sources used in one paper (one PDF only).

Read the paper line by line and strictly identify every distinct data source, including crime data.

Count a data source only if it is explicitly used and fits one of these categories:

Police / crime database

Administrative register (e.g., census, population, land registry)

Commercial dataset (e.g., POI, LISA, mobile phone, mapping company)

Survey or interview data

Systematic observation data

Archival or news dataset

Do NOT count methods, software, indices, models, variables, or citations.

Output format (TABLE ONLY):

Paper (exact title)	Verified data sources	Number of data sources
Title	""1. …
2. …
3. …""	X

Each listed source must be explicitly stated in the paper.

Ensure the count matches the numbered list exactly.

Do not add explanations outside the table.","",NA,"","","","","Verify the number of independent variables used in the final model of one paper only.

Task

Identify all independent variables entered in the final estimated model(s).

Collapse dummy variables correctly before counting.

Strict counting rules (CRITICAL)

If a categorical variable is operationalized using multiple dummies, count it as ONE independent variable.

Example:

Building type: semi-detached / detached / apartment → 1 variable (Building type)

Number of residential units: two / three or more → 1 variable

Do not count:

Individual dummy indicators

Reference categories

Repeated variables across models

Continuous variables count as 1.

Distance variables (e.g., distance to offender home) count as 1 each.

Required output (TABLE ONLY)

| Paper (exact title) | Independent variables (collapsed) | Number of independent variables | Distance variables used |

Independent variables (collapsed): list conceptual variables only (no dummies)

Distance variables used: list explicitly (e.g., “Distance to offender home (km)”)

Verification rules

Read the model specification line by line.

Use only what is explicitly included in the model.

Do not infer variable structure beyond what is stated.

Example clarification (DO NOT OUTPUT THIS)

If the paper lists 13 predictors including multiple building-type dummies, the correct count may be < 13 after collapsing.","","","","","","","Task

Read the paper line by line and identify whether the authors explicitly name any software or programming tools used for data analysis, modeling, GIS, or qualitative analysis.

Coding rules (strict)

Record only explicitly named software (e.g., Stata, R, ArcGIS, GeoDa, NVivo).

Include version numbers if stated.

Do not infer software from methods, citations, packages, equations, or figures.

Do not count algorithms, models, or methods as software.

If no software is explicitly named, code:
“Not mentioned (the paper does not specify the software used for data analysis)”

Evidence requirement

Provide verbatim quote(s) naming the software.

If not mentioned, state that explicitly (no quotes).

Output (TABLE ONLY — one row)

| Software_Used | Supporting_quotes_for_Software_Used | Reasoning_for_Software_Used |

Do not add explanations outside the table.","You are verifying MAUP_Discussion for ONE paper only in a criminology systematic review.

Task

Read the paper line by line and determine whether the authors explicitly or substantively discuss the Modifiable Areal Unit Problem (MAUP) or closely related issues.

Coding rules (strict)

Code MAUP_Discussion = YES only if the paper explicitly discusses at least one of the following:

MAUP by name

Aggregation bias

Scale effects

Zoning effects

Ecological fallacy

Spatial autocorrelation in relation to unit choice

Code MAUP_Discussion = NO if:

Spatial units are described or justified without linking to MAUP-related problems

Scale, spill-over, or heterogeneity are mentioned only descriptively

MAUP-related issues are merely implied, not discussed

Evidence requirement

If YES: provide verbatim quote(s)

If NO: write exactly:
“No MAUP discussion present.”
(No quotes.)

Output (TABLE ONLY — one row)

| MAUP_Discussion | Supporting_quotes_for_MAUP | Reasoning_for_MAUP_Discussion |

Do not add explanations outside the table.","","You are verifying Sensitivity_Analysis for ONE paper only in a criminology systematic review.

Task

Read the paper line by line and determine whether the authors conduct any sensitivity, robustness, or alternative-specification analysis.

Coding rules (strict)

Code Sensitivity_Analysis = YES only if the paper explicitly reports at least one of the following:

Re-estimation using alternative thresholds, cut-offs, or parameter values

Re-estimation using alternative spatial scales, units, or spatial lags

Robustness checks (e.g., alternative samples, exclusion of cases, bootstrapping)

Explicit tests showing results are stable under alternative specifications

Code Sensitivity_Analysis = NO if:

Only one model/specification is estimated

Spatial lags, buffers, or scales are used without comparison or testing

Authors mention robustness or future work without performing tests

Evidence requirement

If YES: provide verbatim quote(s) 

If NO: write exactly:
“No sensitivity analysis performed.”

Output (TABLE ONLY — one row)

| Sensitivity_Analysis | Supporting_quotes_for_Sensitivity_Analysis | Reasoning_for_Sensitivity_Analysis |

Do not add explanations outside the table.","","Task: Analyze the provided research paper to identify explicit suggestions regarding spatial units of analysis (e.g., blocks, postal codes, neighborhoods) or the geographic scale (e.g., city-wide, regional, national) for future research.
Coding Rules:


    Include only explicit, future-oriented statements (e.g., ""future research should,"" ""we suggest,"" ""further studies could"").

    Focus strictly on spatial methodology (unit size, foucs MAINLY ON suggestion of unit size USAGE FOR FUTURE ).

    Do NOT include suggestions about crime types, offender demographics, or general data collection unless they directly relate to spatial measurement.
    Output Format: Provide the result in a Markdown table with exactly ONE row and the following three columns:
    | Future_Spatial_Suggestions | Supporting_quotes_for_Spatial_Suggestions | Reasoning_for_Spatial_Suggestions |
    Column Content Instructions:
    • Future_Spatial_Suggestions: Summarize the proposed changes to the spatial unit or scale.
    • Supporting_quotes_for_Spatial_Suggestions: Provide verbatim quotes from the 'Limitations' or 'Future Research' sections.
    • Reasoning_for_Spatial_Suggestions: Explain why the author believes these spatial changes are necessary (e.g., to improve generalization or address statistical interdependence).
","",NA
"","",NA,"","","","","","","","","","","","","","","","","","","","","","","","","","","","","","",NA,"","","","","","","","","","","","","","","","","","",NA
"","",NA,"","","","","","","","","","","","","","","","","","","","","","","","","","","","","","",NA,"","","","","","","","","","","","","","","","","","",NA
"","",NA,"","","","","","","","","","","","","","","","","","","","","","","","","","","","","","",NA,"","","","","","","","","","","","","","","","","","",NA
"","",NA,"","","","","","","","","","","","","","","","","","","","","","","","","","","","","","",NA,"","","","","","","","","","","","","","","","","","",NA
"HOW DO RESIDENTIAL BURGLARS SELECT TARGET AREAS? A New Approach to the Analysis of Criminal Location Choice","Wim Bernasco, Paul Nieuwbeerta, Richard Block, Henk Elffers, Jan De Keijser, Jasper Van Der Kemp, Peter Van Koppen",2005,"Netherlands","The Hague","57.85 square kilometers","Neighbourhoods","0.65","square kilometres","89","4,952","No","","The authors chose neighborhoods as their spatial unit size because it aligns with existing administrative divisions in The Hague, allowing for practical data collection from police records and municipal statistics. The discrete spatial choice approach is theoretically justified by its ability to integrate previous findings and model individual differences in location choice criteria, making neighborhoods a suitable unit for analyzing attributes relevant to burglary location choice.","heory, previous research, data availability, and method","No","No","None stated","No spatial-unit–related data limitation explicitly stated.","Low detection rate of residential burglaries (7%) could bias results.
- Exclusion of burglaries committed outside the city of The Hague due to lack of data on neighborhood characteristics.
- Restriction to single-offender burglaries.
- Reliance on police records, which may not capture all burglaries.
- Administrative boundary constraints due to reliance on data from the municipality of The Hague.","No","None stated","No explicit computational constraints reported.","No computational constraints mentioned.","None stated","No explicit suggestion of alternative spatial units found.","No alternative units discussed.","1996-2001","1996–2001","Neighborhood variables → 1996–2001","""neighbourhood variables... averaged over the period 1996–2001."" (p. 307); ""Kerncijfers Wonen 2000"" (p. 305)","Haaglanden police force; statistical publications of the municipality of The Hague (DSO 2001)","2",2,"residential burglary","Single crime type","548","Conditional Logit Model","1. Ethnic heterogeneity
2. Percentage of single-family dwellings
3. Proximity to the offender's home
4. Number of residential units
5. Affluence (average value of residential real estate)
6. Residential mobility
7. Proximity to the city centre
8. Interaction term for minor vs. adult burglars
9. Interaction term for native vs. non-native burglars","6","Not mentioned (the paper does not provide specific model fit statistics or goodness-of-fit measures)","Percentage of single-family dwellings: 1.13
- Ethnic heterogeneity: 1.15
- Proximity to burglar's home: 1.67
- Proximity to city centre: Negative (exact value not specified)
- Number of residential units: 1.35
- Ethnic heterogeneity for non-natives: 1.20
- Ethnic heterogeneity for natives: 1.10
- Proximity to home for minors: 2.22
- Proximity to home for adults: 1.63","Not mentioned (the paper does not provide explicit confidence intervals for model coefficients or parameter estimates)","Percentage of single-family dwellings: Odds ratio = 1.13 for every 10% increase
- Ethnic heterogeneity: Odds ratio = 1.15 for every 10% increase
- Proximity to burglar's home: Odds ratio = 1.67 for every kilometre closer
- Number of residential units: Odds ratio = 1.35 for every 1,000 increase
- Ethnic heterogeneity by group: Non-natives = 1.20, Natives = 1.10
- Proximity to home by group: Minors = 2.22, Adults = 1.63","","Stata","","No MAUP discussion present.","","No sensitivity analysis performed.","Apply the approach to other European and non-European cities to examine transferability.
- Extend the model to study complex questions like group burglaries and repeat offending.
- Study developmental patterns and changes in decision criteria over time.
- Consider characteristics of adjacent neighborhoods.
- Extend the model to spatial-temporal choice problems.
- Apply the approach to other types of offenses.
- Use the approach in geographic profiling.","",NA
"Investigating the effect of people on the street and streetscape physical environment on the location choice of street theft crime offenders using street view images and a discrete spatial choice model","Han Yue, Lin Liu, Luzi Xiao, Y D Wei",2023,"China","ZG city","1636 * 1.62 = 2,650.32 square kilometers","Community","1.62","square kilometres","1636","~9,352","Yes"," The study aggregates independent analytical variables (on-street population counts and pixel proportions of physical elements) originally available at a very fine spatial scale (individual images at 20m sampling points) up to the higher spatial unit of the community for analysis.","The authors chose the community as the spatial unit of analysis because it is relevant to urban planning and crime studies, particularly for analyzing streetscape features and their influence on street theft crime. The stability of urban features and consistent vegetation in the sub-tropical region support this choice. The use of a discrete spatial choice model also aligns with community-level analysis.","Data availability","No","No","None stated","No spatial-unit–related data limitation explicitly stated.","Data availability: Communities with less than 50% coverage of Street View Images (SVIs) were excluded.
- Administrative boundary constraints: The study used communities as the spatial unit of analysis, which is a common administrative boundary in urban planning and research.
- Static nature of SVIs: SVIs are collected instantly and cannot capture dynamic changes in on-street populations or small objects like broken windows and graffiti.","No","None stated","No explicit computational constraints reported.","No computational constraints mentioned.","None stated","No explicit suggestion of alternative spatial units found.","No alternative units discussed.","Street view images: 2016, 2017, 2019
- Crime data: 2017-2018","2017–2018","SVIs → 2016, 2017, 2019; POI → 2016; Census → 2010","""selected street view images captured in 2016, 2017, and 2019"" (p. 1877); ""point of interest data of 2016"" (p. 1889); ""2010 sixth national census"" (p. 1889)","Police department of ZG city; Baidu Street View (BSV) images","2",4,"snatching, pickpocketing, and theft from the person","Multiple crime types","1,540","Conditional Logit Model","1. Number of people on the street
2. Percent fence
3. Percent wall
4. Percent windows
5. Percent grass
6. Percent sidewalk
7. Percent plants
8. Proximity effect (distance from offender's residence to crime location)
9. Crime attractors (e.g., bus stops, subway stations, schools)
10. Crime generators (e.g., ATMs, banks, hospitals)
11. Percent migrants
12. Percent low-rent houses","14","Log-likelihood: Model 1 = -8788.43, Model 2 = -8705.44
- AIC: Model 1 = 17598.87, Model 2 = 17446.9
- Pseudo R-squared: Model 1 = 0.228, Model 2 = 0.237
- Likelihood ratio test: Chi-square = 172.43 (7 degrees of freedom)","Number of people on the street: 1.114
- Percent fence: Positive and significant (no specific value provided)
- Percent plant: Positive and significant (no specific value provided)
- Percent wall: Positive but non-significant (no specific value provided)
- Percent grass: Negative and significant (no specific value provided)
- Percent sidewalk: Negative and significant (no specific value provided)
- Proximity effect: 1.297 (Model 1), 1.295 (Model 2)
- Crime attractors and generators: Positive and significant (no specific values provided)
- Percent migrants: 1.006
- Percent low-rent houses: 1.001 (Model 1), 1.000 (Model 2)","Number of people on the street: 95% CI: [1.090, 1.138]
- Percent fence: Statistically significant, but specific CI not provided
- Percent plant: Statistically significant, but specific CI not provided
- Percent grass: Statistically significant negative impact, but specific CI not provided
- Percent sidewalk: Statistically significant negative impact, but specific CI not provided
- Percent windows: Non-significant negative impact, but specific CI not provided
- Proximity effect: Odds ratio 1.297 (Model 1) and 1.295 (Model 2), but specific CI not provided
- Crime attractors and generators: Statistically significant, but specific CI not provided","Number of people on the street: Odds ratio = 1.114; Increase in odds by 11.4% for every 1000 more people.
- Percent fence: Positive and statistically significant (exact odds ratio not provided).
- Percent plant: Positive and statistically significant (exact odds ratio not provided).
- Percent grass: Negative effect (exact odds ratio not provided).
- Percent sidewalk: Negative effect (exact odds ratio not provided).
- Proximity effect: Odds ratio = 1.297 (Model 1) and 1.295 (Model 2); Increase in odds by 29.5% for every 1 km decrease in distance from home.
- Crime attractors and generators:
  - Schools: Increase in odds by 2.1% for each additional school.
  - Bus stops: Increase in odds by 1.6% for each additional bus stop.","","Deep learning algorithms: Faster R-CNN, Pyramid Scene Parsing Network (PSPNet)
- Statistical models: Discrete spatial choice model, Conditional logit model","","No MAUP discussion present.","","No sensitivity analysis performed.","Future research should consider dynamic changes in on-street population.
- Include small objects like broken windows, litter, and graffiti as signs of physical disorder.
- Narrow down the alternative set for each offender based on their daily activities.","",NA
"LEARNING WHERE TO OFFEND EFFECTS OF PAST ON FUTURE BURGLARY LOCATIONS","Wim Bernasco, Shane D Johnson",2015,"United Kingdom","West Midlands","2650.32 square kilometers","UK Census Lower Level Super Output Area (LSOA)","0.51","square kilometres","1687","1,500","Yes ","The study takes a contextual variable (house price sales) originally available as individual property records (a finer spatial scale) and deliberately aggregates them to a coarser spatial unit (LSOA) to calculate a neighborhood mean for analysis.","The authors chose the UK Census Lower Level Super Output Area (LSOA) as their spatial unit of analysis because it provides a smaller, more homogeneous unit compared to previous studies, enhancing ecological validity. They acknowledge the theoretical preference for smaller units but note practical challenges. LSOAs are defined by proximity and social homogeneity, making them suitable for analyzing crime location choices and assessing spillover effects using hierarchical spatial nesting structures.","Theory, previous research, data availability, and method","No","No","None stated","No spatial-unit–related data limitation explicitly stated.","The study was limited by the complexity of using small spatial units like micro-places due to estimation problems and the need for multiple-level spillover effects. The choice of UK Census Lower Level Super Output Areas (LSOAs) was a compromise, influenced by their social homogeneity and manageable population size. The use of LSOAs and Middle Layer Super Output Areas (MSOAs) was also constrained by their design to optimize social homogeneity. -> add: * Another unresolved issue is the potential confounding by patterns of co-offending. * No distinction between successful and unsuccesfull burglaries ","Yes","Sampling due to computational infeasibility","""implementation of units of such small size in spatial choice models is fraught with complex issues, including the need to use ‘sampling from alternatives’ to solve the intractability of the estimation problem."" (p. 11)","The authors mention that using very small spatial units (like micro-places) in spatial choice models is complex due to issues like the need for ""sampling from alternatives"" and estimating ""multiple-level spillover effects."" This suggests computational constraints related to data processing and model estimation. The use of smaller spatial units is described as ""fraught with complex issues,"" indicating that these units pose computational challenges, likely related to data handling and model complexity. The decision to use LSOAs as the spatial unit of analysis is presented as a compromise, implying that smaller units were not computationally feasible for their study. The mention of ""intractability of the estimation problem"" suggests that computational limitations were a significant factor in choosing the spatial unit size.","None stated","No explicit suggestion of alternative spatial units found.","The authors considered using micro-places like face blocks or street segments as alternative spatial units but rejected them due to complex estimation problems and spillover effects. They also compared their chosen unit, LSOAs, to postal code areas and micro-scale places used in other studies, indicating these were alternative units considered in the broader context of crime location choice research.","January 2007 to December 2012","2007–2012","Census → 2001; Land Registry → 1995–2012","""obtained from the 2001 UK census."" (p. 1971); ""Land Registry for the period 1995-2012."" (p. 1972)","UK police force (West Midlands); 2001 UK census; UK Land Registry; Department for Transport National Public Transport Access Node database","4",4,"Residential burglary","Single crime type","3,337","Multinomial logit model","1. Distance_to_home_base
2. Time_of_burglary
3. Date_of_burglary
4. Offender_home_address
5. Population_turnover
6. Ethnic_diversity
7. House_price
8. Bus_station_location
9. Train_station_location
10. Distance_to_city_center
11. Number_of_households
12. Average_house_price
13. Ethnic_diversity
14. Population_turnover","8","Pseudo R-squared = .31","Distance: 0.58
- Distance to city center: 1.10
- Prior burglary in same LSOA:
  - 0-2 days ago: 16.6
  - 3-6 days ago: 5.8
  - 7-30 days ago: 4.3
  - 1-6 months ago: 2.2
  - 6-24 months ago: 2.0
- Prior burglary in same MSOA:
  - 0-2 days ago: 3.6
  - 3-6 days ago: 2.3","95% CI: [lower bound, upper bound] as listed in Table A1 in the Appendix; Example: 95% CI: [.56, .61","Odds ratio for targeting an LSOA previously burgled within the past two days: 16.6
- Odds ratio for targeting an LSOA previously burgled 3-6 days ago: 5.8
- Odds ratio for targeting an LSOA previously burgled 7-30 days ago: 4.3
- Odds ratio for targeting an LSOA previously burgled 1-6 months ago: 2.2
- Odds ratio for targeting an LSOA previously burgled 6-24 months ago: 2.0
- Odds ratio for targeting an LSOA in the same MSOA where a prior burglary occurred within the past two days: 3.6
- Odds ratio for targeting an LSOA in the same MSOA where a prior burglary occurred 3-6 days ago: 2.3
- Odds ratio for distance from the burglar's home: 0.58 (decrease by 42% per kilometer)
- Odds ratio for distance from the city center: 1.10 (increase by 10% per kilometer)","","R or Stata (for statistical analysis), ArcGIS or QGIS (for GIS analysis)","","No MAUP discussion present.","","No sensitivity analysis performed.","The authors suggest future research should explore methodological improvements to handle small spatial units and assess spillover effects using hierarchical nesting structures. They also imply a need to understand conditions that violate spatial consistency, which could involve exploring different scales of analysis or optimal unit sizes that reflect social homogeneity.","",NA
"Location Choice of Snatching Offenders in Chennai City","K Kuralarasan, Wim Bernasco",2021,"India","Chennai","438.18 square kilometers","Wards","2.18","square kilometers","201","33,195","No","","The authors chose the 201 wards of Chennai City as their spatial unit of analysis because they are similar in size to neighborhoods or census tracts used in other studies. However, they acknowledge that this choice may not provide the most detailed or representative data, as contemporary research suggests that crime is better studied at finer resolutions like streets or parcels. The choice was likely due to data availability and practicality, but they note that a multiple-scale analysis would require additional research questions and a new design.","Previous research and data availability","Yes","Yes","Data only available at this unit","""population is only measured at ward level"" (p. 688)","The study used the 201 wards of Chennai City as spatial units due to data availability and administrative boundaries. However, these units are relatively large and heterogeneous, which may not accurately reflect local crime patterns. The data on population is only available at the ward level, limiting finer-scale analysis. A multiple-scale analysis was not feasible due to the study's design and strategy. -> add selection bias because of underreporting ","No","None stated","No explicit computational constraints reported.","No computational constraints mentioned. The choice of spatial units was influenced by the complexity and scope of the study, but no specific computational limitations were detailed.","streets, street segments or parcels","""Contemporary work... suggests that crime better be studied at more fine-grained resolutions, such as streets, street segments or parcels"" (p. 688)","Alternative units considered but not used: streets, street segments, parcels. Reason for rejection: The study's scope and design did not accommodate a multiple-scale analysis, and using smaller units would require additional research questions and strategies.","August 2010 to July 2017","2010–2017","Census → 2011","""population... based on latest census in 2011."" (p. 677)","State Crime Records Bureau, Tamil Nadu, India; Google location services; Greater Chennai Corporation database","3",3,"Street robbery","Single crime type","1,573","Conditional Logit Model","1. Log_distance
2. Prior_offending_locations
3. Churches
4. Educational_institutions
5. Marriage_halls
6. Personal_care_businesses
7. Parks
8. Restaurants
9. Business_offices
10. Ward_area
11. Ward_population","5","Bayesian Information Criterion (BIC)
- Akaike Information Criterion (AIC)","Log-distance effect: 0.36 (Model 1), 0.35 (Model 2)
- Repeat offending hypothesis: 12.72 (Model 1), 10.72 (Model 2)
- Significant facilities: churches, educational institutions, marriage halls, personal care businesses, parks, restaurants, business offices (no specific coefficients provided)
- Non-significant facilities: temples (no specific coefficients provided)","Log-distance effect: 95% CI: [0.34, 0.37]
- Repeat offending hypothesis: 95% CI: [not explicitly provided]
- Crime generators and attractors hypothesis: 95% CI: [not explicitly provided]","Log-distance effect: Odds ratios of 0.36 and 0.35
- Repeat offending hypothesis: Odds ratios of 12.72 and 10.72
- Presence of facilities:
  - Churches: Odds ratio of 1.18
  - Marriage halls: Odds ratio of 1.13
  - Parks: Odds ratio of 1.17
  - Educational institutions: Positive effect, exact odds ratio not specified
  - Personal care businesses: Positive effect, exact odds ratio not specified
  - Restaurants and business offices: Positive effect, exact odds ratio not specified","","ArcGIS V10.3","","The authors discuss the Modifiable Areal Unit Problem (MAUP) by acknowledging the limitations of using large spatial units like wards, which may not capture local crime dynamics as effectively as smaller units. They suggest that their data could be aggregated to different scales, but note a lack of systematic analysis on how findings depend on spatial unit sizes and shapes. This indicates an awareness of potential aggregation bias and scale effects, but no detailed discussion of spatial autocorrelation issues.","","No sensitivity analysis performed.","Future research should consider a multiple-scale analysis by aggregating data to different sizes and shapes beyond ward boundaries.
- There is a need for a systematic analysis of how findings depend on the shapes, sizes, and nesting structures of spatial units.
- Future studies could focus on the effects of different anchor points within an offender's awareness space, such as workplaces or previous residences.
- Linking data with OpenStreetMap could provide more detailed spatial data for analysis at different scales.
- Replicating findings in other contexts, such as different cities or countries, could strengthen the evidence base and explore different spatial units or scales.","",NA
"Modeling Micro-Level Crime Location Choice: Application of the Discrete Choice Framework to Crime at Places","Wim Bernasco",2010,"Netherlands","The Hague; Zoetermeer; Delft","400 square kilometers","Postal code areas","not mentioand","","23984","40","No","","The study uses small spatial units (average of 18 residential units and 40 residents) to analyze crime location choices.
- Justification includes the need for detailed spatial resolutions and alignment with contemporary geographic criminology research.
- Theoretical justification: understanding smaller units helps in understanding larger phenomena, avoiding ecological fallacies, and matching the unit of analysis to the theory.
- Practical considerations: heterogeneity of larger units, difficulty in defining boundaries, and physical coherence of postal code areas.","Theory, previous research, data availability, and method","No","No","None stated","No spatial-unit–related data limitation explicitly stated.","Use of postal codes as spatial units due to their alignment with streets and adjacent properties.
- Limited availability of attributes for postal codes.
- Reliance on publicly available data from Statistics Netherlands.
- Study area defined by the Greater The Hague Area with specific inclusion criteria for postal code areas.
- Low burglary clearance rate and potential bias in cleared cases affecting data representativeness.","Yes","Dataset size / combinations","""estimation of the multinomial logit model requires access to the characteristics of all individual decision-makers multiplied by all potential alternatives... prohibitively time-consuming or even impossible."" (p. 129)","Computational constraints: The estimation of the multinomial logit model was computationally intensive due to the large number of potential alternatives (23,984 postal code areas) and decision-makers (1,871 burglaries), resulting in 44,874,064 combinations.
- Memory constraints: The data required 1.67 gigabytes of computer memory, which was beyond the capabilities of the software and hardware used.
- Processing challenges: The software and hardware were insufficient to handle the full dataset, necessitating a sampling approach to reduce the computational burden.
- Solution: A sampling procedure was used to select a subset of alternatives, as suggested by McFadden (1978), to make the estimation computationally feasible.","None stated","No explicit suggestion of alternative spatial units found.","Alternative units discussed include census blocks, street segments, street blocks, street corners, single parcels, and addresses. These units were considered because they are smaller and can provide more detailed insights into crime patterns. The authors chose postal code areas due to their small size and lack of physical barriers, which aligns with the theoretical focus on detailed spatial resolutions.","2002-2007","2002–2007","Census → 2004","""free public access data file of postal codes in the year 2004"" (p. 2238)","Haaglanden police force; Statistics Netherlands","2",2,"Residential burglary","Single crime type","1,871","Spatial Competition Model","1. Number_of_residential_properties
2. Distance
3. Proximity_effect_for_juveniles
4. Proximity_effect_for_adults
5. Percentage_of_non_native_residents
6. Percentage_of_residents_aged_15_to_25
7. Average_value_of_properties
8. Spatial_competition_factor","7","Not mentioned (the paper does not provide explicit model fit statistics such as log-likelihood, pseudo R-squared, McFadden's R-squared, AIC, BIC, chi-square statistics, or likelihood ratio tests)","Model A: Number of residential properties increases odds by a factor of 1.14; Proximity (negative log distance) has a positive effect.
- Model B: Proximity for juvenile offenders = 3.91; Proximity for adult offenders = 2.77.
- Model C: Ethnic composition for native Dutch burglars decreases likelihood by a factor of 0.92; Non-native burglars are indifferent.
- Model D: Percentage 15-25 years old and average property value positively affect attractiveness (coefficients not specified).
- Model E: Spatial competition factor = 0.99 (negative odds ratio).","Not mentioned (no confidence intervals are explicitly reported in the paper)","Number of residential properties: Odds ratio of 1.14 for a 10-unit increase
- Proximity: Odds ratio of 3.91 for juvenile offenders, 2.77 for adult offenders
- Ethnic composition: Odds ratio of 0.92 for native Dutch burglars for a 10% increase in non-native population
- Spatial competition: Odds ratio below 1","","Not mentioned (the paper does not specify the software or tools used for data analysis)","","The paper discusses the Modifiable Areal Unit Problem (MAUP) by highlighting the importance of using small spatial units to avoid aggregation bias and ecological fallacy. The authors mention that smaller units are more affected by their spatial environment, and they explicitly reference MAUP as a problem where analytical results depend on how space is partitioned. They also discuss spatial autocorrelation and the interdependence of spatial alternatives, which are key issues in MAUP. The paper emphasizes the need to match the unit of analysis with the theoretical level of study to prevent ecological fallacy.","","No sensitivity analysis performed.","Match the unit of analysis to the theory being tested to avoid ecological fallacies.
- Use smaller spatial units of analysis, such as census blocks or street segments, for more precise measurements.
- Consider spatial interaction and environmental influences on spatial unit choice.
- Incorporate multiple spatial effects and consider various characteristics of neighboring units in future models.
- Improve models like the spatial competition model by including more dimensions of spatial influence.","",NA
"Modelling taste heterogeneity regarding offence location choices","Michael J Frith",2019,"United Kingdom","York","270 square kilometers ","Output Areas (referred to as Neighbourhoods)","0.44","square kilometers","616","309","Yes","The study deliberately aggregates a contextual variable (affluence) originally available at a finer spatial scale (individual property sale records from the Land Registry) to a higher spatial unit (the neighborhood) to calculate a median value for analysis","The authors chose output areas (neighbourhoods) as their spatial unit because they are the smallest units for which the necessary variables are available. This choice is justified by the need to capture local variations within larger areas and aligns with social disorganisation theory, which suggests that smaller units can better capture the effects of heterogeneity on offender behavior."," Theory, data availability, and method","Yes","Yes","Smaller units unavailable","""output areas... which are the smallest units for which the variables in this study are available"" (p. 6)","Data availability: The study uses output areas (neighbourhoods) as the smallest units for which data is available.
- Geo-political boundary: The study is restricted to the city of York, which limits the spatial unit selection.
- Offence type grouping: Different offence types are grouped together, which may not capture differences in behavior.
- Crime reporting bias: The data is limited to reported, recorded, and detected crimes, which may not represent all crimes.","Yes","Processing time","""ML model in this analysis took several days."" (p. 23)","The computational constraints mentioned include the time it took to run the models, with the LCL model taking a couple of hours and the ML model taking several days. The authors suggest that sampling from alternatives could help overcome the computational issues with the ML model. No specific memory constraints or processing challenges are mentioned.","None stated","No explicit suggestion of alternative spatial units found.","Larger spatial areas were considered but not used because they tend to be more heterogeneous and would not capture local variations between sub-areas.
- Smaller units (~0.03km^2) were used in other studies like Frith et al. (2017), but the current study used larger units (0.44km^2) compared to those smaller units.","April 2008 to March 2012","2008–2012","Census → 2011; Land Registry → 2006–2014","""2011 UK Census"" (p. 11); ""median price paid for a house between 2006 and 2014"" (p. 13, 2329)","Police databases/crime records; 2011 UK Census; UK Land Registry; Ordnance Survey","4",4,"residential burglary; robbery; theft from vehicles","Multiple crime types","1,105","Conditional Logit (CL)
- Mixed Logit (ML)
- Latent Class Logit (LCL)","1. Distance from the offender's home
2. Distance from the city centre
3. Ethnic heterogeneity
4. Socioeconomic heterogeneity
5. Residential Churn
6. Affluence
7. Previous offence locations
8. Number of potential targets","8","Root Likelihood (RLH) statistic: LCL = 4.48, ML = 4.45
- Consistent Akaike Information Criterion (CAIC): Smallest values for the three-class model
- Bayesian Information Criterion (BIC): Smallest values for the three-class model","Not mentioned (the paper does not provide specific numerical coefficient values for each independent variable)","Not mentioned (the paper does not explicitly report confidence intervals for model coefficients or parameter estimates)","The paper provides estimated coefficients and standard errors for LCL and CL models, and average coefficients with standard deviations for ML. It discusses the significance and direction of effects for variables like distance, ethnic heterogeneity, and socioeconomic heterogeneity, but does not provide specific numerical effect sizes like odds ratios or Cohen's d.","","Stata 14","","The paper discusses the Modifiable Areal Unit Problem (MAUP) by noting that larger spatial areas are more heterogeneous and may obscure local variations. The authors use smaller spatial units (output areas/neighbourhoods) to minimize aggregation bias. They also discuss how different spatial unit sizes in different studies may lead to different results, indicating an awareness of scale effects and potential MAUP issues.","","No sensitivity analysis performed.","Consider using smaller spatial units or different scales of analysis to better capture social organization processes.
- Analyze different types of offenders separately to account for potential differences in behavior.
- Use complementary analyses like stated preference analyses to support findings and explore alternative decision rules.","",NA
"Modelling the spatial decision making of terrorists: the discrete choice approach","",2019,"Northern Ireland","Belfast","10208.25 square kilometers","Small Areas (SAs)","2.25","square kilometers","890","Not specified","No","","The authors chose ""Small Areas"" (SAs) as their spatial unit because they are the smallest areal unit available in Northern Ireland, designed for statistical purposes, and follow physical features like roads and rivers. This choice was practical due to the absence of sociodemographic variables in the analysis. Although smaller units like street blocks are theoretically ideal, larger units like SAs help mitigate issues like independence of irrelevant alternatives (IIA) in conditional logit estimation.","Theory, previous research, data availability, and method","Yes","Yes","Smaller units unavailable","""SAs were designed specifically for statistical purposes... [they] are currently the smallest areal unit."" (p. 11)","The study used Small Areas (SAs) as the spatial unit because sociodemographic variables were not included.
- The geographical boundary data for SAs was obtained from NISRA, indicating reliance on administrative boundaries.
- The dataset was limited by the availability of accurate home locations and the need to exclude cases outside the study area.
- The study was constrained by the unavailability of certain data, such as affluence levels and residential segregation information.
- The use of SAs was influenced by the lack of ecological meaning in areal unit boundaries and the potential inaccuracy in representing local perceptions.
- The study notes that smaller units like street blocks would be more appropriate but were limited by data availability.
- The choice of larger areal units like SAs was also influenced by statistical considerations, such as relaxing the effects of independence of irrelevant alternatives.","No","None stated","No explicit computational constraints reported.","No computational constraints mentioned.","street block","""the street block is the most appropriate unit for analysis"" (p. 25)","Wards: The authors considered using wards as an alternative unit, but they were too large (mean area 2.25km^2) and could lead to incorrect estimations of variable effects.
- Street blocks: The authors considered using street blocks as they are more appropriate for examining social disorganisation and other factors. However, they chose not to use these due to data limitations and the need to relax the effects of independence of irrelevant alternatives (IIA) in their model.","1969-1989","1969–1989","SA Boundaries → 2001","""revised twice during this time... SAs from 2001"" (p. 11, 2394)","Existing dataset previously used for a social network analysis of PIRA's active core members;
- The Irish Times newspaper archives;
- Northern Ireland Statistics and Research Agency (NISRA);
- Conflict and Politics in Northern Ireland web service (CAIN);
- Ordnance Survey of Northern Ireland","5",5,"bombings; shootings","Multiple crime types","150","Conditional Logit Model","1. Distance_to_home_base
2. Presence_of_major_road
3. Presence_of_military_base
4. Presence_of_police_station","3","McFadden pseudo-R 2: 0.178
- Likelihood-ratio test: p < 0.001","Distance from home location: e ï¢ = 0.61 (p<.001)
- Presence of a river: e ï¢ = 0.72 (p=.25)
- Presence of a major road: factor of 1.77 (p<.001)
- Presence of a military base or police station: e ï¢ = 13.78 (p<.001)
- Distance from city centre: not significant","Not mentioned (the paper does not provide explicit confidence intervals for the model coefficients or parameter estimates)","Distance from home to target: eï¢ = 0.61
- Presence of a major road: eï¢ = 1.77
- Presence of a military base or police station: eï¢ = 13.78","","STATA","","The authors discuss the Modifiable Areal Unit Problem (MAUP) by acknowledging that areal unit boundaries are arbitrary and lack ecological meaning, which can lead to aggregation bias. They also mention that smaller units are more appropriate for certain analyses, indicating awareness of scale effects. Additionally, they discuss how larger units affect the independence of irrelevant alternatives (IIA) in conditional logit estimation, which relates to spatial autocorrelation issues. Although they do not explicitly mention ""MAUP"" or ""ecological fallacy,"" their discussion aligns with these concepts.","","No sensitivity analysis performed.","Use smaller spatial units like street blocks for more accurate analysis of social disorganisation.
- Replicate the study in other cities and with different terrorist groups to ensure transferability.
- Further disaggregate data for more detailed analysis.
- Consider alternative models like mixed logit or latent class models.
- Incorporate temporal variations into the analysis to better understand target selection patterns.","",NA
"Relationships Between Offenders' Crime Locations and Different Prior Activity Locations as Recorded in Police Data","Sophie Curtis-Ham, Wim Bernasco, Oleg N Medvedev, Devon L L Polaschek",2023,"New Zealand","Not mentioned (the study is conducted at a national level in New Zealand, with no specific city names mentioned)","Not specified -> 2583.6square kilometers","Statistical Area 2 (SA2)","1.2 square kilometers (median land area of SA2s)","","2153","2000–4000 residents in urban areas and 1000–3000 residents in rural areas.","No","","The authors chose the Statistical Area 2 (SA2) as their spatial unit because it approximates neighborhoods, which is relevant for studying crime location choices. They justify this choice by noting that SA2s are comparable to units used in other similar studies. The selection was based on balancing theoretical relevance, spatial spill-over, spatial heterogeneity, and computational processing considerations. The size of SA2s, with a median land area of 1.2km^2, suggests a balance between capturing local variations and avoiding excessive computational demands.","Theory, previous research, and method","No","No","None stated","No spatial-unit–related data limitation explicitly stated.","Data limitations include incomplete records of activity locations for each offender.
- Not all family members' addresses or employment/education records were available.
- Reliance on reported crimes and incidents means unreported activities are not included.
- Lack of association between certain activity nodes and crime types may be due to missing data.
- Study focused on solved cases, which may not be representative of all offenders.
- Variation within offense types could affect results.","Yes","	
Dataset size / combinations","""To overcome computational challenges involved in including every SA2 in each offender’s ‘choice set’ of possible alternatives—given the number of alternatives, offenders, variables and available computing capacity—we sampled from all potential SA2 alternatives (n = 2153) to construct a manageable set for each offender."" (p. 176)","The authors faced computational constraints related to the number of spatial units (SA2s) they could include in their analysis. To manage these constraints, they used a stratified importance sampling approach to reduce the number of units, ensuring that the model could converge without problematic multicollinearity. This was necessary because including all possible SA2s would have exceeded the capacity of available computing equipment.","None stated","No explicit suggestion of alternative spatial units found.","No alternative units discussed.","2009-2018","2004–2018","SA2 Boundaries → 2018","""2018 SA2 shapefile"" (p. 12, 2491)","New Zealand Police National Intelligence Application (NIA); New Zealand Census Unit 'Statistical Area 2' (SA2); New Zealand Statistics Census and Business Demography data","2",2,"residential burglary; non-residential burglary; commercial robbery; personal robbery; extra-familial sex offences","Multiple crime types","38,120","Conditional Logit Model","1. Home in SA2
2. Home at 0-200 m
3. Home at 200-500 m
4. Home at 500 m-1 km
5. Home at 1-2 km
6. Home at 2-5 km
7. Family homes in SA2
8. Family homes at 0-200 m
9. Family homes at 200-500 m
10. Family homes at 500 m-1 km
11. Family homes at 1-2 km
12. Family homes at 2-5 km
13. School in SA2
14. School at 0-200 m
15. School at 200-500 m
16. School at 500 m-1 km
17. School at 1-2 km
18. School at 2-5 km
19. Work in SA2
20. Work at 0-200 m
21. Work at 200-500 m
22. Work at 500 m-1 km
23. Work at 1-2 km
24. Work at 2-5 km
25. Prior offences in SA2
26. Prior offences at 0-200 m
27. Prior offences at 200-500 m
28. Prior offences at 500 m-1 km
29. Prior offences at 1-2 km
30. Prior offences at 2-5 km
31. Prior victim/witness in SA2
32. Prior victim/witness at 0-200 m
33. Prior victim/witness at 200-500 m
34. Prior victim/witness at 500 m-1 km
35. Prior victim/witness at 1-2 km
36. Prior victim/witness at 2-5 km
37. Prior incidents in SA2
38. Prior incidents at 0-200 m
39. Prior incidents at 200-500 m
40. Prior incidents at 500 m-1 km
41. Prior incidents at 1-2 km
42. Prior incidents at 2-5 km
43. Other location in SA2
44. Other location at 0-200 m
45. Other location at 200-500 m
46. Other location at 500 m-1 km
47. Other location at 1-2 km
48. Other location at 2-5 km
49. Number of dwellings (residential burglary)
50. Total number of business units (non-residential burglary)
51. Number of business units in industry categories (commercial robbery)
52. Number of business units in commercial or public industries (personal robbery)
53. Number of business units in commercial or public industries (sex offences)","61","Pseudo R-squared values: 0.35 to 0.42
- Variation Inflation Factors (VIFs): Median = 1.56, Maximum = 5.69","Home node for sex offences: OR 235
- Home node for residential burglary: OR 53.97
- Home node for non-residential burglary: OR 28.66
- Home node for commercial robbery: OR 19.43
- Victim/witness node for non-residential burglary: OR 1.22
- Crime opportunity for residential burglary: OR increases by 7% for every 100 households
- Crime opportunity for non-residential burglary: OR increases by 12% for every 100 businesses
- Crime opportunity for commercial robbery: OR increases by 14% for every 100 businesses
- Crime opportunity for personal robbery: OR increases by 13% for every 100 businesses
- Crime opportunity for sex offences: OR increases by 10% for every 100 households","95% CI: Not explicitly provided in the text; available in supplementary materials Tables S3.1 and S4.1","Odds ratios (ORs) for activity nodes: 
  - Home node + sex offence: OR = 235
  - Victim/witness node + non-residential burglary: OR = 1.22
- Percentage changes in odds for crime opportunity variables:
  - Residential burglary: +7% for every 100 additional households
  - Non-residential burglary: +12% for every 100 additional businesses
  - Commercial robbery: +14% for every 100 additional businesses
  - Personal robbery: +13% for every 100 additional businesses
  - Sex offences: +10% for every 100 additional households or businesses","","Not mentioned (the paper does not specify the software or programming tools used for data analysis)","","The authors discuss the selection of spatial units in relation to theoretical relevance, spatial spill-over, spatial heterogeneity, and computational processing. They chose Statistical Area 2 (SA2) as their unit, which approximates neighborhoods and is relatively homogenous in size. This discussion addresses concerns related to scale effects and aggregation bias, although the terms ""MAUP"" and ""ecological fallacy"" are not explicitly mentioned.","","No sensitivity analysis performed.","The authors suggest that future research could benefit from using a more granular approach, particularly in low population density areas where a longer distance range might be more appropriate. They also highlight the importance of balancing theoretical relevance, spatial spill-over, spatial heterogeneity, and computational processing when selecting spatial units.","",NA
"Relative Difference and Burglary Location: Can Ecological Characteristics of a Burglar's Home Neighborhood Predict Offense Location?","Alyssa W Chamberlain, Lyndsay N Boggess",2016,"United States","Tampa","Not specified","census block group","","","334","Not specified","No","This study uses census block groups as the neighborhood unit. The socioeconomic data were provided by the U.S. Census Bureau specifically at the block group level. Using official data at its original administrative resolution is standard practice and does not constitute the deliberate collapsing of finer spatial scales for analysis
.","The authors chose census block groups as their spatial unit of analysis to minimize within-neighborhood heterogeneity and to include neighborhood contextual data not available at smaller scales. This choice is justified by the focus on broader geographic context and is consistent with previous research that has used similar units for similar analyses.","Theory, previous research, and data availability","Yes","Yes","Smaller units unavailable","""account for social and demographic characteristics... [which] are not available at the block level."" (p. 880)","Data availability: The study used block groups to ensure availability of contextual data not available at the block level.
- Administrative boundary constraints: The study normalized 2010 tract boundaries into 2000 boundaries due to changes in administrative boundaries over time.
- Objective-driven choice: The choice of block groups was influenced by the study's objective to emphasize geographic context.
- Consistency with recent scholarship: The use of block groups is consistent with recent studies in the field.","No","None stated","No explicit computational constraints reported.","No computational constraints mentioned.","block groups, or blocks","""In those as well as other cases, a more refined spatial scale, block groups, or blocks may yield improved insights"" (p. 897)","Blocks were mentioned as an alternative unit used in other research for assessing criminogenic nodes or hot spots, but the authors chose block groups for their study to minimize within-neighborhood heterogeneity and ensure availability of contextual data.","January 2000 through September 2012","2000–2012","Census → 2000, 2010","""census data from 2000 and 2010."" (p. 880)","Tampa Police Department; U.S. Census data","2",2,"Burglary","Single crime type","5,182","Conditional Logit Model","1. Concentrated Disadvantage Index
2. Residential Stability Index
3. Single-Parent Households
4. Racial/Ethnic Heterogeneity (Herfindahl Index)
5. Percent Occupied Units
6. Percentage of Black Residents
7. Percentage of Latino Residents
8. Distance to Target Neighborhood
9. Distance Squared to Target Neighborhood","7","Not mentioned (the paper does not provide specific model fit statistics such as log-likelihood, pseudo R-squared, McFadden's R-squared, AIC, BIC, or chi-square statistics)","Percentage of Black residents: b = .003, e b = 1.003, p < .001
- Concentrated disadvantage: b = .169, e b = 1.184, p < .001
- Residential stability: b = -0.232, e b = 1.261, p < .001
- Ethnic heterogeneity: b = .010, e b = 1.010, p < .001
- Distance: b = -0.417, e b = 0.659, p < .001
- Distance squared: b = .027, e b = 1.027, p < .001
- Difference in Black population: b = -0.0038, e b = 0.996, p < .001
- Difference in concentrated disadvantage: b = -0.144, e b = 0.866, p < .001
- Difference in residential stability: b = .164, e b = 1.178, p < .001","Not mentioned (no information on confidence intervals is included in the paper)","Percentage of Black residents: e^b = 1.003 (3% increase in odds for a 10% increase)
- Concentrated disadvantage: e^b = 1.184
- Residential stability: e^b = 1.261
- Ethnic heterogeneity: e^b = 1.010
- Distance from home: e^b = 0.659
- Distance squared: e^b = 1.027
- Difference in Black population: e^b = 0.996 (4% decrease in odds for a 10% difference)
- Difference in concentrated disadvantage: e^b = 0.866
- Difference in residential stability: e^b = 1.178 (18% increase in odds for a 10% difference)
- Interactions between home and target racial/ethnic composition: significant and positive","","Stata 14.0","","No MAUP discussion present. The authors discuss their choice of spatial unit, opting for block groups to minimize heterogeneity and ensure data availability, which implies consideration of scale effects and aggregation bias, but they do not explicitly address MAUP or ecological fallacy.","","No sensitivity analysis performed.","Not mentioned (the paper does not propose future suggestions or improvements regarding spatial unit size or spatial unit of analysis) ","",NA
"Residential burglary target selection: An analysis at the property-level using Google Street View","Samuel H Langton, Wouter Steenbeek",2017,"The Netherlands","The Hague","Not specified","residential units","Not specified ","","300","Not specified","No","","The authors justify their choice of spatial unit size by explaining the need to isolate property-level effects from neighborhood-level effects. They use a case-control design to compare burglarized properties with non-burglarized ones within the same neighborhoods, minimizing assumptions about omitted variable bias and keeping neighborhood-level characteristics constant. A fixed effects analysis is used to control for invariant property-level characteristics. This design choice is practical for ensuring the validity of their findings, although it has limitations in estimating predicted probabilities of burglary.","Theory, previous research, and data availability","No","Yes","Data only available at this unit","""burglary events within the remaining 86 neighbourhoods were kept... nested within usable neighbourhood-level data."" (p. 4)","Inability of Google Street View to capture isolated properties, leading to a biased sample.
- Preference of burglars for isolated properties, which were not captured.
- Limitation to daylight hours due to Google Street View data availability.
- Selection of neighborhoods based on data availability from a community survey, limiting the number of neighborhoods to 86.
- Concerns about administrative boundary constraints addressed through robustness checks with alternative neighborhood boundaries.","No","None stated","No explicit computational constraints reported.","The inability of the Google Car to capture isolated properties leads to a biased sample because these properties cannot be coded. This is a limitation in data collection rather than a computational constraint like memory or processing time.","None stated","No explicit suggestion of alternative spatial units found.","No alternative units discussed.","2008-2009 (crime event data from 2009; physical attributes collected using GSV images from 2008 and 2009)","2009","BAG → 2012; GSV → 2008, 2009; Survey → 2009","""BAG... up until the year 2012"" (p. 4, 2654); ""GSV images... in the years 2008 and 2009"" (p. 4, 2657); ""community survey conducted... in 2009"" (p. 4, 2660)","The Hague Police Force; Official municipality data registrations; Community survey conducted in The Hague; Google Maps and Google Street View","4",4,"Residential burglary","Single crime type","150","Conditional Logit","1. Number of windows from neighbouring residential units with a direct view of the front ground floor
2. Distance between the property and the building on the other side of the street
3. Visibility of the front door from the street
4. Whether the property was at the end of a row of properties
5. Number of boundaries the property shared with public areas
6. Whether the private space of the property could be sealed off with physical barriers
7. Whether the property has a burglar alarm
8. Whether the property was setback from the street
9. Age of the building
10. Whether the property had amenities, such as plant pots and benches, on public space directly outside the unit
11. Whether the property had a garage
12. Size of the property in square metres
13. External condition of the property
14. Distance between the property and the nearest main road
15. Distance between the property and the nearest street corner
16. Number of escape routes, including footpaths, leading off the street segment
17. Presence of a business in the immediate surrounding area open during daylight hours
18. Mixed land-use in the immediate surrounding area
19. House type (terraced, semi-detached, or detached)
20. Collective efficacy (derived from social trust and informal social control)","19","Likelihood ratio test for Model 1: LR chi2(8) = 57.71, Prob > chi2 < 0.001
- Likelihood ratio test between Models 1 and 2: LR chi2(1) = 1.85, Prob > chi2 = 0.1743","Surveillability: B = -0.735
- Ease of escape: B = 0.477
- Accessibility: B = 0.380
- Wealth: Not mentioned (no effect)","Not mentioned (the paper does not provide confidence intervals for the model coefficients or parameter estimates)","Surveillability: B = -0.735, OR = 0.48
- Ease of escape: B = 0.477, OR = 1.61
- Accessibility: B = 0.380, OR = 1.46","","R","","The authors discuss the Modifiable Areal Unit Problem (MAUP) by acknowledging the dependency of micro-level predictors on macro-level environments and the potential for aggregation bias. They address these issues by using a case-control design grouped by neighborhood and conducting robustness checks with alternative neighborhood boundaries.","","No sensitivity analysis performed (the sensitivity analysis conducted was related to the weighting of items within constructs, not spatial unit sizes or scales)","Collect small-scale, bespoke data to shed new light on crime phenomena.
- Use virtual GSV walk-throughs to mimic the journey-to-crime route.
- Explore ways to include isolated properties in the analysis.
- Investigate how behavior varies by time of day.
- Consider alternative neighborhood boundaries to explore optimal unit sizes or different scales of analysis.","",NA
"Right place, right time? Making crime pattern theory time-specific","Sabine E M Van Sleeuwen, Stijn Ruiter, Wouter Steenbeek",2021,"Netherlands","The Hague","Not specified (the paper provides information on the number and size of neighborhoods but does not specify the total area of the study region) -> 881.1 square kilometers","Neighbourhoods","2.63","square kilometers","13305","Not specified","No","","The authors chose neighbourhoods as their spatial unit size because more than three-quarters of the locations were reported at least at the neighbourhood level, indicating high spatial accuracy. This choice is also practical as it aligns with existing administrative divisions in the Netherlands, allowing for meaningful analysis of crime patterns and activity spaces.","Data availability","No","Yes","Data only available at this unit","""three-quarters of the locations were indicated to be reported at least at the neighbourhood level. Therefore, we geocoded... information to one of the 13,305 unique neighbourhoods."" (p. 6)","Small sample size (N = 71 offences committed by 30 offenders)
- Non-experimental research design with potential selection bias
- Limited to specific police regions in the Netherlands (The Hague and Noord-Holland)
- Bias related to police's ability to solve crimes within activity spaces
- Uncertainty in recall accuracy from respondents' memories
- Privacy concerns restricting data sharing","No","None stated","No explicit computational constraints reported.","No computational constraints mentioned.","None stated","No explicit suggestion of alternative spatial units found.","No alternative units discussed.","Initial data collection for suspects: 2017
- Survey data collection: May to August 2019
- Crime data collection period: 2018-2019","2018–2019","Neighbourhoods → 2018","""neighbourhoods in the Netherlands for the year 2018"" (p. 6, 2718)","Police database (Dutch police regions The Hague and North-Holland); Online survey (Time-specific Activity Space survey)","2 (Dutch police regions The Hague and North-Holland, and the online survey conducted by the researchers)",3,"residential burglary; theft of/from a bicycle, car or other (motor) vehicle; theft from a shop/shoplifting; theft (of an object) from a person; robbery; assault; vandalism","Multiple crime types","71","Conditional Logit Model","1. Neighbourhood routinely visited at same time of day as crime event
2. Neighbourhood routinely visited at different time of day as crime event
3. Neighbourhood routinely visited","3","Pseudo-R-squared: 0.27
- Wald Chi-Squared difference test: Ï‡ 2 (1) = 0.01, p = 0.915","Neighbourhood routinely visited at same time of day as crime event: OR = 2589.71 (p < 0.001)
- Neighbourhood routinely visited at different time of day as crime event: OR = 1209.00 (p = 0.324)","Not mentioned (the paper does not provide specific confidence intervals for the model coefficients or parameter estimates)","Odds ratio for neighborhoods visited at the same time of day as the crime event: 2589.71
- Odds ratio for neighborhoods visited at different times of day: 1209.00","","Not mentioned (the paper does not specify the software used for data analysis)","","No MAUP discussion present.","","The study conducted a sensitivity analysis by varying the spatial unit sizes or scales.
- They examined the impact of including different orders of spatial lags (first-order, second-order, third-order) on the percentage of offences committed within offenders' activity spaces.
- The analysis involved comparing the results across these different spatial scales.
- The methodological approach involved geocoding the longitude-latitude information to one of the 13,305 unique neighbourhoods in the Netherlands and then analyzing the data at different spatial scales.
- The key findings were that the percentage of offences committed within activity spaces increased from 39.4% at the neighbourhood level to 84.5% when including third-order spatial lags.","Use larger samples, especially including more serious offenders with longer offence histories.
- Utilize online survey instruments to capture a wider range of activity nodes and time-specific data.
- Consider using smartphone applications or GPS-tracking data to more comprehensively measure activity spaces.
- Assess the distinction between planned and opportunistic crimes in future analyses.","",NA
"ROLE OF THE STREET NETWORK IN BURGLARS' SPATIAL DECISION-MAKING *","Michael J Frith, Shane D Johnson, Hannah M Fry",2017,"United Kingdom","High Wycombe; Beaconsfield; Marlow","150 square kilometers","Street segment","Not specified","","5286","Not specified","No","Contextual variables measured at the output-area level are assigned to street segments, which represents disaggregation rather than aggregation. The study does not collapse finer-scale analytical units into larger spatial units, and therefore does not involve spatial aggregation.","The authors chose the street segment as their spatial unit size because it aligns with contemporary theory and research questions, allows for better capture of spatial logic and measurement of key constructs, and is methodologically justified to preserve local variations. They also note that people navigate along the road network, which supports this choice.","Theory, previous research, and method","No","No","None stated","No spatial-unit–related data limitation explicitly stated.","The study area was limited to the ""built-up areas"" of three towns with a 1-km buffer.
- Data was restricted to residential burglaries recorded and cleared by the police.
- Geocoding limitations existed for some locations.
- Offenses outside the study area or committed by individuals living outside the area were excluded.
- No systematic social observation data was collected for social disorganization.
- Findings may only apply to offenders who were caught and recorded by the police.
- Replication with other forms of data is needed for external validity.","Yes","Software / hardware limitation","""given acknowledged problems associated with large choice-sets and MSL (Hensher and Greene, 2003)... results for models estimated with HB are reported here."" (p. 363)","Computational constraints related to edge effects in graph theory metrics required preprocessing and the use of a temporary buffer.
- Data cleaning was necessary to manage complexity and computational feasibility.
- Conversion of networks into a suitable form for graph theory analyses posed processing challenges.
- Maximum simulated likelihood (MSL) was limited by large choice-sets, leading to the use of hierarchical Bayes (HB).
- Computational limitations were addressed by using HB and managing Halton draws for convergence.","None stated","No explicit suggestion of alternative spatial units found.","Area level; The authors mention that most previous studies have used the area level as the unit of analysis, which is an alternative to the street segment level they chose. They justify their choice of street segment level by arguing it better captures the spatial logic of offender decision-making and allows for the observation of local variations that would be lost at larger scales.","2004-2014","2004–2014","Census → 2011","""derived from the 2011 U.K. census."" (p. 353, 2779)","Thames Valley Police (TVP); Ordnance Survey (OS); U.K. Land Registry; 2011 U.K. census","4",4,"residential burglary","Single crime type","459","Mixed Logit Model","1.	Idiosyncratic Farness (10 min)
2.	Idiosyncratic Betweenness (10%)
3.	Local Pedestrian (overall) Betweenness (10%)
4.	Nonlocal Pedestrian (overall) Betweenness (10%)
5.	Vehicular (overall) Betweenness (10%)
6.	Ethnic Heterogeneity (%)
7.	Residential Turnover (%)
8.	Socioeconomic Heterogeneity (%)
9.	Affluence (£10,000s)
10.	Number of Dwellings
","10","Root Likelihood (RLH) statistic for Mixed Logit (ML) models: 7.3 to 28.4 (Ã— 10 -4 )
- Root Likelihood (RLH) statistic for Conditional Logit (CL) models: 4.0 to 7.4 (Ã— 10 -4 )
- Root Likelihood (RLH) statistic for null model: 1.9 Ã— 10 -4","Idiosyncratic farness: -0.31 (for every 10 minutes from home)
- Idiosyncratic betweenness: 2.51 (for every 10% increase)
- Residential mobility: Statistically significant, positive association (no specific value provided)
- Socioeconomic heterogeneity: Statistically significant, positive association (no specific value provided)
- Affluence: Statistically significant, negative association (no specific value provided)
- Ethnic heterogeneity: Not statistically significant
- Number of dwellings: Not statistically significant","Not mentioned (the paper does not provide explicit confidence intervals for the model coefficients or parameter estimates)","Idiosyncratic farness: For every 10 minutes a street segment is from an offender's home location, the odds of it being selected decreases on average by 0.31.
- Idiosyncratic betweenness: For every 10 percent increase in ""idiosyncratic betweenness,"" the odds of a street segment being selected increases on average by 2.51.
- Vehicular betweenness: Segments with greater levels of vehicular traffic were less likely to be chosen (no specific OR provided).
- Residential mobility and socioeconomic heterogeneity: Positively associated with a location being selected for burglary.
- Affluence: Negatively associated with a location being selected for burglary.","","Stata","","The authors discuss the Modifiable Areal Unit Problem (MAUP) by justifying their choice of street segments as the unit of analysis. They argue that this scale better captures the spatial logic of offender decision-making and allows for more precise measurement of constructs like guardianship and awareness spaces. They also acknowledge that using smaller spatial units helps to avoid aggregation bias and captures local variations that would be lost at larger scales. The discussion implies an awareness of scale effects and spatial autocorrelation issues, as they highlight the importance of the road network layout in influencing crime patterns.","","A sensitivity analysis was conducted to test the impact of different random selections of offenders on the results, confirming that alternative selections produced the same pattern of results.
- A sensitivity test was performed by excluding prolific residential burglars (those who committed more than 10 offenses) from the analysis, which revealed the same pattern of results as the main analysis.
- Sensitivity tests were conducted to examine the choice of radii used, finding generally consistent results for 'local' distances ranging from 2.5 to 15 minutes, although effects diminished for greater distances.","Future research should consider using finer spatial scales, such as street segments, to better capture offender decision-making.
- Novel measures of offender awareness could be further developed by using other anchor points like place of work or other locations.
- Extending established betweenness measures to consider temporal variations in traffic flows and public transportation systems could provide additional insights.
- Explaining variation in individual taste preferences across offenders is a challenge for future research.","",NA
"Situating Crime Pattern Theory Into The Explanation Of Co-Offending: Considering Area-Level Convergence Spaces","Zachary R Rowan, Sarah Appleby, Jean Marie Mcgloin, Simon Fraser",2021,"United States","Baltimore City","91.42 square miles","census block groups","0.14","square miles","653","953","No","The study uses census block groups from the EPA Smart Location Database as the unit of analysis. Counting or assigning geocoded arrest points to these pre-existing administrative units constitutes routine preprocessing and is explicitly excluded from the definition of spatial aggregation.","The authors chose census block groups as their spatial unit of analysis because it is the smallest geographic area available in the EPA's Smart Location Database, providing necessary data on street connectivity. This choice is consistent with prior research on co-offending and neighborhood context, and the relatively small size of census block groups in Baltimore makes them suitable for analyzing neighborhood context.","Theory, previous research, and data availability","Yes","Yes","Administrative boundary constraint","""Baltimore City, which is the smallest geographic area available in the database."" (p. 687)","The study is limited to data from a single city, which restricts generalizability.
- The use of census block groups as the unit of analysis may not fully capture convergence spaces.
- Incomplete geocoding of arrests due to missing or problematic location information affects data accuracy.
- Reliance on official records means unreported crimes and unarrested co-offenders are not accounted for.","No","None stated","No explicit computational constraints reported.","No computational constraints mentioned. The paper does not explicitly mention any computational limitations, memory constraints, or processing challenges that influenced their spatial unit selection. While there are discussions about data quality and the potential for smaller units, these are not framed as computational constraints.","None stated","No explicit suggestion of alternative spatial units found.","Smaller microunits (as suggested by advances in crime pattern theory) and different locales (rural, urban, suburban) were considered as alternative spatial units or scales but not used due to data limitations and the focus on census block groups.","January 1, 2013, to December 31, 2016","2013–2016","Smart Location Database → 2010; ACS → 2011–2015","""Smart Location Database... generated during the year 2010"" (p. 687); ""American Community Survey 5-year estimates"" (p. 687, 2917)","Environmental Protection Agency (EPA) for street connectivity measures
- Baltimore City Police Department for arrest information (2013-16)
- Baltimore City Open Data Portal for activity nodes (bars, schools, transit)
- Google Map search capabilities for geocoding shopping centers
- American Community Survey conducted by the U.S. Census Bureau for macro-level contextual covariates","5",5,"robbery; theft; assault","Multiple crime types","6,249","spatially lagged negative binomial regression models","1. Auto-oriented street density
2. Pedestrian-oriented street density
3. Number of bars
4. Number of schools
5. Number of transit stations
6. Number of shopping centers
7. Racial/Ethnic Heterogeneity
8. Population Turnover
9. Poverty
10. Population density
11. Solo crime rate","7","Not mentioned (the paper does not explicitly report traditional model fit statistics such as log-likelihood, pseudo R-squared, AIC, or BIC)","Number of bars: 5.2%
- Percent poverty: Statistically significant, positive relationship (no specific coefficient value provided)
- Spatial lag: Statistically significant, positive relationship (no specific coefficient value provided)
- Rate of solo crime: Statistically significant, positive relationship (no specific coefficient value provided)
- Number of transit stations: 2.0%
- Pedestrian-oriented street density: 2.8% (Model 3), 2% (Model 4)
- Racial/Ethnic Heterogeneity: Statistically significant, negative relationship (no specific coefficient value provided)
- Poverty: Statistically significant, positive relationship (no specific coefficient value provided)","Not mentioned (confidence intervals are not explicitly reported in the paper)","Bars: 5.2% increase in group crime rate per additional bar
- Transit stations: 2.0% increase in group crime rate per additional transit station
- Pedestrian-oriented street density: 2.8% increase in group crime rate per one-unit increase
- Pedestrian-oriented street density (consistent across models): 2% increase in group crime rate per one-unit increase","","GeoDa 1.14.0","","No MAUP discussion present.","","No sensitivity analysis performed.","Use smaller spatial units than census block groups to better capture convergence spaces.
- Replicate findings across different types of locales (rural, urban, suburban) to assess generalizability.
- Collect qualitative data (interviews, observational information) to understand co-offending processes.","",NA
"Spatial analysis with preference specification of latent decision makers for criminal event prediction","Yifei Xue, Donald E Brown",2006,"United States","Richmond","Not specified","Block groups and grid cells","Not specified","","2517","Not specified","Yes","The researchers aggregated data from block groups (the original smaller administrative unit) to 2517 regular grids (the final larger administrative unit) for analysis. The study deliberately aggregates analytical units (individual spatial alternatives/households) into a higher spatial unit (regular grid cells) for analysis.","The authors chose to aggregate spatial alternatives into 2517 regular grids due to the practical difficulty of representing every individual house in a city like Richmond. They also used block groups as sub-regions, which are the smallest areas for census counts, suggesting alignment with existing data collection practices. The involvement of ReCAP likely influenced the choice of spatial unit size, aligning with existing frameworks used by local police departments and researchers.","Method and data availability","Yes","Yes","Smaller units unavailable","""block groups, which are the smallest areas, for which census counts are recorded."" (p. 567)","Geographical limitation: Data was specific to Northern and Central Virginia and Richmond, VA.
- Aggregation requirement: Alternatives were aggregated into 2517 regular grids due to difficulty in representing individual house locations.
- Data availability issues: Features derived from census data and calculated distance values, which may have limitations in detail and accuracy.
- Correlation between attribute values: Potential correlation between census data and distance calculations could affect model accuracy.","Yes","Processing time","""makes the data preparation and computation time prohibitively expensive."" (p. 568)","The large number of spatial alternatives for crime analysis makes data preparation and computation time prohibitively expensive, necessitating the use of importance sampling techniques to reduce computational burden.","None stated","No explicit suggestion of alternative spatial units found.","No alternative units discussed.","July 1, 1997 - October 31, 1997","1997","None stated","Not reported.","Regional Crime Analysis Program (ReCAP); criminal incident reporting mainframe system (RAMS); census data","3",2,"Residential burglary","Single crime type","879","Multinomial logit model","1. Distance_to_highway
2. Family_density_per_unit_area
3. Personal_care_expenditure_per_household
4. Distance_to_hospital","4","Bayesian Information Criterion (BIC) for model selection and comparison
- Wilcoxon signed rank test for comparing model performance","Not mentioned (the paper does not provide specific numerical coefficient values or parameter estimates for independent variables)","Not mentioned (the paper does not provide confidence intervals for model coefficients or parameter estimates)","Not mentioned (the paper does not provide specific effect sizes such as odds ratios, hazard ratios, or Cohen's d)","","GIS (part of ReCAP system)","","No MAUP discussion present. While the paper discusses spatial unit selection and aggregation, it does not explicitly address the Modifiable Areal Unit Problem (MAUP) or ecological fallacy. The choice of spatial units and aggregation methods implies some consideration of scale effects and aggregation bias, but these are not explicitly discussed in relation to MAUP.","","No sensitivity analysis performed.","Not mentioned (the paper does not explicitly propose future suggestions or improvements regarding spatial unit size or spatial unit of analysis)","",NA
"TARGET CHOICE DURING EXTREME EVENTS: A DISCRETE SPATIAL CHOICE MODEL OF THE 2011 LONDON RIOTS *","Peter Baudains, Alex Braithwaite, Shane D Johnson",2013,"United Kingdom","London; Birmingham; Manchester","Not specified","Lower Super Output Areas (LSOAs)","Not specified","","4765","1,500","No","","The authors chose Lower Super Output Areas (LSOAs) as their unit of analysis because they are interested in offender decision making at the area level. The use of LSOAs is justified by the availability of data across all 4,765 LSOAs in Greater London, which allows for a detailed analysis of spatial patterns. The smaller size of LSOAs makes explanatory variables more representative of the population and characteristics of each area. The authors also considered potential issues with spillover effects and included a measure of population density as a control variable.","Theory, previous research, method and data availability","No","No","None stated","No spatial-unit–related data limitation explicitly stated.","Use of smaller spatial units (LSOAs) may lead to spillover effects.
- Reliance on 2001 U.K. Census data for some variables, assuming demographic stability over a decade.
- Lack of data on police activity and arrests during the riots.","No","None stated","No explicit computational constraints reported.","No computational constraints mentioned.","None stated","No explicit suggestion of alternative spatial units found.","No alternative units discussed.","August 6-11, 2011","2011","VOA → 2004; Census → 2001; Pop. estimates → 2010","""VOA floor space data for the year 2004"" (p. 267); ""2001 U.K. Census."" (p. 276); ""mid-2010 population estimates"" (p. 269)","Police data from the Metropolitan Police Service for riot-related incidents in London during August 2011;
- 2001 U.K. Census data for population churn rates and ethnic heterogeneity;
- Index of Multiple Deprivation (IMD) 2010 from the U.K. Department for Communities and Local Government;
- U.K. Department of Education data for school counts;
- Valuation Office Agency floor space data for 2004;
- Open Street Map data for underground station locations","7 -> 6?",6,"Burglary; Theft","Multiple crime types","2,299","Conditional Logit Model","1. Propinquity (distance from home)
2. Routine activity nodes (presence of schools)
3. Accessibility via tube stations
4. Retail establishments
5. Proximity to the city center
6. Presence of the Thames River
7. Deprivation (Index of Multiple Deprivation)
8. Ethnic heterogeneity (index of qualitative variation)
9. Population churn rates
10. Population density
11. Contagion (number of offenses in the previous 24 hours)","11","McFadden pseudo R-squared: approximately 0.34","Propinquity: Odds ratio = 0.6 for every kilometer
- Schools: Odds ratio = 1.29 to 2.09 for each additional school
- Tube station: Significant predictor, no specific odds ratio provided
- Retail establishments: Odds ratio = 1.28 for every additional 250 m^2
- Thames River: Odds ratio = up to 5 times higher
- Deprivation: Odds ratio = 1.27 to 1.63 for every 10-unit increase
- Population churn: Odds ratio = 1.20 for every 10-unit increase
- Ethnic diversity: Significant on one day, no specific odds ratio provided
- Contagion: Odds ratio = 1.14 for every additional incident in the previous 24 hours","Not mentioned (the paper does not provide specific confidence intervals for the model coefficients or parameter estimates)","Distance from residence: Odds decrease by a factor of 0.6 for every kilometer.
- Presence of schools: Odds increase by a factor of 1.29 to 2.09 for each additional school.
- Presence of a tube station: Odds more than double if an area contains a tube station.
- Retail establishments: Odds increase by a factor of 1.28 for every additional 250 m^2 of retail space.
- Proximity to the Thames River: Odds are up to five times higher if the area is on the same side of the river as the offender's residence.
- Deprivation: Odds increase by a factor of 1.27 to 1.63 for every 10-unit increase in deprivation.
- Population churn: Odds increase by a factor of 1.20 for every 10-unit increase in churn rate.
- Ethnic diversity: Odds increase by a factor of 1.19 for every 10-unit increase in ethnic heterogeneity on one of the days.
- Recent activity: Odds increase by a factor of 1.14 for every additional incident in the previous 24 hours.","","Stata 10 SE","","No MAUP discussion present.","","No sensitivity analysis performed (the study did not conduct a sensitivity analysis by comparing results across different spatial unit sizes or scales, but they did test for spillover effects using spatially lagged variables).","Not mentioned (the paper does not explicitly propose future suggestions or improvements regarding spatial unit size or spatial unit of analysis) -> future work might explore the alterative mechanism by considering the neighborhoods in which offenders live, given where they offend.","",NA
"Target Selection Models with Preference Variation Between Offenders","Michael Townsley, Daniel Birks, Stijn Ruiter, Wim Bernasco, â€¢ Gentry White",2013,"Australia","Brisbane","1327.2 square kilometers","Statistical Local Areas (SLAs)","8.4","square kilometers","158","Not specified","No"," The researchers used 158 Statistical Local Areas (SLAs) as the unit of analysis. These are standard, pre-existing administrative units defined by the Australian Bureau of Statistics (ABS). The study utilized census characteristics (such as housing repayment and residential mobility) exactly as they were provided by the official 2006 Census at that specific level. Mapping geocoded incident points into standard administrative boundaries is categorized as routine preprocessing and does not constitute deliberate spatial aggregation for the analysis.","The authors justify their choice of using Statistical Local Areas (SLAs) as the spatial unit by referencing the discrete spatial choice framework, which involves comparing neighborhood characteristics. This choice is consistent with previous research and allows for analysis using data from the Australian Bureau of Statistics. The use of SLAs is practical for capturing neighborhood characteristics and is grounded in theoretical models of offender behavior and spatial preferences.","Theory, previous research, method and data availability","No","No","None stated","No spatial-unit–related data limitation explicitly stated.","Data availability issues: Limited to detected residential burglaries.
- Administrative boundary constraints: Use of Statistical Local Areas (SLAs).
- Assumptions about offending trips: Originating from home locations.
- Limitations in neighborhood characteristics: Use of secondary data sources and proxies.
- Estimation challenges: Mixed logit model limitations due to IIA property.
- Unaddressed assumptions: Several assumptions remain uninvestigated.","Yes","Sampling due to computational infeasibility","""A case in point is the intractability of discrete choice models with large numbers of alternatives. The technique typically used to solve the intractability of the estimation problem, ‘sampling from alternatives’... cannot be used in the mixed logit case."" (p. 299)","The authors mention computational constraints related to the size of the data and the estimation methods. Maximum simulated likelihood estimation is not feasible for large choice sets due to issues with Halton sequences. The use of hierarchical Bayes estimation is a workaround for these constraints. The technique typically used to solve estimation problems cannot be used in the mixed logit case due to the IIA property. These constraints influenced the choice of model and estimation method.","None stated","No explicit suggestion of alternative spatial units found.","Street segments were mentioned as an alternative unit of analysis, as they have been used in other studies to demonstrate variability in crime levels and might offer a more detailed perspective on offender preferences compared to larger units like SLAs.","2006-2009","2006–2009","Census → 2006","""ABS 2006 Census"" (p. 290)","Police databases/crime records from Brisbane; Australian Bureau of Statistics (ABS) 2006 Census","2 (1. Brisbane crime records, 2. Australian Bureau of Statistics)",2,"Residential burglary","Single crime type","2,844","mixed logit model; conditional logit model","1. Mean housing repayment
2. Proportion of single-family dwellings
3. Residential mobility
4. Proximity to city center
5. Number of households
6. Proximity to offender's home","6","Root likelihood statistic for conditional logit model: 0.028
- Root likelihood statistic for mixed logit model: 0.151","Not mentioned (the paper does not provide specific numerical coefficient values for each independent variable in the statistical model)","Not mentioned (the paper does not provide explicit confidence intervals for the model coefficients or parameter estimates)","Mixed logit model estimates higher coefficients for proximity variables compared to conditional logit.
- Affluence is statistically significant in mixed logit but not in conditional logit.
- Residential mobility shows different effects in the two models, with mixed logit indicating low turnover rates are more attractive.
- No explicit odds ratios, hazard ratios, or other traditional effect size measures are provided.","","R with RSGHB package","","No MAUP discussion present. However, the paper discusses issues related to spatial unit selection and aggregation bias, suggesting a consideration of scale effects and spatial autocorrelation issues.","","No sensitivity analysis performed.","The authors suggest using smaller units of analysis, such as street segments, to model preference variability more effectively. They highlight the limitations of using larger spatial units like neighborhoods due to internal heterogeneity and suggest that smaller study areas could provide more nuanced insights into offender preferences and social disorganization.","",NA
"Testing Ecological Theories of Offender Spatial Decision Making Using a Discrete Choice Model","Shane D Johnson, Lucia Summers",2015,"United Kingdom","Dorset","Not specified","U.K. census Lower Super Output Area (LSOA)","Not specified","","198","1,524","No","","The authors chose the Lower Super Output Area (LSOA) as their unit of analysis, which is a standard spatial unit used in the UK for census data. The justification is implied by the suitability of LSOAs for analyzing spatial patterns of crime, their smaller size compared to other studies, and practical considerations for spatial analysis using GIS. This choice aligns with previous research, such as Bernasco et al. (2013).","Theory, previous research, method and data availability","No","No","None stated","No spatial-unit–related data limitation explicitly stated.","Exclusion of crimes committed by offenders living outside the study area due to the need to enumerate all possible choices within the study region.
- Use of Lower Super Output Areas (LSOAs) as the unit of analysis, which are smaller than some areas used in previous studies.
- Reliance on police data, which includes both primary detections and crimes taken into consideration (TIC).
- Requirement for geographical coordinates for both offense and offender home locations, limiting data to only those offenses with complete location information.
- Lack of consideration of ethnic heterogeneity due to little variation in ethnicity across the study area.","No","None stated","No explicit computational constraints reported.","The authors mention that including all possible choices outside of the study region would require more data than were available for analysis, indicating a limitation due to data availability and computational feasibility rather than specific computational constraints like memory or processing time.","None stated","No explicit suggestion of alternative spatial units found.","No alternative units discussed.","January 1, 2001, to December 31, 2005","2001–2005","Census → 2001","""2001 U.K. Census."" (p. 3160)","Police databases (crimes detected in Dorset, UK); UK Census data (Lower Super Output Areas, socioeconomic heterogeneity, number of registered vehicles); Ordnance Survey MasterMap data (main roads, schools/colleges); UK Department for Transport data (number of car parks)","4",4,"Theft from vehicle (TFV)","Single crime type","721","Conditional Logit Model","1. Distance_to_home
2. Presence_of_schools
3. Distance_to_city_center
4. Presence_of_train_station
5. Connectivity_via_major_roads
6. Population_turnover
7. Social_heterogeneity
8. Number_of_car_parks
9. Number_of_registered_vehicles","10","Not mentioned (the paper does not provide specific model fit statistics or goodness-of-fit measures) -> mentioned: pseudo R squared","Distance: e Î² = 0.73 (adults), e Î² = 0.54 (juveniles)
- Presence of schools: No specific coefficient value provided
- Proximity to city center: No specific coefficient value provided
- Presence of train station: No specific coefficient value provided
- Connectivity: Odds increased by a factor of about two for adult offenders
- Population turnover: Odds increased by a factor of 1.20 for every 10% increase
- Social heterogeneity: Odds almost double for every 10% increase
- Number of registered vehicles: Small but significant effect, no specific coefficient value provided","Not mentioned (the paper does not provide specific confidence intervals for the model coefficients or parameter estimates)","Distance from home to crime location: Odds ratio of 0.73 for adults, 0.54 for juveniles per km.
- Connectivity via major roads: Odds ratio of about 2 for adult offenders.
- Population turnover: Odds ratio of 1.20 for every 10% increase.
- Social heterogeneity: Odds ratio of approximately 2 for every 10% increase.
- Number of registered vehicles: Small but significant effect (no specific odds ratio provided).","","Stata 10 SE","","No MAUP discussion present.","","No sensitivity analysis performed.","The authors suggest future research should explore how urban environment configurations affect collective action and social cohesion, potentially involving different spatial units or scales. They also recommend conducting formal crime impact assessments to better understand crime patterns and prevention strategies, which might require adjusting spatial units or scales.","",NA
"The Importance of Importance Sampling","Wim Medvedev, Oleg N Polaschek, Sophie Curtis-Ham, Wim Bernasco, Oleg N Medvedev, Devon L L Polaschek",2022,"New Zealand","Nationwide","Not specified","NZ Census Statistical Area 2 (SA2)","0.063square kilometers to 12,042.36square kilometers (median 1.962square kilometers)","","2153","Not specified (the paper provides a range of population sizes per SA2 but does not specify an average)","No","","The authors chose SA2s as their spatial unit because they are comparable to neighborhoods and have been used in other crime location choice studies, providing a practical precedent. Theoretically, SA2s are justified as they offer smaller, more ecologically valid spatial units that can better account for heterogeneity in variables, aligning with the goal of understanding crime location choice at an individual level. Additionally, using SA2s helps manage the computational burden associated with large datasets by limiting the number of alternatives to a manageable size.","heory, previous research, data availability, and method","No","No","None stated","No spatial-unit–related data limitation explicitly stated.","Data availability issues: The dataset did not include all activity nodes for all offenders.
- Administrative boundary constraints: The use of SA2s as spatial units was likely influenced by administrative boundaries defined by the New Zealand Census.
- Selection bias: The study's reliance on solved cases may introduce selection bias, as the data may not be representative of all offenders.
- Reporting and clearance rate biases: The study may be influenced by biases related to reporting rates and clearance rates.","Yes","Software / hardware limitation","""yielding an unwieldy dataset of 100 million rows... require computer storage and processing capabilities that exceed the limits of available computing equipment."" (p. 1004)","Computational constraints: The models require estimation across three dimensions (crimes Ã— locations Ã— variables), leading to large datasets (up to 100 million rows) that exceed standard computing equipment capabilities.
- Memory constraints: High-performance computing environments may only offer temporary solutions due to the rapid growth of data.
- Processing challenges: Sampling from alternatives is used to reduce dataset size and processing time, with run times reduced to 5-18% of the original time.","None stated","No explicit suggestion of alternative spatial units found.","Alternative units discussed include streets segments, census blocks, and individual properties. These were considered in the context of their ecological validity and comparability to neighborhoods. The authors chose NZ Census Statistical Area 2 (SA2) as their final unit of analysis, which is comparable to neighborhoods and used in other studies.","2009-2018","2004–2018","Census → 2010","""2010 Japanese national census data."" (p. 3234)","New Zealand Police; Statistics NZ Census and Business Demography data","2",2,"residential burglary; non-residential burglary; commercial robbery; personal robbery; extra-familial sex offenses","Multiple crime types","38,120","Conditional Logit","1. Same SA2
2. Node within 0-200 m
3. Node within 200-500 m
4. Node within 500 m-1 km
5. Node within 1-2 km
6. Node within 2-5 km
7. Number of households (residential burglary)
8. Number of business units (non-residential burglary)
9. Number of targeted business units (commercial robbery)
10. Number of commercial/public business units (personal robbery and sex offenses)","7","McFadden's pseudo-R-squared","Residential burglary: Presence of activity node in same SA2 increases odds by over 1000 times; each additional 100 households increases odds by 1.06 times.
- Presence of activity node within 5 km of SA2 increases odds by over 20 times.
- Sex offenses: Odds are particularly high (~1000x) when activity node is present in SA2.
- Odds remain significant (ORs 16.1 to 21.5) even at distances of 2-5 km from activity nodes.
- Commercial robbery: Smaller odds in close proximity to activity nodes compared to other crimes.","Not mentioned (the paper does not provide specific confidence interval values or ranges for the model coefficients)","Residential burglary: Over 1000 times more likely in an SA2 with an activity node; 1.06 times increase for every 100 households.
- Presence of an activity node within 5 km: Over 20-fold increase in likelihood.
- Sex offenses: High odds (~ 1000x) in SA2s with an activity node.
- Distances 2-5 km from activity nodes: ORs 16.1 to 21.5.","","R (R Core Team 2013), survival package (Therneau 2020)","","The authors discuss the Modifiable Areal Unit Problem (MAUP) by highlighting the importance of using smaller spatial units to capture heterogeneity in variables. They contrast their use of larger units (SA2s) with smaller units (census blocks) and note that simple random sampling may perform poorly with larger units due to feature concentration, indicating an awareness of scale effects, aggregation bias, and spatial autocorrelation issues.","","No sensitivity analysis performed.","Increase geographic granularity by using smaller spatial units like street segments or individual properties.
- Consider temporal variations in crime opportunities.
- Extend the scope of variables in models of crime location choice.
- Use smaller spatial units like census blocks for robust results.
- Replicate studies with different datasets and jurisdictions.
- Conduct initial tests to compare sampling strategies.
- Use importance sampling for idiosyncratic variables and skewed distributions.
- Investigate the effect of decreasing the proportion of importance sampled alternatives.","",NA
"THE INFLUENCE OF ACTIVITY SPACE AND VISITING FREQUENCY ON CRIME LOCATION CHOICE: FINDINGS FROM AN ONLINE SELF-REPORT SURVEY","Stijn Ruiter, Barbara Menting, Marre Lammers, Wim Bernasco",2019,"Netherlands","Nationwide","33,708.23 square kilometer","Neighbourhoods","2.63","square kilometers","12821","1323","No","","The authors chose neighborhoods as their spatial unit of analysis because they are the smallest statistical units for which detailed socio-economic data is available from Statistics Netherlands, are internally homogeneous with a dominant function, and are well-known to regular visitors. This choice balances practical considerations of data availability and theoretical relevance to activity spaces and crime location choice with reduced concerns for spatial accuracy compared to smaller units.","Theory, data availability, and method.","No","No","None stated","No spatial-unit–related data limitation explicitly stated.","Data availability: The choice of spatial units was influenced by the availability of detailed socio-economic data from Statistics Netherlands.
- Administrative boundary constraints: The study adhered to existing administrative divisions of Dutch neighbourhoods.
- Spatial accuracy: The use of neighbourhoods was influenced by the need for lower spatial accuracy compared to smaller units like street segments.
- Practical constraints: The study considered the homogeneity and size of neighbourhoods, which are expected to be well known to regular visitors.","No","None stated","No explicit computational constraints reported.","No computational constraints mentioned.","None stated","No explicit suggestion of alternative spatial units found.","No alternative units discussed.","2013-2016","2013–2016","Census → 2013, 2018","""Census 2013 data... and census 2018 data"" (p. 1010, 3299)","OASIS online survey; Statistics Netherlands; LISA (Landelijk Informatiesysteem Arbeidsplaatsen); Police suspect information system used by the The Hague Police Service","4",3,"theft of a car/motor/bicycle; other theft; burglary; vandalism; robbery; violence; drug trafficking; weapons trafficking","Multiple crime types","140","Conditional Logit","1. Residential area of the offender
2. First-order spatial lag from residential area
3. Second-order spatial lag from residential area
4. Third-order spatial lag from residential area
5. Presence of any activity node in a neighbourhood
6. First-order spatial lag from any activity node
7. Second-order spatial lag from any activity node
8. Third-order spatial lag from any activity node
9. Visiting frequency of activity nodes
10. Residential population density
11. Employee density","4","Pseudo-R-squared for Model 1 (residential areas only): 0.304
- Pseudo-R-squared for Model 2 (all activity nodes): 0.479
- AIC for Model 2: 1,391
- BIC for Model 2: 1,465
- Pseudo-R-squared for high accuracy subset: 0.512
- Pseudo-R-squared for low accuracy subset: 0.442","Any activity node: OR = 5,716.1
- Less frequently visited activity node neighborhoods: OR = 2,253.6
- Very frequently visited activity node neighborhoods: OR = 7,845.3","Not mentioned (the paper does not explicitly provide confidence intervals for the model coefficients or parameter estimates)","Odds ratio for any activity node: 5,716.1
- Odds ratio for less frequently visited activity nodes: 2,253.6
- Odds ratio for very frequently visited activity nodes: 7,845.3
- Statistically significant positive effects for first-, second-, and third-order neighborhoods
- Chi-square tests: Ï‡ 2 (3) = 9.53, p < 0.05; Ï‡ 2 (4) = 17.8, p < 0.01","","Not mentioned (the paper does not specify the software or programming tools used for data analysis)","","No MAUP discussion present.","","No sensitivity analysis performed.","Include a broader range of offenders, such as different age groups or incarcerated offenders, to increase generalizability.
- Gather more comprehensive information on individual activity spaces to better explain crime location choices.
- Develop methods to capture additional aspects of awareness spaces, such as travel paths.
- Use continuous GPS-tracking to obtain detailed information on activity nodes and travel routes.
- Focus on improving the completeness and quality of data on awareness spaces and offense locations.","",NA
"The usefulness of past crime data as an attractiveness index for residential burglars","Aiko Hanayama, | Shumpei Haginoya, Hiroki Kuraishi, Masakazu Kobayashi",2018,"Japan","Sendai City","283.5 square kilometer","Grid cells","0.25","square kilometers","1134","Not specified","No","","The authors chose 500 m grid cells as their spatial unit size because these data are available from the Japanese national census, allowing for unbiased comparison due to equal size. This choice is also theoretically justified by Ratcliffe (2003), who found that physical boundaries do not form barriers to residential burglars' movement.","Theory, previous research, data availability, and method","Yes","Yes","Smaller units unavailable","""Dutch neighbourhoods are the smallest statistical units for which Statistics Netherlands provides detailed information"" (p. 309)","Data availability: Limited by the unavailability of certain data such as real estate values.
- Administrative boundary constraints: Difficulty in defining a single city centre point in Japan.
- Aggregation requirements: Use of 500m grid cells due to equal size for unbiased comparison.
- Generalizability: Results are specific to Sendai City and may not apply to other areas.","No","None stated","No explicit computational constraints reported.","No computational constraints mentioned.","smaller areas","""smaller areas should be preferred when these values are used as an index of the affluence of an area."" (p. 264)","No alternative units discussed.","Solved cases data: 2007-2015
- Past crime data: 2004-2006
- Neighborhood characteristics: 2010","2004–2015","Census → 2016; LISA → 2011","""2016 neighbourhood-level data"" (p. 311, 3387); ""obtained from 2011 LISA data"" (p. 311, 3387)","Japanese national police register; 2010 Japanese national census data","2",3,"Residential burglary","Single crime type","369","Conditional Logit Model","1. Distance from offender's residence
2. Number of past residential burglaries
3. Number of residential units
4. Proportion of single-family dwellings
5. Past residential burglary rate","7","Not mentioned (the paper does not provide specific model fit statistics or goodness-of-fit measures)","Distance from offender's residence: e Î² = 0.70, standard partial regression coefficient = -2.02
- Number of residential units: e Î² = 1.05, standard partial regression coefficient = 0.22
- Proportion of single-family dwellings: e Î² = 1.06, standard partial regression coefficient = 0.20
- Number of past residential burglaries: e Î² = 1.16, standard partial regression coefficient = 0.23
- Past residential burglary rate: e Î² = 1.79, standard partial regression coefficient = 0.18
- Proportion of foreigners: Not significant
- Proportion of newcomers: Not significant","Not mentioned (no information on confidence intervals is included in the paper)","Distance from offender's residence: Odds ratio = 0.70 (30% decrease per 1 km increase)
- Number of residential units: Odds ratio = 1.05 (5% increase per 100-unit increase)
- Proportion of single-family dwellings: Odds ratio = 1.06 (6% increase per 10% increase)
- Number of past residential burglaries: Odds ratio = 1.16 (16% increase per additional burglary)
- Past residential burglary rate: Odds ratio = 1.79 (79% increase per 1 per 100 residential units increase)
- Standard partial regression coefficients:
  - Distance from offender's residence: -2.02
  - Number of past residential burglaries: 0.23
  - Number of residential units: 0.22
  - Proportion of single-family dwellings: 0.20","","Not mentioned (the paper does not specify the software used for data analysis)","","No MAUP discussion present.","","No sensitivity analysis performed.","Future studies should test findings in other areas to ensure applicability across different countries and cities.
- Examine the effect of past crime data on other types of crimes.
- Integrate past crime data into geographical profiling to improve accuracy.
- Improve methodologies for measuring road structures and integrating crime attractors into analysis.
- Explore application of findings to other types of crimes and geographical profiling methods.","",NA
"Traveling Alone or Together? Neighborhood Context on Individual and Group Juvenile and Adult Burglary Decisions","Alyssa W Chamberlain, Lyndsay N Boggess, Taylor Fisher",2022,"United States","Tampa","Not specified","block groups","Not specified","","304","Not specified","No","","The authors chose block groups as their spatial unit because they are the smallest unit available where meaningful sociodemographic data are available. This decision is based on practical considerations related to data availability and the relevance of sociodemographic factors in their study.","Data availability","Yes","Yes","Smaller units unavailable","""block groups... because these are the smallest unit available where meaningful sociodemographic data are available."" (p. 2095)","Data is limited to a specific time period (2000-2012) and location (Tampa, Florida).
- Relies on arrest data, which may not reflect all burglaries due to low clearance rates.
- Excludes incidents with unknown or incorrect addresses and those outside city boundaries.
- Removes incidents with mixed adult and juvenile co-offenders.
- Uses block groups due to data availability, which may not perfectly capture neighborhood dynamics.
- Excludes block groups with missing Census data.","No","None stated","No explicit computational constraints reported.","No computational constraints mentioned.","None stated","No explicit suggestion of alternative spatial units found.","No alternative units discussed.","January 2000 to September 2012","2000–2012","Census → 2000, 2010","""census data from 2000 and 2010."" (p. 2084, 3436)","Police department records; US Census data","2",2,"burglary","Single crime type","4,920","Conditional Logit Model","1. Concentrated disadvantage
2. Residential stability
3. Racial/ethnic heterogeneity
4. Percent occupied housing units
5. Gini coefficient
6. Percent Black residents
7. Percent Latino residents
8. Euclidean distance from home to target neighborhood
9. Distance squared","6","Not mentioned (the paper does not explicitly report any specific model fit statistics such as log-likelihood, pseudo R-squared, McFadden's R-squared, AIC, BIC, or chi-square statistics)","Residence-to-crime distance for juveniles: b = -0.452, OR = 0.636, p < .001
- Residence-to-crime distance for adults: b = -0.395, OR = 0.673, p < .001
- Distance squared for adults: b = 0.027, OR = 1.027, p < .001
- Distance squared for juveniles: b = 0.026, OR = 1.02, p < .001
- Concentrated disadvantage: b = 0.215, OR = 1.24, p < .001
- Residential stability: b = -0.325, OR = 0.772, p < .001
- Percentage of occupied units: b = 0.011, OR = 1.01, p < .01
- Percentage of Black residents for juveniles: b = 0.008, OR = 1.008, p < .001
- Racial/ethnic heterogeneity for juveniles: b = 0.015, OR = 1.015, p < .001
- Racial/ethnic heterogeneity for adults: b = 0.0085, OR = 1.008, p < .001
- Distance for adult group offenders: b = -0.37, OR = 0.69, p < .001
- Distance for juvenile group offenders: b = -0.44, OR = 0.64, p < .001
- Distance for adult solo offenders: b = -0.40, OR = 0.67, p < .001
- Distance for juvenile solo offenders: b = -0.47, OR = 0.62, p < .001
- Percentage of Black residents for juvenile solo offenders: b = -0.01, OR = 1.01, p < .001
- Concentrated disadvantage for adult solo offenders: b = 0.225, OR = 1.25, p < .001
- Racial/ethnic heterogeneity for juvenile solo offenders: b = 0.011, OR = 1.011, p < .001","Not mentioned (the paper does not explicitly report confidence intervals for model coefficients)","Residence-to-crime distance: Juveniles (OR = 0.636), Adults (OR = 0.673)
- Concentrated disadvantage: Adults (OR = 1.24)
- Residential stability: Adults (OR = 0.772)
- Percentage of occupied units: Adults (OR = 1.01)
- Percentage of Black residents: Juveniles (OR = 1.008)
- Racial/ethnic heterogeneity: Juveniles (OR = 1.015), Adults (OR = 1.008)
- Group offenders vs. solo offenders: Various odds ratios provided for different comparisons","","ArcGIS 10.6, Stata","","No MAUP discussion present.","","No sensitivity analysis performed.","The authors suggest that future research should account for both the characteristics of the broader social environment and the availability of targets in a neighborhood, but they do not explicitly propose alternative spatial units or scales of analysis. They use block groups as the smallest unit for defining neighborhoods due to data availability.","",NA
"Where Do Dealers Solicit Customers and Sell Them Drugs? A Micro-Level Multiple Method Study","Wim Bernasco, Scott Jacques",2015,"Netherlands","Amsterdam","1 square kilometer","Street segments","103 meters (average length)","","262","Not specified","No","","The authors justify the use of street segments as spatial units by referencing recent research advocating for small spatial units of analysis. They define street segments operationally as the two sides of a street between intersections or a square, with an average length of 103 meters, which they believed was small enough for relevant attributes to be seen or heard. However, they later suggest that even these units may be too coarse and propose using smaller units like 10 Ã— 10 m grids or addresses in future research. The rationale is based on the need for detailed spatial resolution and practical considerations for observational analysis.","Theory, previous research, and method","No","No","None stated","No spatial-unit–related data limitation explicitly stated.","Small sample size (50 dealers) limited statistical inference.
- Recruitment method biased towards mobile dealers selling to strangers, potentially excluding local network dealers.
- Study area selection based on practicality rather than representativeness.
- Street segments used as spatial units were too coarse and not stable over time.
- Reliance on self-report data may introduce biases or inaccuracies.
- Focus on downtown Amsterdam may not generalize to other areas or drug dealing environments.","No","None stated","No explicit computational constraints reported.","Time constraint: Observing each street segment took an average of 15 minutes.
- Resource limitation: Comprehensive observation of all street segments for a week was beyond their resources.
- Temporal disparity: Partial overlap between observation and interview periods may have introduced temporal disparities.
- Sample size limitation: Limited number of observations led to tentative conclusions and lack of statistical significance.","10 × 10 m grids, or addresses","""future research should study offending at even smaller spatial units of analysis than street segments (e.g., 10 × 10 m grids, or even addresses)."" (p. 404-405)","Alternative units discussed include using smaller spatial units such as 10 Ã— 10 m grids or addresses, as well as adopting a unit of analysis that includes tangible characteristics of the ongoing situation. These alternatives were suggested for future research due to the limitations found with using street segments.","April 2009 - May 2010","2009–2010","Observations → 2009; LISA → 2011","""observations... between April 23, 2009 and May 28, 2009."" (p. 387); ""obtained from 2011 LISA data"" (p. 311, 3387)","Interviews with 50 drug dealers; Systematic observations of 262 street segments","2",2,"Drug offenses (illicit drug dealing)","Single crime type","19 to 22 ","multinomial logit model; bivariate conditional logit analyses","1. Presence of retail and entertainment businesses
2. Accessibility of the location
3. General activity level
4. Number of people who can interfere
5. Level of territoriality
6. Physical disorder","6","Not mentioned (the paper does not report any model fit statistics or goodness-of-fit measures due to the small sample size and descriptive nature of the analysis)","Not mentioned (the paper does not provide specific numerical coefficient values for each independent variable in the statistical model)","Not mentioned (the paper does not report confidence intervals due to the small sample size and focus on descriptive statistics)","Coffeeshops: Odds ratio = 1.185 (18.5% increase in likelihood of being chosen for soliciting customers)
- Activity-level measures: Odds ratios above unity (positive association with likelihood of being chosen for soliciting customers)
- Accessibility measures: Odds ratios above unity (positive association with likelihood of being chosen for soliciting customers)
- Police presence and social control: No specific odds ratios provided; dealers not deterred by these factors
- Selling drugs: Dealers tend to sell in areas with high potential customer density; no specific odds ratios provided","","NVivo (for qualitative data analysis)","","The authors discuss the Modifiable Areal Unit Problem (MAUP) by acknowledging the importance of detailed spatial scales in their analysis. They use street segments as their unit of analysis, which allows for more detailed measurement compared to larger units. However, they note that even street segments may be too coarse, as dealers' decisions are influenced by very specific locations measured in meters. They suggest future research should use even smaller units, such as 10 Ã— 10 m grids or addresses, to better capture location choices, indicating a consideration of scale effects and aggregation bias. They also propose using units that include tangible characteristics of ongoing situations to avoid ecological fallacy.","","No sensitivity analysis performed.","The authors suggest using smaller spatial units of analysis, such as 10 Ã— 10 m grids or individual addresses, to better capture the dynamic nature of the environment. They also recommend adopting a unit of analysis that includes tangible characteristics of the ongoing situation, such as WikstrÃ¶m's definition of a ""setting.","",NA
"WHERE OFFENDERS CHOOSE TO ATTACK: A DISCRETE CHOICE MODEL OF ROBBERIES IN CHICAGO*","Wim Bernasco, Richard Block",2009,"United States","Chicago","Not specified","census tract","Not specified","","844","3430","No","","The authors chose the census tract as their spatial unit of analysis because it was consistent with previous studies, it was the lowest level of aggregation for which the ""collective efficacy"" measure was available, and it was computationally feasible. They also referenced empirical literature indicating that effects are robust across different geographic levels of aggregation, and noted that a significant portion of robberies occurred outside the offender's home census tract, making it a relevant scale for analysis.","Theory, previous research, data availability, and method","Yes","Yes","Data only available at this unit","""the census tract was chosen... because it was the lowest level of aggregation for which the 'collective efficacy' measure was available"" (p. 105)","The choice of census tracts as the spatial unit of analysis was influenced by the availability of the ""collective efficacy"" measure and computational constraints. Using smaller units like block groups or blocks could provide more detailed insights but was not feasible due to data and computational limitations.","Yes","Processing time","""computationally the use of the resource-intensive discrete choice model with smaller spatial units of analysis would have required a drastic reduction in sample size."" (p. 105)","The authors faced computational constraints due to the resource-intensive nature of the discrete choice model, which limited their ability to use smaller spatial units without drastically reducing the sample size. Additionally, their available hardware and software were insufficient to analyze all cases simultaneously, necessitating the use of cross-validation.","block groups, or blocks","""advisable to use smaller units of spatial aggregation. ... a more refined spatial scale, block groups, or blocks may yield improved insights"" (p. 123)","Block groups or blocks were considered as alternative units but were not used due to practical limitations such as data availability and computational constraints.","1996-1998","1996–1998","Census → 2000","""U.S. Census Bureau... 2000 census tract data"" (p. 106, 3557)","U.S. Census Bureau; Chicago Police Department (CPD); Chicago Public Schools; Claritas; Sampson and colleagues' survey data","6 -> 5",6,"Robbery","Single crime type","6,000","Conditional Logit Model","1. Racial_and_ethnic_dissimilarity
2. Gang_territorial_dissimilarity
3. Drug_dealers_and_customers
4. Prostitutes_and_customers
5. High_school_students
6. Retail_employment
7. Collective_efficacy
8. Log_distance
9. Resident_tract_population
10. Juvenile_distance_interaction
11. Adult_distance_interaction
12. African_American_offender_interaction
13. Non_Hispanic_white_offender_interaction
14. Hispanic_offender_interaction","11","Not mentioned (the paper does not provide specific model fit statistics or goodness-of-fit measures)","Log-distance: .21 (reduction of nearly 80%)
- Home tract: .67 (reduction by 33%)
- Population size: 17% increase for every additional 1,000 residents
- Racial and ethnic dissimilarity: .42 (decrease by 58%)
- Gang territorial dissimilarity: .50 (decrease by 50%)
- Collective efficacy: small, non-significant effect
- Racial and ethnic preferences:
  - African-American offenders: 1.38 times for African-American majority tracts
  - Hispanic offenders: 1.24 times for Hispanic majority tracts
  - Non-Hispanic white offenders: not all significant","Not mentioned (the paper does not explicitly provide confidence intervals for the model coefficients or parameter estimates)","Distance: Odds ratio of 0.21 (nearly 80% reduction) for an increase in log distance.
- Population size: 17% increase in odds for every additional 1,000 residents.
- Racial and ethnic dissimilarity: Odds ratio of 0.42 (58% reduction).
- Gang territorial dissimilarity: Odds ratio of 0.50 (50% reduction).
- Collective efficacy: Small effect, not statistically significant.
- Racial and ethnic preferences:
  - African-American offenders: Odds ratio of 1.38 for African-American majority tracts.
  - Hispanic offenders: Odds ratio of 1.24 for Hispanic majority tracts.
  - Non-Hispanic white offenders: Not all significant, but similar pattern.","","Stata (StataCorp, 2005)","","The authors discuss the Modifiable Areal Unit Problem (MAUP) by justifying their choice of census tracts as the spatial unit of analysis due to data availability and computational constraints. They note that smaller units would reduce heterogeneity but require a smaller sample size. They also mention that effects are robust across different geographic levels, suggesting awareness of MAUP but not seeing it as a significant issue in their study.","","No sensitivity analysis performed. The study primarily uses census tracts and suggests future work could explore smaller units like block groups or blocks, but does not conduct a comparison across different spatial scales within the paper.","In future work, it might be advisable to use smaller units of spatial aggregation, such as block groups or blocks, to yield improved insights because more within-tract heterogeneity and within-tract distances are incorporated.","",NA
