Title,Authors,DOI,DOI link,Venue,Citation count,Year,Spatial Unit Size,Number of Units Used,Country,"City ",Name of the Spatial Unit,"Supporting quotes for ""Spatial Unit Size""","Supporting  tables for ""Spatial Unit Size""","Reasoning for ""Spatial Unit Size""","Supporting quotes for ""Number of Units Used""","Supporting  tables for ""Number of Units Used""","Reasoning for ""Number of Units Used""","Supporting quotes for ""Country""","Supporting  tables for ""Country""","Reasoning for ""Country""","Supporting quotes for ""City ""","Supporting  tables for ""City ""","Reasoning for ""City ""","Supporting quotes for ""Name of the Spatial Unit""","Supporting  tables for ""Name of the Spatial Unit""","Reasoning for ""Name of the Spatial Unit"""
TARGET CHOICE DURING EXTREME EVENTS: A DISCRETE SPATIAL CHOICE MODEL OF THE 2011 LONDON RIOTS *,"Peter Baudains, Alex Braithwaite, Shane D Johnson",-,-,,85,2013,Not specified,"2,299",United Kingdom,London; Birmingham; Manchester,Lower Super Output Areas (LSOA),"  - ""The advantage of smaller sized units of analysis in the discrete choice approach is that the explanatory variables are more representative of the population and characteristics of each area.""
  - ""Data exist across the complete set of 4,765 LSOAs in the Greater London area, and each LSOA typically consists of around 1,500 residents.""
  - ""our chosen unit of analysis is the U.K. census LSOA.""",,"- The paper specifies that the unit of analysis is the U.K. census Lower Super Output Area (LSOA).
- It mentions that each LSOA typically consists of around 1,500 residents, but it does not provide a specific size measurement in terms of area or square kilometers.
- The focus is on the population size within each LSOA rather than its spatial dimensions.
- The paper does not provide any specific measurement for the size of each individual spatial unit in terms of area or square kilometers.","  - ""Data exist across the complete set of 4,765 LSOAs in the Greater London area, and each LSOA typically consists of around 1,500 residents.""
  - ""The aim of the current article was to advance understanding of the spatial decision making of rioters and to consider the utility of different theoretical accounts.""
  - ""In executing our research design, we are interested in offender decision making at the area level, and our chosen unit of analysis is the U.K. census LSOA.""
  - ""The estimates of population churn rates and ethnic heterogeneity were derived using data from the 2001 U.K. Census.""
  - ""The police data consist of all offenses that were detected, and that were identified as having been associated with the riots, by the Metropolitan police for the period August 6-11, 2011.""
  - ""Of the available data (N = 3,914), 2,299 records contained entries for both the residential and the offense location. Only these data were used in the analysis,""",,"- The paper uses Lower Super Output Areas (LSOAs) as the unit of analysis, which are spatial units used by the UK census.
- The total number of LSOAs in Greater London is mentioned as 4,765, but this is not necessarily the number used in the final analysis.
- The paper specifies that only data with both residential and offense locations were used, which amounts to 2,299 records.
- The focus is on the number of spatial units (LSOAs) included in the analysis, not the number of records or data points.
- The methodology section indicates that the analysis was conducted at the LSOA level, but it does not explicitly state how many LSOAs were included in the final analysis.
- The paper does not provide a specific number of LSOAs used in the final statistical analysis, but it does mention that data exist across all 4,765 LSOAs.","  - ""The estimates of population churn rates and ethnic heterogeneity were derived using data from the 2001 U.K. Census.""
  - ""The police data consist of all offenses that were detected, and that were identified as having been associated with the riots, by the Metropolitan police for the period August 6-11, 2011.""
  - ""Predominantly, the riots took place in the highly populated areas of London, Birmingham, and Manchester.""
  - ""To do this, we use data for all riot-related incidents that occurred in London in August 2011 that were detected by the police.""",,"- The study focuses on riot-related incidents in London, which is a city in the United Kingdom.
- The mention of Birmingham and Manchester, which are also cities in the United Kingdom, further supports that the study was conducted in the UK.
- The reference to the Metropolitan Police and the use of data from the 2001 U.K. Census explicitly indicate that the study took place in the United Kingdom.","  - ""Predominantly, the riots took place in the highly populated areas of London, Birmingham, and Manchester.""
  - ""To do this, we use data for all riot-related incidents that occurred in London in August 2011 that were detected by the police.""",,"- The study primarily focuses on data collected from London, as indicated by the use of data from the Metropolitan Police and the mention of ""Greater London.""
- The study also mentions that the riots took place in other highly populated areas, specifically naming Birmingham and Manchester alongside London.
- The context of the study is centered around the 2011 London riots, but it also includes data from other cities where riots occurred.","  - ""the set of alternatives is given by the set of U.K. census Lower Super Output Areas (LSOA) that partition Greater London""
  - ""Data exist across the complete set of 4,765 LSOAs in the Greater London area, and each LSOA typically consists of around 1,500 residents.""
  - ""In executing our research design, we are interested in offender decision making at the area level, and our chosen unit of analysis is the U.K. census LSOA.""",,"- The paper explicitly states that the unit of analysis used in the study is the ""U.K. census LSOA,"" which stands for Lower Super Output Areas.
- The mention of ""4,765 LSOAs in the Greater London area"" further confirms that LSOAs are the spatial units used for analysis.
- The term ""Lower Super Output Areas"" is a specific type of geographic unit used in the United Kingdom for statistical purposes, which aligns with the context of the study."
a_discrete_spatial_choice_model_of_burglary_target.pdf,-,-,-,-,-,-,"Not specified (the spatial unit is a single house, but no specific size measurement is provided)","503,589",Belgium,Ghent,House,"  - ""It extends current applications of the discrete spatial choice framework to burglary target selection by adopting the house as the spatial unit of analysis""
  - ""The key advantage of our study is that this process was modeled for the first time at its ultimate outcome; that is, the house that is eventually burglarized.""
  - ""This article studies how burglars select a house to burglarize. We draw on the rational choice perspective to investigate how burglars select a target by relying on house-related attributes to optimize a combination of perceived rewards, efforts and risk.""
  - ""The study area comprises the entire province of East Flanders (Belgium), a densely urbanized polycentric study area with a population of approximately 1.5 million inhabitants distributed across 12 cities and 53 towns.""
  - ""In this study, we consider a discrete spatial choice model of burglary target selection in which every burglar can choose among 503,589 residential properties in a Belgian province to pick a burglary target.""",,"- The paper explicitly states that the ""house"" is used as the spatial unit of analysis. This means that each individual spatial unit in the study is a single house.
- The study involves a discrete spatial choice model where each burglar can choose from over 500,000 residential properties, indicating that each property (house) is a separate unit.
- The focus on house-level attributes and the use of the house as the spatial unit of analysis suggest that the spatial unit size is equivalent to the size of a single house.
- There is no specific measurement provided for the size of each house, such as area or dimensions, but the context clearly indicates that the spatial unit is a single house.","  - ""In total, 503,589 residential properties were included in the final choice set.""
  - ""Since McFadden (1978a) demonstrated that these models can be consistently estimated on a subset of alternatives provided that the chosen alternative is included and for each choice at least one alternative from the choice set is randomly sampled as well, we randomly sampled a subset of alternatives that was one-eighth the size of the original choice set (Nerella & Bhat, 2004) and repeated this procedure for each chosen alternative.""
  - ""Estimating a conditional logit model involves an iterative maximum likelihood process and requires the likelihood function to be computed for each decision-maker-by-alternative combination (Ben-Akiva & Lerman, 1985). For the current paper, this would be practically infeasible since at least 327,332,850 decision-maker-by-alternative combinations are involved in estimating the models.""
  - ""The discrete spatial choice approach has previously been applied to study burglary location choice (e.g., Bernasco & Nieuwbeerta, 2005), robbery target selection (e.g., Bernasco & Block, 2009), violent offenders' spatial behavior (e.g., Summers, 2012), rioters' target choices (e.g., Baudains, et al., 2013) and theft from motor vehicles (e.g., S. D. Johnson & Summers, 2015).""
  - ""In total, 650 unique burglars and their burglaries were included in the analysis.""",,"- The paper mentions that 650 unique burglars and their burglaries were included in the analysis, which indicates the number of burglary events considered.
- The total number of residential properties included in the final choice set is 503,589, which represents the potential targets for burglary.
- The methodology involves a discrete spatial choice model, which requires computing the likelihood function for each decision-maker-by-alternative combination. However, due to computational feasibility, a subset of alternatives was randomly sampled.
- The paper does not explicitly state the exact number of spatial units used in the final statistical analysis, but it implies that the analysis involved a subset of the 503,589 residential properties.","  - ""The study area comprises the entire province of East Flanders (Belgium), a densely urbanized polycentric study area with a population of approximately 1.5 million inhabitants distributed across 12 cities and 53 towns.""
  - ""Recorded crime data for all aggravated burglaries committed between 2006 and 2012 in East Flanders and for which at least one offender is known were acquired from the Belgian Federal Police.""
  - ""Using data on 650 residential burglaries and on approximately 500,000 residential properties in the Belgian province East Flanders,""",,"- The study explicitly mentions that the data were collected from ""the Belgian province East Flanders,"" which is a clear indication of the country where the research was conducted.
- The mention of ""Belgium"" in the context of the study area and the use of ""Belgian Federal Police"" further confirms that the study was conducted in Belgium.
- The study area is described as being within the province of East Flanders, which is part of Belgium, reinforcing the conclusion that the country of the study is Belgium.","  - ""The third most populous city of Belgium, Ghent, is centrally located within the province.1""
  - ""The study area comprises the entire province of East Flanders (Belgium), a densely urbanized polycentric study area with a population of approximately 1.5 million inhabitants distributed across 12 cities and 53 towns.""",,"- The study area is described as covering the entire province of East Flanders, which includes multiple cities and towns.
- The specific city of Ghent is mentioned as being centrally located within the province, indicating it is part of the study area.
- The study does not provide a list of all 12 cities included in the study area, but it does specify Ghent as a key city within the region.","  - ""This article studies how burglars select a house to burglarize. We draw on the rational choice perspective to investigate how burglars select a target by relying on house-related attributes to optimize a combination of perceived rewards, efforts and risk.""
  - ""Using data on 650 residential burglaries and on approximately 500,000 residential properties in the Belgian province East Flanders, we consider a discrete spatial choice model of burglary target selection to establish which house-related attributes influence burglars' target selection process.""
  - ""It extends current applications of the discrete spatial choice framework to burglary target selection by adopting the house as the spatial unit of analysis and studies burglars' target selection process in a larger and more diverse study area than that of earlier studies.""
  - ""The study area comprises the entire province of East Flanders (Belgium), a densely urbanized polycentric study area with a population of approximately 1.5 million inhabitants distributed across 12 cities and 53 towns.""
  - ""In this study, we consider a discrete spatial choice model of burglary target selection in which every burglar can choose among 503,589 residential properties in a Belgian province to pick a burglary target.""",,"- The paper explicitly states that the ""house"" is used as the spatial unit of analysis. This is a key point as it indicates that the study focuses on individual houses rather than larger geographic units.
- The study area is described as the ""Belgian province East Flanders,"" which is a larger geographic area, but the analysis is conducted at the level of individual houses within this province.
- The use of ""house"" as the spatial unit of analysis is consistent throughout the paper, emphasizing that the study examines how burglars select specific houses based on various attributes."
Formal Evaluation of the Impact of Barriers and Connectors on Residential Burglars' Macro-Level Offending Location Choices,"Joseph Clare, John Fernandez, Frank Morgan",-,-,,100,2009,6.76 km²,291,Australia,Perth,Suburbs,"  - ""statistics for this set of suburbs show that they have an average size of 6.76 km 2 with a mean population of 4,669 residents and 1,791 dwellings (ABS, 2003)""
  - ""Distance between suburbs was calculated by creating a distance matrix based on distance between suburb centroids estimates and adjustments were made to correct for zero distances (when the offender resided in the target suburb) under the assumption that the suburb was approximately circular (Dunbar, 1997).""
  - ""The overall geographic placement of these suburbs in relation to the Swan River, selected major roads, and the location of the railway line are displayed in Figure 1""",,"- The paper provides specific information about the size of the spatial units used in the study. It mentions that the suburbs, which are the spatial units in this context, have an average size of 6.76 km².
- This measurement is directly related to the size of each individual spatial unit, as it describes the average area of the suburbs used in the analysis.
- The mention of the suburbs' average size is relevant to understanding the spatial scale at which the study was conducted, making it a key piece of information for determining the spatial unit size.","  - ""A total of 291 residential suburbs were selected as members of the possible choice set for the residential burglaries examined here.""
  - ""The final dataset contained 1,761 singleoffender (actual or attempted) residential burglaries committed between January 1, 2001, and December 31, 2002 , where the offender resided in the city of Perth.""",,"- The paper mentions that the final dataset included 1,761 single-offender residential burglaries. This refers to the number of incidents analyzed.
- The number of spatial units is indicated by the mention of ""291 residential suburbs"" being part of the choice set. This suggests that the analysis was conducted at the level of these suburbs.
- The focus of the analysis is on the selection of target suburbs for burglaries, which implies that the spatial units are these suburbs.","  - ""The city of Perth is located in the south-west of Western Australia at the coast of the Indian Ocean.""
  - ""Data from Perth, Western Australia, demonstrated that physical barriers and connectors exert significant influence on offender decision-making at this level,""
  - ""The final dataset contained 1,761 singleoffender (actual or attempted) residential burglaries committed between January 1, 2001, and December 31, 2002 , where the offender resided in the city of Perth.""
  - ""The residential burglary data analysed here were provided by the Western Australian Police.""",,"- The study explicitly mentions ""Perth, Western Australia"" as the location where the data was collected and analyzed. This indicates that the study was conducted in Australia.
- The mention of ""Western Australian Police"" further supports that the study was conducted in Australia, as it is a government agency specific to Western Australia.
- The description of Perth's location in the ""south-west of Western Australia"" confirms that the study took place in Australia.","  - ""The city of Perth is located in the south-west of Western Australia at the coast of the Indian Ocean.""
  - ""The final dataset contained 1,761 singleoffender (actual or attempted) residential burglaries committed between January 1, 2001, and December 31, 2002 , where the offender resided in the city of Perth.""
  - ""Data from Perth, Western Australia, demonstrated that physical barriers and connectors exert significant influence on offender decision-making at this level, and that the influence of impermeable barriers increases with proximity of these obstacles to the offender's point of origin.""
  - ""The residential burglary data analysed here were provided by the Western Australian Police.""",,"- The study explicitly mentions ""Perth"" as the city where the data was collected and analyzed.
- The paper refers to ""the city of Perth"" multiple times, indicating that it is the primary location for the study.
- The data analyzed was provided by the Western Australian Police, but the specific city mentioned is Perth, not any other city in Western Australia.","  - ""A total of 291 residential suburbs were selected as members of the possible choice set for the residential burglaries examined here.""
  - ""It is important to note here that the term suburb as used in Western Australia has a different meaning to other parts of the world (particularly the United States and Canada), and is more akin to a neighbourhood in these areas.""
  - ""The residential burglary data analysed here were provided by the Western Australian Police. The information provided for each burglary incident contained details on the nature of the burglary (attempted or actual) and the broad location of the burglary (in this case, the suburb).""",,"- The paper explicitly mentions that the data analyzed includes details on the ""broad location of the burglary (in this case, the suburb)."" This indicates that the spatial unit of analysis is the suburb.
- The paper further clarifies that a total of 291 residential suburbs were used in the analysis, reinforcing that suburbs are the spatial units being studied.
- The note about the term ""suburb"" being akin to a ""neighbourhood"" in other parts of the world provides additional context but does not change the fact that the specific spatial unit used in this study is referred to as a ""suburb."""
Investigating the effect of people on the street and streetscape physical environment on the location choice of street theft crime offenders using street view images and a discrete spatial choice model,"Han Yue, Lin Liu, Luzi Xiao, Y D Wei",-,-,Applied Geography,15,2023,Not specified,1636,China,ZG city,"Community - ""There are 2643 communities in the ZG city, and this study takes the community as the spatial unit of analysis.""","  - ""Finally, 1636 communities remain in this study.""
  - ""There are 2643 communities in the ZG city,""
  - ""this study takes the community as the spatial unit of analysis.""",,"- The paper specifies that the spatial unit of analysis is the ""community.""
- It mentions that there are 2643 communities in the city and that 1636 communities were used in the study.
- However, the paper does not provide a specific size or dimension for each individual community, such as area in square kilometers or meters.
- The focus is on the number of communities rather than their size or spatial extent.","  - ""Finally, 1636 communities remain in this study.""
  - ""This study is conducted in ZG city, a megacity in southeast China. With an urbanization rate of 86.46%, the population of permanent residents in the city amounted to 15.30 million in 2019. There are 2643 communities in the ZG city, and this study takes the community as the spatial unit of analysis.""",,"- The study is conducted in ZG city, which has 2643 communities.
- The study uses the community as the spatial unit of analysis.
- The paper mentions that after filtering, ""1636 communities remain in this study,"" indicating that these are the units included in the final analysis.","  - ""This study is conducted in ZG city, a megacity in southeast China.""
  - ""This study adopted Baidu Street View (BSV) images as the data source to detect people on the street and other streetscape physical environment features.""
  - ""the population of permanent residents in the city amounted to 15.30 million in 2019.""
  - ""The type of crime studied in this paper is street theft crime, which includes snatching, pickpocketing, and theft from the person that happened in the public open space. We obtained a set of detected street theft crimes committed during 2017 and 2018 from the police department of ZG city.""",,"- The study explicitly mentions that it was conducted in ""ZG city, a megacity in southeast China."" This directly indicates the country where the research took place.
- The mention of ""Baidu Street View (BSV) images"" further supports the inference that the study was conducted in China, as Baidu is a Chinese company.
- The reference to the ""police department of ZG city"" also suggests that the study was conducted within China, as it involves local law enforcement data.","  - ""This study is conducted in ZG city, a megacity in southeast China.""
  - ""There are 2643 communities in the ZG city, and this study takes the community as the spatial unit of analysis.""
  - ""the population of permanent residents in the city amounted to 15.30 million in 2019.""",,"- The study explicitly mentions that it was conducted in ""ZG city,"" which is described as a megacity in southeast China.
- The mention of ""ZG city"" is repeated throughout the paper, indicating that this is the primary location of the study.
- The paper does not mention any other city names, so ""ZG city"" is the only city relevant to the study.","  - ""This study is conducted in ZG city, a megacity in southeast China. With an urbanization rate of 86.46%, the population of permanent residents in the city amounted to 15.30 million in 2019. There are 2643 communities in the ZG city, and this study takes the community as the spatial unit of analysis.""
  - ""The main aim of this study is to investigate how the presence of people on the street and the streetscape's physical environment affect criminals' crime location choices. First, this study collected a set of finegrained SVIs in a megacity in China. Then, using integrated deep learning networks, we detected on-street population and streetscape physical environment features from these images. A discrete spatial choice model is finally constructed to investigate the effect of streetscape features on offenders' crime location choices. Residence-crime proximity, crime attractors, generators, detractors, and socioeconomic attributes of communities are accounted for, as these factors also influence crime location choice.""",,"- The paper explicitly states that the study is conducted in ""ZG city, a megacity in southeast China,"" which provides the geographic context.
- The key phrase ""this study takes the community as the spatial unit of analysis"" directly indicates that the spatial unit used in this study is the ""community.""
- The mention of ""2643 communities in the ZG city"" further supports that the analysis is conducted at the community level."
Target Selection Models with Preference Variation Between Offenders,"Michael Townsley, Daniel Birks, Stijn Ruiter, Wim Bernasco, • Gentry White",-,-,-,-,-,Not specified,158,Australia,Brisbane; Birmingham,"Statistical Local Areas (SLAs) - ""Examining the location choices of these offenders, a choice set of 158 Statistical Local Areas (SLAs) were defined as possible offending areas.""","  - ""For each SLA the following characteristics, each relating to a specified behavioral rule, were sourced from the Australian Bureau of Statistics (ABS) 2006 Census and included in the estimated model.""
  - ""The map of average b i coefficients per SLA is displayed in Fig. 3""
  - ""Examining the location choices of these offenders, a choice set of 158 Statistical Local Areas (SLAs) were defined as possible offending areas.""",,"- The study uses ""Statistical Local Areas (SLAs)"" as the spatial units for analysis.
- The paper does not provide specific size measurements for these SLAs, such as area in square kilometers or hectares.
- The focus is on the characteristics and behaviors within these SLAs rather than their physical dimensions.
- The paper does not mention any specific size or dimension for the SLAs, only that they are used as the spatial units for the study.","  - ""Examining the location choices of these offenders, a choice set of 158 Statistical Local Areas (SLAs) were defined as possible offending areas.""
  - ""The map of average b i coefficients per SLA is displayed in Fig. 3 . The variation in b i is displayed in four shades of grey.""
  - ""The overall variation in b i coefficients appears only partially related to the spatial nesting of burglars in SLAs.""
  - ""For both proximity variables distances measures are multiplied by negative one in order that increases in proximity (i.e. where an alternative is closer) produce a positive coefficient. Observations recording a zero distance (where offending occurs within the neighborhood an offender resides within) are transformed using the Ghosh correction (Ghosh 1951).""",,"- The paper mentions that a ""choice set of 158 Statistical Local Areas (SLAs)"" was used in the analysis. This indicates that the spatial units used in the final statistical analysis were these 158 SLAs.
- The mention of ""spatial nesting of burglars in SLAs"" and the display of variation in coefficients per SLA further supports that these units were integral to the analysis.
- The transformation of proximity variables and the use of the Ghosh correction also imply that these SLAs were the units of analysis for calculating distances and other spatial metrics.","  - ""This study investigated whether location choice preferences were the same for all offenders in a sample of residential burglars in Brisbane, Australia.""
  - ""Analyzing detected residential burglaries from Brisbane, Australia, we apply a random effects variant of the discrete spatial choice model to estimate preference variation between offenders across six location choice characteristics.""
  - ""Data describing 2844 detected residential burglaries committed by 873 offenders over 2006-2009 calendar years in the Brisbane Local Government Area were collected and analyzed.""",,"- The paper explicitly mentions that the study was conducted in ""Brisbane, Australia,"" which is a city in Australia. This is stated multiple times throughout the paper, indicating that the research was conducted in Australia.
- The mention of ""Brisbane Local Government Area"" further confirms that the study was conducted in Australia, as Brisbane is a major city in Australia.
- The repeated references to ""Brisbane, Australia"" in the context of the study area and data collection leave no doubt that the country where the research took place is Australia.","  - ""Townsley et al. (2015) replicated the Bernasco and Nieuwbeerta (2005) study in two additional cities (Birmingham, UK and Brisbane, Australia) and found consistent preferences across all three sites, but with some variation observed.""
  - ""Data describing 2844 detected residential burglaries committed by 873 offenders over 2006-2009 calendar years in the Brisbane Local Government Area were collected and analyzed.""
  - ""Analyzing detected residential burglaries from Brisbane, Australia, we apply a random effects variant of the discrete spatial choice model to estimate preference variation between offenders across six location choice characteristics.""",,"- The study is conducted in Brisbane, Australia, as indicated by the first quote, which mentions the analysis of detected residential burglaries from Brisbane.
- The second quote further confirms that the data collection was focused on the Brisbane Local Government Area, reinforcing that Brisbane is the primary city for the study.
- The third quote mentions that the study was replicated in Birmingham, UK, and Brisbane, Australia, indicating that both cities were part of the study.","  - ""Examining the location choices of these offenders, a choice set of 158 Statistical Local Areas (SLAs) were defined as possible offending areas.""
  - ""For each SLA the following characteristics, each relating to a specified behavioral rule, were sourced from the Australian Bureau of Statistics (ABS) 2006 Census and included in the estimated model.""
  - ""The map of average b i coefficients per SLA is displayed in Fig. 3""
  - ""The overall variation in b i coefficients appears only partially related to the spatial nesting of burglars in SLAs.""",,"- The paper explicitly mentions the use of ""Statistical Local Areas (SLAs)"" as the spatial unit of analysis. This is directly stated in the context of defining the choice set for offending areas.
- The use of SLAs is further reinforced by the mention of sourcing data from the Australian Bureau of Statistics (ABS) 2006 Census, which aligns with the use of SLAs as a standard geographic unit in Australia.
- The repeated reference to SLAs in the context of analyzing and mapping data confirms that this is the primary spatial unit used in the study."
Effects of residential history on commercial robbers' crime location choices,"Wim Bernasco, Thessa Kooistra",-,-,-,-,-,Not specified,4006,Netherlands,Not mentioned (the study does not specify any particular city or cities within the Netherlands),Postal code areas,"  - ""In terms of size, shape and topography, the postal code area is a useful spatial unit of analysis because it approximates the area one would expect people to be familiar with if they lived within it.""
  - ""The third source of data is a database containing demographic, social and economic information on all postal code areas in the Netherlands. There are 4006 postal code areas nationwide; they have an average population size of 4900 and an average number of households of 2100.""",,"- The paper mentions that the study uses postal code areas as the spatial unit of analysis.
- It provides information about the number of postal code areas and their average population and household sizes, but it does not specify the exact size or dimension of each individual postal code area.
- The paper describes the postal code area as a useful spatial unit because it approximates the area people would be familiar with, but it does not provide a specific measurement for the size of these areas.","  - ""The third source of data is a database containing demographic, social and economic information on all postal code areas in the Netherlands. There are 4006 postal code areas nationwide; they have an average population size of 4900 and an average number of households of 2100.""
  - ""Of these 352 cases, another 76 offenders were registered in the GBA as living abroad (without a specified address) at the time of the robbery. Because the distance between the current residence and the crime location could not be calculated in these cases, 276 robberies remained for testing the hypotheses.""
  - ""In the present analysis, the residential history of a person is a list of one or more records that contain the postal code and the first and last date of residence. Using this list, for every offender four variables were calculated for every postal code area in the Netherlands:""",,"- The paper mentions that there are 4006 postal code areas in the Netherlands, which are used as spatial units in the analysis.
- The methodology involves calculating variables for every postal code area, indicating that these areas are the spatial units used in the analysis.
- The final statistical analysis includes 276 robberies, but the question asks for the number of spatial units, not the number of cases or robberies.
- The spatial units are the postal code areas, and the paper explicitly states that there are 4006 of these areas.","  - ""Thessa Kooistra is a police inspector at the Utrecht Police in The Netherlands.""
  - ""Wim Bernasco is a senior researcher at the Netherlands Institute for the Study of Crime and Law Enforcement (NSCR).""
  - ""The second data source is the population registration data held in the Nationwide Citizen Information System (GBA). Dutch municipalities and several other agencies use this system in order to keep track of the birth, marriage, divorce, childbirth and residential addresses of all Dutch citizens.""
  - ""The first data source is the National Commercial Robbery Registration System (LORS), which is managed by the Dutch National Police Services Agency (KLPD).""",,"- The paper mentions the ""Dutch National Police Services Agency (KLPD)"" and the ""Nationwide Citizen Information System (GBA),"" which are specific to the Netherlands.
- The authors are affiliated with institutions in the Netherlands, such as the ""Netherlands Institute for the Study of Crime and Law Enforcement (NSCR)"" and the ""Utrecht Police in The Netherlands.""
- The use of terms like ""Dutch municipalities"" and ""Dutch citizens"" further indicates that the study was conducted in the Netherlands.","  - ""The third source of data is a database containing demographic, social and economic information on all postal code areas in the Netherlands.""
  - ""Using unique data on the residential histories of commercial robbers, this study has generated new empirical evidence relating to the spatial behaviour of offenders that supports crime pattern theory.""
  - ""The second data source is the population registration data held in the Nationwide Citizen Information System (GBA).""
  - ""The first data source is the National Commercial Robbery Registration System (LORS), which is managed by the Dutch National Police Services Agency (KLPD).""
  - ""The results of this research show that, when offenders move away from their neighbourhoods to commit crime, they often travel to areas of previous residence.""",,"- The study uses data from the National Commercial Robbery Registration System (LORS) and the Nationwide Citizen Information System (GBA), which are national databases covering the Netherlands.
- The study focuses on commercial robberies in the Netherlands, but it does not specify any particular city or cities within the Netherlands.
- The data sources are national, indicating that the study is conducted at a national level rather than focusing on specific cities.
- There is no mention of specific city names in the study, only references to national databases and systems.","  - ""The third source of data is a database containing demographic, social and economic information on all postal code areas in the Netherlands.""
  - ""There are 4006 postal code areas nationwide; they have an average population size of 4900 and an average number of households of 2100.""
  - ""In terms of size, shape and topography, the postal code area is a useful spatial unit of analysis because it approximates the area one would expect people to be familiar with if they lived within it.""",,"- The paper explicitly mentions ""postal code areas"" as the spatial unit of analysis used in the study.
- The mention of ""4006 postal code areas nationwide"" indicates that these are the specific geographic units analyzed.
- The paper describes the postal code area as a ""useful spatial unit of analysis,"" which confirms its use as the spatial unit in the study."
A Time for a Crime: Temporal Aspects of Repeat Offenders' Crime Location Choices,"Sabine E M Van Sleeuwen, Stijn Ruiter, Barbara Menting",-,-,,21,2018,2.96 km²,142,Netherlands,The Hague,Four-digit postal code areas,"  - ""the alternatives represent the 142 different four-digit postal code areas of the study region, the greater The Hague area in the Netherlands.""",,"- The study uses four-digit postal code areas as the spatial units for analysis.
- The size of each spatial unit is described in terms of its average area size, which is approximately 2.96 km².","  - ""the alternatives represent the 142 different four-digit postal code areas of the study region, the greater The Hague area in the Netherlands.""
  - ""Conditional logit models 1 were used to test our hypotheses. For this purpose, a large data matrix of 1,787,105 rows was constructed containing 142 rows (i.e., target alternatives) for each of the 12,639 offenses to be explained.""
  - ""The dependent variable represents the choice outcome, that is, the target area the offender has selected from the set of alternative areas. As all offense locations were geocoded and allocated to one of the 142 postal codes in the study area, the dependent variable describes the choice for a particular postal code from all 142 potential alternatives in the greater The Hague area.""",,"- The paper mentions that the study area is divided into ""142 different four-digit postal code areas,"" which are used as the spatial units for analysis.
- The dependent variable in the study is the choice of target area, which is selected from these 142 postal code areas.
- The use of these 142 postal code areas as target alternatives in the conditional logit models indicates that they are the spatial units used in the final statistical analysis.","  - ""The area comprises of nine municipalities around-and including-the city of The Hague, the third largest city in the Netherlands.""
  - ""Data on 12,639 offenses committed by 3,666 repeat offenders in the Netherlands are analyzed using discrete spatial choice models.""
  - ""The second source is a nationwide citizen information system, called BRP (in Dutch: ""Basis Registratie Personen""). BRP is continuously updated with information on all residents of the Netherlands such as residential addresses and histories.""
  - ""Information on offenders and their offenses was obtained from the Dutch Suspect Identification System (in Dutch ""Herkenningsdienstsysteem [HKS]"") used by The Hague Police Service.""",,"- The paper explicitly mentions that the data were collected from offenses committed in the Netherlands, as indicated by the phrase ""Data on 12,639 offenses committed by 3,666 repeat offenders in the Netherlands.""
- The study area is described as being in the greater The Hague area, which is located in the Netherlands, further confirming the country where the study was conducted.
- The use of the Dutch Suspect Identification System and the nationwide citizen information system BRP also points to the Netherlands as the country where the research took place.
- The mention of The Hague, a city in the Netherlands, and the reference to it as the third largest city in the country, provides additional evidence that the study was conducted in the Netherlands.","  - ""The area comprises of nine municipalities around-and including-the city of The Hague, the third largest city in the Netherlands.""
  - ""Information on offenders and their offenses was obtained from the Dutch Suspect Identification System (in Dutch ""Herkenningsdienstsysteem [HKS]"") used by The Hague Police Service.""
  - ""The following selections were made to obtain the final sample, consisting of repeat offenders who committed at least two crimes within a period of three years in the study area and who also lived in the area at the time of the offense.""",,"- The study area is described as including ""the city of The Hague,"" which is explicitly mentioned as part of the study area.
- The data collection involved the ""The Hague Police Service,"" indicating that the study was conducted within the jurisdiction of The Hague.
- The study focuses on repeat offenders who committed crimes within the study area, which includes The Hague.","  - ""the alternatives represent the 142 different four-digit postal code areas of the study region, the greater The Hague area in the Netherlands.""
  - ""In previous studies, it was argued that four-digit postal code areas are well-suited for crime location choice research, as these administrative areas were constructed in such a way to have minimal travel restrictions for postal delivery services that usually travel on foot or bicycle (Bernasco 2010:398)""
  - ""These postal code areas have an average population of approximately 7,000 residents and an average area size of about 2.96 km 2 (Lammers et al. 2015).""
  - ""The dependent variable represents the choice outcome, that is, the target area the offender has selected from the set of alternative areas. As all offense locations were geocoded and allocated to one of the 142 postal codes in the study area, the dependent variable describes the choice for a particular postal code from all 142 potential alternatives in the greater The Hague area.""",,"- The paper explicitly mentions that the study uses ""four-digit postal code areas"" as the spatial unit of analysis. This is repeated multiple times throughout the text, indicating that these are the specific geographic units used in the study.
- The paper provides additional context about these postal code areas, such as their average population and size, which further supports the use of these units in the analysis.
- The dependent variable is described as the choice for a particular postal code from all 142 potential alternatives, reinforcing that the analysis is conducted at the level of these postal code areas."
A SENTIMENTAL JOURNEY TO CRIME: EFFECTS OF RESIDENTIAL HISTORY ON CRIME LOCATION CHOICE*,Wim Bernasco,-,-,,204,2010,"Not specified (the study uses postal code areas, but specific size measurements for individual units are not provided)","4,000",Netherlands,The Hague,Postal code areas,"  - ""Throughout the remainder of this article, where ""area of residence"" is used to describe empirical findings, it means ""postal code area of residence.""""
  - ""The third source is a national database of demographic, social, and economic information on all (four-digit) postal code areas in the Netherlands.""
  - ""There are approximately 4,000 postal code areas nationwide, with an average population size of 4,900 and an average number of households of 2,100.""
  - ""In terms of their size, shape, and topography, the postal code area is a useful approximation of the area one would expect people to be familiar with if they lived within it.""
  - ""Postal codes in urban areas usually cover less than half a square mile, whereas postal codes in more rural regions are larger (less than 2 square miles).""",,"- The study uses postal code areas as the spatial units for analysis.
- The size of these postal code areas is described in terms of their coverage in urban and rural areas.
- Urban postal codes cover less than half a square mile, while rural ones are less than 2 square miles.
- The study does not provide a specific size measurement for a single unit but gives a range for urban and rural areas.","  - ""The third source is a national database of demographic, social, and economic information on all (four-digit) postal code areas in the Netherlands. There are approximately 4,000 postal code areas nationwide, with an average population size of 4,900 and an average number of households of 2,100.""
  - ""Practically, the estimation of a conditional logit model requires that we set up a large data matrix that has, for each of the 7,179 offenses analyzed, as many rows as choice alternatives (i.e., each of the 4,000 postal code areas in the data set is a choice alternative for each of the 7,179 offenses).""
  - ""The purpose of a discrete choice model is to explain the outcome of a discrete choice situation, which is the situation in which an individual decision maker has to choose a single alternative from a limited number of distinct alternatives""
  - ""Throughout the remainder of this article, where ""area of residence"" is used to describe empirical findings, it means ""postal code area of residence.""""
  - ""The second source of data is the population registration data, which are held in a nationwide information system (Dutch acronym GBA) used by Dutch municipalities and several other agencies, to keep track of birth, death, nationality, marriage, divorce, childbirth, and residential addresses of all Dutch citizens.""",,"- The paper uses a national database that includes information on all four-digit postal code areas in the Netherlands, which are used as spatial units for analysis.
- The methodology section describes the use of a discrete choice model, where each of the 4,000 postal code areas is considered a choice alternative for each offense.
- The paper explicitly states that each of the 4,000 postal code areas is a choice alternative for each of the 7,179 offenses analyzed, indicating that these areas are the spatial units used in the final statistical analysis.","  - ""The third source is a national database of demographic, social, and economic information on all (four-digit) postal code areas in the Netherlands.""
  - ""The second source of data is the population registration data, which are held in a nationwide information system (Dutch acronym GBA) used by Dutch municipalities and several other agencies, to keep track of birth, death, nationality, marriage, divorce, childbirth, and residential addresses of all Dutch citizens.""
  - ""The first data source is a police information system used by the Greater The Hague Police Force that was designed to support crime investigations.""",,"- The mention of ""The Greater The Hague Police Force"" indicates that the study was conducted in The Hague, which is a city in the Netherlands.
- The reference to ""Dutch municipalities"" and ""Dutch citizens"" further supports that the study was conducted in the Netherlands.
- The use of ""a national database of demographic, social, and economic information on all (four-digit) postal code areas in the Netherlands"" confirms that the study was conducted within the Netherlands.","  - ""The first data source is a police information system used by the Greater The Hague Police Force that was designed to support crime investigations.""
  - ""The third source is a national database of demographic, social, and economic information on all (four-digit) postal code areas in the Netherlands.""
  - ""The second source of data is the population registration data, which are held in a nationwide information system (Dutch acronym GBA) used by Dutch municipalities and several other agencies, to keep track of birth, death, nationality, marriage, divorce, childbirth, and residential addresses of all Dutch citizens.""",,"- The study uses data from the ""Greater The Hague Police Force,"" which indicates that the study was conducted in The Hague.
- The mention of ""Greater The Hague Police Force"" specifically points to The Hague as the city where the study was conducted.
- The other quotes mention national databases and systems, but these do not specify particular cities; they are more general and apply to the entire country of the Netherlands.
- The focus on The Hague is clear from the data sources mentioned, which are specific to that city.","  - ""Throughout the remainder of this article, where ""area of residence"" is used to describe empirical findings, it means ""postal code area of residence.""""
  - ""The third source is a national database of demographic, social, and economic information on all (four-digit) postal code areas in the Netherlands.""
  - ""In terms of their size, shape, and topography, the postal code area is a useful approximation of the area one would expect people to be familiar with if they lived within it.""",,"- The paper explicitly mentions the use of ""postal code areas"" as the spatial unit of analysis. This is indicated by the reference to a ""national database of demographic, social, and economic information on all (four-digit) postal code areas in the Netherlands.""
- The paper further clarifies that the ""postal code area"" is used as a proxy for areas that individuals are likely to be familiar with, suggesting its relevance as a spatial unit for understanding residential history and crime location choice.
- The term ""postal code area of residence"" is consistently used throughout the paper to refer to the geographic units analyzed, reinforcing the conclusion that this is the specific spatial unit used in the study."
Burglars blocked by barriers? The impact of physical and social barriers on residential burglars' target location choices in China,"Luzi Xiao, Stijn Ruiter, Lin Liu, Guangwen Song, Suhong Zhou",-,-,"Computers, Environment and Urban Systems",12,2021,2.74 km-sq (average size),2643,China,ZG city,Communities,"  - ""Communities have a relatively homogeneous population and their average size is 2.74 km-sq.,""
  - ""Community size has a skew distribution though, with half of all communities smaller than 0.92 kmsq., but the smallest area only 0.01 km-sq. and the largest 82.49 km-sq.""
  - ""All residential burglaries were geocoded to one of the 2643 communities in ZG city.""",,"- The paper mentions that the study uses ""communities"" as the spatial units for analysis.
- It provides an average size for these communities, which is 2.74 km-sq.
- Additionally, it notes that community sizes vary, with the smallest being 0.01 km-sq and the largest being 82.49 km-sq.
- The question asks for the size or dimension of each individual spatial unit, which in this case is the community.","  - ""All residential burglaries were geocoded to one of the 2643 communities in ZG city.""
  - ""The sheer size of the dataset, with 3860 burglaries committed in one of 2643 communities (resulting in a matrix over 10 million rows), prohibited the estimation of the more flexible mixed logit model that was recently used in crime location choice research""
  - ""After excluding all cases that failed to meet the study requirements, 3860 burglaries are included in the analyses.""
  - ""In total, 6664 burglaries committed by 8953 burglars were recorded.""
  - ""The Municipal Public Security Bureau of ZG city provided crime data for the period January 2012 to June 2016.""",,"- The paper mentions that all residential burglaries were geocoded to one of the 2643 communities in ZG city, indicating that these communities are the spatial units used in the study.
- The final analysis included 3860 burglaries, but the number of spatial units (communities) is what is being asked.
- The mention of ""3860 burglaries committed in one of 2643 communities"" suggests that the analysis involved these 2643 communities as the spatial units.","  - ""Since the reform and opening up of China in the 1980s, ZG city has developed rapidly, attracting a large number of domestic migrant workers.""
  - ""In order to test the hypotheses, this study analyzed residential burglary data obtained from the Municipal Public Security Bureau of ZG city, 1 a large city located in the southern part of China.""
  - ""Using data on 3860 residential burglaries committed by 3772 burglars between January 2012 and June 2016 in ZG city, China, conditional logit (discrete choice) models were estimated to assess residential burglars' target location choice preferences.""
  - ""Based on an offender spatial decision-making perspective, this burglary target location choice study aims to understand how physical and social barriers affect why residential burglars commit their crimes at particular locations in a major Chinese city.""",,"- The study explicitly mentions that it was conducted in ""a major Chinese city,"" which directly indicates that the country is China.
- The mention of ""ZG city, China"" in the context of data collection and analysis further confirms that the study took place in China.
- The reference to ""the southern part of China"" and the historical context of ""the reform and opening up of China in the 1980s"" also support the conclusion that the study was conducted in China.","  - ""In order to test the hypotheses, this study analyzed residential burglary data obtained from the Municipal Public Security Bureau of ZG city, 1 a large city located in the southern part of China.""
  - ""Using data on 3860 residential burglaries committed by 3772 burglars between January 2012 and June 2016 in ZG city, China, conditional logit (discrete choice) models were estimated to assess residential burglars' target location choice preferences.""
  - ""In this study, for each recorded residential burglary for which at least one offender was arrested, the data contained unique offender identifiers, their home addresses, Hukou status, and where and when the burglary they were arrested for was committed. In total, 6664 burglaries committed by 8953 burglars were recorded.""",,"- The study explicitly mentions ""ZG city"" as the location where the data on residential burglaries were collected.
- The study is conducted in a single city, as indicated by the repeated references to ""ZG city"" in the context of data collection and analysis.
- The city is described as a ""large city located in the southern part of China,"" but the actual name of the city is not provided, only referred to as ""ZG city.""","  - ""All residential burglaries were geocoded to one of the 2643 communities in ZG city.""
  - ""Communities have a relatively homogeneous population and their average size is 2.74 km-sq., which closely resembles the size of the units of analysis in many other crime location choice studies (e.g., Menting et al., 2016).""
  - ""Communities in the downtown area are generally smaller with a higher population density, whereas communities in the suburbs often have a lot of farmland or woodland and are thus usually bigger in size with relatively low numbers of residents.""",,"- The paper explicitly mentions that the spatial unit of analysis is ""communities"" in ZG city, as indicated by the geocoding of residential burglaries to these units.
- The description of communities as having a ""relatively homogeneous population"" and an average size of 2.74 km-sq. suggests that these are the defined spatial units used for analysis.
- The mention of communities being smaller in downtown areas and larger in suburbs further supports the use of ""communities"" as the spatial unit, as it describes their physical characteristics and distribution."
FAMILY MATTERS: EFFECTS OF FAMILY MEMBERS' RESIDENTIAL AREAS ON CRIME LOCATION CHOICE *,"Barbara Menting, Marre Lammers, Stijn Ruiter, Wim Bernasco",-,-,-,-,-,2.96 km²,142,Netherlands,The Hague,Four-digit postal code areas,"  - ""Dutch four-digit postal code areas are designed to have minimal travel restrictions for postal delivery services that usually travel by foot or bicycle, and their size is inversely related to the level of urbanization (Bernasco, 2010: 398)""",,"- The paper specifies that the spatial units used in the study are four-digit postal code areas.
- It provides an average area size for these units, which is 2.96 km².
- The standard deviation and range of sizes are also provided, indicating variability in the size of these units.
- The mention of the size being inversely related to urbanization suggests that the size can vary based on the level of urbanization, but the average size is given as 2.96 km².","  - ""The matrix contained 142 rows for each of the 19,420 offenses committed (i.e., per offense, one row for each of the 142 alternative postal code areas that could have been chosen in the greater The Hague area).""
  - ""The set of alternative areas J consists of four-digit postal code areas, of which there are 142 in the study area, with an average population size of around 7,000 and an average area size of 2.96 km 2 [standard deviation (SD) = 4.38, range = .12 to 24.69, median = 1.47].""",,"- The paper mentions that the study area is divided into ""four-digit postal code areas,"" which are used as the spatial units for analysis.
- The number of these spatial units is explicitly stated as ""142"" in the methodology section, indicating that there are 142 four-digit postal code areas included in the study.
- The use of these 142 areas is further confirmed in the description of the data matrix, which includes ""142 rows for each of the 19,420 offenses committed,"" reinforcing that each offense is analyzed in relation to these 142 spatial units.","  - ""the study focused only on people who both lived and committed crimes in the greater The Hague area.""
  - ""Data on offenders and their offenses were obtained from the police information system used by the The Hague Police Service.""
  - ""We used discrete spatial choice models to study crime location choice. In these models, the dependent variable is the choice of one particular area j from a geographical set of alternatives J to commit a crime. To construct the dependent variable, crimes committed between 2006 and 2009 in the greater The Hague area were included in this study.""",,"- The study was conducted in the ""greater The Hague area,"" which is explicitly mentioned multiple times throughout the paper.
- The Hague is a city in the Netherlands, and the study's focus on this area indicates that the research was conducted within the Netherlands.
- The mention of ""the rest of the Netherlands"" further confirms that the study was conducted within the country of the Netherlands.
- The use of data from the ""The Hague Police Service"" and the focus on the ""greater The Hague area"" provide strong evidence that the study was conducted in the Netherlands.","  - ""the study focused only on people who both lived and committed crimes in the greater The Hague area.""
  - ""Data on offenders and their offenses were obtained from the police information system used by the The Hague Police Service.""
  - ""We used discrete spatial choice models to study crime location choice. In these models, the dependent variable is the choice of one particular area j from a geographical set of alternatives J to commit a crime. To construct the dependent variable, crimes committed between 2006 and 2009 in the greater The Hague area were included in this study.""
  - ""The set of alternative areas J consists of four-digit postal code areas, of which there are 142 in the study area, with an average population size of around 7,000 and an average area size of 2.96 km 2 [standard deviation (SD) = 4.38, range = .12 to 24.69, median = 1.47].""",,"- The study explicitly mentions that the data were collected from the ""greater The Hague area,"" which indicates that the study was conducted in this specific geographic location.
- The mention of ""The Hague Police Service"" further confirms that the study was conducted in The Hague, as it is the police service responsible for this area.
- The study area is described as the ""greater The Hague area,"" which suggests that the focus was on The Hague and possibly surrounding areas, but The Hague is the only city name explicitly mentioned.","  - ""All offense locations were geocoded to 1 of the 142 four-digit postal code areas.""
  - ""Dutch four-digit postal code areas are designed to have minimal travel restrictions for postal delivery services that usually travel by foot or bicycle, and their size is inversely related to the level of urbanization (Bernasco, 2010: 398)""
  - ""The set of alternative areas J consists of four-digit postal code areas, of which there are 142 in the study area, with an average population size of around 7,000 and an average area size of 2.96 km 2 [standard deviation (SD) = 4.38, range = .12 to 24.69, median = 1.47].""",,"- The paper explicitly mentions the use of ""four-digit postal code areas"" as the spatial unit of analysis. This is repeated in multiple sections, indicating that these areas are the primary geographic units used in the study.
- The description of these areas includes their average population size and area size, which further supports the use of these units as the basis for analysis.
- The paper also notes that these areas are designed to have minimal travel restrictions and are inversely related to the level of urbanization, which suggests they are a practical choice for studying crime location choices.
- The geocoding of offense locations to these areas confirms that they are the spatial units used for data analysis."
"BITING ONCE, TWICE: THE INFLUENCE OF PRIOR ON SUBSEQUENT CRIME LOCATION CHOICE *","Marre Lammers, Barbara Menting, Stijn Ruiter, Wim Bernasco",-,-,-,-,-,2.96 km²,142,Netherlands,The Hague,Four-digit postal code areas,"  - ""Therefore, four-digit postal code areas are the spatial unit of analysis to indicate ""crime locations"" (crime target areas) and ""areas of residence.""""",,"- The paper specifies that the spatial unit of analysis is the ""four-digit postal code area.""
- It provides a specific measurement for the size of these units, stating that each four-digit postal code area has an ""average size of 2.96 km².""
- This measurement directly answers the question about the size of each individual spatial unit used in the study.","  - ""The crime had to be committed between 2006 and 2009 in the greater The Hague area, an area consisting of 142 four-digit postal code areas (with an average population size of approximately 7,000 and an average size of 2.96 km 2""
  - ""the results of the study are presented. Finally, we reflect on the findings, discuss caveats, and explore avenues for future research.""
  - ""The dependent variable in this study is a choice of an area j from a geographical set of alternatives J to commit a crime in.""
  - ""The dependent variable is dichotomous, with a value of 1 indicating the area that was chosen by the offender to commit the offense, and 0s for all other postal code areas.""",,"- The paper mentions that the study area consists of ""142 four-digit postal code areas,"" which are used as the spatial units for analysis.
- The dependent variable is described as a choice of an area from a set of alternatives, which implies that these 142 postal code areas are the alternatives considered in the analysis.
- The methodology section describes the use of discrete choice models, which typically involve selecting one option from a set of alternatives. In this case, the alternatives are the 142 postal code areas.
- The paper does not mention any other spatial units being used in the final statistical analysis, so it is reasonable to conclude that the 142 postal code areas are the units used.","  - ""Unique data from four different data sources are used to study the crime location choices of 3,666 offenders who committed 12,639 offenses.""
  - ""The results indicate that prior crime locations strongly influence subsequent crime location choices.""
  - ""To test our hypotheses, multiple study variables were constructed based on these offenses. First, for each offense and the associated 142 alternative postal code areas, a dichotomous variable previously chosen (0 = no; 1 = yes) was constructed to indicate whether the offender had committed a prior offense in that particular postal code area in the previous 3 years (to test hypothesis 1).""
  - ""Data on offenders and their offenses were obtained from a police information system used by the greater The Hague Police Service.""
  - ""the study sample, all their registered offenses in the period 2006-2009 in the greater The Hague area were used in the analyses, as well as To test our hypotheses, multiple study variables were constructed based on these offenses.""
  - ""The dependent variable is dichotomous, with a value of 1 indicating the area that was chosen by the offender to commit the offense, and 0s for all other postal code areas.""
  - ""The results presented, in particular the finding that repeat offenders are attracted to locations in the proximity of where they recently committed a crime, is consistent with the finding that the same offenders are involved in the majority of (near-) repeat cases (Bernasco, 2008;Johnson, Summers, and Pease, 2009).""
  - ""The current study's findings indicate that offenders do return to prior crime locations even though they had been arrested for these crimes.""
  - ""The current findings are important for police surveillance and criminal investigations. First, and in line with recommendations based on findings about repeat victimization and the contagion of victimization risk, future offenses may be prevented by increasing surveillance in the targeted area in the wake of an offense.""",,"- The study is conducted in the ""greater The Hague area,"" which is explicitly mentioned multiple times throughout the paper. The Hague is a city in the Netherlands.
- The data were obtained from the ""greater The Hague Police Service,"" which further indicates that the study was conducted in the Netherlands.
- The study focuses on offenders who committed crimes in this specific area, suggesting that the research was conducted within the Netherlands.
- There is no mention of any other country or international data collection, reinforcing the conclusion that the study was conducted solely in the Netherlands.","  - ""Data on offenders and their offenses were obtained from a police information system used by the greater The Hague Police Service.""
  - ""The crime had to be committed between 2006 and 2009 in the greater The Hague area, an area consisting of 142 four-digit postal code areas (with an average population size of approximately 7,000 and an average size of 2.96 km 2""
  - ""Unique data from four different data sources are used to study the crime location choices of 3,666 offenders who committed 12,639 offenses.""
  - ""The dependent variable is dichotomous, with a value of 1 indicating the area that was chosen by the offender to commit the offense, and 0s for all other postal code areas.""
  - ""To test our hypotheses, multiple study variables were constructed based on these offenses. First, for each offense and the associated 142 alternative postal code areas, a dichotomous variable previously chosen (0 = no; 1 = yes) was constructed to indicate whether the offender had committed a prior offense in that particular postal code area in the previous 3 years (to test hypothesis 1).""",,"- The study focuses on the ""greater The Hague area,"" which indicates that the primary location of the study is The Hague.
- The data were obtained from the ""greater The Hague Police Service,"" further confirming that the study was conducted in The Hague.
- The study area is described as consisting of ""142 four-digit postal code areas"" within the ""greater The Hague area,"" which suggests that the study was confined to this specific geographic region.
- There is no mention of any other city names in the context of the study area or data collection.","  - ""Therefore, four-digit postal code areas are the spatial unit of analysis to indicate ""crime locations"" (crime target areas) and ""areas of residence.""""
  - ""The dependent variable in this study is a choice of an area j from a geographical set of alternatives J to commit a crime in. The crime had to be committed between 2006 and 2009 in the greater The Hague area, an area consisting of 142 four-digit postal code areas (with an average population size of approximately 7,000 and an average size of 2.96 km 2""",,"- The paper explicitly states that the spatial unit of analysis used in the study is ""four-digit postal code areas."" This is mentioned multiple times throughout the text, indicating that this is the specific geographic unit used for analysis.
- The paper provides additional context about why four-digit postal code areas are used, such as their size and population characteristics, which further supports the use of this spatial unit.
- The mention of ""four-digit postal code areas"" is consistent throughout the paper, with no other spatial units being mentioned as alternatives or substitutes."
Modeling Micro-Level Crime Location Choice: Application of the Discrete Choice Framework to Crime at Places,Wim Bernasco,-,-,-,-,-,approximately the size of a football field,"23,984",Netherlands,The Hague; Zoetermeer; Delft,Postal code areas,"  - ""The empirical analysis distinguishes small residential areas approximately the size of a football field, containing only 18 residential units and 40 residents on average.""
  - ""On average, a residential postal code area in the region of the Netherlands studied here is roughly the size of a football field and contains 18 residential properties and 40 residents.""
  - ""The postal code system was created with the facilitation of postal delivery services in mind. Therefore, a single postal code is nearly always on the same street, applies to adjacent properties, and is not subdivided by physical barriers that impede pedestrian or car transportation.""
  - ""The postal codes in the area comprise 18 addresses on average.""",,"- The paper describes the spatial unit size as being ""approximately the size of a football field."" This is a direct measurement of the size of each individual spatial unit used in the study.
- The mention of ""18 residential units and 40 residents on average"" provides additional context about the scale of these units but does not specify a precise area measurement.
- The description of the postal code system and its application to adjacent properties suggests that these units are defined by their spatial proximity and accessibility, but again, no specific area measurement is provided.
- The paper does not provide a specific area measurement in terms of square kilometers, meters, or hectares for each individual spatial unit.","  - ""For the present study on residential burglary, only the 23,984 postal codes areas (91.5%) were used that contain at least 3 residential units and at least 3 residents (the data provided are rounded to quintuples).""
  - ""The postal codes in the area comprise 18 addresses on average.""
  - ""The analysis of burglary location choices in the Greater The Hague area, in which small spatial entities with an average of 18 properties and 40 residents are distinguished, illustrates these points.""
  - ""the study area (Greater The Hague Area) measures 400 sq. km, and houses a population of 1,000,000 residents in 460,000 residential units. This area comprises 26,214 postal code areas.""",,"- The paper describes the study area as comprising 26,214 postal code areas, but not all of these were used in the analysis.
- The specific number of postal code areas used in the final statistical analysis is mentioned as 23,984, which is 91.5% of the total postal code areas in the study area.
- This number is explicitly stated as the number of postal code areas used in the study, which are the spatial units of analysis.
- The average number of properties and residents per postal code area is provided, but the question asks for the number of spatial units used, not the average size or population of these units.","  - ""The first application of the multinomial logit model to crime location choice analyzed the choice of a residential burglary destination neighborhood in The Hague, the Netherlands""
  - ""The addresses of the burglars as well as the addresses of the burgled properties were geocoded using the Dutch postal code associated with the addresses.""
  - ""The police force services a geographical area of 400 sq. km that houses a population of one million residents and 460,000 residential units. It comprises the city of The Hague, several smaller cities including Zoetermeer and Delft, and a number of smaller towns and villages.""
  - ""Data for the present analyses were provided by the Haaglanden (greater The Hague area) police force.""",,"- The study explicitly mentions ""The Hague, the Netherlands"" as the location where the research was conducted. This is a direct reference to the country.
- The mention of ""the Haaglanden (greater The Hague area) police force"" further confirms that the study took place in the Netherlands, as Haaglanden is a region in the Netherlands.
- The use of ""Dutch postal code"" indicates that the study was conducted in the Netherlands, as postal codes are specific to countries.
- The mention of specific cities like ""The Hague, Zoetermeer, and Delft"" are all located in the Netherlands, reinforcing that the study was conducted there.","  - ""Data for the present analyses were provided by the Haaglanden (greater The Hague area) police force.""
  - ""the study area (Greater The Hague Area) measures 400 sq. km, and houses a population of 1,000,000 residents in 460,000 residential units.""
  - ""The first application of the multinomial logit model to crime location choice analyzed the choice of a residential burglary destination neighborhood in The Hague, the Netherlands (Bernasco and Nieuwbeerta 2005).""
  - ""The analysis of burglary location choices in the Greater The Hague area, in which small spatial entities with an average of 18 properties and 40 residents are distinguished, illustrates these points.""",,"- The study is conducted in the ""Greater The Hague Area,"" which includes multiple cities.
- The specific cities mentioned within this area are ""The Hague,"" ""Zoetermeer,"" and ""Delft.""
- These cities are explicitly named as part of the study area, indicating that the study was conducted in these locations.","  - ""the study area (Greater The Hague Area) measures 400 sq. km, and houses a population of 1,000,000 residents in 460,000 residential units. This area comprises 26,214 postal code areas.""
  - ""Throughout the Netherlands there are about 435,000 postal code areas. On average, a residential postal code area in the region of the Netherlands studied here is roughly the size of a football field and contains 18 residential properties and 40 residents.""
  - ""The addresses of the burglars as well as the addresses of the burgled properties were geocoded using the Dutch postal code associated with the addresses.""
  - ""The postal code system was created with the facilitation of postal delivery services in mind. Therefore, a single postal code is nearly always on the same street, applies to adjacent properties, and is not subdivided by physical barriers that impede pedestrian or car transportation.""
  - ""The empirical analysis distinguishes small residential areas approximately the size of a football field, containing only 18 residential units and 40 residents on average.""",,"- The paper describes the spatial unit of analysis as ""small residential areas approximately the size of a football field, containing only 18 residential units and 40 residents on average."" This indicates that the spatial units are small and contain a limited number of residential units and residents.
- The paper uses ""postal code areas"" as the specific geographic unit for analysis. This is evident from the repeated mention of ""postal code areas"" and their characteristics, such as size and population.
- The use of ""postal code areas"" is further supported by the description of how these areas are defined and used in the study, including their creation for postal delivery services and their typical size and composition.
- The paper does not mention any other specific geographic units such as census tracts, neighborhoods, or wards, reinforcing that ""postal code areas"" are the primary spatial unit of analysis."
The Importance of Importance Sampling,"Wim Medvedev, Oleg N Polaschek, Sophie Curtis-Ham, Wim Bernasco, Oleg N Medvedev, Devon L L Polaschek",-,-,-,-,-,"0.063km² to 12,042.36km² (median 1.962km²)",2153,New Zealand,"Not mentioned (the study is conducted at a national level in New Zealand, but no specific city names are mentioned)",NZ Census Statistical Area 2 (SA2),"  - ""SA2s roughly equate to neighborhoods and typically contain 2000-4000 residents in metropolitan areas (1000-5000 in rural areas).""
  - ""we used the NZ Census Statistical Area 2 (SA2) as the set of locations from which an offense location could be chosen.""",,"- The paper specifies that the spatial unit used in the study is the ""NZ Census Statistical Area 2 (SA2).""
- The size of these SA2s is described in terms of their land area, which ranges from 0.063km² to 12,042.36km².
- The median land area of an SA2 is given as 1.962km², indicating the typical size of these spatial units.","  - ""The outcome variable was the choice of SA2: in which of the 2153 SA2 areas of New Zealand did the offender commit the index offense?""
  - ""There were 2153 SA2s, with land areas of 0.063km 2 to 12,042.36km 2 , reflecting the relative population density in urban and rural areas (median 1.962km 2""
  - ""The importance sampling strategies resulted in as few as 11 alternatives in the choice set (0.5% of the 2153 SA2s). But on average, offenders' choice sets contained at least 150-350 alternatives, representing roughly 7-16% of the 2153 SA2s, depending on crime type and sampling strategy.""
  - ""In this study we used the NZ Census Statistical Area 2 (SA2) as the set of locations from which an offense location could be chosen.""",,"- The paper specifies that the spatial units used in the study are the NZ Census Statistical Area 2 (SA2).
- It mentions that there are 2153 SA2s in total, which are used as the set of locations from which an offense location could be chosen.
- The outcome variable is defined as the choice of SA2, indicating that these are the units used in the final statistical analysis.
- The paper discusses sampling strategies that reduce the number of SA2s included in the analysis, but the total number of SA2s considered is 2153.","  - ""this is the first New Zealand based study in the DSCM paradigm, and the first to specifically examine non-residential burglary and sexual offenses.""
  - ""By examining non-residential burglary and sexual offenses, in New Zealand, the substantive results represent a novel contribution to the growing literature on offenders' spatial decision making.""
  - ""The data used in this study included solved residential and non-residential burglary, commercial and personal robbery and extra-familial sex offenses occurring between 2009 and 2018 from a national dataset obtained from the New Zealand Police.""",,"- The paper explicitly mentions ""New Zealand"" as the country where the study was conducted. This is indicated by the mention of ""New Zealand"" in the context of the study's focus on non-residential burglary and sexual offenses.
- The data source is described as a ""national dataset obtained from the New Zealand Police,"" which further confirms that the study was conducted in New Zealand.
- The paper also states that it is the ""first New Zealand based study"" in the DSCM paradigm, reinforcing that the research was conducted in New Zealand.","  - ""The data used in this study included solved residential and non-residential burglary, commercial and personal robbery and extra-familial sex offenses occurring between 2009 and 2018 from a national dataset obtained from the New Zealand Police.""
  - ""By examining non-residential burglary and sexual offenses, in New Zealand, the substantive results represent a novel contribution to the growing literature on offenders' spatial decision making.""
  - ""The findings of this paper have important implications for future crime location choice studies, and make a novel contribution to the growing literature on offenders' spatial decision making. We presented a relatively simple and effective method for importance sampling from alternatives which if adopted in future crime DSCM studies could enable the use of larger datasets (e.g., with more variables, wider study areas, or more granular spatial or spatio-temporal units) to yield greater insights into crime location choice.""
  - ""In this study we used the NZ Census Statistical Area 2 (SA2) as the set of locations from which an offense location could be chosen.""",,"- The study is conducted in New Zealand, as indicated by the mention of ""New Zealand"" in the context of the study's focus on non-residential burglary and sexual offenses.
- The data is obtained from a national dataset, which suggests that the study is not limited to a specific city but rather covers a broader geographic area.
- The use of ""NZ Census Statistical Area 2 (SA2)"" indicates that the study area is defined by these statistical areas, which are not specific to a single city but rather cover various regions across New Zealand.
- There is no mention of specific city names in the study, which suggests that the study is conducted at a national level rather than focusing on specific cities.","  - ""In this study we used the NZ Census Statistical Area 2 (SA2) as the set of locations from which an offense location could be chosen.""
  - ""SA2s roughly equate to neighborhoods and typically contain 2000-4000 residents in metropolitan areas (1000-5000 in rural areas).""
  - ""SA2s are comparable to the units used in other crime location choice studies (e.g., Clare et al. 2009;Townsley et al. 2015).""",,"- The paper explicitly states that the spatial unit of analysis used in the study is the ""NZ Census Statistical Area 2 (SA2)"".
- It further explains that SA2s are comparable to neighborhoods, indicating that they are used as a proxy for neighborhood-level analysis.
- The mention of SA2s being comparable to units used in other studies suggests that SA2 is a specific type of spatial unit recognized in the context of crime location choice research."
CO-OFFENDERS' CRIME LOCATION CHOICE: DO CO-OFFENDING GROUPS COMMIT CRIMES IN THEIR SHARED AWARENESS SPACE?,Marre Lammers,-,-,-,-,-,2.96 km²,142,"Netherlands - ""In total, 4,654 offenders from the greater The Hague region in The Netherlands were studied.""",The Hague,Four-digit postal code areas,"  - ""These areas contain on average 18 residential units and 40 residents.""
  - ""the four-digit postal code area could be considered a large unit of analysis.""",,"- The paper explicitly states that the spatial unit used in the study is the four-digit postal code area.
- It provides a specific measurement for the average size of these areas, which is 2.96 km².
- This measurement directly answers the question about the spatial unit size used in the study.","  - ""the choice set consists of 142 four-digit postal code areas in the greater The Hague region.""
  - ""The set of alternatives J in this study contains the 142 four-digit postal code areas of the greater The Hague area.""
  - ""The dependent variable in this study is the choice of an area j from a geographical set of alternatives J to co-offend in. This co-offended crime had to be committed between 2006 and 2009 in the greater The Hague region. This region consists of a total of 142 four-digit postal code areas, which have an average size of 2.96 km 2 and an average population size of 7,000.""",,"- The paper specifies that the study was conducted in the greater The Hague region, which is divided into 142 four-digit postal code areas.
- These postal code areas are used as the spatial units for the analysis, as indicated by the mention of the ""set of alternatives J"" and the ""choice set.""
- The use of these areas as spatial units is consistent throughout the methodology and results sections, indicating that they are the primary units used for the statistical analysis.","  - ""In total, 4,654 offenders from the greater The Hague region in The Netherlands were studied.""
  - ""Statistics Netherlands records socio-demographic and socio-economic information for each postal code area in the Netherlands.""
  - ""The residential history of the offenders was derived from population registration data held in a nationwide information system (Dutch acronym is BRP).""
  - ""The data were analysed using a discrete spatial choice model.""",,"- The study explicitly mentions ""The Netherlands"" as the country where the research was conducted, as indicated by the phrase ""from the greater The Hague region in The Netherlands.""
- The mention of ""The Hague"" and ""Statistics Netherlands"" further supports that the study was conducted in the Netherlands, as these are specific references to Dutch locations and institutions.
- The use of Dutch acronyms like ""BRP"" for a nationwide information system also suggests that the study was conducted within the Netherlands.","  - ""In total, 4,654 offenders from the greater The Hague region in The Netherlands were studied.""
  - ""The dependent variable in this study is the choice of an area j from a geographical set of alternatives J to co-offend in. This co-offended crime had to be committed between 2006 and 2009 in the greater The Hague region.""
  - ""The data were analysed using a discrete spatial choice model.""
  - ""The residential history of the offenders was derived from population registration data held in a nationwide information system (Dutch acronym is BRP). This system is continuously updated and holds records of all Dutch citizens, including their residential addresses.""
  - ""The total of 4,654 offenders had committed 6,283 crimes between 2003 and 2009, 3,612 of which were co-offended. Of these 3,612 crimes, 2,926 were committed between 2006 and 2009 and serve as 'dependent crimes' in the analysis.""",,"- The study focuses on the ""greater The Hague region,"" which indicates that the primary location of the study is The Hague.
- The mention of ""the greater The Hague region"" multiple times throughout the paper confirms that this is the main area where the study was conducted.
- There is no mention of any other city names in the study, so The Hague is the only city name relevant to the study.","  - ""the spatial unit of analysis that was used in this study is a four-digit postal code area.""
  - ""All crime and residential locations were geocoded and allocated to one of the 142 four-digit postal code areas.""
  - ""The dependent variable in this study is the choice of an area j from a geographical set of alternatives J to co-offend in. This co-offended crime had to be committed between 2006 and 2009 in the greater The Hague region. This region consists of a total of 142 four-digit postal code areas, which have an average size of 2.96 km 2 and an average population size of 7,000.""",,"- The paper explicitly mentions that the study uses ""four-digit postal code areas"" as the spatial unit of analysis. This is directly stated in the quotes provided.
- The use of ""four-digit postal code areas"" is consistent throughout the paper, indicating that this is the specific geographic unit used for analysis.
- The paper provides additional context about these areas, such as their average size and population, which further supports the identification of ""four-digit postal code areas"" as the spatial unit."
"Right place, right time? Making crime pattern theory time-specific","Sabine E M Van Sleeuwen, Stijn Ruiter, Wouter Steenbeek",-,-,-,-,-,0.66 km² (median area of a neighbourhood),"13,305",Netherlands,The Hague,"Neighbourhoods - ""The dependent variable crime committed in neighbourhood (1 = yes; 0 = no) indicates whether or not an offence was committed in a specific neighbourhood.""","  - ""In order to determine the adequate spatial and temporal resolution for our unit of analysis, we first checked the reported level of accuracy for the seven routine activity domains and the five different reported types of crime.""
  - ""In the remainder of this section, we discuss the design of the study and the sampling procedure, the contents of the questionnaire, and how we operationalized our measures as well as the method used for testing our hypotheses.""
  - ""Spatial accuracy was generally higher for the reported routine activity nodes than for the crimes.""",,"- The paper discusses the use of ""neighbourhoods"" as the spatial unit for analysis.
- The median area of these neighbourhoods is explicitly mentioned as 0.66 km², with a mean of 2.63 km² and a range from 0.02 to 130.14 km².
- This information directly addresses the question about the size or dimension of each individual spatial unit used in the study.","  - ""the final dataset for analysis is a data matrix of 944,655 rows (containing 13,305 neighbourhood rows for each of the 71 crimes to be explained).""
  - ""The dependent variable crime committed in neighbourhood (1 = yes; 0 = no) indicates whether or not an offence was committed in a specific neighbourhood. For each of the 71 crimes, the neighbourhood in which the offender had committed the offence was assigned a score of 1, while all other 13,304 neighbourhoods were scored 0.""
  - ""The independent variable neighbourhood routinely visited (1 = yes; 0 = no) indicates whether or not a neighbourhood was part of the offenders' activity space in the period before or during the crime event. A score of 1 was assigned to all the neighbourhoods the offender routinely visited and all other neighbourhoods were scored 0.""",,"- The paper mentions that the final dataset for analysis includes ""13,305 neighbourhood rows for each of the 71 crimes to be explained."" This indicates that the spatial units used in the analysis are neighborhoods.
- The dependent variable is defined at the neighborhood level, with each neighborhood being assigned a score based on whether an offense was committed there.
- The independent variable is also defined at the neighborhood level, indicating whether a neighborhood was part of the offender's activity space.
- The total number of spatial units (neighborhoods) included in the analysis is explicitly stated as 13,305.","  - ""For inclusion in our sample, a suspect needed to (1) have at least one recorded offence in 2017 that was filed to the public prosecutor, (2) be 18 years or older at the time of the sample selection, and (3) have a valid home address in the Netherlands for sending the invitation letter.""
  - ""The invitation letters were sent in several batches from May to July 2019. When the survey was taken offline at the end of August 2019, a total of 501 respondents had started with the survey (42 letters were returned as undeliverable; response rate 13.4%)""
  - ""The survey could only be started after digitally signing the informed consent form. After completing the full survey, respondents were sent a gift card of 25 euro.""
  - ""The survey first asked to report on daily and weekly routine activities, categorized in seven different domains: (1) residences, (2) schools, (3) jobs, (4) sports activities, (5) shopping, (6) going out, and (7) any other activities, for which respondents could specify the type of activity themselves.""
  - ""After obtaining permission of the Ministry of Justice and Security and Dutch National Police for our study design and a positive advice from the Ethics Committee for Legal and Criminological Research of the Vrije Universiteit Amsterdam, data on suspects from the Dutch police regions The Hague and North-Holland for the year 2017 were obtained.""",,"- The study mentions obtaining permission from the ""Ministry of Justice and Security and Dutch National Police,"" which indicates that the study was conducted in the Netherlands.
- The data were obtained from ""Dutch police regions The Hague and North-Holland,"" further confirming that the study took place in the Netherlands.
- The requirement for a ""valid home address in the Netherlands"" for participants also supports that the study was conducted in the Netherlands.
- The mention of specific cities like ""The Hague"" and regions like ""North-Holland"" are locations within the Netherlands, reinforcing the conclusion that the study was conducted there.","  - ""After obtaining permission of the Ministry of Justice and Security and Dutch National Police for our study design and a positive advice from the Ethics Committee for Legal and Criminological Research of the Vrije Universiteit Amsterdam, data on suspects from the Dutch police regions The Hague and North-Holland for the year 2017 were obtained.""
  - ""As our respondents were sampled from police register data on suspected offenders from two specific police regions in the western part of the Netherlands (The Hague and Noord-Holland), we might not be able to generalize our findings to the broader offender population; to offenders in other parts of the country or to offenders that escaped arrest.""",,"- The study mentions that data were obtained from the Dutch police regions of ""The Hague and North-Holland."" This indicates that the study was conducted in these regions.
- The Hague is explicitly mentioned as a city from which data were obtained, as it is part of the police region.
- North-Holland is a province, not a city, so it is not included in the list of city names.
- The study does not mention any other specific city names within these regions.","  - ""The dependent variable crime committed in neighbourhood (1 = yes; 0 = no) indicates whether or not an offence was committed in a specific neighbourhood.""
  - ""The independent variable neighbourhood routinely visited (1 = yes; 0 = no) indicates whether or not a neighbourhood was part of the offenders' activity space in the period before or during the crime event.""
  - ""For each of the 71 crimes, the neighbourhood in which the offender had committed the offence was assigned a score of 1, while all other 13,304 neighbourhoods were scored 0.""
  - ""we geocoded the longitude-latitude information to one of the 13,305 unique neighbourhoods in the Netherlands for the year 2018, with a median area of 0.66 km 2 (mean = 2.63, range = 0.02-130.14) (Statistics Netherlands 2019).""
  - ""In total, they reported on 71 unique crimes.""",,"- The paper repeatedly refers to the spatial unit of analysis as ""neighbourhoods."" This is evident from the quotes where the authors discuss assigning scores to neighbourhoods based on whether crimes were committed there or if they were part of the offenders' activity space.
- The authors also mention geocoding information to ""one of the 13,305 unique neighbourhoods in the Netherlands for the year 2018,"" which further confirms that the spatial unit of analysis is indeed neighbourhoods.
- The use of the term ""neighbourhoods"" is consistent throughout the paper, indicating that this is the specific spatial unit used for analysis."
Ambient population and surveillance cameras: The guardianship role in street robbers' crime location choice,"Dongping Long, Lin Liu, Mingen Xu, Jiaxin Feng, Jianguo Chen, Li He",-,-,Cities,38,2021,1.62 km²,1971,China,ZG City,Communities,"  - ""The study area covers 1971 communities (Fig. 2 ), with an average size of 1.62 km 2 . The standard deviation of the size of communities is 2.85, the minimum size of 0.001 km 2 , and the maximum size of 43 km 2""",,"- The paper mentions that the study area is divided into ""1971 communities,"" which are the spatial units used in the study.
- It provides specific information about the size of these communities, stating that they have an ""average size of 1.62 km 2 .""
- This indicates that each community, or spatial unit, has an average area of 1.62 square kilometers.","  - ""This paper assumes that a street robber chose one for robbery among 1971 communities (1971 alternative sets).""
  - ""The study area covers 1971 communities (Fig. 2 ), with an average size of 1.62 km 2""
  - ""The selected neighborhood is recorded as ""1""; otherwise, the non-selected one is recorded as ""0"". Therefore, for each case, it has 1971 rows of data with a ""1"" and 1970 ""0"".""
  - ""The data matrix of dependent variables is constructed by using these cases. The calculation of dependent variables in discrete spatial choice modeling refers to the method by Bernasco et al. (2013) and Johnson and Summers (2015). This paper assumes that a street robber chose one for robbery among 1971 communities (1971 alternative sets).""",,"- The paper mentions that the study area covers 1971 communities, which are used as the spatial units for analysis.
- The methodology section explains that each street robber is assumed to choose one community out of 1971 for committing a robbery, indicating that these communities are the units of analysis.
- The data matrix construction involves using these 1971 communities as alternative sets for each case, further confirming that they are the spatial units used in the analysis.","  - ""China's rapid urbanization has attracted people to cities, and the increased population has led to more crime.""
  - ""ZG City is located in the northern part of the Pearl River Delta, on the southeastern coast of China.""
  - ""To fill this gap, this study integrates ambient population and surveillance cameras in assessing street robbers' decision making in ZG City of China, by using discrete spatial choice modeling.""
  - ""Taking the ZH peninsula of ZG City in China as an example, Long, Liu, Feng, et al. (2017) used the partial least square method to test the impacts of built environment and social environment on crime location choice of burglary and outdoor theft at the neighborhood scale, and found that the impacts vary by crime type.""
  - ""Crime data on arrested street robbers and their offenses between 2012 and 2016 were provided by the ZG Municipal Public Security Bureau.""",,"- The paper explicitly mentions ""China"" as the country where the study was conducted, as indicated by the quotes.
- The study area is described as ""ZG City in China,"" which is further specified as being located in the ""northern part of the Pearl River Delta, on the southeastern coast of China.""
- The mention of ""China's rapid urbanization"" and the involvement of the ""ZG Municipal Public Security Bureau"" further confirm that the study took place in China.
- The authors' references to previous studies conducted in ""ZH peninsula of ZG City in China"" also support the conclusion that the study was conducted in China.","  - ""ZG City is located in the northern part of the Pearl River Delta, on the southeastern coast of China.""
  - ""Taking the ZH peninsula of ZG City in China as an example, Long, Liu, Feng, et al. (2017) used the partial least square method to test the impacts of built environment and social environment on crime location choice of burglary and outdoor theft at the neighborhood scale, and found that the impacts vary by crime type.""
  - ""Crime data on arrested street robbers and their offenses between 2012 and 2016 were provided by the ZG Municipal Public Security Bureau.""
  - ""The study area covers 1971 communities (Fig. 2 ), with an average size of 1.62 km 2""",,"- The study is conducted in ""ZG City,"" which is explicitly mentioned as the location for data collection and analysis.
- The mention of ""ZG City"" in multiple contexts (e.g., location description, data source, and previous studies) confirms that this is the primary city where the study was conducted.
- There is no mention of any other city names in the context of the study area or data collection.","  - ""This paper assumes that a street robber chose one for robbery among 1971 communities (1971 alternative sets).""
  - ""The study area covers 1971 communities (Fig. 2 ), with an average size of 1.62 km 2""
  - ""The selected neighborhood is recorded as ""1""; otherwise, the non-selected one is recorded as ""0"". Therefore, for each case, it has 1971 rows of data with a ""1"" and 1970 ""0"".""
  - ""The dataset included the following information of each arrested robber: the unique offender identifier, the Hukou status, the home address, and the location and time of the robbery. Among a total of 11,455 arrest records in ZG City during 2012-2016, only 7860 records have a home address in the city, involving 7124 robbers.""",,"- The paper mentions ""communities"" as the spatial unit of analysis, specifically stating that the study area covers 1971 communities.
- The analysis involves choosing one community out of 1971 for robbery, indicating that these communities are the basic spatial units for the study.
- The term ""neighborhood"" is also used interchangeably with ""community"" in the context of the study, as seen in the quote about recording selected neighborhoods.
- The paper does not use any other specific geographic unit terminology such as census tracts, wards, or postal codes, making ""communities"" the most relevant spatial unit name."
Do Migrant and Native Robbers Target Different Places?," Liu",-,-,ISPRS Int. J. Geo Inf.,3,2021,1.62 square kilometers,1971,China,ZG City,Neighborhoods,"  - ""The study area consists of 1971 neighborhoods (Figure 1 ) with an average area of 1.62 square kilometers.""",,"- The paper mentions that the study area is divided into ""1971 neighborhoods"" and provides the average area of each neighborhood as ""1.62 square kilometers.""
- This indicates that the spatial unit size used in the study is the average area of a neighborhood, which is specified as 1.62 square kilometers.","  - ""The study area consists of 1971 neighborhoods (Figure 1 ) with an average area of 1.62 square kilometers.""
  - ""in the discrete spatial choice model of this paper, 708 samples will be randomly selected from 3650 migrant robbers so that the sample size can be matched with that of local robbers, which in turn facilitates a comparative analysis of migrant and local robbers' crime location choices.""
  - ""In this study, we selected the domicile attributes of street robbers in the individual attribute table to study the spatial differences in crime location choices of street robbers with different household registration attributes.""
  - ""A total of 11,455 arrest records within 8 districts of ZG city from 2012 to 2016, excluding 2285 records of street robbers whose residence was outside the study area and 1310 records with no fixed residence or unknown residence, leaving 7860 records involving 7124 street robbers.""",,"- The paper mentions that the study area consists of 1971 neighborhoods, which are the spatial units used in the analysis.
- The focus of the study is on the spatial distribution of crime location choices, which implies that these neighborhoods are the units of analysis.
- The paper does not specify any other spatial units such as districts or smaller areas within neighborhoods as the primary units of analysis.
- The mention of 1971 neighborhoods is consistent throughout the paper as the spatial context for the analysis.","  - ""Using a kernel density estimation and the discrete spatial choice modeling, we combine the offender data, POI data, and mobile phone data to explain the crime location choice of the street robbers who committed offenses and were arrested from 2012 to 2016 in ZG City, China.""
  - ""The study area consists of 1971 neighborhoods (Figure 1 ) with an average area of 1.62 square kilometers.""
  - ""ZG City-one of the largest cities in Southeast China [19].""
  - ""The data used in this paper include the arrest data and neighborhood characteristics data of ZG City.""
  - ""The data provider requested for confidentiality of the place names, so ""pinyin"" codes are used as substitutes).""
  - ""The wholesale markets are one of the main reasons for the spatial differences in crime location choices between migrant robbers and native robbers.""
  - ""The authors declare no conflict of interest.""",,"- The paper explicitly mentions ""ZG City, China"" as the location where the study was conducted. This is a clear indication of the country where the research took place.
- The mention of ""Southeast China"" further confirms that the study was conducted in China.
- The use of ""ZG City"" and ""Southeast China"" are direct references to locations within China, which is a clear indication of the country involved in the study.
- The paper does not mention any other country or location outside of China, reinforcing that the study was conducted solely in China.","  - ""ZG City-one of the largest cities in Southeast China [19].""
  - ""The data used in this paper include the arrest data and neighborhood characteristics data of ZG City.""
  - ""Using a kernel density estimation and the discrete spatial choice modeling, we combine the offender data, POI data, and mobile phone data to explain the crime location choice of the street robbers who committed offenses and were arrested from 2012 to 2016 in ZG City, China.""
  - ""The study area consists of 1971 neighborhoods (Figure 1 ) with an average area of 1.62 square kilometers.""",,"- The study is conducted in ""ZG City, China,"" as explicitly mentioned in the abstract and the body of the paper.
- The paper refers to ""ZG City"" multiple times, indicating that it is the primary location for the study.
- The study area is described as consisting of 1971 neighborhoods within ZG City, further confirming that the study is focused on this city.
- The data used in the study are also specified as being from ZG City, reinforcing that this is the city where the research was conducted.","  - ""The data used in this paper include the arrest data and neighborhood characteristics data of ZG City.""
  - ""The study area consists of 1971 neighborhoods (Figure 1 ) with an average area of 1.62 square kilometers.""
  - ""The second type of data is a dataset coupled with individual factors (distance of journey to crime variables) and key neighborhood factors, including 2014 POI data (point coordinates), 2014 traffic road network vector map data, 2015 bus stop data (point coordinates) crawled based on Baidu API, within one week of 12 to 18 May 2016 ZG City's mobile phone data and the sixth census data of ZG city in 2010 (Table 3""
  - ""In this paper, the attributes of the built environment are used as explanatory variables, while the variables of social environment, ambient population, crime prevention, and crime travel aspects are incorporated into the model as control variables (Table 3""
  - ""In this study, we selected the domicile attributes of street robbers in the individual attribute table to study the spatial differences in crime location choices of street robbers with different household registration attributes.""",,"- The paper repeatedly mentions ""neighborhoods"" as the spatial unit of analysis. This is evident from the description of the study area and the data used.
- The mention of ""1971 neighborhoods"" with an average area of 1.62 square kilometers indicates that neighborhoods are the specific geographic units analyzed.
- The use of ""neighborhood characteristics data"" further supports that neighborhoods are the spatial unit of analysis.
- The paper does not mention any other specific geographic units such as census tracts, wards, or postal codes, reinforcing that neighborhoods are the primary spatial unit."
"Do juvenile, young adult, and adult offenders target different places in the Chinese context?","Dongping Long, Lin Liu",-,-,Cities,3,2022,1.62 km²,1971,China,ZG City,Neighborhood units,"  - """"The area under study comprises 1971 neighborhood units with an average area of 1.62 km².""""",,"- The paper mentions that the study area is divided into ""1971 neighborhood units.""
- It specifies that each of these units has an ""average area of 1.62 km².""
- This indicates that the spatial unit size used in the study is an average area of 1.62 square kilometers per neighborhood unit.","  - ""In this paper, the locations of the robbery were geocoded into one of 1971 neighborhoods as the dependent variable.""
  - ""The area under study comprises 1971 neighborhood units with an average area of 1.62 km 2 (Long et al., 2021)""",,"- The paper mentions that the study area is divided into ""1971 neighborhood units,"" which are used as the spatial units for analysis.
- The dependent variable in the study is the location of robberies, which are geocoded into these 1971 neighborhoods, indicating that these units are the basis for the statistical analysis.
- The mention of ""1971 neighborhood units"" in both the description of the study area and the geocoding process suggests that these units are the spatial units used in the final statistical analysis.","  - ""This study examines 7860 street robberies committed by 4358 street robbers between 2012 and 2016 in ZG city, China.""
  - ""ZG City is one of the major cities in the southeast coastal region of China, a national central city and the core of the Guangdong-Hong Kong-Macao Greater Bay Area, and has been the political, economic, scientific, educational, and cultural center of southern China.""
  - ""in the Chinese urban context, this study for the first time finds that street robbers' crime location choices vary by age.""
  - ""Finally, the previous study is in the United Kingdom, our study in the Chinese context enhances the variety of research areas concerning criminology of place (Long et al., 2018).""",,"- The study explicitly mentions that it was conducted in ""ZG city, China,"" which directly indicates the country where the research took place.
- The paper repeatedly refers to the ""Chinese context,"" further confirming that the study was conducted in China.
- The mention of ""ZG city"" being part of the ""Guangdong-Hong Kong-Macao Greater Bay Area"" also supports that the study was conducted in China, as this area is located in southern China.
- The comparison with a previous study in the United Kingdom and the emphasis on the ""Chinese context"" reinforce that the study was conducted in China.","  - ""This study examines 7860 street robberies committed by 4358 street robbers between 2012 and 2016 in ZG city, China.""
  - ""In this paper, ZG City Public Security Bureau provided crime data on arrested offenders and their robberies during the period 2012 to 2016""
  - ""ZG City is one of the major cities in the southeast coastal region of China, a national central city and the core of the Guangdong-Hong Kong-Macao Greater Bay Area, and has been the political, economic, scientific, educational, and cultural center of southern China.""",,"- The study explicitly mentions ""ZG city, China"" as the location where the data was collected and analyzed.
- The description of ZG City as a major city in the southeast coastal region of China and its role in the Guangdong-Hong Kong-Macao Greater Bay Area further confirms its significance as the study area.
- The mention of the ZG City Public Security Bureau providing crime data also indicates that the study was conducted within this city.","  - ""The area under study comprises 1971 neighborhood units with an average area of 1.62 km 2 (Long et al., 2021)""
  - ""the locations of the robbery were geocoded into one of 1971 neighborhoods as the dependent variable.""",,"- The paper explicitly mentions that the study area is divided into ""1971 neighborhood units,"" which are used as the spatial units of analysis.
- The term ""neighborhood units"" is directly used to describe the geographic units analyzed in the study.
- The paper also refers to these units as ""neighborhoods"" when discussing the geocoding of robbery locations, indicating that these are the spatial units used for analysis."
THE INFLUENCE OF ACTIVITY SPACE AND VISITING FREQUENCY ON CRIME LOCATION CHOICE: FINDINGS FROM AN ONLINE SELF-REPORT SURVEY,"Stijn Ruiter, Barbara Menting, Marre Lammers, Wim Bernasco",-,-,British Journal of Criminology,33,2019,0.68 km² (median size),"12,821",Netherlands,"Not mentioned (the study area is described as the entire Netherlands, but no specific city names are provided)",Neighbourhoods,"  - ""Dutch neighbourhoods are the smallest statistical units for which Statistics Netherlands provides detailed information on structural and socio-economic features.""
  - ""The entire Netherlands were selected as the study area and neighbourhoods as the spatial unit of analysis.""",,"- The paper specifies that the spatial unit of analysis is the ""neighbourhoods.""
- It provides specific size measurements for these neighbourhoods, stating that the median size is 0.68 km².
- This indicates that the spatial unit size is measured in square kilometers, with a median size of 0.68 km² for each neighbourhood.","  - ""To construct the dependent variable, offence locations were geocoded to one of the 12,821 neighbourhoods.""
  - ""We used geographical data for all 12,821 neighbourhoods in the Netherlands in 2016, with a median size of 0.68 km 2 (mean = 2.63, standard deviation (SD) = 5.39, range = 0.01-128.2) and a median residential population of 675 (mean = 1,323, SD = 1,774, range = 0-28,120) (Statistics Netherlands 2017b).""
  - ""The entire Netherlands were selected as the study area and neighbourhoods as the spatial unit of analysis.""",,"- The paper specifies that the spatial unit of analysis used in the study is ""neighbourhoods.""
- It mentions that the study area includes ""all 12,821 neighbourhoods in the Netherlands in 2016,"" indicating that these are the spatial units used in the analysis.
- The dependent variable was constructed by geocoding offence locations to one of these 12,821 neighbourhoods, further confirming that these are the units used in the final statistical analysis.","  - ""The entire Netherlands were selected as the study area and neighbourhoods as the spatial unit of analysis.""
  - ""We used geographical data for all 12,821 neighbourhoods in the Netherlands in 2016, with a median size of 0.68 km 2 (mean = 2.63, standard deviation (SD) = 5.39, range = 0.01-128.2) and a median residential population of 675 (mean = 1,323, SD = 1,774, range = 0-28,120) (Statistics Netherlands 2017b).""
  - ""Using OASIS data of 78 offenders, this study is the first to examine the influence of a broad range of regularly visited activity nodes on crime location choice and test whether effects depend on how frequently activity nodes are visited. Using discrete spatial choice models with a spatial choice set of 12,821 areas in the Netherlands, we test (1) whether the presence of an activity node affects the probability an area and areas nearby are targeted; ( 2) to what extent the inclusion of other activity nodes beyond offenders' residential areas improves our understanding of crime location choices; and (3) whether effects depend on activity node visiting frequency.""
  - ""a random sample of people was drawn from the police suspect information system used by the The Hague Police Service.""",,"- The study explicitly mentions the use of data from ""12,821 areas in the Netherlands,"" indicating that the research was conducted within this country.
- The study area is described as ""the entire Netherlands,"" which further confirms that the study was conducted in the Netherlands.
- The mention of ""Statistics Netherlands"" and ""The Hague Police Service"" also points to the Netherlands as the country where the study took place, as these are institutions specific to the Netherlands.
- The use of geographical data specific to the Netherlands and the reference to Dutch neighbourhoods and population data reinforce that the study was conducted in the Netherlands.","  - ""The entire Netherlands were selected as the study area and neighbourhoods as the spatial unit of analysis.""
  - ""the study area consisted of all Dutch neighbourhoods, reported activity nodes and offences were more concentrated in urban areas in the western part of the country due to the sampling frame.""
  - ""The 78 offenders in our sample reported a total of 140 offences committed in the study area in the three years (mean = 1.8 per offender, range = 1-8; n per type: 52 violent offences, 46 thefts, 19 acts of vandalism, 16 drug trafficking offences, 4 burglaries, 2 robberies and 1 weapons trafficking offence).""",,"- The study area is described as ""the entire Netherlands,"" which indicates that the study was conducted across the country rather than in specific cities.
- The mention of ""neighbourhoods as the spatial unit of analysis"" suggests that the study focused on smaller geographic units within the Netherlands, but it does not specify particular cities.
- The study notes that activity nodes and offenses were ""more concentrated in urban areas in the western part of the country,"" but it does not provide specific city names.
- There is no direct mention of specific city names in the study, so it is not possible to extract city names from the provided text.","  - ""The entire Netherlands were selected as the study area and neighbourhoods as the spatial unit of analysis.""
  - ""Given their size and homogeneous character, Dutch neighbourhoods are expected to be well known to those who regularly visit them.""
  - ""Dutch neighbourhoods are the smallest statistical units for which Statistics Netherlands provides detailed information on structural and socio-economic features.""
  - ""We used geographical data for all 12,821 neighbourhoods in the Netherlands in 2016, with a median size of 0.68 km 2 (mean = 2.63, standard deviation (SD) = 5.39, range = 0.01-128.2) and a median residential population of 675 (mean = 1,323, SD = 1,774, range = 0-28,120) (Statistics Netherlands 2017b).""",,"- The paper explicitly states that the spatial unit of analysis used in the study is ""neighbourhoods.""
- It provides additional context by mentioning that these are the smallest statistical units for which detailed information is available from Statistics Netherlands.
- The paper also provides specific data on the number of neighbourhoods used in the study (12,821) and their characteristics, such as size and population.
- The use of ""neighbourhoods"" as the spatial unit is consistent throughout the paper, indicating that this is the primary geographic unit analyzed."
Location Choice of Snatching Offenders in Chennai City,"K Kuralarasan, Wim Bernasco",-,-,Journal of quantitative criminology,10,2021,2.18 km² (average surface area of each ward),201,India,Chennai,Wards,"  - ""The study area for the present research is the Greater Chennai City Corporation, a metropolitan area with a population of over 6.6 million during the latest census in 2011. It consists of 201 wards with an average surface area of 2.18 km 2 (quartiles 0.97, 1.61 and 2.53) and an average population of 33,195 (quartiles 21,451, 36,560 and 43,622)""
  - ""In terms of surface area, the wards are similar in size to neighborhoods or census tracts that have been used in crime location studies elsewhere (i.e., Long et al. 2018;Townsley et al. 2015), but due to the high population density in Chennai, the population sizes of wards are larger than those in most other studies.""",,"- The paper specifies that the study area is divided into 201 wards.
- It provides the average surface area of these wards as 2.18 km², with quartiles ranging from 0.97 to 2.53 km².
- This information directly addresses the question about the spatial unit size, as it describes the average size of each ward, which is the spatial unit used in the study.","  - ""The discrete crime location choice method takes as a starting point an individual who is motivated to commit a snatching offense and is faced with the decision of where to commit it. It is assumed that the set of spatial alternatives the offender can choose from (the choice set) is discrete and countable. In this research, the offenders' choice set consists of the 201 wards in Chennai.""
  - ""The study area for the present research is the Greater Chennai City Corporation, a metropolitan area with a population of over 6.6 million during the latest census in 2011. It consists of 201 wards with an average surface area of 2.18 km 2 (quartiles 0.97, 1.61 and 2.53) and an average population of 33,195 (quartiles 21,451, 36,560 and 43,622)""",,"- The study area is described as consisting of 201 wards in Chennai City, which are used as the spatial units for analysis.
- The discrete crime location choice method is applied using these wards as the choice set for offenders, indicating that these wards are the spatial units used in the final statistical analysis.
- The methodology section explicitly states that the offenders' choice set consists of the 201 wards in Chennai, confirming that these are the units used in the analysis.","  - ""The offense data were obtained from the State Crime Records Bureau, Tamil Nadu, India.""
  - ""The present study contributes to this line of research by investigating the location choices of snatching offenders in Chennai City, India.""
  - ""Our main contributions to the extant literature in quantitative criminology are threefold. The first applies to cultural context. A limitation of the extant literature is that almost all crime location choice studies have been conducted in western countries, in particular the United States, Australia, the United Kingdom, the Netherlands and Belgium. The two only exceptions, one on snatching offenses and one on robbery, are from China (Long et al. 2018;Song et al. 2019). Therefore, little evidence is available on whether the methods developed in western countries and the findings they produce can be generalized to countries with different economic, social and cultural characteristics, including India.""
  - ""The study area for the present research is the Greater Chennai City Corporation, a metropolitan area with a population of over 6.6 million during the latest census in 2011.""",,"- The study explicitly mentions that it was conducted in ""Chennai City, India,"" which directly indicates the country where the research took place.
- The mention of ""India"" in the context of cultural differences and the comparison with Western countries further confirms that the study was conducted in India.
- The study area is described as ""the Greater Chennai City Corporation,"" which is a part of India, reinforcing the country's identity.
- The data source is from ""the State Crime Records Bureau, Tamil Nadu, India,"" which is a government agency in India, providing additional evidence that the study was conducted in India.","  - ""The present study contributes to this line of research by investigating the location choices of snatching offenders in Chennai City, India.""
  - ""The study area for the present research is the Greater Chennai City Corporation, a metropolitan area with a population of over 6.6 million during the latest census in 2011.""
  - ""We investigate all detected snatching offenses from August 2010 to July 2017 committed in the study area committed by offenders who lived in the study area.""",,"- The study explicitly mentions ""Chennai City"" as the location where the research was conducted.
- The study area is described as the ""Greater Chennai City Corporation,"" which is a metropolitan area, but the focus is on Chennai City itself.
- The data collection and analysis are centered around snatching offenses committed within Chennai City.","  - ""the spatial units of analysis in this study, the 201 wards of Chennai City, have an average surface area of 2.18 km 2 and an average population of 33,195.""
  - ""The discrete crime location choice method takes as a starting point an individual who is motivated to commit a snatching offense and is faced with the decision of where to commit it. It is assumed that the set of spatial alternatives the offender can choose from (the choice set) is discrete and countable. In this research, the offenders' choice set consists of the 201 wards in Chennai.""
  - ""The study area for the present research is the Greater Chennai City Corporation, a metropolitan area with a population of over 6.6 million during the latest census in 2011. It consists of 201 wards with an average surface area of 2.18 km 2 (quartiles 0.97, 1.61 and 2.53) and an average population of 33,195 (quartiles 21,451, 36,560 and 43,622)""",,"- The paper explicitly mentions that the study area is divided into ""201 wards"" within the Greater Chennai City Corporation.
- The spatial unit of analysis is clearly identified as ""wards"" in multiple parts of the paper.
- The paper provides specific details about these wards, such as their average surface area and population, indicating that they are the primary geographic units used in the study."
AWARENESS × OPPORTUNITY: TESTING INTERACTIONS BETWEEN ACTIVITY NODES AND CRIMINAL OPPORTUNITY IN PREDICTING CRIME LOCATION CHOICE,Barbara Menting,-,-,,14,2018,1.68 km²,76,Netherlands,The Hague; Rijswijk; Leidschendam-Voorburg,Four-digit postal code areas,"  - ""The three municipalities in this study contained 82 postal code areas in 2006-2009. Postal code areas were includable when community survey data were available, which applied to 76 (92.7%) of the postal codes in the area""
  - ""These postal codes are therefore well suited for a crime location choice study, because most people will be familiar with these areas when living there or (frequently) visiting the area.""
  - ""The study area consisted of three municipalities in the greater The Hague area in the Netherlands: The Hague, Rijswijk, and Leidschendam-Voorburg. Four-digit postal code areas were used as spatial unit of analysis.""",,"- The paper specifies that four-digit postal code areas were used as the spatial unit of analysis.
- The average area size of these postal code areas is explicitly mentioned as 1.68 km².
- This measurement directly answers the question about the spatial unit size used in the study.","  - ""These 76 postal code areas had an average population size of around 7700 and an average area size of 1.68 km 2 (SD = 2.61, range = 0.12-22.26, median = 1.15)""
  - ""The three municipalities in this study contained 82 postal code areas in 2006-2009. Postal code areas were includable when community survey data were available, which applied to 76 (92.7%) of the postal codes in the area""
  - ""The conditional logit models were estimated using a data matrix of 994,688 rows, containing 76 rows for each of the 13,088 offences (per offence, one row for each of the 76 alternative postal codes that could have been chosen).""
  - ""The study area consisted of three municipalities in the greater The Hague area in the Netherlands: The Hague, Rijswijk, and Leidschendam-Voorburg. Four-digit postal code areas were used as spatial unit of analysis.""",,"- The paper specifies that four-digit postal code areas were used as the spatial unit of analysis.
- It mentions that the study area included 82 postal code areas, but only 76 were included in the analysis because they had available community survey data.
- The number of spatial units used in the final statistical analysis is explicitly stated as 76, as indicated by the use of these postal code areas in the conditional logit models.","  - ""The study area consisted of three municipalities in the greater The Hague area in the Netherlands: The Hague, Rijswijk, and Leidschendam-Voorburg.""
  - ""population registration data were used from a nationwide information system (Dutch acronym BRP) that records information on all Dutch citizens.""
  - ""The community survey was sent to residents of areas in which SPAN study participants (selected via their schools in The Hague, see Hoeben and Weerman 2014) lived/spent time.""
  - ""Data on offenders and their offences were acquired from the police information system used by the The Hague Police Service.""",,"- The study area is explicitly mentioned as being in ""the greater The Hague area in the Netherlands,"" which directly indicates the country where the study was conducted.
- The mention of ""The Hague Police Service"" and ""Dutch acronym BRP"" further supports that the study took place in the Netherlands, as these are specific references to Dutch institutions.
- The use of ""Dutch citizens"" in the context of population registration data also confirms that the study was conducted in the Netherlands.","  - ""The study area consisted of three municipalities in the greater The Hague area in the Netherlands: The Hague, Rijswijk, and Leidschendam-Voorburg.""
  - ""The community survey was randomly distributed among residents of 110 neighbourhoods of The Hague, Rijswijk, and Leidschendam-Voorburg, covering most of the The Hague area.""",,"- The study area is described as consisting of three municipalities in the greater The Hague area in the Netherlands.
- The specific cities mentioned are The Hague, Rijswijk, and Leidschendam-Voorburg.
- These cities are directly mentioned as part of the study area and where data collection took place.","  - ""The study area consisted of three municipalities in the greater The Hague area in the Netherlands: The Hague, Rijswijk, and Leidschendam-Voorburg. Four-digit postal code areas were used as spatial unit of analysis.""
  - ""Dutch four-digit postal code areas are designed to have minimal travel restrictions for postal delivery services that usually travel by foot or bicycle, and their size is inversely related to the level of urbanization (Bernasco 2010: 398)""
  - ""The three municipalities in this study contained 82 postal code areas in 2006-2009. Postal code areas were includable when community survey data were available, which applied to 76 (92.7%) of the postal codes in the area""",,"- The paper explicitly states that ""Four-digit postal code areas were used as spatial unit of analysis."" This indicates that the spatial unit of analysis in the study is the four-digit postal code area.
- The paper provides additional context about these postal code areas, such as their design and size in relation to urbanization, which further confirms their use as the spatial unit.
- The mention of ""76 (92.7%) of the postal codes in the area"" being included in the study reinforces that these postal code areas are the geographic units analyzed."
"Assessing the Influence of Prior on Subsequent Street Robbery Location Choices: A Case Study in ZG City, China","Dongping Long, Lin Liu, Jiaxin Feng, Suhong Zhou, Fengrui Jing",-,-,Sustainability,21,2018,1.62 km²,1973,China,ZG City,Communities,"  - ""The study area covers 1973 communities (Figure 2 ), with an average size of 1.62 km 2 . The standard deviation of the size of the communities is 2.85, the minimum size of 0.001 km 2 and the maximum size of 43 km 2""",,"- The paper mentions that the study area is divided into ""communities,"" which are the spatial units used in this study.
- The average size of each community is given as 1.62 km², which indicates the size of each individual spatial unit.
- The mention of a standard deviation, minimum, and maximum size suggests that the size of these communities can vary, but the average size is provided as a specific measurement.","  - ""The study area covers 1973 communities (Figure 2 ), with an average size of 1.62 km 2""
  - ""The mixed logit model is a family of discrete choice models that estimate the probability of individuals selecting one outcome from exhaustive, mutually exclusive, and limited set of options""
  - ""the total number of pairs of prior-subsequent street robberies is 1118 (see Table 2""
  - ""Finally, a total of 527 street robbers involving 1262 street robberies are screened out for further analysis.""",,"- The paper mentions that the study area covers 1973 communities, which are the spatial units used in the analysis.
- The focus of the study is on the influence of prior experiences on subsequent street robbery location choices, which involves analyzing these communities as spatial units.
- The mixed logit model is used to assess the influence of prior experiences on subsequent crime location choices, which implies that the communities are the units of analysis in this model.
- The number of communities (1973) is explicitly mentioned as part of the study area, indicating that these are the spatial units used in the final statistical analysis.","  - ""ZG City is located at the northern part of the Pearl River Delta, on the southeastern coast of China.""
  - ""The data set used in this study includes 1262 detected robberies committed by 527 street robbers from the ZG City Public Security Bureau in China.""
  - ""the context in China enriches the diversity of study areas in terms of criminology of place, whereas those of Lammers et al. and Bernasco et al. are in western countries (Netherlands and England).""
  - ""The data includes 11,455 cleared robberies, among which 67 percent were committed by a single robber without accomplices, 17 percent were committed by two robbers, and 16 percent were committed by three or more robbers. These proportions should be regarded as a lower bound, because usually some robbers may be arrested, while others who were involved in a robbery have not been arrested.""
  - ""The study area covers 1973 communities (Figure 2 ), with an average size of 1.62 km 2""",,"- The paper explicitly mentions that the study was conducted in ""China"" multiple times, indicating that the country where the research took place is China.
- The mention of ""ZG City Public Security Bureau in China"" and ""ZG City is located at the northern part of the Pearl River Delta, on the southeastern coast of China"" further confirms that the study was conducted in China.
- The context provided about the study area and the data collected from ZG City also supports that the research was conducted in China.","  - ""ZG City is located at the northern part of the Pearl River Delta, on the southeastern coast of China.""
  - ""The data set used in this study includes 1262 detected robberies committed by 527 street robbers from the ZG City Public Security Bureau in China.""
  - ""The study area covers 1973 communities (Figure 2 ), with an average size of 1.62 km 2""",,"- The study explicitly mentions ""ZG City"" as the location from which the data was obtained, indicating that this is the city where the study was conducted.
- The mention of ""ZG City Public Security Bureau"" further confirms that the study was conducted in this city.
- The description of the study area covering communities within ZG City reinforces that the study was focused on this city.","  - ""The study area covers 1973 communities (Figure 2 ), with an average size of 1.62 km 2""
  - ""The dataset contains information on offenders of cleared robberies. It includes the time and date of street robberies; the address and spatial coordinates of street robberies (with 1 m resolution); the residence of street robbers (address and geographic coordinates with 1 m resolution); and their identity information such as gender, nationality, hukou status (locals vs. immigrants), name, date of birth, and so on; as well as the object, the tool, the place, and the way of committing crime; and the amount of lost property or money.""
  - ""A unique identifier for each robber enables the identification of repeat offenders: by comparing street robbers' names, gender, date of birth, hukou status, and so on.""
  - ""Finally, a total of 527 street robbers involving 1262 street robberies are screened out for further analysis.""
  - ""The characteristics (sex and age) about the sample of street robbers are reported in Table 1""
  - ""the count of robberies committed by repeated offenders are as follow: two robberies (78.18%), three robberies (13.09%), four robberies (3.98%), and more than five robberies (4.75%).""
  - ""For each repeat robber, pairs of prior and subsequent robberies will be formed.""
  - ""the total number of pairs of prior-subsequent street robberies is 1118 (see Table 2""
  - ""A variable named Repeat Location is created to indicate if the location of a prior robbery is the same as that of a subsequent robbery. If both locations are in the same community, the Repeat Location variable is coded ""1"" (692 cases, or 62% of all cases), otherwise ""0"" (426 cases, or 38%).""
  - ""The mixed logit model is a family of discrete choice models that estimate the probability of individuals selecting one outcome from exhaustive, mutually exclusive, and limited set of options""",,"- The paper mentions that the study area covers ""1973 communities"" with an average size of 1.62 km^2. This indicates that the spatial unit of analysis is likely these ""communities.""
- The dataset includes spatial coordinates of street robberies and residences, which suggests that the analysis is conducted at a level where such spatial data is relevant.
- The creation of a ""Repeat Location"" variable to indicate if prior and subsequent robberies are in the same community further supports that the spatial unit is the community.
- The use of a mixed logit model to estimate probabilities of selecting one community over another for subsequent crimes also aligns with the community being the spatial unit."
Familiar Locations and Similar Activities: Examining the Contributions of Reliable and Relevant Knowledge in Offenders' Crime Location Choices,"Sophie Curtis-Ham, Wim Bernasco, Oleg N Medvedev, Devon L L Polaschek",-,-,-,-,-,1.2 km² (median size of SA2s) with 50% sized between 0.84 and 2.2 km²,Not mentioned (the exact number of SA2s included in the final analysis is not provided),New Zealand,Not mentioned (no specific city names are included in the paper),"""Statistical Area 2"" Census Units, or ""SA2s"" - ""The alternatives are the neighborhoods ('Statistical Area 2' Census Units, or 'SA2s') from which offenders are selecting when deciding where to commit crime.""","  - ""the alternatives are the neighborhoods (""Statistical Area 2"" Census Units, or ""SA2s"") from which offenders are selecting when deciding where to commit crime.""",,"- The paper specifies that the spatial units used in the study are ""Statistical Area 2"" Census Units, or ""SA2s.""
- It provides a description of the size of these SA2s in terms of land area, stating that they have a median size of 1.2 km² and that 50% of them are sized between 0.84 and 2.2 km².
- This information directly addresses the question about the size or dimension of each individual spatial unit used in the study.","  - ""We therefore sampled from alternatives to create a smaller set of alternatives for each offender using stratified importance sampling (Ben-Akiva & Lerman, 1985;McFadden, 1977). For each offender we included the chosen SA2, all SA2s with any activity nodes within 5 km of the SA2 boundary and 10 SA2s randomly selected from the remaining SA2s.""
  - ""the alternatives are the neighborhoods (""Statistical Area 2"" Census Units, or ""SA2s"") from which offenders are selecting when deciding where to commit crime.""
  - ""Estimating DSCMs requires a dataset that includes one row for each potentially chosen alternative for each decision-maker. However, including all 2,153 SA2s for each offender, would, for example, yield almost 37 million rows for the 17,054 residential burglaries, presenting a computational barrier given the computing equipment available for this project.""",,"- The paper mentions that the spatial units used are ""Statistical Area 2"" Census Units, or ""SA2s.""
- Initially, there were 2,153 SA2s, but due to computational limitations, the authors sampled from these alternatives.
- The sampling method included the chosen SA2, all SA2s with activity nodes within 5 km, and 10 SA2s randomly selected from the remaining SA2s.
- The exact number of SA2s included in the final analysis is not explicitly stated, but it is implied that the number is significantly reduced from the original 2,153 due to sampling.","  - ""Using discrete choice models, we analyzed offenders' pre-offense activity locations from police data (home addresses, family members' home addresses, work, school, prior offenses, victimizations, non-crime incidents, and other police contacts) and 17,054 residential burglaries, 10,353 non-residential burglaries, 1,977 commercial robberies, 4,315 personal robberies, and 4,421 extra-familial sex offenses, in New Zealand.""
  - ""Offense and activity node data were sourced from the New Zealand Police National Intelligence Application (NIA).""
  - ""The legal definitions and operational classifications of these crimes, and their rates per population, are comparable with other Western democracies (https:// dataunodc.un.org/).""
  - ""The first author is employed as a researcher at New Zealand Police.""
  - ""Approval of access to data for this study was obtained from the NZ Police Research Panel (reference EV-12-462).""
  - ""Sophie Curtis-Ham, PhD, is an honorary research associate at the University of Waikato and senior researcher at New Zealand Police.""",,"- The paper explicitly mentions ""New Zealand"" as the location where the study was conducted, as indicated by the analysis of data from ""New Zealand Police National Intelligence Application (NIA)"" and the mention of ""17,054 residential burglaries, 10,353 non-residential burglaries, 1,977 commercial robberies, 4,315 personal robberies, and 4,421 extra-familial sex offenses, in New Zealand.""
- The involvement of ""New Zealand Police"" and the ""NZ Police Research Panel"" further confirms that the study was conducted in New Zealand.
- The affiliation of the first author with ""New Zealand Police"" and the ""University of Waikato"" also supports that the study took place in New Zealand.","  - ""Using discrete choice models, we analyzed offenders' pre-offense activity locations from police data (home addresses, family members' home addresses, work, school, prior offenses, victimizations, non-crime incidents, and other police contacts) and 17,054 residential burglaries, 10,353 non-residential burglaries, 1,977 commercial robberies, 4,315 personal robberies, and 4,421 extra-familial sex offenses, in New Zealand.""
  - ""Offense and activity node data were sourced from the New Zealand Police National Intelligence Application (NIA).""
  - ""The study illustrates both the opportunities and challenges involved in employing this methodological paradigm with police administrative data.""
  - ""The dataset and data cleaning steps have been described extensively in other studies (Curtis-Ham et al., 2021a , 2022b).""
  - ""The results are illustrated in Figure 2 , which displays the 95% confidence intervals around the ORs.""
  - ""The first author is employed as a researcher at New Zealand Police.""
  - ""This research study was conducted retrospectively from data obtained for operational purposes.""",,"- The study was conducted using data from the New Zealand Police National Intelligence Application (NIA), which suggests that the data collection was nationwide rather than focused on specific cities.
- The paper does not mention any specific city names in the context of the study area or data collection.
- The focus is on New Zealand as a whole, with no specific city names provided in the text.
- The study's scope is national, as indicated by the use of police data from across New Zealand, rather than being limited to specific cities.","  - ""the alternatives are the neighborhoods (""Statistical Area 2"" Census Units, or ""SA2s"") from which offenders are selecting when deciding where to commit crime.""
  - ""The 2018 SA2 shapefile and metadata were downloaded from https://datafinder.stats.govt.nz/layer/92212statistical-area-2-2018-generalised/.""
  - ""SA2s usually contain 2,000-4,000 residents (1,000-3,000 in rural areas), and after sampling from alternatives as described below, the analyzed SA2s had a median of 1.2 km 2 land area, with 50% sized between 0.84 and 2.2 km 2""
  - ""Consistent with previous studies (e.g., Clare et al., 2009;Townsley et al., 2015), we use SA2s as the spatial unit to examine meso-level spatial choices.""",,"- The paper explicitly mentions ""Statistical Area 2"" Census Units, or ""SA2s"" as the spatial unit used in the study.
- The term ""SA2s"" is used consistently throughout the paper to describe the geographic units analyzed.
- The description of SA2s, including their typical population size and land area, further confirms that these are the spatial units of analysis.
- The paper provides a source for the SA2 shapefile and metadata, indicating the official nature of these units."
Traveling Alone or Together? Neighborhood Context on Individual and Group Juvenile and Adult Burglary Decisions,"Alyssa W Chamberlain, Lyndsay N Boggess, Taylor Fisher",-,-,Crime and delinquency,3,2022,Not specified,304,"United States - ""We use data from the Tampa, Florida between January 2000 and September 2012.""",Tampa,"Block groups - ""We assess the potential influence of neighborhood characteristics on burglary decision making, we include demographic and economic data from the US Census for all 334 block groups in the city.""","  - ""a handful of block groups were removed due to missing data on some Census variables, leaving the total number of neighborhoods analyzed at 304.""
  - ""To assess the potential influence of neighborhood characteristics on burglary decision making, we include demographic and economic data from the US Census for all 334 block groups in the city.""
  - ""The final sample includes 4,920 burglary arrests nested in 6,165 suspects.""
  - ""We use block groups to define a neighborhood because these are the smallest unit available where meaningful sociodemographic data are available.""",,"- The paper specifies that the spatial unit used in the study is the ""block group,"" which is a common unit in US Census data.
- The paper does not provide a specific size measurement for each block group, such as area in square kilometers or square miles.
- The focus is on the number of block groups used in the analysis rather than their individual size.
- Since no specific size measurement is provided for each block group, the spatial unit size is not specified in the paper.","  - ""However, a handful of block groups were removed due to missing data on some Census variables, leaving the total number of neighborhoods analyzed at 304.""
  - ""To assess the potential influence of neighborhood characteristics on burglary decision making, we include demographic and economic data from the US Census for all 334 block groups in the city.""
  - ""The final sample includes 4,920 burglary arrests nested in 6,165 suspects.""",,"- The paper mentions that the final sample includes 4,920 burglary arrests and 6,165 suspects, but these numbers refer to the number of incidents and suspects, not spatial units.
- The relevant information for spatial units is found in the mention of ""334 block groups in the city"" and the subsequent adjustment due to missing data, which results in ""304"" block groups being analyzed.
- The term ""block groups"" refers to the spatial units used in the analysis, as they are the smallest units available where meaningful sociodemographic data are available.
- Therefore, the number of spatial units used in the final statistical analysis is 304.","  - ""We use data from the Tampa, Florida between January 2000 and September 2012.""
  - ""Alyssa W. Chamberlain is an associate professor in the School of Criminology and Criminal Justice at Arizona State University.""
  - ""Using discrete choice modeling, we draw upon a unique sample of cleared burglaries in a representative city in the south over a 13-year period.""",,"- The study mentions that the data were collected from ""a representative city in the south,"" which is later specified as ""Tampa, Florida."" This indicates that the study was conducted in the United States, as Tampa is a city in Florida, USA.
- The mention of ""Tampa, Florida"" directly points to the United States as the country where the study was conducted.
- The affiliation of one of the authors with ""Arizona State University"" further supports that the study was conducted in the United States, as Arizona State University is located in Arizona, USA.","  - ""We use data from the Tampa, Florida between January 2000 and September 2012.""
  - ""The city police department provided data for all arrests for burglaries over a 13-year period of time, totaling 7,124 burglary incidents corresponding to 9,288 unique suspects.""
  - ""Using discrete choice modeling, we draw upon a unique sample of cleared burglaries in a representative city in the south over a 13-year period.""",,"- The study mentions that the data were collected from a ""representative city in the south,"" which suggests a specific city was used for the study.
- The quote ""We use data from the Tampa, Florida between January 2000 and September 2012"" directly specifies the city where the study was conducted.
- The mention of ""the city police department"" further confirms that the study was conducted in Tampa, as it refers to the police department of that city.","  - ""We use block groups to define a neighborhood because these are the smallest unit available where meaningful sociodemographic data are available.""",,"- The paper explicitly mentions the use of ""block groups"" as the spatial unit of analysis. This is a specific type of geographic unit used by the US Census.
- The authors justify the use of block groups by stating they are the smallest unit available for meaningful sociodemographic data, which aligns with the purpose of their study.
- The mention of ""block groups"" is consistent throughout the paper, indicating that this is the primary spatial unit used for analysis."
Divergent Decision-Making in Context: Neighborhood Context Shapes Effects of Physical Disorder and Spatial Knowledge on Burglars' Location Choice,"Liang Cai, Guangwen Song, Yanji Zhang",-,-,-,-,-,0.958km²,"1,652",China,ZG,Communities (juweihui or cunweihui),"  - ""We use communities (juweihui or cunweihui) as the unit of analysis.""",,"- The paper specifies that the spatial unit used in the study is the ""community"" (juweihui or cunweihui).
- The average geographic area of these communities is provided as 2.813km² for the total number of communities and 0.958km² for the communities included in the analytical sample.
- The question asks for the size or dimension of each individual spatial unit, which is the average area of a community.","  - ""After excluding communities without street view images, we have 1,652 spatially contiguous communities in the analytical sample, with an average size of 0.958km 2 and an average population of 5,957.""
  - ""There are a total of 2,643 communities in the ZG region, with an average geographic area of 2.813km 2""
  - ""We use communities (juweihui or cunweihui) as the unit of analysis.""
  - ""We focus on the central urban area of the city where the majority of population reside and commute and where street view images are available.""",,"- The paper uses ""communities"" as the unit of analysis, which are the smallest administrative units where population census and major survey data are collected.
- Initially, there were 2,643 communities in the region, but some were excluded due to the lack of street view images.
- The final analytical sample includes 1,652 spatially contiguous communities, which is the number of units used in the final statistical analysis.","  - ""The present study focuses on the city of ZG in southeast China.""
  - ""The police arrest data record the actual burglary cases between 2017 and 2018 in the city of ZG.""
  - ""We focus on the central urban area of the city where the majority of population reside and commute and where street view images are available.""
  - ""The provider has a market share of 24% in the city of ZG.""
  - ""Community-level socio-demographic characteristics come from the 2010 sixth national census of China.""
  - ""We obtain point of interest data of 2016 in the city of ZG to account for common crime generators and attractors noted in the literature for burglary""",,"- The study explicitly mentions that it was conducted in the city of ZG, which is located in southeast China. This is a clear indication of the country where the research took place.
- The mention of ""southeast China"" and ""China"" in multiple contexts within the paper confirms that the study was conducted in China.
- The use of data from the ""2010 sixth national census of China"" further supports that the study was conducted in China.
- The reference to a major telecom provider in China and the use of data from China Unicom Inc. also indicate that the study was conducted in China.","  - ""The present study focuses on the city of ZG in southeast China.""
  - ""We focus on the central urban area of the city where the majority of population reside and commute and where street view images are available.""",,"- The study explicitly mentions that it focuses on the ""city of ZG in southeast China."" This indicates that the study was conducted in the city of ZG.
- The mention of ""the central urban area of the city"" further confirms that the study area is within the city of ZG.
- There is no mention of any other city names in the study, so we only extract the name ""ZG"" as the city where the study was conducted.","  - ""We use communities (juweihui or cunweihui) as the unit of analysis.""
  - ""There are a total of 2,643 communities in the ZG region, with an average geographic area of 2.813km 2""
  - ""These communities with relatively high resident homogeneity are comparable to prior studies in terms of geographic and population sizes (Bernasco and Block 2009;Song et al. 2019).""
  - ""After excluding communities without street view images, we have 1,652 spatially contiguous communities in the analytical sample, with an average size of 0.958km 2 and an average population of 5,957.""
  - ""We focus on the central urban area of the city where the majority of population reside and commute and where street view images are available.""",,"- The paper explicitly states that the unit of analysis is ""communities (juweihui or cunweihui),"" which are the smallest administrative units where population census and major survey data are collected.
- The term ""communities"" is used consistently throughout the paper to refer to the geographic units analyzed.
- The paper provides additional context about these communities, such as their average geographic area and population size, indicating that they are the primary spatial units used in the study."
Relationships Between Offenders' Crime Locations and Different Prior Activity Locations as Recorded in Police Data,"Sophie Curtis-Ham, Wim Bernasco, Oleg N Medvedev, Devon L L Polaschek",-,-,-,-,-,1.2 km² (median land area of SA2s),2153,New Zealand,"Not mentioned (the study is conducted at a national level in New Zealand, with no specific city names mentioned)",Statistical Area 2 (SA2),"  - """"We used the New Zealand Census Unit 'Statistical Area 2' (SA2). SA2s approximate neighbourhoods, typically containing 2000-4000 residents in urban areas and 1000-3000 residents in rural areas.""""
  - """"The median land area of the sampled SA2s was 1.2km² (quartiles 0.84, 2.2 km²) on average across the five offences modelled.""""",,"- The study uses ""Statistical Area 2"" (SA2) as the spatial unit, which is a standard unit used in New Zealand for census purposes.
- The size of these SA2s is described in terms of population and land area. The population size is given as typically containing 2000-4000 residents in urban areas and 1000-3000 residents in rural areas.
- The median land area of these SA2s is specifically mentioned as 1.2 km², with quartiles ranging from 0.84 km² to 2.2 km². This provides a direct measurement of the size of each individual spatial unit used in the study.","  - ""In DSCM analysis, the dataset needs to include not only the attributes of chosen locations but those of alternative locations that could have been chosen but were not. To overcome computational challenges involved in including every SA2 in each offender's 'choice set' of possible alternatives-given the number of alternatives, offenders, variables and available computing capacity-we sampled from all potential SA2 alternatives (n = 2153) to construct a manageable set for each offender.""
  - ""The median land area of the sampled SA2s was 1.2km 2 (quartiles 0.84, 2.2 km 2 ) on average across the five offences modelled.""",,"- The paper uses ""Statistical Area 2"" (SA2) as the spatial unit for analysis, which is a standard unit in New Zealand for census purposes.
- The total number of SA2s considered in the analysis is mentioned as ""n = 2153,"" which indicates the total number of spatial units included in the study.
- The paper does not specify a different number of units used in the final statistical analysis, so it is reasonable to assume that the total number of SA2s considered is the number of units used.","  - ""The first author is employed as a researcher at New Zealand Police.""
  - ""Data on offences and offenders' activity nodes were extracted from the New Zealand Police National Intelligence Application (NIA).""
  - ""This study leverages a large national dataset of offenders' pre-crime activity locations recorded in a police database, in a previously unresearched context (New Zealand)""
  - ""The data used in this research study are not publicly available and were obtained with approval from the New Zealand Police Research Panel (reference EV-12-462).""
  - ""Using discrete spatial choice models, we identified relationships between proximity to pre-crime activity locations recorded in a police database (e.g., offenders' homes, family members' homes, schools, prior crimes, and other police interactions) and the locations of 17,054 residential burglaries, 10,353 non-residential burglaries, 1,977 commercial robberies, 4,315 personal robberies, and 4,421 extra-familial sex offences in New Zealand.""",,"- The paper explicitly mentions ""New Zealand"" as the context for the study multiple times, indicating that the research was conducted within this country.
- The use of ""New Zealand Police National Intelligence Application (NIA)"" and ""New Zealand Police Research Panel"" further confirms that the study was conducted in New Zealand.
- The mention of the first author being employed by ""New Zealand Police"" also supports the inference that the study took place in New Zealand.","  - ""This study leverages a large national dataset of offenders' pre-crime activity locations recorded in a police database, in a previously unresearched context (New Zealand)""
  - ""The data used in this research study are not publicly available and were obtained with approval from the New Zealand Police Research Panel (reference EV-12-462).""
  - ""Data on offences and offenders' activity nodes were extracted from the New Zealand Police National Intelligence Application (NIA).""",,"- The study is conducted in New Zealand, as indicated by the mention of a ""large national dataset"" and the use of the ""New Zealand Police National Intelligence Application (NIA)"" for data extraction.
- There is no specific mention of any city names within the study. The focus is on a national dataset, which suggests that the study is not limited to specific cities but rather covers a broader geographic area.
- The absence of city names in the provided quotes and the emphasis on a national dataset indicate that the study does not focus on specific cities.","  - ""We used the New Zealand Census Unit 'Statistical Area 2' (SA2).""
  - ""SA2s approximate neighbourhoods, typically containing 2000-4000 residents in urban areas and 1000-3000 residents in rural areas.""
  - ""SA2s are comparable to the units used in other neighbourhood level DSCM studies (e.g., Clare et al. 2009;Townsley et al. 2015).""",,"- The paper explicitly states that the spatial unit of analysis used in the study is the ""Statistical Area 2"" (SA2), which is a specific type of geographic unit used in New Zealand.
- The SA2 is described as approximating neighborhoods, which provides context for its size and scope.
- The paper also mentions that SA2s are comparable to units used in other studies, indicating that this is a standard unit of analysis in similar research contexts."
WHERE OFFENDERS CHOOSE TO ATTACK: A DISCRETE CHOICE MODEL OF ROBBERIES IN CHICAGO*,"Wim Bernasco, Richard Block",-,-,,277,2009,Not specified,786,United States,Chicago,Census tracts,"  - ""Using census tracts, 28 percent of the offenders committed a robbery in their home census tract.""
  - ""Although smaller units of analysis minimize within-unit heterogeneity, the census tract was chosen as the spatial unit of analysis because it was the lowest level of aggregation for which the ""collective efficacy"" measure was available and because computationally the use of the resource-intensive discrete choice model with smaller spatial units of analysis would have required a drastic reduction in sample size.""
  - ""In line with many other studies of spatial choice (Block and Block, 1995;Boggs, 1965;Velez, 2001), we use the census tract as our unit of analysis of location choice.""",,"- The paper explicitly states that the spatial unit of analysis used in the study is the ""census tract.""
- The choice of census tracts as the spatial unit is justified by the availability of data and computational considerations.
- The paper does not provide a specific size measurement for each census tract, such as area in square kilometers or meters.
- The focus is on the use of census tracts as the unit of analysis rather than their physical size or dimension.","  - ""In the current article, we are interested in the second type of question: What characteristics make a certain area an attractive hunting ground for offenders?""
  - ""the spatial unit of analysis applies to the definition of what it is that offenders choose when they decide where to offend. In line with many other studies of spatial choice (Block and Block, 1995;Boggs, 1965;Velez, 2001), we use the census tract as our unit of analysis of location choice.""
  - ""Although smaller units of analysis minimize within-unit heterogeneity, the census tract was chosen as the spatial unit of analysis because it was the lowest level of aggregation for which the ""collective efficacy"" measure was available and because computationally the use of the resource-intensive discrete choice model with smaller spatial units of analysis would have required a drastic reduction in sample size.""
  - ""In addition to destination census tracts, we distinguish measures of tract attractiveness for robbery that are conditional on where the offender lives. These measures apply to tract dyads and relate characteristics of the tract where the offender lives to characteristics of all potential destination tracts (which are all tracts, including the tracts where the offender lives).""
  - ""Data on the population size and the racial and ethnic composition of the 865 census tracts in the city of Chicago in 2000 were taken from the public files of the U.S. Census Bureau.""
  - ""Tracts with a population below 100 were not used in the analysis, which applies to 21 tracts (2.4 percent); the other 844 census tracts are considered in the analysis.""
  - ""The results of a model that includes all tract-level variables is presented in table 5. This table, as well as table 6, only includes the 786 census tracts (of 844) for which a collective efficacy measure was available.""",,"- The paper uses census tracts as the spatial unit of analysis for studying robbery location choices.
- The total number of census tracts in Chicago is mentioned as 865.
- However, tracts with a population below 100 were excluded from the analysis, leaving 844 tracts.
- The final statistical analysis included 786 census tracts because the collective efficacy measure was only available for these tracts.","  - ""Data on robbery incidents and arrests during the years 1996-1998 were generated from CPD records.""
  - ""Data on numbers of drug-related arrests and numbers of prostitutionrelated arrests per census tract were aggregated from incident files of the Chicago Police Department (CPD).""
  - ""Data on the population size and the racial and ethnic composition of the 865 census tracts in the city of Chicago in 2000 were taken from the public files of the U.S. Census Bureau.""
  - ""Our empirical investigation of robbery location choice in Chicago builds on theoretical approaches and empirical studies""
  - ""Testing the model on cleared robbery cases in Chicago in the years 1996-1998,""",,"- The study is explicitly conducted in Chicago, as indicated by multiple references to ""Chicago"" in the context of data collection and analysis.
- The mention of the ""Chicago Police Department"" further confirms that the study was conducted in Chicago.
- The use of data from the ""U.S. Census Bureau"" suggests that the study took place in the United States, as this is a federal agency responsible for collecting data across the country.
- The focus on Chicago and the use of U.S. Census data and Chicago Police Department records clearly indicate that the study was conducted in the United States.","  - ""Data on the population size and the racial and ethnic composition of the 865 census tracts in the city of Chicago in 2000 were taken from the public files of the U.S. Census Bureau.""
  - ""Testing the model on cleared robbery cases in Chicago in the years 1996-1998, we demonstrate that robbery location choice is related to characteristics of target areas, to areas where offenders live, to joint characteristics of the resident and target areas, and to characteristics of the offenders themselves.""
  - ""Our empirical investigation of robbery location choice in Chicago builds on theoretical approaches and empirical studies that deal with the selection of attractive targets, the length of the journey to crime, the effects of racial and ethnic barriers to urban travel, the spatial aspects of gang territoriality, and the collective efficacy of residential communities.""
  - ""To answer these questions, we bring together several theoretical and empirical traditions into a recently developed model of spatial choice. The model is estimated using a unique set of data on cleared robbery cases in Chicago and the offenders involved in them, on the communities where the offenders reside, and on those where they attack their victims.""
  - ""In the current article, we are interested in the second type of question: What characteristics make a certain area an attractive hunting ground for offenders? To minimize the risk of mixing up motivation and opportunity, where offenders live is not a part of the question that we put forward, it is part of the answer we propose. Thus, given the location of an offender's home in the urban landscape, why does he or she choose a particular area to commit an offense? Why not another? Which criteria play a role? Are offenders directed by proximity and accessibility to their homes? To what extent are they pulled to target areas by the availability of suitable and attractive targets? What keeps them away from certain areas?""",,"- The study is explicitly conducted in Chicago, as indicated by multiple references to ""Chicago"" in the context of data collection and analysis.
- The paper mentions ""cleared robbery cases in Chicago"" and ""data on cleared robbery cases in Chicago,"" which confirms that the study was conducted in this city.
- The use of ""Chicago"" in the context of data collection from the ""Chicago Police Department"" and the analysis of ""census tracts in the city of Chicago"" further supports that the study was conducted in Chicago.","  - ""In future work, it might be advisable to use smaller units of spatial aggregation. Using census tracts, 28 percent of the offenders committed a robbery in their home census tract.""
  - ""In the spatial choice model, the spatial unit of analysis applies to the definition of what it is that offenders choose when they decide where to offend. In line with many other studies of spatial choice (Block and Block, 1995;Boggs, 1965;Velez, 2001), we use the census tract as our unit of analysis of location choice.""
  - ""Although smaller units of analysis minimize within-unit heterogeneity, the census tract was chosen as the spatial unit of analysis because it was the lowest level of aggregation for which the ""collective efficacy"" measure was available and because computationally the use of the resource-intensive discrete choice model with smaller spatial units of analysis would have required a drastic reduction in sample size.""",,"- The paper explicitly states that the spatial unit of analysis used in the study is the ""census tract."" This is mentioned multiple times throughout the text, indicating a consistent use of this unit for analysis.
- The authors justify the use of census tracts by explaining that it was the lowest level of aggregation for which certain data, like collective efficacy measures, were available. This suggests that census tracts were chosen for practical and data availability reasons.
- The paper also discusses the potential for future studies to use smaller units of spatial aggregation, such as block groups or blocks, but this does not change the fact that census tracts were the unit used in this particular study."
Relative Difference and Burglary Location: Can Ecological Characteristics of a Burglar's Home Neighborhood Predict Offense Location?,"Alyssa W Chamberlain, Lyndsay N Boggess",-,-,,30,2016,Not specified,334,United States,Tampa,Census block group,"  - ""The final data set contains information on all 334 block groups in the City of Tampa.""
  - ""We rely on block groups in order to minimize within neighborhood heterogeneity while also ensuring that there is neighborhood contextual data available.""
  - ""The final sample includes 5,182 incidents committed by 6,846 suspects which were aggregated to the census block group, the operational definition of neighborhood.""",,"- The study uses ""census block groups"" as the spatial unit for analysis.
- The paper does not provide a specific size measurement for each census block group, such as area in square kilometers or meters.
- The focus is on the use of block groups as a unit of analysis rather than their physical size.","  - ""The final data set contains information on all 334 block groups in the City of Tampa.""
  - ""The final sample includes 5,182 incidents committed by 6,846 suspects which were aggregated to the census block group, the operational definition of neighborhood.""",,"- The paper mentions that the final sample includes 5,182 incidents, but this refers to the number of incidents rather than the number of spatial units.
- The key phrase is ""aggregated to the census block group,"" which indicates that the incidents were grouped into spatial units for analysis.
- The paper explicitly states that ""The final data set contains information on all 334 block groups in the City of Tampa,"" which directly answers the question about the number of spatial units used in the analysis.","  - ""The final data set contains information on all 334 block groups in the City of Tampa.""
  - ""The Tampa Police Department provided incident address and date, date of arrest, and home address of the arrested suspect.""
  - ""In order to investigate how neighborhood characteristics might influence offense locations, we use data on all arrests for burglaries in the City of Tampa, Florida, from January 2000 through September 2012.""
  - ""We utilize discrete choice modeling on all arrests for burglaries in the City of Tampa, Florida, from January 2000 through September 2012.""",,"- The study explicitly mentions that the data were collected from ""the City of Tampa, Florida,"" which is a city in the United States.
- The mention of ""Tampa Police Department"" further confirms that the study was conducted in the United States, as this is a local law enforcement agency within the country.
- The focus on ""block groups in the City of Tampa"" indicates that the study area is within the United States, specifically in Florida.","  - ""The final data set contains information on all 334 block groups in the City of Tampa.""
  - ""We utilize discrete choice modeling on all arrests for burglaries in the City of Tampa, Florida, from January 2000 through September 2012.""
  - ""In order to investigate how neighborhood characteristics might influence offense locations, we use data on all arrests for burglaries in the City of Tampa, Florida, from January 2000 through September 2012.""",,"- The study explicitly mentions the ""City of Tampa"" as the location where the data on burglaries were collected.
- The paper repeatedly refers to ""the City of Tampa"" as the context for the study, indicating that this is the primary city where the research was conducted.
- There is no mention of any other city in the context of the study, so it is clear that the focus is solely on Tampa.","  - ""The final sample includes 5,182 incidents committed by 6,846 suspects which were aggregated to the census block group, the operational definition of neighborhood.""
  - ""The final data set contains information on all 334 block groups in the City of Tampa.""
  - ""We rely on block groups in order to minimize within neighborhood heterogeneity while also ensuring that there is neighborhood contextual data available.""",,"- The paper explicitly states that the spatial unit of analysis used in the study is the ""census block group,"" which is referred to as the ""operational definition of neighborhood.""
- The use of ""census block group"" is consistent throughout the paper, indicating that this is the specific geographic unit used for analysis.
- The mention of ""334 block groups in the City of Tampa"" further confirms that the study is conducted at the level of census block groups."
Crime Feeds on Legal Activities: Daily Mobility Flows Help to Explain Thieves' Target Location Choices,"Guangwen Song, Wim Bernasco, Lin Liu, Luzi Xiao, Suhong Zhou, Weiwei Liao",-,-,-,-,-,1.62 km²,1616,China,ZG City,Census units,"  - ""The study area comprises 1891 census units in total, of which 275 are not included in the analysis because the lack mobility data due to limited coverage of the GSM mobile phone network, leaving 1616 census units in the analysis.""
  - ""The mean population is 5956 (standard error 4706, minimum 245, maximum 51,450).""",,"- The paper explicitly states the average size of each census unit, which is the spatial unit used in the study.
- The size is given as 1.62 km² on average, with a range from 0.02 km² to 31.30 km².
- This information directly answers the question about the spatial unit size.","  - ""The study area comprises 1891 census units in total, of which 275 are not included in the analysis because the lack mobility data due to limited coverage of the GSM mobile phone network, leaving 1616 census units in the analysis.""
  - ""The size of census units is 1.62 km 2 on average (standard error 2.99 km 2 , minimum 0.02 km 2 , maximum 31.30 km 2 ). The mean population is 5956 (standard error 4706, minimum 245, maximum 51,450).""",,"- The paper mentions that the study area initially consisted of 1891 census units.
- However, due to limited coverage of the GSM mobile phone network, 275 census units were excluded from the analysis.
- This leaves 1616 census units that were included in the final statistical analysis.
- The mention of ""leaving 1616 census units in the analysis"" directly indicates the number of spatial units used in the final analysis.","  - ""The data for the present research originates from ZG City,1 a city located in southeast China.""
  - ""Research on crime and law enforcement in China receives increasing scholarly attention internationally.""
  - ""The cultural distance between China and western industrialized countries presents an excellent opportunity to test whether theories developed in western industrialized countries can be generalized to other contexts, in particular China.""
  - ""Chinese studies in environmental criminology are still rare, and one of the contributions of the present paper is to add to this developing literature.""
  - ""in the Chinese context, social disorganization and concentrated disadvantage in cities have been associated primarily with concentrations of non-local migrants (Zhang et al. 2007b),""
  - ""The findings demonstrate that Chinese offenders committing theft from the person decide on target areas in ways that resemble the choices made by burglars and robbers and other types of offenders elsewhere in the world.""",,"- The study explicitly mentions that the data originates from ""ZG City,1 a city located in southeast China,"" which directly indicates that the study was conducted in China.
- The paper discusses the cultural distance between China and western industrialized countries, suggesting that the study is set in China to test theories in a non-western context.
- The mention of ""Chinese studies in environmental criminology"" and ""Chinese offenders"" further confirms that the study is conducted in China.
- The paper does not mention any other country or city outside of China, indicating that the study is focused solely on China.","  - ""The data for the present research originates from ZG City,1 a city located in southeast China.""
  - ""The study area is located in the central part of ZG City, and covers more than 3000 km 2""
  - ""The study area comprises 1891 census units in total, of which 275 are not included in the analysis because the lack mobility data due to limited coverage of the GSM mobile phone network, leaving 1616 census units in the analysis.""",,"- The study explicitly mentions ""ZG City"" as the location where the research was conducted.
- The study area is described as being in the central part of ""ZG City,"" indicating that the entire study was conducted within this city.
- There is no mention of any other city names in the study, so ""ZG City"" is the only city relevant to the study.","  - ""The size of census units is 1.62 km 2 on average (standard error 2.99 km 2 , minimum 0.02 km 2 , maximum 31.30 km 2""
  - ""The study area comprises 1891 census units in total, of which 275 are not included in the analysis because the lack mobility data due to limited coverage of the GSM mobile phone network, leaving 1616 census units in the analysis.""
  - ""The census unit was chosen as the spatial unit of analysis because census units have a size similar to those in comparable studies (Bernasco and Block 2009;Clare et al. 2009;Menting et al. 2016), because census units are approximately equally sized, and because in the study area they are relatively homogenous in terms of population composition.""",,"- The paper explicitly states that the ""census unit"" was chosen as the spatial unit of analysis. This is a clear indication of the type of geographic unit used in the study.
- The paper provides additional context about the size and number of census units, which further confirms that these are the spatial units used in the analysis.
- The use of ""census units"" is consistent throughout the paper, indicating that this is the specific terminology used for the geographic units analyzed."
"""Location, Location, Location"": Effects of Neighborhood and House Attributes on Burglars' Target Selection","Christophe Vandeviver, Wim Bernasco",-,-,-,-,-,0.79 square kilometers,633,Belgium,Ghent,Statistical districts,"  - ""On average, the 193 residential neighborhoods have a population of 1287 residents (standard deviation [sd] = 1299), 717 residences (sd = 785) and cover an area of 0.79 (sd = 1.00) square kilometers.""
  - ""The Census subdivides Ghent in geographical entities called 'statistical districts', of which 193 have a residential function. Throughout this paper we refer to these entities as 'neighborhoods'.""",,"- The paper mentions that the study area is divided into ""statistical districts"" which are referred to as ""neighborhoods.""
- The size of these neighborhoods is described in terms of their average area, which is given as 0.79 square kilometers.
- This measurement indicates the size of each individual spatial unit used in the study, which is the area covered by each neighborhood.","  - ""The Census subdivides Ghent in geographical entities called 'statistical districts', of which 193 have a residential function. Throughout this paper we refer to these entities as 'neighborhoods'.""
  - ""The analysis of burglary target choice should thus preferably define 'residence' as its main unit of analysis (Bernasco 2010a; Vandeviver et al. 2015a""
  - ""The Census identified 138,321 residences in Ghent.""
  - ""Applying the six criteria leads to the selection of 679 burglaries that involved 577 unique burglars and 633 unique target residences.""
  - ""the analysis must include only cleared burglaries. Between 2005 and 2014, the local police department cleared 1871 residential burglaries committed in Ghent.""
  - ""The burglar home address and the burglary address in the police records need to be linked unambiguously to an address in the Census data (where the attributes of the residence are stored). This was the case for at least 67% of burglaries (N = 726).""
  - ""Applying these criteria might introduce selectivity in our included sample. However, comparison of the characteristics of the burglarized neighborhoods in the sample of cleared burglaries (N = 1741; see Step 1, Table 1 ) and those for the sample of burglaries included in the model estimation procedure (N = 679; see Step 6; Table 1 ) allows us to conclude that selectivity is not a concern in this study.""",,"- The paper mentions that the study area is divided into ""statistical districts"" or ""neighborhoods,"" of which there are 193. However, these are not the spatial units used in the final analysis.
- The main unit of analysis is the ""residence,"" as indicated by the focus on individual residences rather than neighborhoods.
- The study includes data on approximately 138,000 residences in Ghent, but not all of these are used in the final analysis.
- The final analysis includes 679 burglaries, which involved 633 unique target residences. This suggests that the number of spatial units used in the final statistical analysis is related to these residences.
- The paper does not explicitly state the number of spatial units used in the final analysis, but it implies that the focus is on individual residences rather than neighborhoods.","  - ""We combine data on 679 burglaries by 577 burglars committed between 2005 and 2014 with data on approximately 138,000 residences in 193 residential neighborhoods in Ghent, Belgium.""
  - ""To assess the role of the offenders' home locations and the locations of any previous burglaries they committed, the analysis must include only cleared burglaries. Between 2005 and 2014, the local police department cleared 1871 residential burglaries committed in Ghent.""
  - ""This northwestern Belgian city covers an area of approximately 156 km 2 and had a population of 247,486 residents on 1 January 2011.""",,"- The study explicitly mentions that the data were collected from ""Ghent, Belgium,"" which is a city in Belgium. This is a direct indication of the country where the study was conducted.
- The mention of ""northwestern Belgian city"" further confirms that the study took place in Belgium.
- The reference to the ""local police department"" in Ghent also implies that the study was conducted within the jurisdiction of Belgium.","  - ""We combine data on 679 burglaries by 577 burglars committed between 2005 and 2014 with data on approximately 138,000 residences in 193 residential neighborhoods in Ghent, Belgium.""
  - ""In this analysis, we assess the extent to which neighborhood attributes and residence attributes determine the target selection of burglars. To that aim, we combine police-recorded information on burglars and the residential burglaries they committed between 2005 and 2014 with Census information on residences and neighborhoods in 2011 for Ghent, Belgium.""
  - ""This northwestern Belgian city covers an area of approximately 156 km 2 and had a population of 247,486 residents on 1 January 2011.""",,"- The study explicitly mentions that the data collection and analysis were conducted in Ghent, Belgium, as indicated by the quotes.
- The study area is described as being in Ghent, with specific details about the number of residences and neighborhoods within the city.
- The data collection period and the use of Census information are also tied to Ghent, reinforcing that this is the city where the study was conducted.","  - ""The Census subdivides Ghent in geographical entities called 'statistical districts', of which 193 have a residential function. Throughout this paper we refer to these entities as 'neighborhoods'.""
  - ""On average, the 193 residential neighborhoods have a population of 1287 residents (standard deviation [sd] = 1299), 717 residences (sd = 785) and cover an area of 0.79 (sd = 1.00) square kilometers.""
  - ""The neighborhoods in this study are similarly constructed to the areas used in most previous discrete spatial choice studies and are comparable or smaller in size (e.g., Lammers et al. 2015;Menting et al. 2016).""",,"- The paper explicitly states that the spatial units used in the study are referred to as ""statistical districts"" by the Census, but the authors refer to them as ""neighborhoods"" throughout the paper.
- The term ""statistical districts"" is a specific technical designation used by the Census to divide the area of Ghent into smaller geographic units.
- The paper provides additional context by comparing these units to those used in other studies, indicating they are similar or smaller in size, but the primary term used is ""statistical districts"" as per the Census.
- The description of these units includes demographic and spatial characteristics, such as population, number of residences, and area covered, which further supports the use of ""statistical districts"" as the spatial unit of analysis."
"EFFECTS OF ATTRACTIVENESS, OPPORTUNITY AND ACCESSIBILITY TO BURGLARS ON RESIDENTIAL BURGLARY RATES OF URBAN NEIGHBORHOODS","Wim Bernasco, Floor Luykx",-,-,,197,2003,0.65 square kilometers,89,Netherlands,The Hague,neighborhoods,"  - ""Counting the 89 neighborhoods analyzed, the average neighborhood has a surface of 0.65 square kilometers, is the home to 4950, residents and contains 2350 residential units.""",,"- The paper provides specific information about the size of each individual spatial unit used in the study, which are neighborhoods.
- The quote directly states that the average neighborhood has a surface area of 0.65 square kilometers.
- This measurement is specific to each individual neighborhood, which is the spatial unit of analysis in the study.","  - ""Counting the 89 neighborhoods analyzed, the average neighborhood has a surface of 0.65 square kilometers, is the home to 4950, residents and contains 2350 residential units.""",,"- The paper explicitly states that the study used data from 89 neighborhoods in The Hague.
- The mention of 89 neighborhoods being analyzed indicates that these were the spatial units included in the final statistical analysis.
- The exclusion of 5 neighborhoods due to them being non-residential further supports that the analysis focused on the remaining 89 neighborhoods.","  - ""The hypotheses are tested using data on the city of The Hague, the Netherlands.""
  - ""The Hague is the ""administrative capital"" of the Netherlands, as it hosts the Dutch national parliament, the government departments, and many semi-governmental organizations as well.""
  - ""Our measures of ethnic heterogeneity, residentiul mobility, real estate value of residential units and percentage of owner-occupied residential units all were taken from a statistical publication of the municipality of The Hague (DSO, 2001)""
  - ""Information on attempted and completed burglaries was obtained from the police force of Haaglanden (greater The Hague area).""
  - ""The city is situated at the North Sea coast, and its current boundaries include the former coastal villages of Scheveningen, Loosduinen and Kijkduin.""",,"- The study is explicitly conducted in ""The Hague, the Netherlands,"" as mentioned in the section where the hypotheses are tested.
- The Hague is described as the ""administrative capital"" of the Netherlands, further confirming the country.
- The study uses data from the police force of Haaglanden, which is the greater The Hague area, indicating that the study is conducted within the Netherlands.
- The mention of the municipality of The Hague and the use of Dutch statistical publications also confirm that the study took place in the Netherlands.","  - ""The hypotheses are tested using data on the city of The Hague, the Netherlands.""
  - ""In fact, about 17 percent of the residential burglars who are apprehended for burglary in The Hague reside outside the city, although not necessarily in the adjacent towns.""
  - ""The total number of residential burglaries in The Hague during the six-year period 1996-2001 was about 26.000, which amounts to an average annual number of about 50 per neighborhood, and an annual rate of about 1 residential burglary per 100 dwellings for the city as a whole.""
  - ""The city comprises 94 neighborhoods.""
  - ""The city is situated at the North Sea coast, and its current boundaries include the former coastal villages of Scheveningen, Loosduinen and Kijkduin.""",,"- The study explicitly mentions ""The Hague"" as the city where the data were collected and analyzed.
- The paper provides detailed information about The Hague, including its location, number of neighborhoods, and burglary rates, indicating that it is the primary city studied.
- The mention of ""The Hague"" in multiple contexts within the paper confirms that it is the city in question.
- The study does not mention any other city as part of the study area, so only The Hague is relevant to the question.","  - ""We used data on 89 neighborhoods, as 5 neighborhoods are almost or completely non-residential (industrial areas, parks, dune area). Counting the 89 neighborhoods analyzed, the average neighborhood has a surface of 0.65 square kilometers, is the home to 4950, residents and contains 2350 residential units.""
  - ""The hypotheses are tested using data on the city of The Hague, the Netherlands. With a population of about 440,000, it is a large city according to Dutch standards. The Hague is the ""administrative capital"" of the Netherlands, as it hosts the Dutch national parliament, the government departments, and many semi-governmental organizations as well. The city is situated at the North Sea coast, and its current boundaries include the former coastal villages of Scheveningen, Loosduinen and Kijkduin. The city comprises 94 neighborhoods.""",,"- The paper explicitly mentions that the study uses data on ""neighborhoods"" within the city of The Hague, Netherlands.
- It specifies that the city comprises 94 neighborhoods, and data was used from 89 of these neighborhoods.
- The term ""neighborhoods"" is consistently used throughout the paper to refer to the spatial units of analysis."
Testing Ecological Theories of Offender Spatial Decision Making Using a Discrete Choice Model,"Shane D Johnson, Lucia Summers",-,-,Crime and delinquency,85,2015,Not specified,198,United Kingdom,Bournemouth; Poole,Lower Super Output Area (LSOA),"  - ""LSOAs are somewhat smaller than the areas used in most (but not all; for example, Bernasco et al., 2013) previous studies of this kind.""
  - ""For the study area, there were 198 LSOAs, each with a population of around 1,524 people and about 662 residential households.""
  - ""The unit of analysis selected was the U.K. census Lower Super Output Area (LSOA).""",,"- The paper specifies that the unit of analysis used in the study is the U.K. census Lower Super Output Area (LSOA).
- It provides demographic information about each LSOA, such as population and number of households, but does not specify the exact size or dimension of each LSOA in terms of area.
- The paper mentions that LSOAs are smaller than those used in other studies, but it does not provide a specific measurement for the size of each LSOA.","  - ""The unit of analysis selected was the U.K. census Lower Super Output Area (LSOA). For the study area, there were 198 LSOAs, each with a population of around 1,524 people and about 662 residential households.""
  - ""A total of 721 crimes committed by 263 offenders were included in the analyses.""",,"- The paper specifies that the unit of analysis used in the study was the U.K. census Lower Super Output Area (LSOA).
- It is explicitly mentioned that there were 198 LSOAs in the study area, which indicates the number of spatial units used in the analysis.
- The mention of 721 crimes and 263 offenders provides context on the data analyzed but does not change the fact that the spatial units were the LSOAs.","  - ""Data for crimes detected by the police were acquired for the county of Dorset (UK) for the 5-year period January 1, 2001, to December 31, 2005.""
  - ""In the United Kingdom at least, this is a highvolume crime (see Chaplin, Flatley, & Smith, 2011) and hence of interest to scholars and the police alike.""
  - ""The type of model used, also referred to as a random utility model (for an overview, see Train, 2003), assumes that when making a decision, a chooser (in this case an offender) selects from a set of alternatives the choice that maximizes their perceived utility. What the set of alternatives is can vary according to the theory under investigation. In the case of offender target selection, it has been suggested that offender target selection is a multi-stage process, whereby offenders first select an area within which to offend and then select a specific target (e.g., Cornish & Clarke, 1986). With this in mind, Bernasco and Nieuwbeerta (2005) focus on the first stage of this process, and examine those factors that differentiate the areas where residential burglars do and do not commit offenses.""
  - ""In line with previous studies (Bernasco, 2006(Bernasco, , 2010;;Bernasco & Block, 2009, 2011;Bernasco & Luykx, 2003;Bernasco et al., 2013;Clare et al., 2009), crimes committed by offenders living outside the study area were excluded from the sample. This is a limitation of the method that applies to all studies of this kind but it is a necessary one. The reason is that the approach to analysis requires that all alternatives in the choice set (areas that are and are not selected) be enumerated for the purposes of parameter estimation. Including all possible choices outside of the study region would require more data (potentially all areas in the United Kingdom) than were available for analysis.""
  - ""The unit of analysis selected was the U.K. census Lower Super Output Area (LSOA).""
  - ""Shane D. Johnson is a Professor at the Department of Security and Crime Science, University College London (UCL).""
  - ""Lucia Summers is an Assistant Professor in the School of Criminal Justice at Texas State University. Her research interests include the spatio-temporal patterns of crime, offender spatial decision making, and situational crime prevention. Lucia received her PhD in criminology from UCL, University of London, in 2012.""",,"- The study explicitly mentions that data were acquired for the county of Dorset in the UK, indicating that the research was conducted in the United Kingdom.
- The paper refers to the ""United Kingdom"" multiple times, reinforcing that the study took place within this country.
- The mention of ""U.K. census Lower Super Output Area (LSOA)"" further supports that the study was conducted in the UK, as these are specific administrative divisions used in the UK.
- The affiliation of one of the authors with University College London (UCL) also suggests a connection to the UK, although this alone would not be sufficient to determine the country of the study without other explicit mentions.","  - ""To compute the distance of each area from the city center, we computed the distance between that LSOA and the centroids of each of the two main centers of activity within the wider study area (i.e., Bournemouth and Poole city centers; see Figure 1""
  - ""The unit of analysis selected was the U.K. census Lower Super Output Area (LSOA). For the study area, there were 198 LSOAs, each with a population of around 1,524 people and about 662 residential households.""
  - ""Data for crimes detected by the police were acquired for the county of Dorset (UK) for the 5-year period January 1, 2001, to December 31, 2005.""",,"- The study was conducted in the county of Dorset, UK, as indicated by the data collection section.
- The specific cities mentioned within the study area are Bournemouth and Poole, as they are referred to as the ""two main centers of activity"" and their city centers are used as reference points for distance calculations.
- The focus on these cities is further emphasized by the mention of their city centers in the context of calculating distances, which suggests they are significant locations within the study area.","  - ""The unit of analysis selected was the U.K. census Lower Super Output Area (LSOA).""
  - ""For the study area, there were 198 LSOAs, each with a population of around 1,524 people and about 662 residential households.""",,"- The paper explicitly states that the unit of analysis used in the study is the ""U.K. census Lower Super Output Area (LSOA)"".
- This is further supported by the mention of the number of LSOAs in the study area and their demographic characteristics, indicating that LSOAs are the spatial units analyzed."
Situating Crime Pattern Theory Into The Explanation Of Co-Offending: Considering Area-Level Convergence Spaces,"Zachary R Rowan, Sarah Appleby, Jean Marie Mcgloin, Simon Fraser",-,-,,3,2021,.14 square miles,653,United States,Baltimore City,Census block groups,"  - ""The average census block group in Baltimore has 2.4 census blocks, is .14 square miles, and has an average of 953 residents.""
  - ""in a city context (as opposed to suburban or rural locales), a census block is generally a small area (typically a street-bounded block) and using this unit is consistent with prior work on the relationship between co-offending and neighbourhood context, which has relied on census tracts or blocks""",,"- The paper specifies that the spatial unit used in the study is the ""census block group.""
- It provides a measurement for the size of a census block group, stating that it is "".14 square miles.""
- This measurement directly answers the question about the spatial unit size used in the study.","  - ""During this time period, there were a total of N = 6,249 incidents across 653 census block groups (Average Rate = 1.93 per 100 residents, SD = 11.24).""
  - ""The average census block group in Baltimore has 2.4 census blocks, is .14 square miles, and has an average of 953 residents.""
  - ""The data used in this study cover arrests from January 1, 2013 to December 31, 2016 that had complete information on the variables of interest (N = 68,393).1""",,"- The paper mentions that the data cover a total of 68,393 arrests, but this is not the number of spatial units used in the analysis.
- The key phrase is ""across 653 census block groups,"" which indicates that the spatial units used in the final statistical analysis are census block groups.
- The mention of ""653 census block groups"" directly answers the question about the number of units used in the analysis.","  - ""The Baltimore City Police Department (BPD) releases publicly accessible data on all adult arrests on an annual basis, including information regarding the arrest charge, arrest location, arrest date and time-which allows for the identification of cooffences-and the incident location.""
  - ""We merged the 2013-16 geocoded arrest data with data from the Environmental Protection Agency (EPA) 2""
  - ""The data used in this study cover arrests from January 1, 2013 to December 31, 2016 that had complete information on the variables of interest (N = 68,393).1 This time period was included in the analyses for two main reasons. At the time of original data collection and geocoding, arrest data from 2013 to 2016 were publicly available.""
  - ""Data include street connectivity measures from the Environmental Protection Agency and publicly available arrest information from Baltimore City (2013-16).""",,"- The study mentions ""Baltimore City"" multiple times, which is a city located in the United States.
- The data sources include the ""Environmental Protection Agency,"" which is a U.S. government agency.
- The mention of ""Baltimore City Police Department"" further confirms that the study was conducted in the United States.
- The use of data from the ""Environmental Protection Agency"" and the ""Baltimore City Police Department"" strongly suggests that the study was conducted in the United States.","  - ""Data include street connectivity measures from the Environmental Protection Agency and publicly available arrest information from Baltimore City (2013-16).""
  - ""To evaluate these hypotheses, we merge public arrest records from Baltimore City in Maryland (2013-16) with activity node data from the Baltimore City Open Data Portal, census block data from the Census Bureau, and data on street connectivity provided by the Environmental Protection Agency's Smart Location Database.""
  - ""The current study extends crime pattern theory and addresses this gap in the co-offending literature by considering whether the distribution of co-offences across census block groups in Baltimore City (Maryland) is related to measures of activity nodes and 'connected' street networks, net of the solo crime rate.""
  - ""The data used in this study cover arrests from January 1, 2013 to December 31, 2016 that had complete information on the variables of interest (N = 68,393).1 This time period was included in the analyses for two main reasons. At the time of original data collection and geocoding, arrest data from 2013 to 2016 were publicly available. We opted to use all three years of data in order to generate a large enough sample of arrest incidents with valid location information to be used to estimate co-offending incidents, as well as smooth out any particularities about a specific year or season. Second, we wanted to preserve a close temporal relationship between the main street connectivity predictors derived from 2010 Census data and our outcome. Therefore, though more recent arrest data are now available, we opted to prioritize data that were closest to 2010 rather than focus on later years.""",,"- The study explicitly mentions ""Baltimore City"" multiple times as the location where data were collected and analyzed.
- The quotes provide clear evidence that the study was conducted in Baltimore City, as it references the use of arrest data and street connectivity measures specific to this city.
- There is no mention of any other city in the context of data collection or analysis, indicating that the study was focused solely on Baltimore City.","  - ""This database includes information regarding the density of pedestrian-oriented and auto-oriented streets within each census block group generated during the year 2010 (see description of each in Measures section).""
  - ""Indeed, in Baltimore the census block group is relatively small: The average census block group in Baltimore has 2.4 census blocks, is .14 square miles, and has an average of 953 residents.""
  - ""We merged the 2013-16 geocoded arrest data with data from the Environmental Protection Agency (EPA) 2 . The EPA has a publicly available Smart Location Database that includes a wide range of contextual information about census block groups across the entire United States.""
  - ""The current study extends crime pattern theory and addresses this gap in the co-offending literature by considering whether the distribution of co-offences across census block groups in Baltimore City (Maryland) is related to measures of activity nodes and 'connected' street networks, net of the solo crime rate.""
  - ""Importantly, in a city context (as opposed to suburban or rural locales), a census block is generally a small area (typically a street-bounded block) and using this unit is consistent with prior work on the relationship between co-offending and neighbourhood context, which has relied on census tracts or blocks (e.g., Schaefer 2012;Billings et al. 2016).""",,"- The paper explicitly mentions ""census block groups"" as the spatial unit of analysis used in the study. This is evident from multiple references throughout the paper.
- The study uses data from the Environmental Protection Agency's Smart Location Database, which provides information about census block groups across the United States.
- The paper describes the characteristics of these census block groups in Baltimore City, indicating their size and population density.
- The use of ""census block groups"" is consistent with prior work in the field, as noted in the paper."
HOW DO RESIDENTIAL BURGLARS SELECT TARGET AREAS? A New Approach to the Analysis of Criminal Location Choice,"Wim Bernasco, Paul Nieuwbeerta, Richard Block, Henk Elffers, Jan De Keijser, Jasper Van Der Kemp, Peter Van Koppen",-,-,,362,2005,0.65 square kilometres,89,Netherlands,The Hague,Neighbourhoods,"  - ""The average neighbourhood has a surface of 0.65 square kilometres, is home to 4,952 residents and contains 2,380 residential units (DSO 2001).""
  - ""The geometric positions of the 89 residential neighbourhoods are displayed in Figure 1""",,"- The paper provides specific information about the size of each spatial unit used in the study. The spatial units are referred to as ""neighbourhoods.""
- The quote directly states that the average neighbourhood has a surface area of 0.65 square kilometres. This measurement is specific to each individual spatial unit (neighbourhood) rather than the total study area.
- The mention of the geometric positions of these neighbourhoods further supports that these are the spatial units being analyzed.","  - ""The Hague comprises 89 residential neighbourhoods.""
  - ""The practical issue of estimating a conditional logit model boils down to creating a data-set that contains, for every burglary, not only the chosen alternative (i.e. the neighbourhood in which the burglary took place), but also all other neighbourhoods that could have been chosen but were not. Thus, for a single case of burglary, the data-set contains 89 records-one for every residential neighbourhood in The Hague.""
  - ""The estimation results of the conditional logit model that corresponds to equation ( 2) are presented in Table 2""",,"- The paper mentions that The Hague is divided into 89 residential neighbourhoods, which are the spatial units used in the study.
- The methodology section explains that for each burglary, the dataset includes all 89 neighbourhoods, indicating that these are the units used in the analysis.
- The mention of ""89 records-one for every residential neighbourhood in The Hague"" in the context of creating a dataset for the conditional logit model confirms that all 89 neighbourhoods are included in the final statistical analysis.","  - ""The theory is tested using data on 548 residential burglaries, committed by 290 burglars from the city of The Hague, the Netherlands.""
  - ""The Hague is situated at the coast of the North Sea. With a population of about 440,000, it is the third largest city in the Netherlands.""
  - ""The detection rate for residential burglary in The Hague is 7 per cent, which is low but not much lower than the detection rates reported elsewhere.""
  - ""Data on residential burglaries were obtained from the Haaglanden (greater The Hague area) police force.""
  - ""To test hypotheses on criminal location choice, in earlier studies, three approaches have been applied, each with its own strengths and weaknesses.""",,"- The paper explicitly mentions ""the city of The Hague, the Netherlands"" as the location where the study was conducted. This is a direct reference to the country where the research took place.
- The mention of ""the Netherlands"" in multiple contexts within the paper confirms that the study was conducted in this country.
- The reference to ""the Haaglanden (greater The Hague area) police force"" further supports that the study was conducted in the Netherlands, as Haaglanden is a region within the Netherlands.
- The paper does not mention any other countries, so it is clear that the study was conducted solely in the Netherlands.","  - ""The theory is tested using data on 548 residential burglaries, committed by 290 burglars from the city of The Hague, the Netherlands.""
  - ""To test hypotheses on criminal location choice, in earlier studies, three approaches have been applied, each with its own strengths and weaknesses.""
  - ""The Hague is situated at the coast of the North Sea. With a population of about 440,000, it is the third largest city in the Netherlands.""
  - ""The Hague comprises 89 residential neighbourhoods.""
  - ""Data on residential burglaries were obtained from the Haaglanden (greater The Hague area) police force.""
  - ""In this paper, the discrete spatial choice approach is applied to analyse residential burglars' target area choice in the city of The Hague.""",,"- The study is explicitly conducted in ""the city of The Hague, the Netherlands,"" as mentioned multiple times throughout the paper.
- The data collection and analysis are focused on this city, with specific references to its population, residential neighborhoods, and police force.
- There is no mention of any other city being part of the study, so the focus is solely on The Hague.","  - ""The theory is tested using data on 548 residential burglaries, committed by 290 burglars from the city of The Hague, the Netherlands.""
  - ""The Hague comprises 89 residential neighbourhoods.""
  - ""The average neighbourhood has a surface of 0.65 square kilometres, is home to 4,952 residents and contains 2,380 residential units (DSO 2001).""
  - ""The geometric positions of the 89 residential neighbourhoods are displayed in Figure 1""
  - ""The measure of ethnic heterogeneity was constructed from data on the ethnic composition of neighbourhoods.""
  - ""The proximity of each neighbourhood to The Hague's city centre was calculated in the same way (using only a single column of the distance matrix).""
  - ""The practical issue of estimating a conditional logit model boils down to creating a data-set that contains, for every burglary, not only the chosen alternative (i.e. the neighbourhood in which the burglary took place), but also all other neighbourhoods that could have been chosen but were not.""",,"- The paper explicitly mentions that the study is conducted in ""the city of The Hague, the Netherlands,"" which indicates the broader geographic context.
- The term ""neighbourhoods"" is consistently used throughout the paper to refer to the spatial units of analysis. This is evident in phrases such as ""The Hague comprises 89 residential neighbourhoods,"" ""the average neighbourhood,"" and ""the geometric positions of the 89 residential neighbourhoods.""
- The paper provides specific details about these neighbourhoods, such as their size, population, and number of residential units, which further supports the use of ""neighbourhoods"" as the spatial unit.
- The analysis involves calculating distances and characteristics between these neighbourhoods, reinforcing the use of ""neighbourhoods"" as the spatial unit of analysis."
Co-offending and the Choice of Target Areas in Burglary,Wim Bernasco,-,-,-,-,-,0.65 square kilometers,89,Netherlands,The Hague,Residential neighbourhoods,"  - ""The average neighbourhood has an area of 0.65 square kilometres, is the home to 4952 residents and contains 2380 residential units.""
  - ""The geometric positions of the 89 residential neighbourhoods are displayed in Figure 1""",,"- The paper mentions that the study is conducted using data from 89 residential neighborhoods in The Hague.
- The size of each individual spatial unit, which is a neighborhood, is explicitly stated as having an average area of 0.65 square kilometers.
- This measurement directly answers the question about the spatial unit size used in the study.","  - ""The Hague comprises of 89 residential neighbourhoods.""
  - ""Each residential burglary and each offender address was assigned to one of the 89 residential neighbourhoods of The Hague.""
  - ""The number of properties in a neighbourhood functions as a control variable: it is not a part of the theoretical model, but obviously it is part of the opportunity structure for burglary.""",,"- The paper mentions that The Hague is divided into 89 residential neighbourhoods, which are used as the spatial units for analysis.
- The methodology section indicates that each burglary and offender address was assigned to one of these 89 neighbourhoods, suggesting that these neighbourhoods are the spatial units used in the analysis.
- The mention of the number of properties in a neighbourhood as a control variable further supports the use of these neighbourhoods as the spatial units in the statistical analysis.","  - ""The average income per resident is taken from the digital publications that Statistics Netherlands compiles biannually on all municipalities and neighbourhoods in the Netherlands.""
  - ""The Hague is situated at the coast of the North Sea. With a population of about 440,000, it is the third largest city in the Netherlands.""
  - ""To test the hypotheses, data were used that pertain to all detected residential burglaries committed by burglars living in the city of The Hague, the Netherlands, in the period 1996-2004.""",,"- The study explicitly mentions that the data were collected from ""The Hague, the Netherlands,"" which directly indicates the country where the research was conducted.
- The mention of ""The Hague"" as a city in the study is further supported by the description of its location and population, reinforcing that it is a city within the Netherlands.
- The reference to ""Statistics Netherlands"" provides additional evidence that the study was conducted in the Netherlands, as this is a national statistical agency.","  - ""The Hague comprises of 89 residential neighbourhoods.""
  - ""The Hague is situated at the coast of the North Sea. With a population of about 440,000, it is the third largest city in the Netherlands.""
  - ""To test the hypotheses, data were used that pertain to all detected residential burglaries committed by burglars living in the city of The Hague, the Netherlands, in the period 1996-2004.""
  - ""Using data on residential burglaries and residential burglars in The Hague, this study addresses the issue of whether solitary offenders choose their target areas differently from the way offender groups do.""",,"- The study explicitly mentions that the data were collected from ""The Hague,"" which is the primary city where the study was conducted.
- The paper provides detailed information about The Hague, including its population and the number of residential neighborhoods, indicating that it is the focus of the study.
- There is no mention of any other city in the context of data collection or study area description.","  - ""The Hague comprises of 89 residential neighbourhoods.""
  - ""The geometric positions of the 89 residential neighbourhoods are displayed in Figure 1""
  - ""Each residential burglary and each offender address was assigned to one of the 89 residential neighbourhoods of The Hague.""
  - ""The average neighbourhood has an area of 0.65 square kilometres, is the home to 4952 residents and contains 2380 residential units.""",,"- The paper explicitly mentions that the study area is divided into ""89 residential neighbourhoods"" in The Hague.
- The analysis involves assigning each residential burglary and offender address to one of these ""89 residential neighbourhoods.""
- The paper provides specific details about the size and population of these neighbourhoods, indicating they are the primary spatial units of analysis.
- The mention of ""residential neighbourhoods"" as the spatial unit is consistent throughout the paper, indicating that this is the specific terminology used for the geographic units analyzed."
LEARNING WHERE TO OFFEND EFFECTS OF PAST ON FUTURE BURGLARY LOCATIONS,"Wim Bernasco, Shane D Johnson",-,-,,88,2015,Not specified,"1,687",United Kingdom,Not mentioned (no specific city names are included in the study),UK Census Lower Level Super Output Area (LSOA),"  - ""LSOAs are defined on the basis of proximity and social homogeneity measures (type of dwelling and nature of tenure) and have a population of approximately 1,500 residents and 600 households.""
  - ""As a compromise, we decided to use the UK Census Lower Level Super Output Area (LSOA) geography as the basic spatial unit of analysis.""
  - ""the areas used here have an average population of only 1,500, potentially providing for more homogeneous spatial units and enhanced ecological validity.""",,"- The paper specifies that the spatial units used in the study are UK Census Lower Level Super Output Areas (LSOAs).
- It is mentioned that these LSOAs have an average population of approximately 1,500 residents and 600 households.
- However, the paper does not provide a specific size measurement for each LSOA in terms of area (e.g., square kilometers or hectares).
- The focus is on the population size and social homogeneity rather than the physical size of the LSOAs.","  - ""a discrete spatial crime location choice approach is used (Bernasco et al., 2013;Bernasco & Ruiter, 2014) in which every burglary is conceptualized as a discrete choice amongst all 1,687 LSOAs in the study area, and a multinomial logit model is used to estimate the relative weight of each of the LSOA characteristics in the burglar's decision.""
  - ""As a compromise, we decided to use the UK Census Lower Level Super Output Area (LSOA) geography as the basic spatial unit of analysis.""
  - ""The concept of crime location choice presumes spatial units of analysis, which are the alternative locations that burglars choose from when deciding on where to commit a burglary.""",,"- The paper mentions the use of ""all 1,687 LSOAs in the study area"" as part of the discrete spatial crime location choice approach. This indicates that the final statistical analysis included 1,687 spatial units.
- The methodology section explains that the UK Census Lower Level Super Output Area (LSOA) geography was used as the basic spatial unit of analysis, which further supports the use of LSOAs as the units in the analysis.
- The mention of ""all 1,687 LSOAs"" in the context of the statistical model suggests that these were the units included in the final analysis.","  - ""The study reported here aims to further explore questions of repeat crime location choices and differs in three key aspects from the study by Lammers et al. (2015). First, it used data from another country (United Kingdom).""
  - ""Data were acquired for all detected residential burglaries committed between January 2007 and December 2012 in the West Midlands, a large metropolitan UK police force""
  - ""Using data in 3,337 detected burglaries from one UK police force,""",,"- The paper explicitly mentions that the study used data from a ""UK police force,"" which indicates that the research was conducted in the United Kingdom.
- The study area is specified as the ""West Midlands, a large metropolitan UK police force,"" further confirming that the study took place in the UK.
- The mention of ""Birmingham, UK"" as part of the study area also supports that the country where the research was conducted is the United Kingdom.","  - ""The study reported here aims to further explore questions of repeat crime location choices and differs in three key aspects from the study by Lammers et al. (2015). First, it used data from another country (United Kingdom).""
  - ""Data were acquired for all detected residential burglaries committed between January 2007 and December 2012 in the West Midlands, a large metropolitan UK police force""
  - ""Using data in 3,337 detected burglaries from one UK police force,""
  - ""A recent cross-national replication (Townsley et al., 2013) tested the same behavioral model using comparable data from The Hague, Netherlands, Brisbane, Australia and Birmingham, UK.""",,"- The study was conducted using data from a UK police force, specifically in the West Midlands area. However, the question asks for city names, not regional or police force identifiers.
- The mention of ""West Midlands"" is a regional identifier, not a city name.
- The study does not explicitly mention any specific city names within the West Midlands area.
- The mention of ""Birmingham"" is in the context of a different study (Townsley et al., 2013), not the current study by Bernasco and Johnson.
- Therefore, there are no specific city names mentioned in the study as the primary location for data collection.","  - ""As a compromise, we decided to use the UK Census Lower Level Super Output Area (LSOA) geography as the basic spatial unit of analysis.""
  - ""Spillover effects can be assessed using either hierarchical spatial nesting structures or spatial proximity structures (Bernasco & Elffers, 2010). Because the boundaries of the UK census areas are designed to optimize social homogeneity in terms of household tenure and dwelling type (Haining, 2012;Sturgis, Brunton-Smith, Kuha, & Jackson, 2013), we preferred the former, and estimated spillover using variables measured at the next higher level of the census geography in the UK, the Middle Layer Super Output Area (MSOA).""
  - ""MSOAs comprise groups of typically 4-5 LSOAs and have a minimum size of 5,000 residents (and 3,000 households) with an average population size of 7,500.""
  - ""LSOAs are defined on the basis of proximity and social homogeneity measures (type of dwelling and nature of tenure) and have a population of approximately 1,500 residents and 600 households.""",,"- The paper explicitly states that the ""UK Census Lower Level Super Output Area (LSOA)"" is used as the basic spatial unit of analysis. This is a clear indication of the specific geographic unit used in the study.
- The description of LSOAs provides additional context, highlighting their characteristics such as population size and social homogeneity, which further confirms their use as the primary spatial unit.
- The mention of MSOAs as a higher level of census geography used for assessing spillover effects indicates a hierarchical structure but does not change the fact that LSOAs are the basic unit of analysis.
- The paper consistently refers to LSOAs as the spatial unit for analysis, making it clear that this is the specific terminology used for the geographic units analyzed."
Burglar Target Selection: A Crossnational Comparison,"Michael Townsley, Daniel Birks, Wim Bernasco, Stijn Ruiter, Shane D Johnson,  Gentry White, Scott Baum",-,-,Journal of research in crime and delinquency,60,2015,Not specified,Not mentioned (the paper does not provide the exact number of spatial units used in the final statistical analysis),Netherlands; United Kingdom; Australia,The Hague; Birmingham; Brisbane,"- Netherlands: Neighborhoods
- United Kingdom: Super Output Areas (medium layer)
- Australia: Statistical Local Areas","  - ""The Hague, Birmingham, and Brisbane can be characterized as having relatively high (3,652 households per km 2 ), medium (1,513 households per km 2 ), and low (299 households per km 2 ) target densities, respectively.""
  - ""Study regions and their associated choice set geographies (NL-neighborhoods, UK-Super Output Areas [medium layer], AU-Statistical Local Areas) were selected based on equivalence in size of the known burglar population, number of targets (households) within each area, and total number of areas in a study region.""",,"- The paper mentions the use of different spatial units in each country: neighborhoods in the Netherlands, Super Output Areas in the UK, and Statistical Local Areas in Australia.
- The paper provides target densities for each city but does not specify the exact size of each spatial unit.
- The target densities are given in terms of households per square kilometer, but this does not directly translate to the size of each individual spatial unit.
- The paper does not provide specific measurements for the size of each spatial unit, such as area in square kilometers or hectares.","  - ""The discrete spatial choice approach required the collection of three core data sets for each study region: (1) alternatives-the choice set of geographical spatial units (e.g., neighborhoods and suburbs) in which offenders may choose to offend; (2) choosers-charged residential burglary offenders who resided and committed burglaries within the study region in the study time frame; and (3) choices-cleared offense data comprising the locations (alternatives) where offenders (choosers) chose to offend.""
  - ""Study regions and their associated choice set geographies (NL-neighborhoods, UK-Super Output Areas [medium layer], AU-Statistical Local Areas) were selected based on equivalence in size of the known burglar population, number of targets (households) within each area, and total number of areas in a study region.""
  - ""Study regions were purposefully selected based on differences in target density, aligning with our aims to assess the consistency of relationships across differing environmental settings.""
  - ""The Hague, Birmingham, and Brisbane can be characterized as having relatively high (3,652 households per km 2 ), medium (1,513 households per km 2 ), and low (299 households per km 2 ) target densities, respectively.""",,"- The paper describes the selection of study regions based on equivalence in size of the known burglar population, number of targets, and total number of areas. This suggests that the number of spatial units was considered in the selection process.
- The methodology section mentions the collection of data sets for each study region, including the choice set of geographical spatial units. This implies that the number of spatial units was a critical component of the data collection.
- The paper provides details on the target densities of the study regions but does not explicitly state the number of spatial units used in the final statistical analysis.
- The paper does not provide a specific number of spatial units used in the analysis, which is necessary to answer the question accurately.","  - ""Recorded crime data from three independent police services are used to analyze the location choices of residential burglars operating in The Hague (Netherlands), Birmingham (United Kingdom), and Brisbane (Australia).""
  - ""Taking a discrete spatial choice approach, we estimate the impact of both environment-and offender-level factors on residential burglary placement in the Netherlands, the United Kingdom, and Australia.""
  - ""At a national level, the United Kingdom has 454 residential burglaries per 100,000 population with a clearance rate of 13 percent (Office of National Statistics [ONS] 2013; Taylor and Chaplin 2011), Australia has 592 residential burglaries per 100,000 population and 8.7 percent clearance rate (Australian Bureau of Statistics 2011; Australian Institute of Criminology 2012), and the Netherlands has 427 residential burglaries per 100,000 population with a clearance rate of 7 percent (Bernasco and Nieuwbeerta 2005).""
  - ""Australian data were provided by the Queensland Police Service.""
  - ""The Hague, Birmingham, and Brisbane can be characterized as having relatively high (3,652 households per km 2 ), medium (1,513 households per km 2 ), and low (299 households per km 2 ) target densities, respectively.""",,"- The study explicitly mentions that it was conducted in three countries: the Netherlands, the United Kingdom, and Australia. This is clear from the abstract and the methodology section where it discusses the use of data from these countries.
- The cities mentioned in the study - The Hague (Netherlands), Birmingham (United Kingdom), and Brisbane (Australia) - further confirm that the research was conducted in these countries.
- The mention of national statistics and clearance rates for each country provides additional evidence that the study was conducted in these three countries.
- The involvement of the Queensland Police Service in providing Australian data also supports the inclusion of Australia as one of the study locations.","  - ""In order to test our hypotheses, data describing cleared residential burglaries were collected from three cities: The Hague (Netherlands), Birmingham (United Kingdom), and Brisbane (Australia).""
  - ""Recorded crime data from three independent police services are used to analyze the location choices of residential burglars operating in The Hague (Netherlands), Birmingham (United Kingdom), and Brisbane (Australia).""",,"- The study explicitly mentions the cities where the research was conducted: The Hague, Birmingham, and Brisbane.
- These cities are directly referenced in the context of data collection and study area description.
- The quotes clearly state that the study was conducted in these three cities across different countries.","  - ""Study regions and their associated choice set geographies (NL-neighborhoods, UK-Super Output Areas [medium layer], AU-Statistical Local Areas) were selected based on equivalence in size of the known burglar population, number of targets (households) within each area, and total number of areas in a study region.""",,"- The paper explicitly mentions the spatial units used in each study region: ""NL-neighborhoods"" for the Netherlands, ""UK-Super Output Areas [medium layer]"" for the United Kingdom, and ""AU-Statistical Local Areas"" for Australia.
- These terms are specific and technical, indicating the exact type of spatial unit used in each country.
- The use of these terms suggests that the study analyzed data at these specific geographic levels."
ROLE OF THE STREET NETWORK IN BURGLARS' SPATIAL DECISION-MAKING *,"Michael J Frith, Shane D Johnson, Hannah M Fry",-,-,CrimRxiv,63,2017,Not specified,"5,286",United Kingdom,High Wycombe; Beaconsfield; Marlow,Street segments,"  - ""the unit of analysis is the street segment.""
  - ""The study area was defined by identifying the ""built-up areas"" of the three towns and by applying a 1-km buffer around them""",,"- The study area is described as covering approximately 150 km², but this is the total area, not the size of individual spatial units.
- The paper mentions that the study includes 5,286 street segments, but it does not specify the size or dimension of each individual street segment.
- The unit of analysis is identified as the street segment, but no specific measurement or size for each street segment is provided in the text.
- The paper does not provide any specific measurements like ""each tract is X km²"" or ""grid cells of X meters,"" which would indicate the size of individual spatial units.","  - ""the unit of analysis is the street segment.""
  - ""The resulting data set contained 459 residential burglaries committed by 207 offenders.""",,"- The study area includes 5,286 street segments, which are the spatial units used in the analysis.
- The paper explicitly states that the unit of analysis is the street segment, indicating that these are the spatial units used in the final statistical analysis.
- The number of street segments is directly related to the spatial units used in the study, as each segment is considered a separate unit for analysis.","  - ""The OS is Great Britain's national mapping agency responsible for the official mapping of the country (https://www.ordnancesurvey.co.uk/about/overview/what-we-do.html).""
  - ""Property data, provided by the OS, were associated with street segments by assigning each home to the nearest applicable feature in each network.""
  - ""Data were provided by Thames Valley Police (TVP) for all residential burglaries recorded and officially cleared for the 10-year period 04/01/2004 to 03/31/2014.""
  - ""Analyses were conducted for all street segments in the towns of High Wycombe and nearby Beaconsfield and Marlow in Buckinghamshire (U.K.).""",,"- The study was conducted in the towns of High Wycombe, Beaconsfield, and Marlow, which are located in Buckinghamshire, U.K. This is explicitly mentioned in the text.
- The data were provided by Thames Valley Police, which is a police force in the United Kingdom.
- The mention of ""U.K."" in the context of the study area and the involvement of the Ordnance Survey, which is Great Britain's national mapping agency, further confirms that the study was conducted in the United Kingdom.","  - ""Analyses were conducted for all street segments in the towns of High Wycombe and nearby Beaconsfield and Marlow in Buckinghamshire (U.K.).""
  - ""The study area was defined by identifying the ""built-up areas"" of the three towns and by applying a 1-km buffer around them (for a map of the study area, see appendix A in the online supporting information 1""",,"- The study was conducted in the towns of High Wycombe, Beaconsfield, and Marlow, as explicitly mentioned in the paper.
- These are the specific city names provided in the study area description.
- The study does not mention any other cities beyond these three.","  - ""the unit of analysis is the street segment.""
  - ""The resulting study area covers a geography of approximately 150 km 2 and includes 81,682 dwellings situated on 5,286 street segments.""
  - ""With a mixed logit (discrete choice) model, we use data regarding (N = 459) residential burglaries (for the first time) to model offender spatial decision-making at the street segment level.""
  - ""The study area was defined by identifying the ""built-up areas"" of the three towns and by applying a 1-km buffer around them (for a map of the study area, see appendix A in the online supporting information 1""",,"- The paper explicitly states that the analysis was conducted at the ""street segment level,"" which indicates that the spatial unit of analysis is the street segment.
- The term ""street segment"" is consistently used throughout the paper to refer to the geographic units analyzed.
- The study area is described in terms of ""built-up areas"" and a buffer around them, but the specific unit of analysis within this area is the street segment.
- The paper mentions that there are 5,286 street segments within the study area, further confirming that street segments are the spatial units used."
Modelling taste heterogeneity regarding offence location choices,Michael J Frith,-,-,Journal of Choice Modeling,13,2019,Not specified,Not mentioned (the paper does not specify the exact number of spatial units used in the analysis),"United Kingdom - ""To this end, this study uses the latent class (and mixed and conditional logit) to examine the offence location choices of serious acquisitive crime offenders in York (UK).""; ""The study area in these analyses is the city of York (UK), which covers approximately 270km""; ""For these analyses, revealed preference data for 1,105 recorded3 and solved4 SAC in York committed by 687 offenders living in York between April 2008 and March 2012 were collected.""",York,"""Output areas"" - ""The alternatives in this analysis are output areas, herein referred to as neighbourhoods, which are the smallest units for which the variables in this study are available.""","  - ""For example, while offenders' mental boundaries between areas are effectively inscrutable, and will, to some degree, vary from offender to offender, larger spatial areas tend to be more heterogeneous. As such, if larger areas are used, local variations between sub-areas would be unobserved.""
  - ""the alternatives in this analysis are output areas, herein referred to as neighbourhoods, which are the smallest units for which the variables in this study are available.""",,"- The paper mentions that the spatial units used in the study are ""output areas"" or ""neighbourhoods,"" which are the smallest units for which the variables are available. This suggests that these are the basic spatial units used for analysis.
- The paper does not provide a specific size measurement for each individual spatial unit, such as ""each tract is X km²"" or ""grid cells of X meters.""
- The mention of ""average sizes"" in the context of comparing different studies does not specify the size of each individual unit but rather provides a comparison of average sizes across different studies.
- The total study area size is mentioned as approximately 270km², but this is not the size of an individual spatial unit.","  - ""This results in a final dataset of 1,105 offence location choices made by 498 offenders -of which, 325 offenders made one offence location choice, 111 made two or three, and 62 who made up to 92 location choices.""
  - ""For these analyses, revealed preference data for 1,105 recorded3 and solved4 SAC in York committed by 687 offenders living in York between April 2008 and March 2012 were collected.""
  - ""The study area in these analyses is the city of York (UK), which covers approximately 270km""
  - ""the alternatives in this analysis are output areas, herein referred to as neighbourhoods, which are the smallest units for which the variables in this study are available.""",,"- The paper mentions that the spatial units used in the analysis are ""output areas"" or ""neighbourhoods,"" which are the smallest units for which the variables are available.
- The study area is the city of York, UK, but the specific number of spatial units (neighbourhoods) is not directly mentioned in the provided text.
- The paper does not explicitly state the number of spatial units (neighbourhoods) included in the final statistical analysis.","  - ""To this end, this study uses the latent class (and mixed and conditional logit) to examine the offence location choices of serious acquisitive crime offenders in York (UK).""
  - ""The study area in these analyses is the city of York (UK), which covers approximately 270km""
  - ""For these analyses, revealed preference data for 1,105 recorded3 and solved4 SAC in York committed by 687 offenders living in York between April 2008 and March 2012 were collected.""",,"- The paper explicitly mentions that the study was conducted in ""York (UK),"" which indicates that the country where the research took place is the United Kingdom.
- The mention of ""York (UK)"" in multiple parts of the paper, including the abstract and the methodology section, confirms that the study was conducted in the United Kingdom.
- The use of ""UK"" in parentheses after ""York"" is a clear indication of the country where the study was conducted.","  - ""The study area in these analyses is the city of York (UK), which covers approximately 270km""
  - ""To this end, this study uses the latent class (and mixed and conditional logit) to examine the offence location choices of serious acquisitive crime offenders in York (UK).""
  - ""In this study, along with the CL and ML, the LCL was used for the first time to study the offence location choices and taste variation of SAC offenders in York (UK).""",,"- The study explicitly mentions that the research was conducted in ""York (UK)"" multiple times throughout the paper.
- The study area is described as ""the city of York (UK),"" which confirms that the study was conducted in this specific city.
- There is no mention of any other city in the context of the study area or data collection.","  - ""the alternatives in this analysis are output areas, herein referred to as neighbourhoods, which are the smallest units for which the variables in this study are available.""
  - ""in this analysis the choice set is restricted to the city of York (UK).""
  - ""The study area in these analyses is the city of York (UK), which covers approximately 270km""",,"- The paper specifies that the analysis is conducted within the city of York, UK, which is the broader geographic area of interest.
- The specific spatial unit used in the analysis is referred to as ""output areas,"" which are further described as ""neighbourhoods.""
- The term ""output areas"" is used to describe the smallest units for which the study's variables are available, indicating that this is the specific spatial unit of analysis."
Graffiti Writers Choose Locations That Optimize Exposure,"K Kuralarasan, Wim Bernasco, Christophe Vandeviver",-,-,Crime &amp; Delinquency,1,2024,Not specified,"2,233",Belgium,Ghent,"Street segments - ""We adopted street segments as our spatial unit of analysis, aligning with recent research advocating the use of street segments or similarly sized spatial units for analyzing crime and disorder (Groff et al., 2010;Weisburd et al., 2004).""","  - ""We chose to represent street segments using polygons rather than the more common ""line"" representations.""
  - ""The observation focused only on the street segments of Ghent city center.""
  - ""Our final dataset includes information from 2,233 street segments from the original 2,392.""
  - ""The spatial resolution of a street segment naturally corresponds to human observational limitations. It possesses attributes suitable for direct sensory perception, making it especially relevant for measuring exposure.""
  - ""We adopted street segments as our spatial unit of analysis, aligning with recent research advocating the use of street segments or similarly sized spatial units for analyzing crime and disorder (Groff et al., 2010;Weisburd et al., 2004).""",,"- The paper specifies that the spatial unit of analysis is the ""street segment,"" which is a common unit used in urban studies.
- The paper does not provide a specific size measurement for each street segment, such as area in square meters or kilometers.
- The focus is on the type of unit (street segment) rather than its exact size or dimension.
- The paper discusses the use of polygons to represent these segments, but again, no specific size is mentioned.","  - ""Our final dataset includes information from 2,233 street segments from the original 2,392.""
  - ""A total of 159 segments were not observed for various reasons and were excluded from the analysis""",,"- The paper mentions that the final dataset includes information from 2,233 street segments. This indicates that these are the spatial units used in the final statistical analysis.
- The exclusion of 159 segments due to various reasons suggests that these were not included in the analysis, but the focus is on the 2,233 segments that were included.
- The methodology section and results section both refer to the use of these street segments as the basis for the analysis, confirming that they are the units used in the study.","  - ""In our study, we analyze graffiti instances in Ghent, Belgium.""
  - ""The data were collected by a team of 212 observers in November 2017 using systematic social observation (SSO). These observers were undergraduatelevel students from Ghent University who had received training for a month.""
  - ""we restricted our study area to the city center of Ghent.""",,"- The study explicitly mentions that the research was conducted in Ghent, which is a city in Belgium. This is directly stated in the text.
- The mention of ""Ghent University"" further confirms that the study took place in Belgium, as Ghent University is located in Ghent, Belgium.
- The study area is specified as the city center of Ghent, reinforcing that the research was conducted in Belgium.","  - ""In our study, we analyze graffiti instances in Ghent, Belgium.""
  - ""we restricted our study area to the city center of Ghent.""
  - ""we collected data through Systematic Social Observation in Ghent's city center in November 2017, covering 12,655 graffiti instances across 2,233 street segments.""
  - ""The study area does not have transit lines other than the trams and buses on the streets, and we haven't observed graffiti along railway tracks or on trains. Figure A2 provides a map of the street segments in the city center of Ghent, distinguishing these three types of segments.""",,"- The study explicitly mentions that the data collection was conducted in ""Ghent's city center"" and that the study area was restricted to this location.
- The paper repeatedly refers to ""Ghent"" as the city where the study was conducted, indicating that it is the sole city involved in the research.
- There is no mention of any other city in the context of the study area or data collection.","  - ""We adopted street segments as our spatial unit of analysis, aligning with recent research advocating the use of street segments or similarly sized spatial units for analyzing crime and disorder (Groff et al., 2010;Weisburd et al., 2004).""
  - ""The observation focused only on the street segments of Ghent city center.""
  - ""Our final dataset includes information from 2,233 street segments from the original 2,392.""
  - ""We chose to represent street segments using polygons rather than the more common ""line"" representations.""
  - ""The study area does not have transit lines other than the trams and buses on the streets, and we haven't observed graffiti along railway tracks or on trains.""
  - ""Figure A2 provides a map of the street segments in the city center of Ghent, distinguishing these three types of segments.""",,"- The paper explicitly states that the spatial unit of analysis used in the study is ""street segments."" This is mentioned multiple times throughout the text, indicating a consistent focus on this unit.
- The use of ""street segments"" is justified by aligning with recent research that advocates for this spatial unit in analyzing crime and disorder.
- The study's dataset includes information from 2,233 street segments, further emphasizing the use of this spatial unit.
- The paper also discusses the representation of these street segments using polygons, which is a methodological detail related to the spatial analysis.
- The distinction between different types of street segments (e.g., bridges, intersections, regular segments) is also mentioned, indicating a detailed analysis within this spatial unit."
Modelling the spatial decision making of terrorists: the discrete choice approach,-,-,-,Applied Geography,21,2019,Not specified,890,Northern Ireland,Belfast,Small Areas,"  - ""the set of alternatives takes the form of output areas called 'small areas' in Belfast, Northern Ireland and the expected utility of each potential target area is assumed to be evaluated according to the decision criteria presented below.""
  - ""The geographical boundary data for the SAs was obtained from the Northern Ireland Statistics and Research Agency (NISRA).""
  - ""5 SAs were designed specifically for statistical purposes and follow physical features of the environment such as roads and rivers (NISRA).""
  - ""Since 2011, Northern Ireland has been divided into 4537 'Small Areas' (hereafter, SAs), which are currently the smallest areal unit.""",,"- The paper mentions that the study uses ""Small Areas"" (SAs) as the spatial unit, which are the smallest areal unit in Northern Ireland.
- It is stated that these SAs are designed for statistical purposes and follow physical features like roads and rivers, but no specific size measurement is provided for each SA.
- The paper does not specify the exact size or dimension of each individual SA, only that they are used as the spatial unit for the study.","  - ""The location of each attack was geocoded to the corresponding SA.""
  - ""The final offence and offender datasets comprised 150 attacks by 127 PIRA members within Belfast.""
  - ""The geographical boundary data for the SAs was obtained from the Northern Ireland Statistics and Research Agency (NISRA).""
  - ""Since 2011, Northern Ireland has been divided into 4537 'Small Areas' (hereafter, SAs), which are currently the smallest areal unit.""",,"- The paper mentions that Northern Ireland is divided into 4537 'Small Areas' (SAs), but this is the total number for the entire region.
- The study focuses on Belfast, and it specifies that there are 890 SAs in Belfast.
- The final analysis includes 150 attacks by 127 PIRA members within these SAs in Belfast.
- The location of each attack was geocoded to the corresponding SA, indicating that these SAs were used in the analysis.","  - ""The geographical boundary data for the SAs was obtained from the Northern Ireland Statistics and Research Agency (NISRA).""
  - ""Belfast is the capital and largest city of Northern Ireland and is on the flood plain of the River Lagan.""
  - ""To test the hypotheses, we collected attacks by members of PIRA, living in the city of Belfast, Northern Ireland, in the period 1969-1989.""
  - ""Northern Ireland has been the setting for political violence from different Irish republican paramilitaries, with the mutual aim of removing British rule, since the partitioning of the island of Ireland in the 1920s.""
  - ""The final offence and offender datasets comprised 150 attacks by 127 PIRA members within Belfast.""",,"- The study is explicitly set in ""Northern Ireland,"" as indicated by multiple references to this region throughout the paper.
- The mention of ""Belfast, Northern Ireland"" as the location where attacks were collected further confirms that the study was conducted in Northern Ireland.
- The use of data from the ""Northern Ireland Statistics and Research Agency (NISRA)"" also supports that the study took place in Northern Ireland.
- The focus on the Provisional Irish Republican Army (PIRA) and their activities in Belfast, Northern Ireland, provides additional context that the study was conducted in this country.","  - ""The final offence and offender datasets comprised 150 attacks by 127 PIRA members within Belfast.""
  - ""Belfast is the capital and largest city of Northern Ireland and is on the flood plain of the River Lagan.""
  - ""This is a complete analysis of core Belfast PIRA members convicted of an attack where both the home and attack locations are known.""
  - ""The Belfast Brigade was the largest of PIRA's command areas, and as such a substantial amount of PIRA activity occurred in the city.""
  - ""To test the hypotheses, we collected attacks by members of PIRA, living in the city of Belfast, Northern Ireland, in the period 1969-1989.""",,"- The study specifically mentions that the data collection and analysis were focused on attacks by members of the Provisional Irish Republican Army (PIRA) living in Belfast, Northern Ireland.
- The city of Belfast is repeatedly mentioned as the location where the study was conducted, with references to its role as the capital and largest city of Northern Ireland.
- The study's datasets and analysis are explicitly linked to Belfast, indicating that this is the primary city where the research was conducted.","  - ""Since 2011, Northern Ireland has been divided into 4537 'Small Areas' (hereafter, SAs), which are currently the smallest areal unit.""
  - ""The location of each attack was geocoded to the corresponding SA.""
  - ""The geographical boundary data for the SAs was obtained from the Northern Ireland Statistics and Research Agency (NISRA).""",,"- The paper explicitly mentions that the spatial unit of analysis used in the study is referred to as ""Small Areas"" (SAs).
- These ""Small Areas"" are described as the smallest areal unit in Northern Ireland, indicating they are a specific type of geographic unit used for analysis.
- The paper also mentions that the geographical boundary data for these ""Small Areas"" was obtained from the Northern Ireland Statistics and Research Agency (NISRA), which suggests that ""Small Areas"" are an officially recognized geographic unit in Northern Ireland.
- The study geocodes attack locations to these ""Small Areas,"" further confirming their use as the spatial unit of analysis."
Spatial analysis with preference specification of latent decision makers for criminal event prediction,"Yifei Xue, Donald E Brown",-,-,Decision Support Systems,66,2006,Not specified,2517,United States,Richmond,"Block groups; Regular grids - ""The sub regions shown in Fig. 1 are block groups, which are the smallest areas, for which census counts are recorded."" - ""We aggregated alternatives using 2517 regular grids, which were assumed to be fine enough to represent all spatial alternatives within this area.""","  - ""Therefore, we aggregated alternatives using 2517 regular grids, which were assumed to be fine enough to represent all spatial alternatives within this area.""
  - ""The analysis of B & E is related to locations of households in a city. However, it is difficult to represent all locations of individual houses in even a modest sized city, such as Richmond.""
  - ""The features of each spatial alternative come from the combination of census data and calculated distance values.""
  - ""The specific data set used for evaluating this work came from the criminal incident reporting mainframe system (RAMS).""
  - ""The data for model evaluation came from the Regional Crime Analysis Program (ReCAP).""",,"- The paper mentions the use of ""2517 regular grids"" to represent spatial alternatives, which suggests that these grids are the spatial units used in the study.
- The paper does not provide a specific size measurement for these grids, such as area or dimensions.
- The focus is on the number of grids rather than their size, indicating that the size of each grid is not explicitly mentioned in the paper.","  - ""The analysis of B & E is related to locations of households in a city. However, it is difficult to represent all locations of individual houses in even a modest sized city, such as Richmond. Therefore, we aggregated alternatives using 2517 regular grids, which were assumed to be fine enough to represent all spatial alternatives within this area.""
  - ""The data from the first three months are used for model estimation. The observations of October 1997 are used for model validation.""
  - ""We extracted the Residential bBreaking and Enter-ingQ (B & E) criminal incidents between July 1, 1997 and October 31, 1997 in the city of Richmond, VA for model estimation and validation.""",,"- The paper discusses the use of spatial analysis for predicting criminal events, specifically focusing on breaking and entering incidents in Richmond, VA.
- The methodology involves aggregating spatial alternatives into regular grids to represent the city's spatial layout.
- The key quote regarding the number of units used is: ""we aggregated alternatives using 2517 regular grids, which were assumed to be fine enough to represent all spatial alternatives within this area.""
- This indicates that the final statistical analysis was conducted using 2517 spatial units, as these grids were used to represent the spatial alternatives in the city.","  - ""We extracted the Residential bBreaking and Enter-ingQ (B & E) criminal incidents between July 1, 1997 and October 31, 1997 in the city of Richmond, VA for model estimation and validation.""
  - ""The specific data set used for evaluating this work came from the criminal incident reporting mainframe system (RAMS). It is the data set used by the police department in Richmond, VA.""
  - ""The data for model evaluation came from the Regional Crime Analysis Program (ReCAP). ReCap was created as a cooperative project between local police departments in Northern and Central Virginia and the researchers in the University of Virginia.""",,"- The paper mentions that the data for model evaluation came from the Regional Crime Analysis Program (ReCAP), which is a cooperative project involving local police departments in Northern and Central Virginia. This indicates that the study was conducted in Virginia.
- The specific data set used for evaluation was from the police department in Richmond, VA, further confirming that the study was conducted in Virginia.
- The mention of ""Richmond, VA"" multiple times in the context of data collection and analysis clearly indicates that the study was conducted in the United States, specifically in Virginia.","  - ""We extracted the Residential bBreaking and Enter-ingQ (B & E) criminal incidents between July 1, 1997 and October 31, 1997 in the city of Richmond, VA for model estimation and validation.""
  - ""The specific data set used for evaluating this work came from the criminal incident reporting mainframe system (RAMS). It is the data set used by the police department in Richmond, VA.""",,"- The paper explicitly mentions that the data used for the study was obtained from the police department in Richmond, VA.
- The study specifically extracted data related to residential breaking and entering incidents in Richmond, VA, indicating that the study was conducted in this city.
- There is no mention of any other city in the context of data collection or study area description.","  - ""The sub regions shown in Fig. 1 are block groups, which are the smallest areas, for which census counts are recorded.""
  - ""we aggregated alternatives using 2517 regular grids, which were assumed to be fine enough to represent all spatial alternatives within this area.""",,"- The paper mentions two types of spatial units: ""block groups"" and ""regular grids.""
- ""Block groups"" are explicitly stated as the smallest areas for which census counts are recorded, indicating they are a type of census-defined geographic unit.
- ""Regular grids"" are used to aggregate alternatives, suggesting they are a method of dividing the study area into smaller, uniform spatial units for analysis.
- The paper does not specify any other geographic units such as census tracts, neighborhoods, or ZIP codes, making ""block groups"" and ""regular grids"" the relevant spatial units of analysis."
Do Street Robbery Location Choices Vary Over Time of Day or Day of Week? A Test in Chicago,"Wim Bernasco, Stijn Ruiter, Richard Block",-,-,-,-,-,"19,680 m² (approximately 140 × 140 m)","11,999 (for daily variation) and 7,999 (for weekly variation)",United States,Chicago,Census blocks,"  - ""all census blocks are included in the analyses.""
  - ""The spatial units of analysis are census blocks.""",,"- The paper specifies that the spatial units of analysis are census blocks, which is a common unit used in geographic and demographic studies.
- The size of these census blocks is explicitly mentioned as having a median size of 19,680 square meters, which is approximately equivalent to a square with sides of 140 meters.
- This provides a clear measurement for the size of each individual spatial unit used in the study.","  - ""The spatial units of analysis are census blocks.""
  - ""The analysis is limited to cleared robberies because only for cleared robberies offender addresses are available, and distance from the offender home location is by far the most important predictive factor in crime location choice""
  - ""About 98.5 percent of these addresses were successfully geocoded and assigned to 1 of the 24,594 census blocks in the city of Chicago.""
  - ""The sample excludes robberies committed by Chicago residents outside their city, but Bernasco et al. (2013) demonstrated that this selection does not produce biased estimates.""
  - ""The data further exclude a few street robberies that are perpetrated on expressways (covered by the state police) and robberies on college campuses (covered by the university's police).""
  - ""to reduce the size of the estimation problem, we used a sampling of alternatives technique (McFadden 1978).""
  - ""For each robbery, the chosen census block and a sample of the other 24,593 census blocks were included in the analysis (thereby ignoring information about the census blocks not included in the sample).""
  - ""The sample sizes were chosen to maximally use the computer's memory resources. For the analysis of daily variation (12 models), the sample size was 11,999 census blocks, and for the analysis of weekly variation (seven models), the sample size was 7,999 census blocks.""",,"- The paper specifies that the spatial units of analysis are census blocks, which are used to study street robbery location choices.
- The total number of census blocks in Chicago is mentioned as 24,594, but not all of these were included in the final analysis due to the use of a sampling technique.
- The sampling technique involved selecting a subset of census blocks for each analysis, with sample sizes of 11,999 for daily variation and 7,999 for weekly variation.
- The final statistical analysis did not include all 24,594 census blocks due to the sampling method used to manage computational resources.","  - ""Using data on the city of Chicago, we answer the question whether street robbers' crime location preferences vary across the hours of the day and across the days of the week.""
  - ""In 1996 to 1998, the Chicago Police Department recorded 12,938 cases of robbery incidents in outdoor public locations (street robberies) for which at least one person was arrested who was a Chicago resident.""
  - ""The analysis is limited to cleared robberies because only for cleared robberies offender addresses are available, and distance from the offender home location is by far the most important predictive factor in crime location choice (see, e.g., Bernasco 2010;Bernasco and Block 2009;Bernasco and Ruiter 2014;Clare et al. 2009;Lammers et al. 2015;Menting et al. 2016).""
  - ""The data also exclude Chicago robberies committed by persons who are not residents of Chicago, but this is an exclusion by design, as our sample applies to residents of Chicago.""
  - ""Wim Bernasco is a senior researcher at the Netherlands Institute for the Study of Crime and Law Enforcement (NSCR) and a professor in the Department of Spatial Economics at the Vrije Universiteit Amsterdam.""
  - ""Stijn Ruiter is a senior researcher at the Netherlands Institute for the Study of Crime and Law Enforcement (NSCR) and a professor in the Department of Sociology, Utrecht University.""
  - ""Richard Block is an Emeritus professor of sociology at Loyola University, Chicago.""",,"- The study explicitly mentions that the data were collected from the ""city of Chicago,"" which is a city in the United States.
- The involvement of the ""Chicago Police Department"" further confirms that the study was conducted in the United States.
- Although the authors are affiliated with institutions in the Netherlands, the study itself was conducted using data from Chicago, indicating that the research took place in the United States.
- The mention of ""Loyola University, Chicago"" also supports that the study was conducted in the United States.","  - ""The data also exclude Chicago robberies committed by persons who are not residents of Chicago, but this is an exclusion by design, as our sample applies to residents of Chicago.""
  - ""In 1996 to 1998, the Chicago Police Department recorded 12,938 cases of robbery incidents in outdoor public locations (street robberies) for which at least one person was arrested who was a Chicago resident.""
  - ""The present article seeks to contribute to the knowledge about how spatial crime patterns depend on the time of the day and the day of the week. Using data on the city of Chicago, we answer the question whether street robbers' crime location preferences vary across the hours of the day and across the days of the week.""
  - ""The analysis is limited to cleared robberies because only for cleared robberies offender addresses are available, and distance from the offender home location is by far the most important predictive factor in crime location choice (see, e.g., Bernasco 2010;Bernasco and Block 2009;Bernasco and Ruiter 2014;Clare et al. 2009;Lammers et al. 2015;Menting et al. 2016). The recorded information on robberies includes the date, the time, the number of arrested offenders involved, and the nearest address to where the robbery was committed. Thus, the data include both the location where the offender lived and the location where the robbery was committed. About 98.5 percent of these addresses were successfully geocoded and assigned to 1 of the 24,594 census blocks in the city of Chicago.""",,"- The study explicitly mentions that it uses data from the ""city of Chicago"" multiple times, indicating that Chicago is the primary city where the study was conducted.
- The data collection process involved the Chicago Police Department, further confirming that the study area is Chicago.
- The study focuses on street robberies committed by Chicago residents, reinforcing that the study is centered in Chicago.","  - ""The spatial units of analysis are census blocks.""
  - ""In addition, we collected detailed information on land use, population, and activities in all 24,594 census blocks of the city of Chicago in the year 2000.""
  - ""The analysis is limited to cleared robberies because only for cleared robberies offender addresses are available, and distance from the offender home location is by far the most important predictive factor in crime location choice (see, e.g., Bernasco 2010;Bernasco and Block 2009;Bernasco and Ruiter 2014;Clare et al. 2009;Lammers et al. 2015;Menting et al. 2016). The recorded information on robberies includes the date, the time, the number of arrested offenders involved, and the nearest address to where the robbery was committed. Thus, the data include both the location where the offender lived and the location where the robbery was committed. About 98.5 percent of these addresses were successfully geocoded and assigned to 1 of the 24,594 census blocks in the city of Chicago.""",,"- The paper explicitly states that the ""spatial units of analysis are census blocks,"" which directly answers the question about the type of spatial unit used in the study.
- The mention of ""24,594 census blocks in the city of Chicago"" further confirms that census blocks are the geographic units analyzed in this study.
- The use of census blocks is consistent throughout the paper, indicating that this is the specific terminology used for the geographic units of analysis."
Go where the money is: modeling street robbers' location choices,"Wim Bernasco, Richard Block, Stijn Ruiter",-,-,-,-,-,140 m Â 140 m (460 ftÂ 460 ft),"24,594","United States - ""Using data on nearly 13,000 robberies, on the approximately 18,000 offenders involved in these robberies, and on the nearly 25,000 census blocks in the city of Chicago, we utilize the discrete choice framework to assess which criteria motivate the location decisions of street robbers.""",Chicago,Census blocks,"  - ""In Chicago, with an average surface of 140 m Â 140 m (460 ftÂ 460 ft) and an average population of 118 residents, census blocks are approximately 30 times smaller than census tracts.""
  - ""The remaining 24,594 blocks have a median size of 19,680 m 2 ($140 m Â 140 m).""",,"- The paper specifies that the spatial unit used in the study is the census block.
- It provides two different measurements for the size of these census blocks: an average surface area of 140 m Â 140 m (460 ftÂ 460 ft) and a median size of 19,680 m².
- Both measurements refer to the size of individual census blocks, which are the spatial units used in the study.
- The median size of 19,680 m² is equivalent to a square with sides of approximately 140 meters, as indicated by the conversion provided in the paper.","  - ""The remaining 24,594 blocks have a median size of 19,680 m 2 ($140 m Â 140 m).""
  - ""In 2000 there were 24,594 census blocks in Chicago from which a robber chooses a single one when committing a robbery.""
  - ""The data further include detailed information on land use, population and activities in all census blocks in the city of Chicago. In 2000, there were 24,736 census blocks in Chicago. The 142 blocks that had no land were excluded from the analysis.""
  - ""the complete estimation procedure involved the following steps:3 1. From the 12,938 robberies, select a random sample of 6000 robberies; 2. For each of these 6000 robberies involving multiple offenders, select a random offender from those involved;4 3. For each of the 6000 robberies, select the block where the robbery was actually perpetrated, and add to this a random sample of 5999 blocks of the other 24,593 census blocks;""",,"- The paper mentions that there were 24,594 census blocks in Chicago, which were used as the spatial units for analysis.
- The methodology section describes the selection process for the statistical analysis, where a random sample of 6000 robberies was taken, and for each robbery, a random sample of 5999 blocks was selected from the remaining 24,593 census blocks.
- The total number of spatial units included in the final statistical analysis is not explicitly stated as a single number, but it is implied that the analysis involved a subset of the total 24,594 census blocks, specifically those selected in the random sampling process.
- The paper does not provide a specific number of spatial units used in the final analysis, but it does indicate that the analysis was conducted on a subset of the total census blocks.","  - ""Using data on nearly 13,000 robberies, on the approximately 18,000 offenders involved in these robberies, and on the nearly 25,000 census blocks in the city of Chicago, we utilize the discrete choice framework to assess which criteria motivate the location decisions of street robbers.""
  - ""Chicago is among the four most racially segregated cities of the USA""
  - ""The present analyses include the 12,938 cleared cases (17.2%) where at least one person was arrested who was a resident of Chicago.""
  - ""In Chicago, with an average surface of 140 m Â 140 m (460 ftÂ 460 ft) and an average population of 118 residents, census blocks are approximately 30 times smaller than census tracts.""
  - ""The Chicago Police Department recorded 75,065 street robberies from 1996 through 1998 (for an analysis of total robbery counts per census tract, see Bernasco and Block, 2011).""",,"- The study is conducted in the city of Chicago, as indicated by multiple references to ""Chicago"" throughout the paper.
- The data used in the study are from the Chicago Police Department, which further confirms that the study is conducted in Chicago.
- The mention of ""Chicago"" in the context of racial segregation and the use of Chicago's census blocks for analysis also supports that the study is conducted in Chicago.
- Since Chicago is a city in the United States, it can be inferred that the country where the study was conducted is the United States.","  - ""In 2000 there were 24,594 census blocks in Chicago from which a robber chooses a single one when committing a robbery.""
  - ""The present analyses include the 12,938 cleared cases (17.2%) where at least one person was arrested who was a resident of Chicago.""
  - ""The Chicago Police Department recorded 75,065 street robberies from 1996 through 1998 (for an analysis of total robbery counts per census tract, see Bernasco and Block, 2011).""
  - ""In Chicago, with an average surface of 140 m Â 140 m (460 ftÂ 460 ft) and an average population of 118 residents, census blocks are approximately 30 times smaller than census tracts.""
  - ""Using data on nearly 13,000 robberies, on the approximately 18,000 offenders involved in these robberies, and on the nearly 25,000 census blocks in the city of Chicago, we utilize the discrete choice framework to assess which criteria motivate the location decisions of street robbers.""",,"- The study explicitly mentions ""the city of Chicago"" multiple times, indicating that the research was conducted in Chicago.
- The data collection and analysis are based on census blocks and police records from Chicago, further confirming that the study was conducted in this city.
- There is no mention of any other city in the context of the study area or data collection.","  - ""The data further include detailed information on land use, population and activities in all census blocks in the city of Chicago.""
  - ""In 2000 there were 24,594 census blocks in Chicago from which a robber chooses a single one when committing a robbery.""
  - ""We use data that are disaggregated to the level of census blocks. In Chicago, with an average surface of 140 m Â 140 m (460 ftÂ 460 ft) and an average population of 118 residents, census blocks are approximately 30 times smaller than census tracts.""
  - ""In this article, we introduce three major advances over prior work on crime location choice. The first applies to spatial scale. While classic studies on the geography of crime (Shaw and McKay, 1942;Sampson et al., 1997) have used large urban areas as their spatial units of analysis, recent research suggests that often crime concentrations are not larger than a street segment (Smith et al., 2000;Weisburd et al., 2004) or street corner (McCord and Ratcliffe, 2007). To improve our understanding of the fine-grained spatial decisions of street robbers, we zoom in to the level of census blocks.""",,"- The paper explicitly states that the spatial unit of analysis used in the study is the ""census blocks.""
- The authors mention that they ""zoom in to the level of census blocks"" to improve understanding of fine-grained spatial decisions, indicating that census blocks are the primary spatial unit.
- The paper provides specific details about the size and population of census blocks in Chicago, further confirming their use as the spatial unit.
- The data collection and analysis are described as being disaggregated to the level of census blocks, reinforcing the use of this spatial unit."
The usefulness of past crime data as an attractiveness index for residential burglars,"Aiko Hanayama, | Shumpei Haginoya, Hiroki Kuraishi, Masakazu Kobayashi",-,-,,5,2018,500 m on a side,"1,134",Japan,Sendai City,Grid cells (500 m grid cells),"  - ""The size of grid cells is 500 m on a one side and comes with specified longitude and latitude data.""
  - ""Using grid cells as alternatives in the conditional logit model allows the unbiased comparison of alternatives, because the grid cells are equal in size.""",,"- The paper explicitly mentions that the spatial units used in the study are ""grid cells.""
- It specifies that each grid cell is ""500 m on a one side,"" which indicates the size of each individual spatial unit.
- The mention of grid cells being ""equal in size"" further confirms that each unit has a consistent dimension of 500 meters on each side.","  - ""Ultimately, we used 1,134 grid cells as the study area.""
  - ""We used data from 369 solved cases committed by 70 offenders and related these data to 1,134 areas (500 m grid cells) in Sendai City, Japan.""",,"- The paper mentions that the study used data from 369 solved cases and related these to 1,134 areas, which are described as 500 m grid cells in Sendai City, Japan.
- The phrase ""Ultimately, we used 1,134 grid cells as the study area"" directly indicates that these grid cells were the spatial units included in the final statistical analysis.","  - ""Sendai City has a population of approximately 1,080,000, an area of about 786 km 2 , and is north of Tokyo in Japan.""
  - ""We used data from 369 solved cases committed by 70 offenders and related these data to 1,134 areas (500 m grid cells) in Sendai City, Japan.""
  - ""Solved cases data were collected from the Japanese national police register on detected residential burglaries committed by solitary burglars between 2007 and 2015 who lived in the study area in Sendai City.""
  - ""To examine the residential burglar crime location choice process using the conditional logit model, we chose an area of Sendai City in northern Honshu as the location for our study.""",,"- The study explicitly mentions that the data were collected from Sendai City, which is located in Japan. This is a direct indication of the country where the study was conducted.
- The mention of ""Sendai City, Japan"" and ""Japanese national police register"" further confirms that the study took place in Japan.
- The geographical location of Sendai City is described as being in northern Honshu, which is a part of Japan, reinforcing the country's identity.","  - ""Sendai City has a population of approximately 1,080,000, an area of about 786 km 2 , and is north of Tokyo in Japan.""
  - ""We used data from 369 solved cases committed by 70 offenders and related these data to 1,134 areas (500 m grid cells) in Sendai City, Japan.""
  - ""To examine the residential burglar crime location choice process using the conditional logit model, we chose an area of Sendai City in northern Honshu as the location for our study.""",,"- The study explicitly mentions that the data were related to ""1,134 areas (500 m grid cells) in Sendai City, Japan,"" indicating that the study was conducted in Sendai City.
- The study area is further described as ""an area of Sendai City in northern Honshu,"" reinforcing that the study was conducted in Sendai City.
- The mention of Sendai City's population and area size provides additional context that the study was focused on this city.","  - ""We used data from 369 solved cases committed by 70 offenders and related these data to 1,134 areas (500 m grid cells) in Sendai City, Japan.""
  - ""The size of grid cells is 500 m on a one side and comes with specified longitude and latitude data.""
  - ""Using grid cells as alternatives in the conditional logit model allows the unbiased comparison of alternatives, because the grid cells are equal in size.""
  - ""The Japanese national census, in addition to neighbourhood units, makes data aggregated by grid cell unit available.""",,"- The paper explicitly mentions the use of ""500 m grid cells"" as the spatial unit of analysis. This is repeated in multiple parts of the paper, indicating that grid cells are the primary geographic unit used in the study.
- The mention of ""1,134 areas (500 m grid cells)"" in the abstract and the use of ""grid cell unit"" in the context of the Japanese national census data further supports this.
- The paper also highlights that these grid cells are used in the conditional logit model, which is a key part of the analysis, reinforcing the role of grid cells as the spatial unit of analysis."
Adolescent offenders' current whereabouts predict locations of their future crimes,Wim Bernasco,-,-,PLoS ONE,21,2019,200x200m,4558,Netherlands,The Hague,Grid cells,"  - ""the offender chooses a single location from the full choice set of 4558 locations (67 × 67 = 5092 grid cells of 200x200m each, minus 544 grid cells completely located on the North Sea).""
  - ""the spatial resolution of space-time budget data can be chosen by the researcher.""
  - ""Following prior research in human dynamics (e.g., [10]), the characteristic size of the area covered by the mobility of a single person up to time t is indicated by his or her radius of gyration""",,"- The paper mentions the use of ""grid cells of 200x200m each,"" which directly indicates the size of each individual spatial unit used in the study.
- The mention of ""67 × 67 = 5092 grid cells"" further supports that these grid cells are the spatial units used for analysis.
- The ""radius of gyration"" is a measure related to the mobility of individuals but does not specify the size of the spatial units themselves.
- The ability to choose the spatial resolution suggests flexibility in defining the size of these units, but the specific size used in this study is clearly stated as 200x200m.","  - ""The model fit measure is the rank number of the grid cell where the crime was actually committed, divided by the total number of 4558 grid cells, averaged over all crimes.""
  - ""the offender chooses a single location from the full choice set of 4558 locations (67 × 67 = 5092 grid cells of 200x200m each, minus 544 grid cells completely located on the North Sea).""",,"- The paper describes the use of a ""full choice set of 4558 locations"" in the statistical analysis. This indicates that 4558 spatial units were included in the final statistical analysis.
- The mention of ""4558 grid cells"" in the context of model fit measurement further confirms that these are the spatial units used in the analysis.","  - ""The Study of Peers, Activities and Neighborhoods (SPAN) is a two-wave panel study among adolescents in The Hague, the Netherlands, and its suburbs.""
  - ""The research was approved by the Ethics Committee for Legal and Criminological Research of the Faculty of Law of the Vrije Universiteit Amsterdam (CERCO).""
  - ""The HKS system is used for investigative purposes and contains data about all persons who have been suspected of having committed a crime serious enough, and supported by enough evidence, to warrant prosecution.""
  - ""Access to police records was provided by the unit The Hague of the Dutch National Police.""",,"- The study is explicitly mentioned to be conducted in ""The Hague, the Netherlands, and its suburbs,"" which directly indicates the country where the research took place.
- The mention of ""the Dutch National Police"" further confirms that the study was conducted in the Netherlands, as it refers to a national police force specific to that country.
- The reference to the ""Vrije Universiteit Amsterdam"" also points to the Netherlands, as it is a university located in Amsterdam, Netherlands.
- These multiple references to locations and institutions within the Netherlands provide strong evidence that the study was conducted in this country.","  - ""The Study of Peers, Activities and Neighborhoods (SPAN) is a two-wave panel study among adolescents in The Hague, the Netherlands, and its suburbs.""
  - ""The study included a selfreport questionnaire and a personal space-time budget interview, both of which were administered at the schools that the respondents attended.""
  - ""Data collection of the first wave took place between October 2008 and May 2009. Data collection of the second wave took place between November 2010 and June 2011.""",,"- The study is described as being conducted among adolescents in ""The Hague, the Netherlands, and its suburbs."" This indicates that the primary city where the study was conducted is The Hague.
- The mention of ""its suburbs"" suggests that while the study may have included areas outside of The Hague proper, the city itself is the central focus.
- There is no mention of any other specific city names in the study, so The Hague is the only city name that can be extracted from the text.","  - ""The model fit measure is the rank number of the grid cell where the crime was actually committed, divided by the total number of 4558 grid cells, averaged over all crimes.""
  - ""the offender chooses a single location from the full choice set of 4558 locations (67 × 67 = 5092 grid cells of 200x200m each, minus 544 grid cells completely located on the North Sea).""
  - ""I use a discrete spatial choice approach [35] to explain the offender's choice of a crime location and test the hypotheses.""
  - ""Following prior research in human dynamics (e.g., [10]), the characteristic size of the area covered by the mobility of a single person up to time t is indicated by his or her radius of gyration""",,"- The paper mentions the use of ""grid cells"" as the spatial unit of analysis. This is evident from the description of the study area being divided into ""4558 locations (67 × 67 = 5092 grid cells of 200x200m each)"".
- The use of grid cells is further reinforced by the mention of ""grid cells"" in the context of calculating the model fit measure, indicating that these are the units used for spatial analysis.
- The term ""grid cells"" is a common spatial unit used in geographic analysis, particularly in studies involving spatial modeling and prediction."
Where Do Dealers Solicit Customers and Sell Them Drugs? A Micro-Level Multiple Method Study,"Wim Bernasco, Scott Jacques",-,-,,26,2015,103 meters (average length),262,Netherlands,Amsterdam,Street segments,"  - ""The average length of the 262 street segments is 103 meters (SD = 65 m, minimum = 16 m, maximum = 425 m).""
  - ""The observation of a single street segment took 15 minutes on average.""
  - ""The spatial units of analysis are street segments that are small enough to be overseen and overheard from a single point.""",,"- The paper specifies that the spatial units of analysis are ""street segments,"" which are described as being small enough to be overseen and overheard from a single point. This indicates that the spatial unit size is related to the length of these segments.
- The average length of these street segments is provided as 103 meters, with a standard deviation of 65 meters, and a range from 16 meters to 425 meters. This gives a clear measurement of the size of each individual spatial unit.
- The mention of the observation time for a single segment does not directly relate to the size but rather to the time required to observe each segment, which is not relevant to determining the spatial unit size.","  - ""The average length of the 262 street segments is 103 meters (SD = 65 m, minimum = 16 m, maximum = 425 m).""
  - ""Systematic observation requires that the area be partitioned into spatial units. In line with recent work that advocates the use of small spatial units of analysis (Oberwittler & Wikström, 2009;Weisburd, Groff, & Yang, 2012) and translating it into practical guidelines, 262 street segments were identified in the study area, of which 49 are located in the Red Light District.""
  - ""The statistical approach taken here reflects the small size of our sample, which is too small to allow statistical inference. We only analyze bivariate relations between the characteristics of street segment variables and the dealers' spatial choices, and we refrain from trying to assess the statistical significance of these relations.""
  - ""The descriptive statistics of the 36 measures are presented in Table 2 , together with the descriptive statistics of the street segment length.""
  - ""The observation of a single street segment took 15 minutes on average.""",,"- The paper explicitly states that 262 street segments were identified in the study area, which were used for systematic observations.
- These street segments were used as the spatial units of analysis for the study, as indicated by the detailed description of their characteristics and the use of them in the quantitative analysis.
- The paper does not mention any reduction or exclusion of these units from the final statistical analysis, suggesting that all 262 segments were included.
- The focus on these segments is consistent throughout the methodology and results sections, reinforcing their role as the primary spatial units used in the study.","  - ""The city of Amsterdam, the Netherlands, had a population of 780,500 in 2011""
  - ""Wim Bernasco is a senior researcher at the Netherlands Institute for the Study of Crime and Law Enforcement (NSCR) and a professor in the Department of Spatial Economics at Vrije Universiteit Amsterdam.""
  - ""The present study applied this general theory to a very specific crime-illicit drug dealing in an open air drug market-and tested it in the Red Light District and its neighboring area in downtown Amsterdam, the Netherlands.""
  - ""The overall study sample consisted of 50 subjects who were active as dealers in downtown Amsterdam.""
  - ""The 1012 postal code includes as a subarea the Amsterdam Red Light District (""De Wallen""), a network of small streets and alleys with a heavy concentration of legal indoors prostitution services, totaling approximately 370 ""windows"" where prostitutes openly advertise their services.""",,"- The study was conducted in the Red Light District and its neighboring area in downtown Amsterdam, which is explicitly mentioned as being in the Netherlands.
- The city of Amsterdam is repeatedly mentioned as the location of the study, and Amsterdam is a city in the Netherlands.
- The mention of the Netherlands Institute for the Study of Crime and Law Enforcement and Vrije Universiteit Amsterdam further confirms that the study took place in the Netherlands.
- The postal code mentioned (1012) is specific to Amsterdam, reinforcing that the study was conducted in the Netherlands.","  - ""The overall study sample consisted of 50 subjects who were active as dealers in downtown Amsterdam.""
  - ""The city of Amsterdam, the Netherlands, had a population of 780,500 in 2011 (www. os.amsterdam.nl).""
  - ""The present study applied this general theory to a very specific crime-illicit drug dealing in an open air drug market-and tested it in the Red Light District and its neighboring area in downtown Amsterdam, the Netherlands.""
  - ""The 1012 postal code includes as a subarea the Amsterdam Red Light District (""De Wallen""), a network of small streets and alleys with a heavy concentration of legal indoors prostitution services, totaling approximately 370 ""windows"" where prostitutes openly advertise their services.""",,"- The study was conducted in the Red Light District and its neighboring area in downtown Amsterdam, as explicitly mentioned in the abstract and throughout the paper.
- The city of Amsterdam is directly named as the location where the study was conducted, with specific reference to the Red Light District and the 1012 postal code area.
- The study focuses on downtown Amsterdam, which is a part of the city of Amsterdam.","  - ""262 street segments were identified in the study area, of which 49 are located in the Red Light District.""
  - ""The average length of the 262 street segments is 103 meters (SD = 65 m, minimum = 16 m, maximum = 425 m).""
  - ""The spatial units of analysis are street segments that are small enough to be overseen and overheard from a single point.""
  - ""Segments were operationally defined as the two sides of a street, road or alley between intersections, or a square.""",,"- The paper explicitly states that the spatial units of analysis used in the study are ""street segments."" This is the primary unit of analysis for the study.
- The definition of these street segments is provided as ""the two sides of a street, road or alley between intersections, or a square,"" which clarifies their spatial extent.
- The study area is further defined within the ""1012 postal code,"" but the primary focus is on the street segments within this area.
- The use of street segments as the spatial unit of analysis is consistent throughout the paper, indicating that this is the specific terminology used for the geographic units analyzed."
Discrete choice analysis of spatial attack sites,"Michael A Smith, Ae D E Brown, Donald E Brown",-,-,Inf. Syst. E Bus. Manag.,16,2007,Not specified (the paper provides inter-centroid spacing but does not explicitly state the size of each grid cell),"4,895",United States,Richmond,"Census block groups and grid cells - ""The candidate predictor set, F, consists of proximity measurements to each of 30 features in the geographic space and 38 demographic profile variables aggregated at the census block group level."" and ""The remaining 4,895 centroids constitute the choice set.""","  - ""The north-south inter-centroid spacing is 170 m, the east-west inter-centroid spacing is 191 m.""
  - ""The smallest rectangle that would wholly circumscribe the boundaries of the City of Richmond was the extents of a grid with 100 rows and 100 columns.""",,"- The paper describes the creation of a grid over the study area, which is used to define the spatial units for analysis.
- The grid is specified to have 100 rows and 100 columns, but this information alone does not provide the size of each individual spatial unit.
- The key information for determining the spatial unit size is found in the description of the inter-centroid spacing, which is given as 170 meters north-south and 191 meters east-west.
- These measurements indicate the distance between the centers of adjacent grid cells, which can be used to infer the size of each grid cell.
- Since the grid cells are likely square (given the consistent spacing in both directions), the size of each cell can be approximated by using the average of the north-south and east-west spacings, but the paper does not explicitly state that the cells are square or provide a direct measurement of cell size.","  - ""The choice set was defined using the following steps. The smallest rectangle that would wholly circumscribe the boundaries of the City of Richmond was the extents of a grid with 100 rows and 100 columns. A spatial intersection operation was then performed to remove those grid cells falling wholly outside the city limits. The remaining 4,895 centroids constitute the choice set.""
  - ""It was randomly partitioned into test and training subsets in a 1:2 ratio, producing a training set of 425 crime events and a test set of 212.""
  - ""The complete dataset consists of all reported breaking and entering crime in the City of Richmond, VA for calendar year 1997. To make the assumption of consistent preferences reasonable, only residential breaking and entering crimes occurring in the third quarter of the year were used. This subset contained 637 distinct spatial selections.""",,"- The paper describes the dataset used for analysis, which includes 637 distinct spatial selections of breaking and entering crimes in Richmond, VA.
- The dataset was partitioned into training and test sets, with 425 events in the training set and 212 in the test set.
- The choice set for the analysis was defined by a grid with 100 rows and 100 columns, resulting in 4,895 centroids after removing cells outside city limits.
- The number of units used in the final statistical analysis refers to the number of spatial units (centroids) included in the choice set, which is 4,895.","  - ""The complete dataset consists of all reported breaking and entering crime in the City of Richmond, VA for calendar year 1997.""
  - ""The dataset of breaking and entering crime analyzed here was obtained from the Richmond City Records Management Center and augmented with publicly available GIS layers to introduce proximity measurements and census information.""",,"- The paper explicitly mentions that the dataset was obtained from the ""Richmond City Records Management Center,"" which is located in Richmond, Virginia.
- The study focuses on ""breaking and entering crime in the City of Richmond, VA for calendar year 1997,"" indicating that the research was conducted in Richmond, Virginia.
- The mention of ""VA"" in the context of Richmond refers to the state of Virginia, which is part of the United States.
- Therefore, the country where this study was conducted is the United States.","  - ""The complete dataset consists of all reported breaking and entering crime in the City of Richmond, VA for calendar year 1997.""
  - ""The dataset of breaking and entering crime analyzed here was obtained from the Richmond City Records Management Center and augmented with publicly available GIS layers to introduce proximity measurements and census information.""",,"- The paper explicitly mentions that the dataset was obtained from the ""Richmond City Records Management Center,"" which indicates that the study was conducted in Richmond.
- The phrase ""City of Richmond, VA"" further confirms that the study area is specifically within the city of Richmond.
- There is no mention of any other city in the context of the study area or data collection, so only Richmond is relevant.","  - ""The candidate predictor set, F, consists of proximity measurements to each of 30 features in the geographic space and 38 demographic profile variables aggregated at the census block group level.""
  - ""The dataset of breaking and entering crime analyzed here was obtained from the Richmond City Records Management Center and augmented with publicly available GIS layers to introduce proximity measurements and census information.""
  - ""The choice set was defined using the following steps. The smallest rectangle that would wholly circumscribe the boundaries of the City of Richmond was the extents of a grid with 100 rows and 100 columns. A spatial intersection operation was then performed to remove those grid cells falling wholly outside the city limits. The remaining 4,895 centroids constitute the choice set.""",,"- The paper mentions that demographic profile variables are aggregated at the ""census block group level,"" which indicates that census block groups are used as a spatial unit for demographic data.
- The choice set is defined using a grid with 100 rows and 100 columns, and the centroids of these grid cells are used as the choice set. This suggests that grid cells are used as a spatial unit for the analysis.
- The paper does not mention any other specific geographic units such as census tracts, neighborhoods, or wards, but it does use census block groups for demographic data and grid cells for the choice set."
Residential burglary target selection: An analysis at the property-level using Google Street View,"Samuel H Langton, Wouter Steenbeek",-,-,,40,2017,Not specified,300,"Netherlands - ""For this study, a selection of 150 dwellings that were burglarised during daylight hours in 2009 is made from geocoded, timestamped data from The Hague Police Force, the Netherlands.""",The Hague,Neighbourhoods,"  - ""The items collected using SSO were selected for the purposes of objectively measuring the four principle concepts deemed particularly prominent in offender-based research.""
  - ""The physical characteristics of these residential units and their immediate surrounding area are measured through Systematic Social Observation (SSO), using Google Maps and its built-in virtual reality tool, Google Street View (GSV).2""
  - ""the final sample used for analysis therefore consisted of 300 single houses, evenly split between burglarised and non-burglarised dwellings.""
  - ""The total sample is split between the 'treatment' group of observations, suffering from the disease of interest, and the 'control' group, which are free of the disease.""",,"- The study focuses on individual residential properties as the spatial units of analysis.
- The study uses a case-control design, where each unit is either a burglarized or non-burglarized single house.
- The spatial unit size is not explicitly mentioned in terms of area or dimension, but it is clear that each unit is a single house.
- The study does not provide a specific measurement for the size of each individual spatial unit, such as area or dimension.","  - ""the final sample used for analysis therefore consisted of 300 single houses, evenly split between burglarised and non-burglarised dwellings.""
  - ""For this study, a selection of 150 dwellings that were burglarised during daylight hours in 2009 is made from geocoded, timestamped data from The Hague Police Force, the Netherlands. These are then grouped by neighbourhood with another 150 units that were not burglarised in the same year.""",,"- The paper describes the selection of 150 burglarized dwellings and 150 non-burglarized dwellings, which are then grouped by neighborhood.
- The final sample used for analysis is explicitly stated to consist of 300 single houses, with an equal split between burglarized and non-burglarized dwellings.
- This indicates that the total number of spatial units (houses) included in the final statistical analysis is 300.","  - ""For this study, a selection of 150 dwellings that were burglarised during daylight hours in 2009 is made from geocoded, timestamped data from The Hague Police Force, the Netherlands.""
  - ""Sourced from The Hague Police Force, the crime event data contains information on all reported burglary incidences reported in the year 2009.""
  - ""Data on the attributes of individual street addresses was primarily collected through Systematic Social Observation (SSO). That is, the recording and encoding of behaviours and environments 'in situ', carried out in accordance with specific procedures in alignment with the aims of empirical research (Reiss, 1971). For this study, the web-based platform Google Maps is used as method of SSO, primarily through its built-in virtual reality tool Google Street View (GSV), which offers comprehensive street-level and satellite images of The Hague urban environment in the years 2008 and 2009, taken during daylight hours.""
  - ""This study focuses on what we term 'single houses' in the city of The Hague.""
  - ""The neighbourhoods of The Hague that were used in this study are exhibited in Fig. 1 , along with a single demonstrative neighbourhood to visualise the case-control design, using synthetic crime data.""",,"- The study explicitly mentions ""The Hague Police Force, the Netherlands"" as the source of data, indicating that the study was conducted in the Netherlands.
- The study focuses on ""single houses in the city of The Hague,"" which is a city in the Netherlands.
- The use of ""The Hague Police Force"" and the mention of ""The Hague"" multiple times throughout the paper confirm that the study was conducted in the Netherlands.
- The methodology section describes the use of Google Street View to observe the urban environment in The Hague, further supporting that the study took place in the Netherlands.","  - ""For this study, a selection of 150 dwellings that were burglarised during daylight hours in 2009 is made from geocoded, timestamped data from The Hague Police Force, the Netherlands.""
  - ""The neighbourhoods of The Hague that were used in this study are exhibited in Fig. 1 , along with a single demonstrative neighbourhood to visualise the case-control design, using synthetic crime data.""
  - ""The data collection technique is not without its drawbacks. The inability of the Google Car to capture isolated properties inevitably leads to a bias sample, as these cannot be coded.""
  - ""The physical characteristics of these residential units and their immediate surrounding area are measured through Systematic Social Observation (SSO), using Google Maps and its built-in virtual reality tool, Google Street View (GSV).2""",,"- The study is conducted using data from ""The Hague Police Force,"" which indicates that the study area is within The Hague.
- The physical characteristics of residential units are measured using Google Street View, which is used to observe properties in The Hague.
- The study mentions ""The Hague"" multiple times in the context of data collection and analysis, confirming that it is the primary city where the study was conducted.
- There is no mention of any other city in the context of the study area or data collection.","  - ""the present study uses quantitative data on burglary events and residential units to test the previous findings from offender-based literature, answering calls from recent research (Vandeviver et al., 2015). Moreover, the study considers whether the effects of these property-level attributes vary depending on the neighbourhood in which residences are nested.""
  - ""The total sample is split between the 'treatment' group of observations, suffering from the disease of interest, and the 'control' group, which are free of the disease. The two groups can then be systematically compared, and potential causes of the disease identified based on, for the example, how the lifestyles of each group differ. This study uses the approach to disentangle micro-macro effects, and to minimise the assumptions made when using spatially sensitive hierarchical data.""
  - ""The neighbourhoods of The Hague that were used in this study are exhibited in Fig. 1 , along with a single demonstrative neighbourhood to visualise the case-control design, using synthetic crime data.""
  - ""Previous research using this survey removed 24 of the 110 administratively-defined neighbourhoods from analyses because fewer than 20 respondents returned the survey or because relevant census data was unsuitable (Bruinsma et al., 2013). The present study followed suit, and consequently only burglary events within the remaining 86 neighbourhoods were kept in the data.""
  - ""the data used for the neighbourhood-level construct was retrieved courtesy of Bruinsma et al. (2013), gathered from the community survey which contained five questions on social trust and six questions on informal social control (see Bruinsma et al., 2013 for details)""
  - ""The final construct had a mean of 0.07 (min ¼ À1.80, max ¼ 2.28, SD ¼ 1.05).""
  - ""The results from this study indicate that the behaviour of burglars out on the street does, on the whole, concur with the claims by participants in experimental scenarios or interviews in previous research. There is evidence to suggest that the extent of potential surveillability, ease of escape and accessibility of residential units dictates the cost-benefit analysis of burglars when foraging for a suitable target to victimise.""",,"- The paper repeatedly refers to the spatial unit of analysis as ""neighbourhoods"" or ""neighbourhood-level."" This is evident in the context of how data was collected and analyzed.
- The study uses a case-control design to compare properties within neighborhoods, indicating that neighborhoods are the spatial unit of analysis.
- The paper mentions ""administratively-defined neighbourhoods,"" which suggests that these are official or recognized geographic units within The Hague.
- The use of neighborhood-level data from a community survey further supports the idea that neighborhoods are the spatial unit of analysis."