Title,Authors,DOI,DOI link,Venue,Citation count,Year,study area size,Independent variables,**COMPREHENSIVE VARIABLE EXTRACTION**,"Supporting quotes for ""study area size""","Supporting  tables for ""study area size""","Reasoning for ""study area size""","Supporting quotes for ""Independent variables""","Supporting  tables for ""Independent variables""","Reasoning for ""Independent variables""","Supporting quotes for ""**COMPREHENSIVE VARIABLE EXTRACTION**""","Supporting  tables for ""**COMPREHENSIVE VARIABLE EXTRACTION**""","Reasoning for ""**COMPREHENSIVE VARIABLE EXTRACTION**"""
TARGET CHOICE DURING EXTREME EVENTS: A DISCRETE SPATIAL CHOICE MODEL OF THE 2011 LONDON RIOTS *,"Peter Baudains, Alex Braithwaite, Shane D Johnson",-,-,,85,2013,Not specified (the paper does not provide a direct measurement or calculation method for the total study area size in square kilometers),"1. Distance from home location | Distance between offender's home and offense location | Kilometers | Police data
2. Routine activity nodes | Presence of schools, transport hubs | Binary | U.K. Department of Education, Open Street Map
3. Crossing the Thames River | Presence of river as a barrier | Binary | Geographic data
4. Contagion | Number of prior offenses in the previous 24 hours | Count | Police data
5. Population churn rates | Rate of population change | Rate | 2001 U.K. Census
6. Ethnic heterogeneity | Index of qualitative variation | Index | 2001 U.K. Census
7. Deprivation | Index of Multiple Deprivation (IMD) 2010 | Index | U.K. Department for Communities and Local Government
8. Distance from city center | Distance from a central point in London | Kilometers | Geographic data
9. Presence of underground stations | Binary indicator of station presence | Binary | Open Street Map
10. Retail floor space | Total floor space of shops per 250 m^2 | Square meters | Valuation Office Agency
11. Number of schools | Count of key stage 4 schools | Count | U.K. Department of Education
12. Location relative to the River Thames | North or south of the river | Binary | Geographic data
13. Population density | Mid-2010 population estimates | People per square kilometer | U.K. Office for National Statistics","1. Propinquity
2. Routine activity nodes (schools)
3. Accessibility via tube network
4. Retail establishments
5. Proximity to city center
6. Presence of Thames River
7. Deprivation levels
8. Population churn
9. Ethnic diversity
10. Contagion (recent offenses)
11. Population density","  - ""Predominantly, the riots took place in the highly populated areas of London, Birmingham, and Manchester.""
  - ""Data exist across the complete set of 4,765 LSOAs in the Greater London area, and each LSOA typically consists of around 1,500 residents.""
  - ""In executing our research design, we are interested in offender decision making at the area level, and our chosen unit of analysis is the U.K. census LSOA.""
  - ""To do this, we use data for all riot-related incidents that occurred in London in August 2011 that were detected by the police.""
  - ""We examine the extent to which these patterns might be considered random or whether systematic patterns emerge that would plausibly be explained by existing criminological theory concerned with crime patterns.""",,"- The study focuses on riot-related incidents in London during August 2011, indicating that the study area is primarily within Greater London.
- The use of Lower Super Output Areas (LSOAs) as the unit of analysis suggests that the study area is divided into these smaller geographic units for analysis.
- The mention of 4,765 LSOAs in Greater London implies that the study area encompasses these areas, but it does not provide a direct measurement of the total area size in square kilometers.
- The paper does not provide a direct statement of the total study area size in square kilometers, nor does it offer a method for calculating this size based on the LSOAs.
- The study area description is limited to the geographic scope of Greater London and the use of LSOAs, but it lacks specific details about the total area size.","  - ""The results demonstrate that rioter target choices were far from random and provide support for all three types of theory, but for crime pattern theory in particular.""
  - ""For example, rioters were more likely to engage in the disorder close to their home location and to select areas that contained routine activity nodes and transport hubs, and they were less likely to cross the Thames River.""
  - ""In terms of contagion, rioters were found to be more likely to target areas that had experienced rioting in the previous 24 hours.""
  - ""The estimates of population churn rates and ethnic heterogeneity were derived using data from the 2001 U.K. Census.""
  - ""To measure deprivation, we use the Index of Multiple Deprivation (IMD) 2010 obtained from the U.K. Department for Communities and Local Government""
  - ""Finally, to measure the effect that prior offenses at a location have on the spatial decision making of a new potential rioter, for each event level decision, we count the number of detected offenses that were identified by the police as having been associated with the riots that occurred at each LSOA within the previous 24 hours of that decision.""
  - ""The distance from the city center is calculated as the distance between the centroid of each LSOA and the center of London (measured as a point just south of Trafalgar Square: longitude -.1277, latitude 51.5073) in kilometers.""
  - ""To determine whether an underground station is located within an LSOA, we use location data of underground stations obtained from Open Street Map""
  - ""For retail floor space, we use the Valuation Office Agency floor space data for the year 2004""
  - ""The number of key stage 4 schools (roughly equivalent to secondary schools for those 11-16 years of age) in each LSOA is counted using data from the U.K. Department of Education.""
  - ""each LSOA was coded as being located north or south of the River Thames so that, for any LSOA pair, it was possible to indicate whether the two areas were located on the same side of the river.""
  - ""In addition to the variables discussed, a measure of population density is included in the model.""",,"- The study uses a discrete spatial choice approach to analyze the characteristics of locations where rioters committed offenses compared to those where they could have but did not. This suggests that various location characteristics are used as independent variables.
- The paper mentions several specific variables:
  - Distance from home location: This is a key variable as it relates to the likelihood of rioters engaging in disorder close to their homes.
  - Routine activity nodes and transport hubs: These are considered as they influence the selection of areas by rioters.
  - Crossing the Thames River: This is a natural barrier that affects offender spatial decision making.
  - Contagion: The number of prior offenses in an area within the previous 24 hours is used to measure contagion effects.
  - Population churn rates and ethnic heterogeneity: These are derived from census data and relate to social disorganization theory.
  - Deprivation: Measured using the Index of Multiple Deprivation (IMD) 2010.
  - Distance from the city center: Calculated in kilometers from a specific point in London.
  - Presence of underground stations: Determined using Open Street Map data.
  - Retail floor space: Measured using data from the Valuation Office Agency.
  - Number of schools: Counted using data from the U.K. Department of Education.
  - Location relative to the River Thames: Coded as north or south.
  - Population density: Included as a control variable.","  - ""The results suggest an unequivocal effect of propinquity (hypothesis 1) on offender spatial decision making, with offenders (young or old) being more likely to target areas that were closer to their area of residence.""
  - ""Considering potential (collective) routine activity nodes, all other things being equal, the odds of an offender selecting an area increases by a factor of between 1.29 and 2.09 for every additional school that is located within it (hypothesis 3).""
  - ""Considering the accessibility of an area, or connectivity via the tube network (hypothesis 4), all other things being equal, in line with CPT the presence of a tube station was a statistically significant predictor of whether an area was selected for August 7 and 9.""
  - ""The effect of retail establishments (hypothesis 5) also was consistent, with the odds of an area being targeted by an offender increasing by a factor of around 1.28 for every additional 250 m 2 of retail facilities located within it.""
  - ""In terms of proximity to the city center (hypothesis 6), the patterns were more ambiguous.""
  - ""As to the presence of the Thames River (hypothesis 7), the influence of this natural barrier seems to be consistent across all days, with the odds of an offender selecting an area being up to five times higher if that area is on the same side of the river as that within which he or she lived.""
  - ""Considering the variables associated with social disorganization, the odds ratios were generally in line with expectation, but the results were mixed. All other things being equal, areas with higher estimated levels of deprivation (hypothesis 10) were more likely to be selected on each day of the riots.""
  - ""With respect to population churn (hypothesis 9), the likelihood of an area being selected increased by a factor of around 1.20 for every 10 unit increase in the churn rate of that area.""
  - ""Considering ethnic diversity (hypothesis 8), the odds ratio for this variable was only statistically significant on 1 of the 3 days.""
  - ""The variable used to measure contagion (hypothesis 11)-indicating the number of offenses in each area in the previous 24 hours-was significantly associated with target choice during the London riots, as expected.""
  - ""With respect to population density, it seems that, whereas the strength of the effect decayed over the course of the 3 days, offenders tended to commit offenses in those areas with lower population density.""",,"- The paper discusses various hypotheses related to the spatial decision making of rioters, which are essentially predictor variables in their regression models.
- Propinquity (distance from residence) is a variable as it affects the likelihood of targeting areas closer to home.
- Routine activity nodes, such as schools, are considered as they increase the odds of an area being selected.
- Accessibility via tube networks is a variable as it influences area selection.
- Retail establishments are a variable as they increase the odds of an area being targeted.
- Proximity to the city center is mentioned, although its influence is ambiguous.
- The presence of the Thames River is a variable as it affects the likelihood of crossing the river.
- Deprivation levels are a variable as they increase the odds of an area being selected.
- Population churn is a variable as it affects the likelihood of an area being selected.
- Ethnic diversity is a variable, although its significance varies.
- Contagion, measured by recent offenses in an area, is a variable as it influences target choice.
- Population density is a variable as it affects the likelihood of committing offenses in areas with lower density."
a_discrete_spatial_choice_model_of_burglary_target.pdf,-,-,-,-,-,-,"Total Study Area Size: Nearly 3,000 km²
Study Area Description: Entire province of East Flanders, Belgium
Area Calculation Method: Not specified
Area Source: Paper description
Alternative Size Info: None found
Context Notes: Densely urbanized polycentric area with a population of approximately 1.5 million","1. Construction Type | Type of house construction (terraced, semi-detached, detached) | Categorical | Belgian Land Registry
2. Presence of Garage | Whether a house has a garage | Binary | Belgian Land Registry
3. Central Heating/Air-Conditioning | Presence of central heating and/or air-conditioning system | Binary | Belgian Land Registry
4. Built Surface Area | Size of the house | Continuous | Belgian Land Registry
5. Distance from Offender's Home | Distance from the offender's home to the target house | Continuous | Computed from offender's home and crime site locations
6. Number of Floors | Number of floors in the house | Continuous | Belgian Land Registry
7. Presence of Rooftop Living Floor | Whether the house has a rooftop living floor | Binary | Belgian Land Registry","1. Construction type
2. Presence of a garage
3. Central heating and/or air-conditioning system
4. Distance from offender's home
5. Number of floors
6. Presence of a rooftop living floor
7. Built surface area","  - ""It covers nearly 3,000 km² and has a population of approximately 1.5 million.""
  - ""The study area comprises the entire province of East Flanders (Belgium), a densely urbanized polycentric study area with a population of approximately 1.5 million inhabitants distributed across 12 cities and 53 towns.""",,"- The paper explicitly states that the study area is the entire province of East Flanders in Belgium.
- It provides a specific size for the study area, mentioning that it covers ""nearly 3,000 km².""
- This information is directly related to the study area size, which is a key piece of information for understanding the scope of the study.","  - ""Using data on 650 residential burglaries and on approximately 500,000 residential properties in the Belgian province East Flanders, we consider a discrete spatial choice model of burglary target selection to establish which house-related attributes influence burglars' target selection process.""
  - ""Our findings demonstrate that terraced houses, houses without a garage, houses that have not been outfitted with a central heating and/or air-conditioning system and houses nearby burglars' residences are more likely to be selected.""
  - ""Perceived reward is measured using the built surface area and whether a garage is present""
  - ""The central heating and air-conditioning variable is an indicator for perceived rewards as well as the potential effort required to access the target""
  - ""Distance from the offender's home to the alternative is an indicator for perceived effort""
  - ""The construction type is an indicator for potential effort as well as risk""
  - ""The number of floors and the presence of a rooftop living floor are risk indicators.""
  - ""The estimation results of the bootstrapped conditional logit models are summarized in Table 3""
  - ""Focusing on the target attributes, three out of six house attributes are significantly related with the likelihood of target selection.""
  - ""Houses have a smaller likelihood of being burglarized if they are semidetached, have a garage and are outfitted with a central heating and/or air-conditioning system.""
  - ""The estimated OR of 0.79 for distance is significant and implies that, ceteris paribus, the odds of a house being selected decrease by 21 percent for every kilometer it is further away from the offender's home.""",,"- The paper uses a discrete spatial choice model to analyze which house-related attributes influence burglars' target selection. This indicates that the study is looking at various characteristics of houses as independent variables.
- The paper mentions specific house attributes such as construction type (terraced, semi-detached, detached), presence of a garage, central heating and/or air-conditioning, and built surface area as factors that influence target selection.
- The distance from the offender's home to the potential target is also considered as an independent variable, as it affects perceived effort.
- The number of floors and the presence of a rooftop living floor are mentioned as risk indicators, which are also independent variables in the model.
- The study uses these variables to predict the likelihood of a house being selected for burglary, indicating they are independent variables in the analysis.","  - ""The estimation results of the bootstrapped conditional logit models are summarized in Table 3""
  - ""This table presents overall parameter coefficients, overall standard errors and overall odds ratios (ORs).""
  - ""Focusing on the target attributes, three out of six house attributes are significantly related with the likelihood of target selection.""
  - ""Houses have a smaller likelihood of being burglarized if they are semidetached, have a garage and are outfitted with a central heating and/or air-conditioning system.""
  - ""The number of floors, the presence of a rooftop living floor and the built surface area all exhibit no statistical significant effects suggesting that burglars may not rely on these target attributes to distinguish between houses.""
  - ""The estimated OR of 0.79 for distance is significant and implies that, ceteris paribus, the odds of a house being selected decrease by 21 percent for every kilometer it is further away from the offender's home.""",,"- The paper mentions a table (Table 3) that contains the results of a conditional logit model, which is a type of regression model. This table is likely to list the predictor variables used in the model.
- The text describes several house attributes that are significantly related to the likelihood of a house being burglarized. These are likely to be the predictor variables in the model.
- The attributes mentioned include construction type (e.g., semidetached), presence of a garage, central heating and/or air-conditioning system, and distance from the offender's home.
- The number of floors, presence of a rooftop living floor, and built surface area are also mentioned as variables, although they are not statistically significant."
Formal Evaluation of the Impact of Barriers and Connectors on Residential Burglars' Macro-Level Offending Location Choices,"Joseph Clare, John Fernandez, Frank Morgan",-,-,,100,2009,"Total Study Area Size: Approximately 1967.96 km²
Study Area Description: City of Perth, including 291 residential suburbs
Area Calculation Method: Calculated from average suburb size and total number of suburbs
Area Source: Australian Bureau of Statistics (ABS) data
Alternative Size Info: Average suburb size is 6.76 km²
Context Notes: Suburbs sprawl along the coast for approximately 100 km and extend inland up to 40 km","1. W ij | Presence of the Swan River as a barrier | Binary (0 or 1) | Western Australian Police data
2. F ij | Presence of major roads as barriers | Binary (0 or 1) | Western Australian Police data
3. T ij | Presence of a train network as a connector | Binary (0 or 1) | Western Australian Police data
4. D ij | Distance between suburbs | Kilometers | Western Australian Police data
5. A i | Age of the offender (adult) | Binary (0 or 1) | Western Australian Police data
6. J i | Age of the offender (juvenile) | Binary (0 or 1) | Western Australian Police data
7. V j | Victim suburb weekly income | Dollars ($AU) per week | Australian Bureau of Statistics (2002 Census)
8. S j | Socio-Economic Index for Areas (SEIFA) value | Index score | Australian Bureau of Statistics (2002 Census)
9. M j | Victim suburb 5-year residential mobility rates | Percentage | Australian Bureau of Statistics (2002 Census)
10. R j | Victim suburb percentage of rental properties | Percentage | Australian Bureau of Statistics (2002 Census)
11. E j | Victim suburb ethnic heterogeneity | Percentage | Australian Bureau of Statistics (2002 Census)
12. H j | Total number of residential units in the victim suburb | Number | Australian Bureau of Statistics (2002 Census)","1. W ij (Swan River barrier)
2. F ij (Major roads barrier)
3. T ij (Train network connector)
4. D ij (Distance between suburbs)
5. V j (Victim suburb weekly income)
6. M j (5-year residential mobility rates)
7. R j (Percentage of rental properties)
8. E j (Ethnic heterogeneity)
9. H j (Total number of residential units)","  - ""Perth is the largest city in Western Australia, with suburbs that sprawl along the coast for approximately 100 km and extend inland from the coast by up to 40 km.""
  - ""A total of 291 residential suburbs were selected as members of the possible choice set for the residential burglaries examined here.""
  - ""The overall geographic placement of these suburbs in relation to the Swan River, selected major roads, and the location of the railway line are displayed in Figure 1""
  - ""The city of Perth is located in the south-west of Western Australia at the coast of the Indian Ocean.""",,"- The study area is described as the city of Perth, which is located in Western Australia.
- The geographic extent of Perth is described as sprawling along the coast for approximately 100 km and extending inland up to 40 km.
- The study involves 291 residential suburbs, which are part of the choice set for residential burglaries.
- The average size of these suburbs is given as 6.76 km², which can be used to estimate the total study area size.
- To calculate the total study area size, we can multiply the average size of a suburb by the total number of suburbs: 6.76 km² * 291 suburbs = approximately 1967.96 km².","  - ""The first barrier parameter, W ij , captured whether the large dividing water body (the Swan River) acted as a natural divide between the burglar's home suburb and each target suburb.""
  - ""The second barrier parameter, F ij , examined the influence of major roads that divided suburbs,""
  - ""The influence of connectors on burglary suburb target selection was examined through inclusion of a parameter capturing the train network, T ij""
  - ""the distance between each victim suburb and the offender's suburb was captured by the D ij parameter,""
  - ""The varying influence of proximity for adults (A i ) and juveniles (J i ) was coded such that if the burglar was an adult, A i had a value of 1 and J i had a value of 0, with the inverse true if the burglar was a juvenile.""
  - ""Affluence was measured by victim suburb weekly income, V j (calculated based on a dollars ($AU) per week classification resulting from the 2002 Census, [ABS 2004] ) and the Socio-Economic Index for Areas (SEIFA) value for Advantage-Disadvantage of the target suburb (S j""
  - ""Perceived likelihood of completion was captured in the model by three parameters: (a) victim suburb 5-year residential mobility rates, M j , (b) victim suburb percentage of rental properties, R j and (c) victim suburb ethnic heterogeneity for Indigenous and non-Indigenous burglars, E j""
  - ""The final parameter in the model, H j , captured the total number of residential units in the victim suburb.""",,"- The paper uses a discrete spatial choice approach to evaluate the impact of barriers and connectors on residential burglars' macro-level offending location choices. This involves several independent variables that are used to predict the likelihood of a suburb being selected as a target for burglary.
- The first set of variables includes physical barriers: the presence of a river (W ij) and major roads (F ij) that could affect movement between suburbs.
- The influence of connectors is represented by the presence of a train network (T ij), which can facilitate access to different areas.
- Distance between suburbs (D ij) is another critical variable, as it affects the likelihood of a suburb being targeted based on its proximity to the offender's home.
- The age of the offender (A i for adults and J i for juveniles) is considered, as it influences the perceived utility of different suburbs.
- Economic indicators such as weekly income (V j) and socioeconomic status (S j) are used to measure affluence.
- Perceived likelihood of successfully completing a burglary is captured through variables like residential mobility rates (M j), percentage of rental properties (R j), and ethnic heterogeneity (E j).
- The total number of residential units (H j) in a suburb is also considered as it affects the potential targets available.","  - ""The general utility formula, represented by Equation 2, included elements to simultaneously evaluate the impact of a range of factors believed to influence location choice.""
  - ""The first barrier parameter, W ij , captured whether the large dividing water body (the Swan River) acted as a natural divide between the burglar's home suburb and each target suburb.""
  - ""The second barrier parameter, F ij , examined the influence of major roads that divided suburbs,""
  - ""The influence of connectors on burglary suburb target selection was examined through inclusion of a parameter capturing the train network, T ij""
  - ""the distance between each victim suburb and the offender's suburb was captured by the D ij parameter,""
  - ""Affluence was measured by victim suburb weekly income, V j""
  - ""Perceived likelihood of completion was captured in the model by three parameters: (a) victim suburb 5-year residential mobility rates, M j , (b) victim suburb percentage of rental properties, R j and (c) victim suburb ethnic heterogeneity for Indigenous and non-Indigenous burglars, E j""
  - ""The final parameter in the model, H j , captured the total number of residential units in the victim suburb.""
  - ""The parameter odds ratios and information about model performance are displayed in Table 3""",,"- The paper discusses the use of a discrete spatial choice approach to evaluate the influence of various factors on residential burglary target selection.
- The variables mentioned in the context of the regression model include physical barriers (W ij for the Swan River, F ij for major roads), connectors (T ij for train networks), distance (D ij), affluence (V j), perceived likelihood of completion (M j for residential mobility, R j for rental properties, E j for ethnic heterogeneity), and the number of residential units (H j).
- These variables are explicitly mentioned as part of the model's structure and are used to evaluate their impact on target selection.
- The paper refers to a table (Table 3) that displays the parameter odds ratios and model performance, indicating that these variables are part of the regression results."
Investigating the effect of people on the street and streetscape physical environment on the location choice of street theft crime offenders using street view images and a discrete spatial choice model,"Han Yue, Lin Liu, Luzi Xiao, Y D Wei",-,-,Applied Geography,15,2023,Not specified (the paper does not provide a specific total area size in square kilometers or any other unit),"1. Number of people on the street | Presence of people on the street | Count | Baidu Street View images
2. Fences | Presence of fences in the streetscape | Percentage | Baidu Street View images
3. Walls | Presence of walls in the streetscape | Percentage | Baidu Street View images
4. Windows | Presence of windows in the streetscape | Percentage | Baidu Street View images
5. Grass | Presence of grass in the streetscape | Percentage | Baidu Street View images
6. Sidewalk | Presence of sidewalks in the streetscape | Percentage | Baidu Street View images
7. Plants | Presence of plants in the streetscape | Percentage | Baidu Street View images
8. Residence-crime proximity | Distance between offender's residence and crime location | Distance | Calculated from crime data
9. Crime attractors and generators | Presence of bus stops, subway stations, and schools | Count | Crime data
10. Socioeconomic features | Percent migrants and percent low-rent houses | Percentage | Census data","1. Number of people on the street
2. Percent fence
3. Percent wall
4. Percent windows
5. Percent grass
6. Percent sidewalk
7. Percent plants
8. Proximity effect
9. Crime attractors and generators
10. Percent migrants
11. Percent low-rent houses","  - ""The type of crime studied in this paper is street theft crime, which includes snatching, pickpocketing, and theft from the person that happened in the public open space.""
  - ""This study is conducted in ZG city, a megacity in southeast China.""
  - ""There are 2643 communities in the ZG city, and this study takes the community as the spatial unit of analysis.""
  - ""Finally, 1636 communities remain in this study.""
  - ""We obtained a set of detected street theft crimes committed during 2017 and 2018 from the police department of ZG city.""",,"- The study is conducted in ZG city, which is described as a megacity in southeast China. This provides a general geographic context for the study area.
- The study area is further defined by the number of communities involved, with 2643 communities in ZG city and 1636 communities remaining in the study. This indicates the spatial scope of the study.
- The study focuses on street theft crime within these communities, suggesting that the study area is urban and includes public spaces where such crimes occur.
- The use of a discrete spatial choice model to analyze crime location choices implies that the study area is divided into discrete spatial units, which are the communities.
- However, the paper does not provide a specific total area size in square kilometers or any other unit. It does not mention the exact size of the study area in terms of km² or any other measurement.","  - ""Controlling the influence of residence-crime proximity, crime attractors, generators, detractors, and socioeconomic features, we constructed a discrete spatial choice model to investigate the influence of people on the street and the streetscape's physical environments on the location choice of street theft crime offenders.""
  - ""The extracted elements include fences, walls, windows, grass, sidewalk, and plants.""
  - ""Residence-crime proximity, crime attractors, generators, detractors, and socioeconomic attributes of communities are accounted for, as these factors also influence crime location choice.""
  - ""The type of crime studied in this paper is street theft crime, which includes snatching, pickpocketing, and theft from the person that happened in the public open space.""
  - ""The estimated odds ratio of the number of people on the street in Model 2 is 1.114, demonstrating that the larger the on-street population is in a community, the more likely the community will be chosen by offenders as the place to execute crimes.""
  - ""The estimated odds ratios of percent fence and plant are also positive and statistically significant.""
  - ""The variables of percent grass and percent sidewalk significantly negatively influence offenders' crime location choices.""
  - ""The variable of percent windows has a non-significant negative impact on the offender's crime location choice.""
  - ""the effects of crime attractors and generators on offenders' crime location choices in the two models are roughly consistent.""
  - ""The estimated effects of three types of crime attractors and generators (bus stops, subway stations, and schools) are positive and statistically significant in the two models.""
  - ""The findings of the influences of on-street population and streetscape physical environment on street theft crime offenders' location choice are generally aligned with previous studies.""
  - ""The number of people on the street has a significantly positive impact, which means that locations with larger on-street populations are more attractive to criminals.""
  - ""Fences have a significant and positive effect on attracting criminals, which means the failure of this defensible space measure to inhibit the occurrence of crimes.""
  - ""Grasses and plants are vegetations with distinct heights and shapes, revealing opposite effects.""
  - ""Percent sidewalk has an inhibiting effect on street theft crime criminals' location choices.""
  - ""The proximity variable presents a large positive association with offenders' choice of crime locations.""
  - ""Crime attractors and generators like bus stops, subway stations, and schools attract criminals because they draw large crowds, which provide crime opportunities.""
  - ""the directions and strengths of the associations between most control variables and offenders' preferences for crime locations are consistent with extant theoretical and empirical research.""",,"- The paper uses a discrete spatial choice model to investigate the influence of various factors on the location choice of street theft crime offenders.
- The independent variables include streetscape physical environment features such as fences, walls, windows, grass, sidewalk, and plants.
- The number of people on the street is a significant predictor, with a positive relationship to offenders' preferences.
- Fences and plants have positive effects on attracting offenders, while grasses and sidewalks have negative effects.
- The proximity of a community to an offender's residence is a significant predictor, with closer communities being more likely to be chosen.
- Crime attractors and generators like bus stops, subway stations, and schools are also significant predictors, as they attract large crowds and provide crime opportunities.
- Socioeconomic features such as percent migrants and percent low-rent houses are considered, although their effects are not detailed in the quotes provided.","  - ""The extracted elements include fences, walls, windows, grass, sidewalk, and plants.""
  - ""Controlling the influence of residence-crime proximity, crime attractors, generators, detractors, and socioeconomic features, we constructed a discrete spatial choice model to investigate the influence of people on the street and the streetscape's physical environments on the location choice of street theft crime offenders.""
  - ""The type of crime studied in this paper is street theft crime, which includes snatching, pickpocketing, and theft from the person that happened in the public open space.""
  - ""The estimated odds ratio of the number of people on the street in Model 2 is 1.114, demonstrating that the larger the on-street population is in a community, the more likely the community will be chosen by offenders as the place to execute crimes.""
  - ""The estimated odds ratios of percent fence and plant are also positive and statistically significant.""
  - ""The variables of percent grass and percent sidewalk significantly negatively influence offenders' crime location choices.""
  - ""The variable of percent windows has a non-significant negative impact on the offender's crime location choice.""
  - ""The estimated odds ratio of the proximity effect is 1.297 in Model 1 and 1.295 in Model 2.""
  - ""the effects of crime attractors and generators on offenders' crime location choices in the two models are roughly consistent.""
  - ""The findings of the influences of on-street population and streetscape physical environment on street theft crime offenders' location choice are generally aligned with previous studies.""",,"- The paper uses a discrete spatial choice model to investigate the influence of various factors on the location choice of street theft crime offenders.
- The model includes variables related to the streetscape physical environment, such as fences, walls, windows, grass, sidewalk, and plants.
- The number of people on the street is a significant predictor in the model.
- The proximity effect, which is the distance between an offender's residence and the crime location, is also a predictor.
- Crime attractors and generators, such as bus stops, subway stations, and schools, are included as predictors.
- Socioeconomic features like percent migrants and percent low-rent houses are considered in the model."
Target Selection Models with Preference Variation Between Offenders,"Michael Townsley, Daniel Birks, Stijn Ruiter, Wim Bernasco, • Gentry White",-,-,-,-,-,"Total Study Area Size: Not specified
Study Area Description: Brisbane Local Government Area, 158 Statistical Local Areas (SLAs)
Area Calculation Method: Not mentioned
Area Source: Not stated
Alternative Size Info: None found
Context Notes: None","1. Mean housing repayment | Measure of affluence | Ordinal variables (interval bands) | Australian Bureau of Statistics (ABS) 2006 Census
2. Proportion of single-family dwellings | Metric of target accessibility | Proportion of residential households not classified as apartments | Australian Bureau of Statistics (ABS) 2006 Census
3. Residential mobility | Measure of social cohesion | Sum of incoming and outgoing population proportions | Australian Bureau of Statistics (ABS) 2006 Census
4. Proximity to city center | Euclidean distance in kilometers | Distance from neighborhood centroid to Brisbane central business district centroid | Australian Bureau of Statistics (ABS) 2006 Census
5. Number of households | Count of residential dwellings | Number of targets for burglary | Australian Bureau of Statistics (ABS) 2006 Census
6. Proximity to offenders' home | Euclidean distance in kilometers | Distance from neighborhood centroid to home neighborhood centroid | Australian Bureau of Statistics (ABS) 2006 Census
7. Offender age | Age of the offender | Age at first appearance in data | Recorded crime data
8. Offender home location | Location of offender's home | Residential area | Recorded crime data","1. Mean housing repayment
2. Proportion of single-family dwellings
3. Residential mobility
4. Proximity to city center
5. Number of households
6. Proximity","  - ""Examining the location choices of these offenders, a choice set of 158 Statistical Local Areas (SLAs) were defined as possible offending areas.""
  - ""Data describing 2844 detected residential burglaries committed by 873 offenders over 2006-2009 calendar years in the Brisbane Local Government Area were collected and analyzed.""
  - ""Analyzing detected residential burglaries from Brisbane, Australia, we apply a random effects variant of the discrete spatial choice model to estimate preference variation between offenders across six location choice characteristics.""",,"- The study is conducted in Brisbane, Australia, as indicated by the mention of ""Brisbane, Australia"" and ""Brisbane Local Government Area.""
- The study area is described in terms of the number of Statistical Local Areas (SLAs) involved, which is 158.
- The paper does not provide a direct measurement of the study area size in square kilometers (km²), nor does it mention any specific geographic boundaries or administrative units beyond the SLAs.
- The area calculation method and source are not explicitly mentioned in the provided text.
- There is no alternative size information or context notes provided in the text.","  - ""Analyzing detected residential burglaries from Brisbane, Australia, we apply a random effects variant of the discrete spatial choice model to estimate preference variation between offenders across six location choice characteristics.""
  - ""Furthermore, in attempting to understand the causes of this variation we estimate how offenders' spatial target preferences might be affected by where they live and by their age.""
  - ""in this study we explore the influence of six theoretically inspired choice criteria, each related to either the perceived risks, rewards or efforts associated with committing a burglary in a particular area.""
  - ""For each SLA the following characteristics, each relating to a specified behavioral rule, were sourced from the Australian Bureau of Statistics (ABS) 2006 Census and included in the estimated model.""
  - ""Mean housing repayment A measure of affluence. Described in the 2006 census as ordinal variables (interval bands such as $200-$249/week, $250-$300/week,...), weighted averages were used to compute an average housing payment or house price index.""
  - ""Proportion of single-family dwellings A metric of target accessibility. Measured as the proportion of residential households in an area which are not classified as apartments.""
  - ""Residential mobility A measure of social cohesion. This was measured as the sum of incoming and outgoing population proportions in the last census""
  - ""Proximity to city center The Euclidian distance in kilometers from the centroid of the neighborhood in question to the centroid of Brisbane central business district.""
  - ""Number of households A count of the number of residential dwellings, and thus targets for burglary, within a neighborhood.""
  - ""Proximity the Euclidean distance in kilometers between the centroid of the neighborhood in question and the centroid of the home neighborhood of the offender making the choice.""
  - ""The rest of our analysis focuses on a single choice criterion: proximity to offenders' home.""
  - ""To explore further, the distributions of individual-level estimates are plotted for each of the independent variables in Fig. 2""",,"- The study uses a discrete spatial choice model to analyze location choice preferences among burglars, focusing on six specific characteristics (Quoted in 1).
- These characteristics are related to perceived risks, rewards, and efforts associated with committing a burglary (Quoted in 3).
- The study includes variables such as mean housing repayment (affluence), proportion of single-family dwellings (target accessibility), residential mobility (social cohesion), proximity to city center, number of households, and proximity to offenders' home (Quoted in 4-10).
- These variables are used as independent variables in the model to estimate preference variation between offenders (Quoted in 1 and 12).
- The study also considers the impact of where offenders live and their age on target preferences (Quoted in 2).","  - ""in this study we explore the influence of six theoretically inspired choice criteria, each related to either the perceived risks, rewards or efforts associated with committing a burglary in a particular area.""
  - ""For each decision criterion we (1) reiterate the theoretical grounds for why a characteristic is thought to influence location choice; and (2) specify a hypothesis relating to the consistency of influence throughout the offending population.""
  - ""Following Bernasco and Nieuwbeerta (2005) and Townsley et al. (2015), in this study we explore the influence of six theoretically inspired choice criteria, each related to either the perceived risks, rewards or efforts associated with committing a burglary in a particular area.""
  - ""The Mixed Logit A mixed logit model was estimated to test whether differences in behavioral preferences exist between individual burglars.""
  - ""The mixed logit model is a more general statistical model that allows preferences to be estimated for each decision maker.""
  - ""The mixed logit estimates a set of coefficients for each decision maker.""
  - ""The mixed logit was estimated using hierarchical Bayes, so named because a hierarchy of parameters is estimated.""
  - ""The first layer corresponds to the individual-level parameters (b i reflects the preferences of offender i).""
  - ""The second layer captures the population-level parameters (or hyper-parameters) that depict the b i distribution.""
  - ""the mixed logit model is a highly flexible generalization of the conditional logit model.""",,"- The paper discusses the use of a mixed logit model to estimate preference variation between offenders, which implies that the model includes variables that capture these preferences.
- The study explores six theoretically inspired choice criteria related to risks, rewards, and efforts, which are likely to be the predictor variables in the regression model.
- The mixed logit model is described as estimating preferences for each decision maker, suggesting that it includes variables that capture individual-level preferences.
- The paper mentions that the mixed logit model allows for the estimation of coefficients for each decision maker, indicating that these coefficients are associated with specific predictor variables.
- The hierarchical Bayes estimation method is used, which involves estimating individual-level parameters and population-level parameters, further supporting the presence of predictor variables in the model."
Effects of residential history on commercial robbers' crime location choices,"Wim Bernasco, Thessa Kooistra",-,-,-,-,-,"Total Study Area Size: Not specified
Study Area Description: Postal code areas in the Netherlands
Area Calculation Method: Not mentioned
Area Source: Not stated
Alternative Size Info: None found
Context Notes: None","1. Population size | Generic area characteristic | Number | Postal code area data
2. Affluence | Generic area characteristic | Mean value of residential property | Postal code area data
3. Total floor area of retail businesses | Opportunity structure for commercial robbery | Square meters | Postal code area data
4. Distance to the nearest highway ramp | Accessibility measure | Kilometers | Postal code area data
5. Population density | Social disorganization indicator | People per square kilometer | Postal code area data
6. Population percentages of 15-25-year-old | Social disorganization indicator | Percentage | Postal code area data
7. Population percentages of foreign-born | Social disorganization indicator | Percentage | Postal code area data
8. Population percentages of single residents | Social disorganization indicator | Percentage | Postal code area data
9. Whether area was part of offender's residential history | Offender-specific characteristic | Yes/No | Residential history data
10. Duration of residence in area | Offender-specific characteristic | Years | Residential history data
11. Recency of residence in area | Offender-specific characteristic | Years | Residential history data","1. Distance of the area from the offender's residence
2. Duration of current residence
3. Duration of former residence
4. Recency of former residence","  - ""The third source of data is a database containing demographic, social and economic information on all postal code areas in the Netherlands. There are 4006 postal code areas nationwide; they have an average population size of 4900 and an average number of households of 2100.""
  - ""In terms of size, shape and topography, the postal code area is a useful spatial unit of analysis because it approximates the area one would expect people to be familiar with if they lived within it.""
  - ""Using unique data on the residential histories of commercial robbers, this study has generated new empirical evidence relating to the spatial behaviour of offenders that supports crime pattern theory.""
  - ""The first data source is the National Commercial Robbery Registration System (LORS), which is managed by the Dutch National Police Services Agency (KLPD). The LORS is an information system specifically designed for strategic and operational analyses in criminal investigations of commercial robberies.""",,"- The paper discusses the use of postal code areas as a spatial unit of analysis, which suggests that the study area is defined by these areas.
- The mention of 4006 postal code areas nationwide indicates the scope of the study area, but it does not provide a direct measurement of the total area size in square kilometers.
- The paper does not provide a specific total area size in square kilometers or any other unit, nor does it mention a method for calculating the area size.
- The study area description is related to postal code areas, but no specific geographic boundaries or administrative units are detailed beyond this.
- There is no mention of how the area size was calculated or what source was used for this information.
- The paper does not provide alternative size information or context notes about the area.","  - ""The independent variables include generic area characteristics such as population size and affluence, as well as offenderspecific characteristics, in particular the distance of the area from the offender's residence.""
  - ""Eight different attributes of the 4006 postal code areas have been included as control variables in the analyses, quantifying the 'all other things being equal' condition in the hypotheses.""
  - ""One of the control variables is the total floor area of retail businesses, a straightforward measurement of the opportunity structure for commercial robbery.""
  - ""The distance to the nearest highway ramp was included as a measure of the accessibility of entry and escape routes.""
  - ""The mean value of residential property measures affluence in the area.""
  - ""The other variables -population density, population size and population percentages of 15-25-year-old, foreign-born and single residents -were included as proxy indicators of social disorganization.""
  - ""the independent variables of major interest are whether, for how long and until what point the area has been part of the offender's residential history.""
  - ""The parameters in Table 2 are odd ratios, which indicate how much a one unit increase in an independent variable raises (if the odds ratio is above 1) or diminishes (if the odds ratio is below 1) the probability that the area is chosen as a crime location.""
  - ""Focusing on the four variables that define duration and recency in Table 3 , it is evident that former areas of long and recent residence have the strongest influence on location choice""",,"- The paper explicitly mentions several independent variables used in the analysis, including generic area characteristics and offender-specific characteristics.
- The control variables listed include total floor area of retail businesses, distance to the nearest highway ramp, mean value of residential property, population density, population size, and population percentages of specific age groups and demographics.
- The paper also highlights the importance of variables related to the offender's residential history, such as whether an area was part of their residential history, duration of residence, and recency of residence.
- These variables are used to predict the likelihood of an area being chosen as a crime location, as indicated by the use of odd ratios in the analysis.","  - ""The independent variables include generic area characteristics such as population size and affluence, as well as offenderspecific characteristics, in particular the distance of the area from the offender's residence.""
  - ""The parameters in Table 2 are odd ratios, which indicate how much a one unit increase in an independent variable raises (if the odds ratio is above 1) or diminishes (if the odds ratio is below 1) the probability that the area is chosen as a crime location.""
  - ""The first column of estimates shows the outcomes of the model that confirms distance decay findings in the received literature. The area where the offender lives is 11.6 times more likely to be selected than an equivalent other area and, for each kilometre an area is further away from where the offender lives, the probability that it is chosen diminishes by a factor of 0.91 (i.e. it is 9 percent less likely to be chosen).""
  - ""To tease out the role of residential experience in the current area of residence, hypothesis 1 distinguishes between current areas of residence where the offender lived for a long time and current areas of residence where he or she lived briefly.""
  - ""Hypothesis 2, tested in the next column, is the first hypothesis on the role of former residential areas. It asserts that, in addition to the effects of the current home area and the distance to the current home area, commercial robbers are more likely to offend in areas where they formerly lived.""
  - ""Hypothesis 3: Offenders are more likely to offend in an area where they formerly lived for a long time than in an area where they formerly lived for only a short period of time but that is comparable in terms of criminal opportunities.""
  - ""Hypothesis 4: Offenders are more likely to offend in a area where they formerly lived until recently than in a area that they left longer ago but that is comparable in terms of criminal opportunities.""
  - ""Focusing on the four variables that define duration and recency in Table 3 , it is evident that former areas of long and recent residence have the strongest influence on location choice (17.0) while those of short residence of older date have the weakest influence.""",,"- The paper discusses the use of a conditional logit model to test hypotheses related to the influence of residential history on crime location choices.
- The independent variables mentioned include ""distance of the area from the offender's residence,"" which is a key predictor in the model.
- The paper also discusses hypotheses related to the duration and recency of residence, which are likely to be represented as variables in the regression model.
- The mention of ""former areas of long and recent residence"" suggests that these are variables used in the model to assess their influence on location choice.
- The paper does not explicitly list the variable names in a table format, but based on the discussion of hypotheses and model results, it is clear that variables related to residential history and distance are used as predictors."
A Time for a Crime: Temporal Aspects of Repeat Offenders' Crime Location Choices,"Sabine E M Van Sleeuwen, Stijn Ruiter, Barbara Menting",-,-,,21,2018,"Total Study Area Size: Not specified (average area size of postal code areas is 2.96 km²)
Study Area Description: Greater The Hague area, comprising nine municipalities
Area Calculation Method: Not mentioned
Area Source: Study methodology
Alternative Size Info: 142 postal code areas with an average size of 2.96 km²
Context Notes: Study area defined by postal code areas","1. Previous crime location on same weekday | Whether the offender had committed a prior offense in a particular postal code during the exact same workweek day | Dichotomous (1=yes; 0=no) | Dutch Suspect Identification System
2. Previous crime location on different weekday | Whether the offender had committed a prior offense in a particular postal code during a different workweek day | Dichotomous (1=yes; 0=no) | Dutch Suspect Identification System
3. Previous crime location on same weekend day | Whether the offender had committed a prior offense in a particular postal code during the exact same weekend day | Dichotomous (1=yes; 0=no) | Dutch Suspect Identification System
4. Previous crime location on different weekend day | Whether the offender had committed a prior offense in a particular postal code during a different weekend day | Dichotomous (1=yes; 0=no) | Dutch Suspect Identification System
5. Previous crime location on same daypart with a zero-hour difference | Whether the offender had committed a prior offense in a particular postal code at the exact same time of day | Dichotomous (1=yes; 0=no) | Dutch Suspect Identification System
6. Previous crime location on same daypart with a one-to two-hour difference | Whether the offender had committed a prior offense in a particular postal code with a one-to two-hour difference | Dichotomous (1=yes; 0=no) | Dutch Suspect Identification System
7. Previous crime location on same daypart with a three-to five-hour difference | Whether the offender had committed a prior offense in a particular postal code with a three-to five-hour difference | Dichotomous (1=yes; 0=no) | Dutch Suspect Identification System
8. Previous crime location on same daypart with a greater than six-hour difference | Whether the offender had committed a prior offense in a particular postal code with a greater than six-hour difference | Dichotomous (1=yes; 0=no) | Dutch Suspect Identification System
9. Offender's current or former residence | Whether the offender currently or formerly resided in the target area | Dichotomous (1=yes; 0=no) | Dutch Suspect Identification System
10. Distance from current residential area to the target area alternatives | Distance from the offender's current residence to potential target areas | Continuous (0.2 to 27.4 km) | Dutch Suspect Identification System
11. Proportion of residents with a non-Western background | Percentage of residents with a non-Western background in the target area | Continuous (0 to 1) | Statistics Netherlands
12. Proportion of single-person households | Percentage of single-person households in the target area | Continuous (0 to 1) | Statistics Netherlands
13. Population density | Number of residents per square kilometer in the target area | Continuous | Statistics Netherlands
14. Number of employees | Number of employees in facilities within the target area | Continuous | LISA database
15. Presence of facilities | Presence of various facilities in the target area | Continuous | LISA database
16. Previous crime of the same type | Whether the previous offense was of the same type as the subsequent offense | Dichotomous (1=yes; 0=no) | Dutch Suspect Identification System
17. Previous crime of a different type | Whether the previous offense was of a different type than the subsequent offense | Dichotomous (1=yes; 0=no) | Dutch Suspect Identification System","1. Previous crime location on same weekend day
2. Previous crime location on different weekend day
3. Previous crime location on same weekday
4. Previous crime location on different weekday
5. Previous crime location on different week part
6. Previous crime location with a zero-hour difference
7. Previous crime location with a one-to two-hour difference
8. Previous crime location with a three-to five-hour difference
9. Previous crime location with a greater than six-hour difference
10. Previous crime of the same type
11. Previous crime of a different type","  - ""The dependent variable represents the choice outcome, that is, the target area the offender has selected from the set of alternative areas. As all offense locations were geocoded and allocated to one of the 142 postal codes in the study area, the dependent variable describes the choice for a particular postal code from all 142 potential alternatives in the greater The Hague area.""
  - ""In previous studies, it was argued that four-digit postal code areas are well-suited for crime location choice research, as these administrative areas were constructed in such a way to have minimal travel restrictions for postal delivery services that usually travel on foot or bicycle (Bernasco 2010:398)""
  - ""The area comprises of nine municipalities around-and including-the city of The Hague, the third largest city in the Netherlands.""",,"- The study area is described as comprising nine municipalities around and including the city of The Hague, indicating a geographic scope.
- The average area size of the postal code areas within the study region is given as approximately 2.96 km².
- The study uses 142 four-digit postal code areas, which are considered suitable for crime location choice research due to their minimal travel restrictions.
- The dependent variable involves choosing a target area from these 142 postal code areas, suggesting that the study area is defined by these administrative boundaries.","  - ""In order to operationalize the main independent variables, all recorded offenses that offenders committed up to three years prior to each 2006 to 2009 offense were also geocoded and allocated to one of the 142 postal code areas.""
  - ""The dependent variable represents the choice outcome, that is, the target area the offender has selected from the set of alternative areas.""
  - ""Several control variables were included in the analysis as they were expected to influence crime location choice and are possibly also related to our study variables.""
  - ""First, we control for offender's current or former residence (1 ¼ yes; 0 ¼ no) and distance from current residential area to the target area alternatives (ranging from 0.2 to 27.4 km).""
  - ""The following target area characteristics from Statistics Netherlands were taken into account: proportion of residents with a non-Western background (ranging from 0 to 1), proportion of single-person households (ranging from 0 to 1), and population density, calculated by dividing the number of residents in each postal code by its surface in square kilometers.""
  - ""Using information from the LISA database, we also controlled for the number of employees and several variables that count the presence of a variety of facilities in each postal code""
  - ""In order to test Hypothesis 1a, several variables were constructed based on the recorded offense dates.""
  - ""For testing Hypothesis 1b, different variables were constructed based on the recorded offense times.""
  - ""For the test of Hypothesis 2, the dichotomous variables previous crime of the same type (1 ¼ yes; 0 ¼ no) and previous crime of a different type (1 ¼ yes; 0 ¼ no) were created to indicate whether the previous offense was of the same or different crime type as the subsequent offense.""",,"- The paper discusses the use of ""independent variables"" in the context of discrete spatial choice models, which are used to analyze offender decision-making.
- The main independent variables are related to the timing of previous offenses, which are used to test hypotheses about repeat offenders' crime location choices.
- Control variables include demographic and socioeconomic characteristics of target areas, such as population density and the presence of facilities.
- The study also considers temporal variables related to the timing of offenses within the week and day.
- The paper explicitly mentions variables related to the offender's residence and distance to target areas as control variables.
- The use of dichotomous variables for previous crime types indicates that these are also considered as independent variables in the analysis.","  - ""The ORs represent the multiplicative effect of a unit increase of the study variables on the odds of selecting 1 of the 142 potential target areas.""
  - ""The results of the conditional logit models are presented using odds ratios (ORs) and their respective standard errors (SEs).""
  - ""The independent study variables score 0 when an offender never targeted a certain area before.""",,"QUOTES:

- ""The results of the conditional logit models are presented using odds ratios (ORs) and their respective standard errors (SEs).""
- ""The ORs represent the multiplicative effect of a unit increase of the study variables on the odds of selecting 1 of the 142 potential target areas.""
- ""Model 1 in Table 2 shows that offenders are more likely to commit crime in previously targeted areas on the same weekend day than in any other potential target area (OR = 6.38, p < .001).""
- ""In model 2 of Table 2, we observe that the effects of all hour-difference variables were positive and statistically significant.""
- ""Model 3 (Table 3) presents a combined model for the hypothesized time effects within the week and day simultaneously.""
- ""Model 4 (Table 3) presents our final model with simultaneous effect size estimates for offense pairs of the same versus a different type of crime.""

REASONING:

1. The paper discusses the use of conditional logit models to analyze the data, which implies that there are tables with regression results.
2. The mention of odds ratios (ORs) and standard errors (SEs) indicates that these tables contain statistical results for various predictor variables.
3. The text references specific models (Model 1, Model 2, Model 3, Model 4) and their results, suggesting that these models include predictor variables.
4. The paper describes the effects of variables such as ""same weekend day,"" ""hour-difference variables,"" and ""offense pairs of the same versus a different type of crime,"" which are likely listed as predictor variables in the regression tables.
5. The focus on specific time-related variables (e.g., ""same weekend day,"" ""hour-difference"") suggests these are key predictors in the models."
A SENTIMENTAL JOURNEY TO CRIME: EFFECTS OF RESIDENTIAL HISTORY ON CRIME LOCATION CHOICE*,Wim Bernasco,-,-,,204,2010,Not specified (the paper does not provide a specific total study area size in square kilometers or any other unit),"1. Whether the offender lives in the area | Dichotomous variable indicating current residence | Dichotomous | Police records
2. Whether the offender ever has lived in the area before (but not currently) | Dichotomous variable indicating past residence | Dichotomous | Police records
3. Whether the offender has lived in the area longer or shorter than 2 years | Dichotomous variable indicating duration of residence | Dichotomous | Police records
4. Whether the offender has moved out of the area shorter or longer than 2 years ago | Dichotomous variable indicating recency of move | Dichotomous | Police records
5. The distance between the area and the offender's current area of residence | Continuous variable measuring distance | Continuous | Police records
6. The shortest distance between the area and the nearest former area of residence | Continuous variable measuring distance | Continuous | Police records
7. Population size | Control variable for demographic characteristics | Continuous | Statistics Netherlands
8. Percentage of single-person households | Control variable for demographic characteristics | Continuous | Statistics Netherlands
9. Poverty level (measured by the average value of residential property in the area) | Control variable for economic characteristics | Continuous | Statistics Netherlands
10. Level of urbanization (a score assigned by Statistics Netherlands to capture address density) | Control variable for environmental characteristics | Continuous | Statistics Netherlands","1. Whether the offender lives in the area
2. Whether the offender ever has lived in the area before (but not currently)
3. Whether the offender has lived in the area longer or shorter than 2 years
4. Whether the offender has moved out of the area shorter or longer than 2 years ago
5. The distance between the area and the offender's current area of residence
6. The shortest distance between the area and the nearest former area of residence","  - ""The third source is a national database of demographic, social, and economic information on all (four-digit) postal code areas in the Netherlands.""
  - ""In terms of their size, shape, and topography, the postal code area is a useful approximation of the area one would expect people to be familiar with if they lived within it.""
  - ""The second source of data is the population registration data, which are held in a nationwide information system (Dutch acronym GBA) used by Dutch municipalities and several other agencies, to keep track of birth, death, nationality, marriage, divorce, childbirth, and residential addresses of all Dutch citizens.""
  - ""The first data source is a police information system used by the Greater The Hague Police Force that was designed to support crime investigations.""
  - ""There are approximately 4,000 postal code areas nationwide, with an average population size of 4,900 and an average number of households of 2,100.""",,"- The study uses data from the Greater The Hague Police Force, which suggests a focus on the Hague area.
- The use of a nationwide population registration system and a national database of demographic information indicates a broader scope, but the focus is on postal code areas within the Netherlands.
- The mention of approximately 4,000 postal code areas with an average population size and number of households provides context for the study area's scope.
- The study area is described in terms of postal code areas, which are used as a proxy for areas familiar to residents.
- However, the paper does not provide a specific total study area size in square kilometers or any other unit.","  - ""The independent variables of theoretical interest vary across both offenses and potential target areas. They include the following variables measured at the time of the offense (measurement level in parentheses):

1. Whether the offender lives in the area (dichotomous) 2. Whether the offender ever has lived in the area before (but not currently) (dichotomous)

3. Whether the offender has lived in the area longer or shorter than 2 years (dichotomous) 4. Whether the offender has moved out of the area shorter or longer than 2 years ago (dichotomous) 5. The distance between the area and the offender's current area of residence (continuous) 6. The shortest distance between the area and the nearest former area of residence (continuous)""
  - ""Four variables were used as control variables because they have been shown repeatedly to be related strongly to the volume of various types of crime in postal code areas (Bernasco and Nieuwbeerta, 2005;Nieuwbeerta et al., 2008;Wilsem, Wittebrood, and de Graaf, 2006). These variables are population size, percentage of singleperson households, poverty level (measured by the average value of residential property in the area), and level of urbanization (a score assigned by Statistics Netherlands to capture address density).""
  - ""The utility derived by offender i from committing the offense in area j then is given by the following equation:

where the b symbols are parameters that indicate the ""importance"" of the associated choice criterion for the choice outcome and are to be estimated based on the data observed, and e ij is a random error term.""",,"- The paper describes a discrete choice model used to analyze crime-location choice, which involves several independent variables.
- The first quote indicates that the model includes parameters for various choice criteria, which are independent variables.
- The second quote explicitly lists the independent variables used in the model, including dichotomous variables for current and past residence, duration of residence, and continuous variables for distances.
- The third quote mentions control variables used in the analysis, which are also independent variables, including demographic and economic indicators.
- The fourth quote is not present in the provided text but is typically included in studies of this nature; however, it is not relevant to this specific paper.","  - ""The independent variables of theoretical interest vary across both offenses and potential target areas. They include the following variables measured at the time of the offense (measurement level in parentheses):

1. Whether the offender lives in the area (dichotomous) 2. Whether the offender ever has lived in the area before (but not currently) (dichotomous)

3. Whether the offender has lived in the area longer or shorter than 2 years (dichotomous) 4. Whether the offender has moved out of the area shorter or longer than 2 years ago (dichotomous) 5. The distance between the area and the offender's current area of residence (continuous) 6. The shortest distance between the area and the nearest former area of residence (continuous)""
  - ""The first column in table 3 labeled ""Home,"" tests the home hypothesis, which states that offenders are more likely to commit an offense in an area where they live or have lived than in an otherwise comparable area. The variable labeled ""Current or former area"" is a dichotomous variable that indicates whether the offender ever has lived in the focal area, either at present or in the past, regardless of duration or recency.""
  - ""The hypothesis that offenders prefer short distances more than long distances can be assessed by testing whether b 1 is significantly negative (the further away from the offender's home, the less likely it is that the area is chosen). Assessing whether guardianship deters offenders boils down to testing whether b 2 < 0, and assessing whether offenders are attracted to areas of past residence is testing whether b 3 > 0.""
  - ""The next hypothesis to be tested is the history hypothesis. It specifically addresses the role of past residences, stating that offenders are more likely to commit an offense in an area where they currently live than in an area where they formerly lived and are more likely to commit an offense in an area where they formerly lived than in an area where they never lived.""
  - ""The utility derived by offender i from committing the offense in area j then is given by the following equation:

where the b symbols are parameters that indicate the ""importance"" of the associated choice criterion for the choice outcome and are to be estimated based on the data observed, and e ij is a random error term.""
  - ""The results are displayed in table 5 . Similar findings were obtained when the effects of ""Current area of residence"" and ""Former area of residence"" were partitioned to differentiate between recency and duration, like in table 4.""",,"- The paper discusses various hypotheses related to the choice of crime location by offenders, which are tested using regression models.
- The variables mentioned in the context of these hypotheses are likely to be the predictor variables used in the regression models.
- The paper explicitly lists several variables that are used in the models, such as whether the offender lives in the area, whether they have lived there before, duration of residence, recency of moving out, distance to current and former residences.
- These variables are described as being used to test specific hypotheses, indicating their role as predictors in the regression models.
- The mention of tables with results for these hypotheses suggests that these variables are included in the regression results tables."
Burglars blocked by barriers? The impact of physical and social barriers on residential burglars' target location choices in China,"Luzi Xiao, Stijn Ruiter, Lin Liu, Guangwen Song, Suhong Zhou",-,-,"Computers, Environment and Urban Systems",12,2021,"Total Study Area Size: Approximately 7235.22 km²
Study Area Description: 2643 communities in ZG city
Area Calculation Method: Estimated from average community size and number of communities
Area Source: Paper's methodology section
Alternative Size Info: Average community size is 2.74 km²
Context Notes: Communities vary in size; average size used for estimation","1. Physical barriers: Major roads with access control | Presence of major roads with access control | Binary (yes/no) | Data from RITU
2. Physical barriers: Major roads without access control | Presence of major roads without access control | Binary (yes/no) | Data from RITU
3. Physical barriers: Rivers | Presence of rivers | Binary (yes/no) | Data from RITU
4. Social barriers: Hukou status | Proportion of local residents with ZG city Hukou status | Percentage | Census data 2010
5. Distance from home | Euclidean distance between offender's home and target community | Kilometers | Calculated from community centroids
6. Affluence: Houses built after 2000 | Proportion of houses built after 2000 | Percentage | Census data 2010
7. Affluence: Rent prices | Average rent price in a community | Yuan/month | Census data 2010
8. High-rise buildings | Proportion of high-rise buildings in a community | Percentage | Census data 2010
9. Number of households | Natural log of the number of households in a community | Logarithmic | Census data 2010","1. Distance from the offender's home
2. Proportion of houses built after 2000
3. Average rent (low-rent, medium-rent, high-rent)
4. Number of high-rise buildings
5. Crossing a river
6. Crossing a major road with access control
7. Crossing a major road without access control
8. Crossing multiple rivers
9. Local majority community
10. Mixed community
11. Nonlocal majority community","  - ""Community size has a skew distribution though, with half of all communities smaller than 0.92 kmsq., but the smallest area only 0.01 km-sq. and the largest 82.49 km-sq.""
  - ""Communities have a relatively homogeneous population and their average size is 2.74 km-sq., which closely resembles the size of the units of analysis in many other crime location choice studies (e.g., Menting et al., 2016).""
  - ""Communities in the downtown area are generally smaller with a higher population density, whereas communities in the suburbs often have a lot of farmland or woodland and are thus usually bigger in size with relatively low numbers of residents.""
  - ""All residential burglaries were geocoded to one of the 2643 communities in ZG city.""",,"- The paper provides information about the number of communities (2643) and their average size (2.74 km-sq.), which can be used to estimate the total study area size.
- The average size of each community is given as 2.74 km-sq., and there are 2643 communities.
- To find the total study area size, we can multiply the number of communities by the average size of each community: 2643 communities * 2.74 km-sq./community = approximately 7235.22 km-sq.
- The paper also mentions that community sizes vary, with some being smaller and others larger, but the average size is a reasonable basis for estimating the total area.","  - ""This study conceptualizes social barriers for the Chinese context, without a link to racial/ethnic differences, but specific to how local residents and domestic migrants from other parts of China live segregated lives.""
  - ""Physical barriers can only obstruct travel if they are in between the origin and destination of a trip.""
  - ""This study consider two types of roads wide enough to act as physical barriers, because these are generally hard to cross: (1) urban expressways and freeways, which are uninterrupted roads with full access control, and (2) urban arterial roads, national roads and provincial roads, which generally carry large volumes of traffic and although they have no access control, they have relatively few intersections and traffic lights""
  - ""Roads are not the only physical barriers that cut through ZG city. It is also a city with many rivers and other large bodies of water that are not easily crossed.""
  - ""To test the hypothesized social barrier effects, this study used the most recent census data from 2010 for constructing social barrier measures.""
  - ""the proportion of residents in each community that were local residents with a ZG city Hukou status was calculated.""
  - ""The hypothesized barrier effects are not the only important characteristics that affect where offenders commit crimes. Crime location choice studies generally show the strongest effects for distance from the offender's home""
  - ""Euclidian distances between the centroids of residential communities of the offenders and those of all 2643 potential target communities were calculated.""
  - ""This study included two measures related to the level of affluence of communities: the proportion of houses built after 2000 and rent prices.""
  - ""the proportion of high-rise buildings in a community was included as well.""
  - ""Finally, this study also controlled for the natural log of the number of households in a community,""",,"- The study includes physical barriers such as major roads with access control, major roads without access control, and rivers as independent variables.
- Social barriers are conceptualized based on the Hukou system, distinguishing between local residents and domestic migrants.
- Distance from the offender's home is a significant independent variable, measured using Euclidean distances.
- Affluence measures include the proportion of houses built after 2000 and rent prices.
- The proportion of high-rise buildings is another independent variable.
- The natural log of the number of households in a community is also included as an independent variable.","  - ""The results in model 4 show that communities closer to the home of the burglar are more likely targeted (OR = 4.33).""
  - ""The same holds for communities with a higher proportion of houses built after 2000 (OR = 1.83).""
  - ""Although communities with a higher average rent are obviously more prosperous and burglars could potentially obtain higher rewards, it is observed that low-rent (OR = 0.75), medium-rent (OR = 0.70) and high-rent communities (OR = 0.50) are actually less likely targeted than no rent communities.""
  - ""In line with the expectation, the results show that communities with more highrise buildings are less (OR = 0.38) and communities with more households more (OR = 2.11) likely targeted.""
  - ""Table 3 provides strong support for Hypothesis 1a and 1b, as it shows statistically significant odds ratios between 0 and 1 for all physical barrier measures.""
  - ""The odds to commit a burglary in a community are reduced by 43% (1-0.57) if burglars have to cross a river to get there compared to communities for which no river needs to be crossed.""
  - ""Compared to communities for which burglars do not have to cross any major road, the odds a community is targeted are reduced by 18 (1-0.82) and 45 (1-0.55) percent respectively if a burglar has to cross a major road with and without access control.""
  - ""The results further show that they are even less likely to do so if they have to cross multiple rivers (χ 2 (1) = 29.38, p = .000) than when they only need to cross one river,""
  - ""The social barrier hypothesis is also only partially supported. Local burglars are indeed much more likely to target communities with a majority of local residents (OR = 4.53) than communities with a nonlocal majority.""
  - ""Mixed communities are also more likely targeted, but less so than local majority communities (χ 2 (1) = 7.02, p = .008).""",,"- The paper provides results from a conditional logit model, which is a type of regression model used to analyze the choice of target communities by burglars.
- The variable names are extracted from the descriptions of the results, focusing on the predictors that have odds ratios (OR) or statistical significance.
- The variables include:
  - Distance from the offender's home (implied by ""communities closer to the home of the burglar"")
  - Proportion of houses built after 2000
  - Average rent (low-rent, medium-rent, high-rent)
  - Number of high-rise buildings
  - Physical barriers: crossing a river, crossing a major road with access control, crossing a major road without access control, crossing multiple rivers
  - Social barriers: local majority community, mixed community, nonlocal majority community"
FAMILY MATTERS: EFFECTS OF FAMILY MEMBERS' RESIDENTIAL AREAS ON CRIME LOCATION CHOICE *,"Barbara Menting, Marre Lammers, Stijn Ruiter, Wim Bernasco",-,-,-,-,-,"Total Study Area Size: Not specified (average area size of 2.96 km² per postal code area)
Study Area Description: Greater The Hague area in the Netherlands
Area Calculation Method: Not mentioned
Area Source: Paper description
Alternative Size Info: 142 four-digit postal code areas with an average size of 2.96 km²
Context Notes: Average area size provided; total area not specified","1. Current familial residential areas | Description: Areas where family members currently live | Unit/Measurement: Binary (1 = yes; 0 = no) | Data_Source: Population registration data
2. Former familial residential areas | Description: Areas where family members previously lived | Unit/Measurement: Binary (1 = yes; 0 = no) | Data_Source: Population registration data
3. Residential areas of parents | Description: Areas where parents currently or formerly lived | Unit/Measurement: Binary (1 = yes; 0 = no) | Data_Source: Population registration data
4. Residential areas of siblings | Description: Areas where siblings currently or formerly lived | Unit/Measurement: Binary (1 = yes; 0 = no) | Data_Source: Population registration data
5. Residential areas of children | Description: Areas where children currently or formerly lived | Unit/Measurement: Binary (1 = yes; 0 = no) | Data_Source: Population registration data
6. Previous crime location | Description: Whether the offender had committed a prior offense in the area | Unit/Measurement: Binary (1 = yes; 0 = no) | Data_Source: Police data
7. Distance to current residential area | Description: Euclidean distance between offender's residence and crime location | Unit/Measurement: Kilometers | Data_Source: Geocoded data
8. Population density | Description: Number of residents per unit area | Unit/Measurement: Residents per square kilometer | Data_Source: Statistics Netherlands
9. Proportion of single-person households | Description: Percentage of single-person households in the area | Unit/Measurement: Percentage | Data_Source: Statistics Netherlands
10. Proportion of residents with a non-Western background | Description: Percentage of residents with a non-Western background | Unit/Measurement: Percentage | Data_Source: Statistics Netherlands
11. Number of retail stores | Description: Count of retail stores in the area | Unit/Measurement: Count | Data_Source: LISA data
12. Number of hotels, restaurants, bars | Description: Count of hotels, restaurants, bars in the area | Unit/Measurement: Count | Data_Source: LISA data
13. Number of schools | Description: Count of schools in the area | Unit/Measurement: Count | Data_Source: LISA data
14. Number of culture, health-care, and sports/leisure facilities | Description: Count of these facilities in the area | Unit/Measurement: Count | Data_Source: LISA data
15. Number of people working in the area | Description: Count of people working in the area | Unit/Measurement: Count | Data_Source: LISA data","1. Current residential area of any family
2. Former residential area of any family
3. Current residential area of parents
4. Former residential area of parents
5. Current residential area of siblings
6. Former residential area of siblings
7. Current residential area of children
8. Former residential area of children
9. Current residential area of offender
10. Former residential area of offender
11. Distance to current residential area of offender
12. Previous crime location
13. Area characteristics
14. Current/former residential area of any female family member
15. Current/former residential area of any male family member","  - ""Dutch four-digit postal code areas are designed to have minimal travel restrictions for postal delivery services that usually travel by foot or bicycle, and their size is inversely related to the level of urbanization (Bernasco, 2010: 398)""",,"- The paper provides specific information about the study area size by mentioning the average area size of the four-digit postal code areas within the study area. This is a direct measure of the size of the areas being studied.
- The average area size is given as 2.96 km², which is a key piece of information for understanding the scale of the study area.
- The study area is described as covering the greater The Hague area in the Netherlands, which provides a geographic context for the study.
- The paper does not provide a total study area size in km² but gives an average size for each postal code area, which can be used to estimate the total area if the number of areas is known.","  - ""The results of discrete spatial choice models showed that residential areas of family members are indeed at increased risk of being targeted.""
  - ""Current familial residential areas had stronger and more consistent effects than had former familial residential areas.""
  - ""Effects were strongest for the residential areas of offenders' children compared with those of their parents and siblings.""
  - ""The residential areas of male and female family members affected the crime location choices of male and female offenders equally.""
  - ""We used discrete spatial choice models to study crime location choice.""
  - ""the dependent variable is the choice of one particular area j from a geographical set of alternatives J to commit a crime.""
  - ""Residential areas of offenders' parents, siblings, and children before and at the time of each offense were used to construct the multiple residential independent study variables.""
  - ""The set of alternative areas J consists of four-digit postal code areas, of which there are 142 in the study area,""
  - ""The control variable previous crime location (1 = yes; 0 = no) for each 2006-2009 offense and the associated 142 alternative postal code areas was constructed to indicate whether the offender had committed a prior offense in that particular postal code area in the 3 years before this offense.""
  - ""Because offenders' residential areas, both current and former, were found to influence crime location choice (Bernasco, 2010), the hypothesized effects of family members' residential areas are likely confounded by the effect of the (former) home location of the offender.""
  - ""We therefore included distance as a control variable to each model in this study.""
  - ""Several indicators of such crime attractors and generators and of guardianship are included in this study as control variables.""
  - ""the population density (the number of residents in each postal code area divided by its surface, obtained from the Ministry of the Interior and Kingdom Relations, 2014), proportion of singleperson households, and proportion of residents with a non-Western background were determined for each postal code area for the years 2006-2009.""
  - ""the number of retail stores; the number of hotels restaurants bars; the number of schools; the number of culture, health-care, and sports/leisure facilities; and the number of people working in each postal code area in the years 2006-2009.""",,"- The study uses discrete spatial choice models to analyze crime location choice, indicating that the independent variables are related to the choice of crime location.
- Residential areas of family members (parents, siblings, children) are used as independent variables to assess their influence on crime location choice.
- The study includes control variables such as previous crime locations, distance to the current residential area, and area characteristics like population density and land use.
- The study also considers the gender of family members and offenders as independent variables to assess gender differences in crime location choice.
- The use of four-digit postal code areas as alternatives for crime location choice suggests that these areas are part of the independent variables.
- The inclusion of economic and demographic variables like population density, single-person households, and non-Western background as control variables indicates their role as independent variables.","  - ""The results of discrete spatial choice models showed that residential areas of family members are indeed at increased risk of being targeted.""
  - ""The first model tested whether current and former residential areas of any family member influence crime location choices, while taking into account current and former residential areas of the offender, distance to current residential area of the offender, previous crime locations, and area characteristics.""
  - ""The model described earlier was also tested separately for the three different types of family members included in this study.""
  - ""We also examined gender differences in the probability that residential areas of male or female family members were targeted by male and female offenders.""
  - ""The control variables were included in all models.""
  - ""The pseudo-R² of all models ranged between .30 and .31, which is considered to represent an excellent fit to the data""
  - ""The results of the conditional logit models are presented by using odds ratios (ORs).""
  - ""The hypothesis that familial residences have an increased risk of being targeted by the offender can be examined by testing whether β 1 is significantly positive.""
  - ""The results are presented in the first part of table 3.""
  - ""The results are presented in table 5.""",,"- The paper discusses the use of discrete spatial choice models to examine the influence of family members' residential areas on crime location choices.
- The models include variables such as current and former residential areas of family members, current and former residential areas of the offender, distance to the current residential area of the offender, previous crime locations, and area characteristics.
- The study also examines gender differences in the targeting of residential areas of male and female family members by male and female offenders.
- The paper mentions the use of odds ratios to present the results of the conditional logit models, indicating that these models are used to test the hypotheses.
- The tables mentioned in the paper (e.g., table 3 and table 5) likely contain the regression results with variable names as predictors."
"BITING ONCE, TWICE: THE INFLUENCE OF PRIOR ON SUBSEQUENT CRIME LOCATION CHOICE *","Marre Lammers, Barbara Menting, Stijn Ruiter, Wim Bernasco",-,-,-,-,-,"Total Study Area Size: Approximately 420.32 km²
Study Area Description: Greater The Hague area, Netherlands
Area Calculation Method: Calculated from number of postal code areas and average area size
Area Source: Paper's methodology section
Alternative Size Info: 142 four-digit postal code areas, average size 2.96 km²
Context Notes: Average population size approximately 7,000 per postal code area","1. Previously chosen | Dichotomous variable indicating prior offense in an area | 0 = no; 1 = yes | Police records
2. Distance to prior offense | Continuous variable measuring distance to prior crime locations | Kilometers | Police records
3. Recency of prior offense | Dichotomous variables indicating time since prior offense | Days | Police records
4. Number of prior offenses | Variable measuring number of prior crimes in an area | Count | Police records
5. Same/different crime type | Dichotomous variables indicating same or different crime type | 0 = different; 1 = same | Police records
6. Residential duration | Variables indicating duration of living in an area | Years | Population registration data
7. Recency of moving | Variables indicating recency of moving from an area | Years | Population registration data
8. Distance from residence to target | Variable measuring distance from residence to potential target areas | Kilometers | Police records
9. Population density | Variable measuring population density of an area | Residents per square kilometer | Statistics Netherlands
10. Proportion of single-person households | Variable measuring proportion of single-person households | Percentage | Statistics Netherlands
11. Proportion of non-Western residents | Variable measuring proportion of residents with a non-Western ethnic background | Percentage | Statistics Netherlands","1. Previously chosen
2. Distance to prior offense
3. Previously chosen within 2 days
4. Previously chosen within 3-7 days
5. Previously chosen within 8-30 days
6. Previously chosen within 31-183 days
7. Previously chosen within 184-730 days
8. Previously chosen within 731-1,096 days
9. Number of prior offenses
10. Same type of crime
11. Different type of crime
12. Current residence (short period)
13. Current residence (long period)
14. Former residence (long period)
15. Former residence (short period)
16. Recency of moving (recent)
17. Recency of moving (long ago)
18. Distance from current residence
19. Population density
20. Proportion of single-person households
21. Proportion of non-Western residents
22. Number of retail stores
23. Number of hotels, restaurants, and bars
24. Number of schools
25. Number of culture facilities
26. Number of health care facilities
27. Number of sports and leisure facilities
28. Number of people working","  - ""The average shortest distance from residence to boundary was 7.1 km, which is much larger than the mean and median distance between residence and crime location (2.9 and 1.9 km, respectively), suggesting that a bias caused by edge effects is unlikely.""",,"- The study area is described as the ""greater The Hague area"" in the Netherlands, which provides a geographic description.
- The study area is further defined as consisting of 142 four-digit postal code areas, with each area having an average size of 2.96 km².
- To calculate the total study area size, we can multiply the number of postal code areas by the average size of each area: 142 areas × 2.96 km²/area = approximately 420.32 km².
- The mention of the average population size and the average size of each postal code area provides additional context about the study area.
- The discussion about distances and edge effects suggests that the study area is large enough to minimize bias from edge effects.","  - ""To test our hypotheses, multiple study variables were constructed based on these offenses. First, for each offense and the associated 142 alternative postal code areas, a dichotomous variable previously chosen (0 = no; 1 = yes) was constructed to indicate whether the offender had committed a prior offense in that particular postal code area in the previous 3 years (to test hypothesis 1).""
  - ""Second, to test the proximity hypothesis (hypothesis 2), a distance to prior offense variable (continuous) was created by calculating the Euclidian distance in kilometers from the former crime location(s) to each of the 142 alternative target areas.""
  - ""Third, for testing the recency hypothesis (hypothesis 3), six different dichotomous variables (previously chosen within . . . days) were created to indicate whether a postal code area was a previous crime location within 1) a maximum of 2 days, 2) 3-7 days, 3) 8-30 days, 4) 31-183 days (1-6 months), 5) 184-730 days (6 months to 2 years), and 6) 731-1,096 days (2-3 years) before the dependent variable offense.""
  - ""Fourth, for each alternative target area, the total number of prior offenses committed in that particular alternative was calculated (number of prior offenses).""
  - ""Fifth, two dichotomous variables were created to indicate whether the prior offense was of the same or different crime type as the dependent variable offense (same type and different type, to test hypothesis 5).""
  - ""Several variables were constructed following the findings and methods described by Bernasco (2010b) . Residential areas in which the offender lived at the time of the offense were indicated, divided into two separate variables to indicate areas in which the offender had lived for a shorter period (since <2 years) at the time of the offense or for a longer period (since >2 years).""
  - ""In addition, four variables were created to indicate former residential areas, taking into account the duration of living: lived long (>2 years) versus short (<2 years) at a former address; and the recency of moving: lived in the area until recently (<2 years) versus until long ago (>2 years).""
  - ""A last variable concerning the home location was the distance from the area in which an offender lived at the day of the offense to all potential target areas that could have been chosen to commit the offense.""
  - ""Specific target area characteristics were included as control variables in our study because they are described as indicators of crime attractors and crime generators (Brantingham and Brantingham, 1995) or of guardianship (Cohen and Felson, 1979), and several studies have found that they influenced crime rates in an area (Bernasco and Block, 2011;Bernasco and Nieuwbeerta, 2005;McCord et al., 2007;Nieuwbeerta et al., 2008;Reynald, 2011).""
  - ""For each postal code area in the Netherlands, census-like statistics (sociodemographic and socioeconomic information) are regularly recorded by Statistics Netherlands. For each postal code area in the greater The Hague area, information was obtained on the number of residents (total number and number of residents with a non-Western ethnic background), and households (total number and number of singleperson households) for the years 2006-2009.""",,"- The study uses several independent variables to test hypotheses about crime location choices. These include:
  - A dichotomous variable indicating whether an offender had previously committed a crime in a particular area (hypothesis 1).
  - A continuous variable measuring the distance to prior offense locations (hypothesis 2).
  - Dichotomous variables indicating the recency of prior offenses in an area (hypothesis 3).
  - A variable measuring the number of prior offenses in an area (hypothesis 4).
  - Dichotomous variables indicating whether prior and subsequent offenses were of the same or different crime types (hypothesis 5).
- The study also includes variables related to residential history, such as the duration of living in an area and the recency of moving.
- Control variables include specific target area characteristics like population density, proportion of single-person households, and proportion of residents with a non-Western ethnic background.
- The study uses data from various sources, including police records and census-like statistics from Statistics Netherlands.","  - ""To test our hypotheses, multiple study variables were constructed based on these offenses. First, for each offense and the associated 142 alternative postal code areas, a dichotomous variable previously chosen (0 = no; 1 = yes) was constructed to indicate whether the offender had committed a prior offense in that particular postal code area in the previous 3 years (to test hypothesis 1).""
  - ""Second, to test the proximity hypothesis (hypothesis 2), a distance to prior offense variable (continuous) was created by calculating the Euclidian distance in kilometers from the former crime location(s) to each of the 142 alternative target areas.""
  - ""Third, for testing the recency hypothesis (hypothesis 3), six different dichotomous variables (previously chosen within . . . days) were created to indicate whether a postal code area was a previous crime location within 1) a maximum of 2 days, 2) 3-7 days, 3) 8-30 days, 4) 31-183 days (1-6 months), 5) 184-730 days (6 months to 2 years), and 6) 731-1,096 days (2-3 years) before the dependent variable offense.""
  - ""Fourth, for each alternative target area, the total number of prior offenses committed in that particular alternative was calculated (number of prior offenses).""
  - ""Fifth, two dichotomous variables were created to indicate whether the prior offense was of the same or different crime type as the dependent variable offense (same type and different type, to test hypothesis 5).""
  - ""Several variables were constructed following the findings and methods described by Bernasco (2010b) . Residential areas in which the offender lived at the time of the offense were indicated, divided into two separate variables to indicate areas in which the offender had lived for a shorter period (since <2 years) at the time of the offense or for a longer period (since >2 years).""
  - ""In addition, four variables were created to indicate former residential areas, taking into account the duration of living: lived long (>2 years) versus short (<2 years) at a former address; and the recency of moving: lived in the area until recently (<2 years) versus until long ago (>2 years).""
  - ""A last variable concerning the home location was the distance from the area in which an offender lived at the day of the offense to all potential target areas that could have been chosen to commit the offense.""
  - ""Specific target area characteristics were included as control variables in our study because they are described as indicators of crime attractors and crime generators (Brantingham and Brantingham, 1995) or of guardianship (Cohen and Felson, 1979), and several studies have found that they influenced crime rates in an area (Bernasco and Block, 2011;Bernasco and Nieuwbeerta, 2005;McCord et al., 2007;Nieuwbeerta et al., 2008;Reynald, 2011).""
  - ""For each postal code area in the Netherlands, census-like statistics (sociodemographic and socioeconomic information) are regularly recorded by Statistics Netherlands. For each postal code area in the greater The Hague area, information was obtained on the number of residents (total number and number of residents with a non-Western ethnic background), and households (total number and number of singleperson households) for the years 2006-2009.""
  - ""The LISA database (in Dutch: Landelijk Informatiesysteem Arbeidsplaatsen; for more information, see Steenbeek et al., 2012), which contains information on businesses and other facilities where paid work is done, was used to obtain crime year-specific information about several area characteristics in each postal code area in the greater The Hague area.""",,"- The paper describes several variables constructed to test hypotheses about crime location choices. These include variables related to prior offenses, proximity, recency, frequency, and crime type.
- The variables related to prior offenses include a dichotomous variable for whether an area was previously targeted and a continuous variable for distance to prior offenses.
- Recency is tested with six dichotomous variables for different time intervals since the last offense.
- Frequency is measured by the total number of prior offenses in an area.
- Crime type is indicated by dichotomous variables for same or different types of crimes.
- Residential history variables include current and former residential areas, duration of living, and recency of moving.
- Distance from current residence to potential target areas is also considered.
- Area characteristics such as population density, proportion of single-person households, and proportion of non-Western residents are included as control variables.
- The LISA database provides additional area characteristics like the number of retail stores, hotels, schools, and other facilities."
Modeling Micro-Level Crime Location Choice: Application of the Discrete Choice Framework to Crime at Places,Wim Bernasco,-,-,-,-,-,400 sq. km,"1. Number of residents | Description: Population size of postal code areas | Unit/Measurement: Count | Data_Source: Statistics Netherlands
2. Ethnic composition | Description: Percentage of non-native residents in postal code areas | Unit/Measurement: Percentage | Data_Source: Statistics Netherlands
3. Number of residential properties | Description: Number of potential burglary targets | Unit/Measurement: Count | Data_Source: Statistics Netherlands
4. Distance | Description: Distance between offender's home and target location | Unit/Measurement: Distance metric | Data_Source: Geocoded addresses
5. Age | Description: Age of offenders (juvenile vs. adult) | Unit/Measurement: Categorical (juvenile/adult) | Data_Source: Police records
6. Percentage of non-native residents | Description: Ethnic composition of target areas | Unit/Measurement: Percentage | Data_Source: Statistics Netherlands
7. Percentage of young residents (15-25 years old) | Description: Demographic characteristic of target areas | Unit/Measurement: Percentage | Data_Source: Statistics Netherlands
8. Average property value | Description: Economic characteristic of target areas | Unit/Measurement: Monetary value | Data_Source: Statistics Netherlands
9. Spatial competition factor | Description: Measure of spatial interaction between residential units | Unit/Measurement: Spatially weighted sum | Data_Source: Constructed from postal code data","1. Number of residential properties
2. Proximity (distance)
3. Age of offenders
4. Ethnic composition
5. Percentage of non-native population
6. Percentage of young population (15-25 years old)
7. Average value of properties
8. Spatial competition factor","  - ""The police force services a geographical area of 400 sq. km that houses a population of one million residents and 460,000 residential units.""
  - ""the study area (Greater The Hague Area) measures 400 sq. km, and houses a population of 1,000,000 residents in 460,000 residential units.""",,"- The paper explicitly mentions the size of the study area in square kilometers. The first quote provides the size of the geographical area served by the police force, which is 400 sq. km.
- The second quote confirms that the study area, specifically the Greater The Hague Area, also measures 400 sq. km.
- Both quotes clearly state the total study area size in square kilometers, which is a direct answer to the question.","  - ""The available data on the attributes of postal codes is limited and refers mostly to the location, the population (number of residents, age, ethnic composition), and the residential units (number of properties and average value) in the area.""
  - ""The analysis of burglary location choices in the Greater The Hague area, in which small spatial entities with an average of 18 properties and 40 residents are distinguished, illustrates these points.""
  - ""The distance between the origin and destination is a central issue in the journey to crime.""
  - ""The spatial competition variable was constructed according to Eq. ( 10) with the number of residential units in the postal code areas as the size variable S.""
  - ""model A in Table 2 includes only distance as an additional explanatory variable beyond the number of properties.""
  - ""model B, the same model is estimated, this time allowing the effect of proximity to vary juvenile offenders (up to age 21) and adults (age 22 and beyond)""
  - ""Model C introduces another attribute of potential target areas that may vary across offender types: the percentage of the resident population of nonnative (that is, non-Dutch) origin.""
  - ""model D two more postal code area characteristics are added to the equation: the percentage 15-25 years old in the population and the average value of the properties in the postal code area.""
  - ""In the final model, model E, the spatial competition factor is included.""",,"- The paper discusses various independent variables used in the analysis of burglary location choice. These include demographic variables such as the number of residents and ethnic composition (Quote 1).
- The number of residential properties is used as a measure of burglary opportunity (Quote 2).
- Distance between the origin and destination is a key variable in understanding journey-to-crime patterns (Quote 3).
- The spatial competition variable is constructed using the number of residential units, indicating its role as an independent variable (Quote 4).
- Model A includes distance as an explanatory variable, highlighting its importance in the analysis (Quote 5).
- Model B introduces age as a variable by differentiating between juvenile and adult offenders (Quote 6).
- Model C includes the percentage of non-native residents as a variable, indicating its influence on target selection (Quote 7).
- Model D adds the percentage of young residents and average property value as independent variables, further expanding the analysis (Quote 8).
- The spatial competition factor is included in Model E, suggesting its role as an independent variable in understanding spatial choice (Quote 9).","  - ""The available data on the attributes of postal codes is limited and refers mostly to the location, the population (number of residents, age, ethnic composition), and the residential units (number of properties and average value) in the area.""
  - ""For residential burglary, this is precisely the number of potential opportunities in the area and therefore an adequate general measure of burglary opportunity.""
  - ""The shape of the distance decay curve displayed in Fig. 1 suggests that the distance decay curve more or less follows a negative exponential function of distance.""
  - ""The results, displayed in Table 2 under column label 'model A', indicate that both the number of residential properties and proximity increase the likelihood of an area to be selected from burglary.""
  - ""model B, the same model is estimated, this time allowing the effect of proximity to vary juvenile offenders (up to age 21) and adults (age 22 and beyond) as the mobility of juveniles is often more constrained because they are subjected to more supervision, maybe have less discretionary time available and because they have access to less modes of travel""
  - ""Model C introduces another attribute of potential target areas that may vary across offender types: the percentage of the resident population of nonnative (that is, non-Dutch) origin.""
  - ""model D two more postal code area characteristics are added to the equation: the percentage 15-25 years old in the population and the average value of the properties in the postal code area.""
  - ""In the final model, model E, the spatial competition factor is included.""",,"- The paper discusses various attributes of postal code areas that are used as predictors in the regression models. These include the number of residential properties, proximity (distance), age of offenders, ethnic composition, percentage of non-native population, percentage of young population, and average property value.
- The paper explicitly mentions these variables in the context of regression models, particularly in models A through E.
- The focus is on extracting variable names that appear as predictors in regression tables, which are typically listed in the leftmost column of such tables.
- The paper provides a clear indication of which variables are used as predictors by mentioning them in the context of model estimates and results."
The Importance of Importance Sampling,"Wim Medvedev, Oleg N Polaschek, Sophie Curtis-Ham, Wim Bernasco, Oleg N Medvedev, Devon L L Polaschek",-,-,-,-,-,"Total Study Area Size: Not specified (varies by SA2, median 1.962km²)
Study Area Description: National dataset covering all SA2s in New Zealand
Area Calculation Method: Not mentioned (implied use of SA2 boundaries)
Area Source: New Zealand Census data
Alternative Size Info: Range 0.063km² to 12,042.36km², median 1.962km²
Context Notes: SA2s used as neighborhoods; population density varies","1. Proximity to activity nodes within the same SA2 | Presence of activity node in the same SA2 | Dichotomous | Police data
2. Proximity to activity nodes within 0-200 m | Presence of activity node within 0-200 m | Dichotomous | Police data
3. Proximity to activity nodes within 200-500 m | Presence of activity node within 200-500 m | Dichotomous | Police data
4. Proximity to activity nodes within 500 m-1 km | Presence of activity node within 500 m-1 km | Dichotomous | Police data
5. Proximity to activity nodes within 1-2 km | Presence of activity node within 1-2 km | Dichotomous | Police data
6. Proximity to activity nodes within 2-5 km | Presence of activity node within 2-5 km | Dichotomous | Police data
7. Opportunity for residential burglary | Number of households in SA2 | Count | Statistics NZ Census and Business Demography data
8. Opportunity for non-residential burglary | Number of business units in any industry | Count | Statistics NZ Census and Business Demography data
9. Opportunity for commercial robbery | Number of business units for targeted industries | Count | Statistics NZ Census and Business Demography data
10. Opportunity for personal robbery and sex offenses | Number of commercial or public business units | Count | Statistics NZ Census and Business Demography data","1. Same SA2
2. Within 0-200 m
3. Within 200-500 m
4. Within 500 m-1 km
5. Within 1-2 km
6. Within 2-5 km
7. Number of households (residential burglary)
8. Number of business units (non-residential burglary)
9. Number of targeted business units (commercial robbery)
10. Number of commercial or public business units (personal robbery and sex offenses)","  - ""In this study we used the NZ Census Statistical Area 2 (SA2) as the set of locations from which an offense location could be chosen. SA2s roughly equate to neighborhoods and typically contain 2000-4000 residents in metropolitan areas (1000-5000 in rural areas).""
  - ""The outcome variable was the choice of SA2: in which of the 2153 SA2 areas of New Zealand did the offender commit the index offense?""
  - ""The data used in this study included solved residential and non-residential burglary, commercial and personal robbery and extra-familial sex offenses occurring between 2009 and 2018 from a national dataset obtained from the New Zealand Police.""",,"- The study uses a national dataset from New Zealand, indicating that the study area is nationwide.
- The study area is defined by the use of NZ Census Statistical Area 2 (SA2) units, which are described as roughly equivalent to neighborhoods.
- The total number of SA2s used in the study is 2153, and these units vary in size from 0.063km² to 12,042.36km², with a median size of 1.962km².
- The study area description is national, covering all SA2s in New Zealand, which are used as the spatial units for analysis.
- The area calculation method is not explicitly mentioned, but it is implied that the SA2 boundaries are used as defined by the New Zealand Census.
- The area source is the New Zealand Census data, as indicated by the use of SA2s.
- Alternative size information is provided by the range and median size of the SA2s.
- Context notes include the variation in population density and the use of SA2s as neighborhoods.","  - ""we constructed a simple model using six predictors reflecting the proximity of offenders' routine activity nodes to each SA2 in their choice set, and an additional seventh predictor reflecting the level of crime opportunity in each SA2.""
  - ""The six distance bands were: within the same SA2, or within 0-200 m, 200-500 m, 500 m-1 km, 1-2 km or 2-5 km outside of the SA2 boundary.""
  - ""The opportunity measures were sourced from Statistics NZ Census and Business Demography data (http:// nzdot stat. stats. govt. nz/) and are comparable to opportunity measures used in other crime location choice studies""
  - ""For residential burglary, opportunity was the number of households in the SA2.""
  - ""For non-residential burglary it was the number of business units in any industry.""
  - ""For commercial robbery, it was the number of business units for industries of the types targeted in commercial robbery.""
  - ""For personal robbery and extra-familial sex offenses it was the number of commercial or public business units, as an indicator of ambient population and thus the number of potential crime targets.10""",,"- The paper describes the use of seven predictors in the model: six related to the proximity of offenders' routine activity nodes to potential crime locations and one related to the level of crime opportunity.
- The six distance bands are used as independent variables to measure proximity: within the same SA2, 0-200 m, 200-500 m, 500 m-1 km, 1-2 km, and 2-5 km.
- The opportunity measures are independent variables that vary by crime type: number of households for residential burglary, number of business units for non-residential burglary, number of targeted business units for commercial robbery, and number of commercial/public business units for personal robbery and sex offenses.
- These variables are used to predict crime location choice and are therefore independent variables in the study.","  - ""The six distance bands were: within the same SA2, or within 0-200 m, 200-500 m, 500 m-1 km, 1-2 km or 2-5 km outside of the SA2 boundary.""
  - ""we constructed a simple model using six predictors reflecting the proximity of offenders' routine activity nodes to each SA2 in their choice set, and an additional seventh predictor reflecting the level of crime opportunity in each SA2.""
  - ""For residential burglary, opportunity was the number of households in the SA2. 7 For non-residential burglary it was the number of business units in any industry. 8 For commercial robbery, it was the number of business units for industries of the types targeted in commercial robbery. 9 For personal robbery and extra-familial sex offenses it was the number of commercial or public business units, as an indicator of ambient population and thus the number of potential crime targets.10""
  - ""The opportunity measures were sourced from Statistics NZ Census and Business Demography data (http:// nzdot stat. stats. govt. nz/) and are comparable to opportunity measures used in other crime location choice studies (Townsley et al. 2015;Lammers 2018;Long et al. 2018; e.g., Frith 2019)""",,"- The paper describes a model with six predictors related to the proximity of offenders' routine activity nodes to potential crime locations (SA2s) and a seventh predictor related to crime opportunity.
- The six distance bands are explicitly mentioned as predictors: ""within the same SA2,"" ""within 0-200 m,"" ""200-500 m,"" ""500 m-1 km,"" ""1-2 km,"" and ""2-5 km outside of the SA2 boundary.""
- The opportunity measures are also predictors, specifically the number of households for residential burglary, the number of business units for non-residential burglary, the number of targeted business units for commercial robbery, and the number of commercial or public business units for personal robbery and sex offenses."
CO-OFFENDERS' CRIME LOCATION CHOICE: DO CO-OFFENDING GROUPS COMMIT CRIMES IN THEIR SHARED AWARENESS SPACE?,Marre Lammers,-,-,-,-,-,"Total Study Area Size: Approximately 420.32 km²
Study Area Description: Greater The Hague region
Area Calculation Method: Based on number and average size of postal code areas
Area Source: Data used in the study
Alternative Size Info: None found
Context Notes: None","1. Crime attractors | Indicators of areas that attract criminal activity | Binary (presence/absence) | Brantingham and Brantingham (1995)
2. Crime generators | Indicators of areas that generate criminal activity | Binary (presence/absence) | Brantingham and Brantingham (1995)
3. Guardianship | Indicators of area guardianship | Binary (presence/absence) | Cohen and Felson (1979)
4. Total residents | Number of residents in a postal code area | Count | Statistics Netherlands
5. Residents with non-Western ethnic background | Number of residents with non-Western ethnic background | Count | Statistics Netherlands
6. Single-person households | Number of single-person households | Count | Statistics Netherlands
7. Retail stores | Number of retail stores in a postal code area | Count | LISA database
8. Hotels | Number of hotels in a postal code area | Count | LISA database
9. Restaurants | Number of restaurants in a postal code area | Count | LISA database
10. Bars | Number of bars in a postal code area | Count | LISA database
11. Schools | Number of schools in a postal code area | Count | LISA database
12. Cultural facilities | Number of cultural facilities in a postal code area | Count | LISA database
13. Health care institutions | Number of health care institutions in a postal code area | Count | LISA database
14. Sport and leisure facilities | Number of sport and leisure facilities in a postal code area | Count | LISA database
15. Home location | Current home location of an offender | Binary (presence/absence) | Registration data
16. Previous home location | Previous home location of an offender | Binary (presence/absence) | Registration data
17. Previous crime location | Previous crime location of an offender | Binary (presence/absence) | Police information system
18. Shared awareness space | Areas known to multiple offenders in a group | Binary (presence/absence) | Registration data and police information system","1. Home location
2. Previous home location
3. Previous crime location","  - ""The total number of four-digit postal code areas in the data is 142.""
  - ""The dependent variable in this study is the choice of an area j from a geographical set of alternatives J to co-offend in. This co-offended crime had to be committed between 2006 and 2009 in the greater The Hague region.""
  - ""The current study will take a next step in gaining insight into the relationship between co-offending and crime location choice, by using one model to analyse previous and current home locations of all offenders involved, as well as previous crime locations and measures of attractiveness of targets.""
  - ""The data were analysed using a discrete spatial choice model.""",,"- The study focuses on the greater The Hague region in The Netherlands, which is the study area.
- The study area is described as consisting of 142 four-digit postal code areas.
- Each postal code area has an average size of 2.96 km².
- To find the total study area size, we can multiply the number of postal code areas by the average size of each area: 142 areas × 2.96 km²/area = approximately 420.32 km².
- The study area description is the greater The Hague region, which is covered by these postal code areas.
- The area calculation method is based on the number and average size of the postal code areas.
- The area source is the data used in the study, which includes these postal code areas.
- There is no alternative size information or context notes provided in the paper.","  - ""The discrete spatial choice model testing whether co-offended crimes are more likely committed in the shared awareness space of the co-offending group includes a number of control variables measuring area characteristics known to influence crime location choice.""
  - ""These variables are indicators of crime attractors and crime generators (Brantingham and Brantingham 1995) and of guardianship (Cohen and Felson 1979).""
  - ""Statistics Netherlands records socio-demographic and socio-economic information for each postal code area in the Netherlands. For the current study, information was obtained for each of the postal code areas in the study region on the total number of residents, the number of residents with a non-Western ethnic background and the number of single-person households.""
  - ""The LISA database (see Steenbeek et al. 2012 for more information on the LISA database), a database containing information on businesses, was used to obtain year-postal code area-specific information on the number of retail stores, hotels, restaurants, bars, schools, cultural facilities, health care institutions and sport and leisure facilities.""
  - ""The independent variables home location, previous home location and previous crime location were constructed in a similar way: these variables received a score of 1 when an offender had committed a crime in this postal code area, or was living in the area at the time of the offence, or had lived in the area before.""
  - ""These three independent variables were constructed two times: one time for areas only known by one of the offenders of the group and one time for the areas known to at least two offenders in the group.""
  - ""The dependent variable in this model is the choice of an area j from a geographical set of alternatives J to commit a co-offended crime.""",,"- The paper mentions several independent variables used in the discrete spatial choice model. These include area characteristics such as crime attractors, crime generators, and guardianship, which are known to influence crime location choice.
- Socio-demographic and socio-economic variables like total residents, residents with a non-Western ethnic background, and single-person households are used as independent variables.
- The LISA database provides additional independent variables related to businesses and facilities in each postal code area.
- The model also includes variables related to the offenders' home locations, previous home locations, and previous crime locations, both for areas known to one offender and those known to multiple offenders.
- These variables are used to predict the likelihood of a co-offended crime being committed in a particular area.","  - ""The discrete spatial choice model testing whether co-offended crimes are more likely committed in the shared awareness space of the co-offending group includes a number of control variables measuring area characteristics known to influence crime location choice.""
  - ""The dependent variable in this study is the choice of an area j from a geographical set of alternatives J to co-offend in.""
  - ""The independent variables home location, previous home location and previous crime location were constructed in a similar way: these variables received a score of 1 when an offender had committed a crime in this postal code area, or was living in the area at the time of the offence, or had lived in the area before.""
  - ""The independent variables measure the different areas of the awareness space, a one-unit increase means an increase from 0 (area is not part of the awareness space) to 1 (area is part of the awareness space).""
  - ""Table 1 shows the results of the conditional logit model. In this model, all three areas measuring the offenders' awareness space (current home location, previous home location and previous crime location) were analysed simultaneously.""
  - ""The results show that the area where one of the offenders lives at the time of the offence has 11.7 times higher odds of being targeted than an otherwise comparable area where none of the offenders live at the time of the offence.""
  - ""When two or three offenders live in that area, the odds of it being targeted is 44.05 times as large as the odds that an area where none of the offenders lives is being chosen.""
  - ""Both the areas of previous home locations and previous crime locations show similar results: when one offender lived or offended before in an area, the odds that this area will be targeted increases (3.01 times and 4.8 times, respectively).""
  - ""Moreover, when more offenders of the co-offending group have lived or have committed crimes in that area before, the odds increase significantly to 8.41 times (p < 0.01) and 15.08 times (p < 0.001) those of an area where none of the offenders has lived or has offended before.""",,"- The paper discusses the use of a discrete spatial choice model to analyze the influence of co-offending on crime location choice.
- The independent variables in the model include ""home location,"" ""previous home location,"" and ""previous crime location,"" which are used to measure the awareness space of offenders.
- These variables are constructed to indicate whether an offender has a history with a particular area, which influences the likelihood of committing a crime there.
- The results from Table 1 provide odds ratios for these variables, indicating their impact on crime location choice.
- The focus is on extracting variable names that appear as predictors in regression tables, which in this case are related to the awareness space of offenders."
"Right place, right time? Making crime pattern theory time-specific","Sabine E M Van Sleeuwen, Stijn Ruiter, Wouter Steenbeek",-,-,-,-,-,"Total Study Area Size: Not specified (but can be estimated from 13,305 neighborhoods with a mean area of 2.63 km²)
Study Area Description: 13,305 unique neighborhoods in the Netherlands
Area Calculation Method: Geocoding longitude-latitude information
Area Source: Statistics Netherlands 2019
Alternative Size Info: Median area of 0.66 km², mean area of 2.63 km²
Context Notes: Focus on neighborhoods where crimes were committed","1. Neighbourhood routinely visited at same time of day as crime event | Indicates whether a neighbourhood was visited at the same time of day as the crime | Binary (1 = yes; 0 = no) | Survey data
2. Neighbourhood routinely visited at different time of day as crime event | Indicates whether a neighbourhood was visited at a different time of day than the crime | Binary (1 = yes; 0 = no) | Survey data
3. Neighbourhood routinely visited | Indicates whether a neighbourhood is part of the offender's activity space | Binary (1 = yes; 0 = no) | Survey data","1. neighbourhood routinely visited at same time of day as crime event
2. neighbourhood routinely visited at different time of day as crime event","  - ""In the present study, we extended crime pattern theory and proposed that an offender's spatial knowledge acquired during daily routine activities is not equally applicable to all times of day.""
  - ""The results showed that almost 40% of the offences (39.4%) were committed within the neighbourhoods of offenders' activity nodes, increasing to 84.5% when including first-, second-and third-order spatial lags surrounding the activity node neighbourhoods.""
  - ""the final dataset for analysis is a data matrix of 944,655 rows (containing 13,305 neighbourhood rows for each of the 71 crimes to be explained).""
  - ""The results show that almost 40% of the offences are committed within the neighbourhoods of offenders' activity nodes, increasing to 85% when including first-, second-and third-order neighbourhoods.""",,"- The paper discusses the spatial distribution of crimes within the Netherlands, specifically focusing on the neighborhoods where offenders commit crimes.
- The study area is described in terms of the number of neighborhoods analyzed, which is 13,305 unique neighborhoods in the Netherlands for the year 2018.
- The median area of these neighborhoods is provided as 0.66 km², with a mean of 2.63 km² and a range from 0.02 to 130.14 km².
- The total study area size can be estimated by multiplying the number of neighborhoods by the average area per neighborhood. However, the paper does not provide a direct total area size calculation.
- The study area description is the Netherlands, specifically focusing on the neighborhoods where crimes were committed.
- The area calculation method is based on geocoding longitude-latitude information to unique neighborhoods.
- The area source is Statistics Netherlands 2019.
- Alternative size information is provided in terms of the number of neighborhoods and their median and mean areas.
- Context notes include the focus on neighborhoods and the spatial distribution of crimes within these areas.","  - ""In order to test our hypotheses, we combined the neighbourhood and timing information into two independent variables: neighbourhood routinely visited at same time of day as crime event (1 = yes; 0 = no) and neighbourhood routinely visited at different time of day as crime event (1 = yes; 0 = no).""
  - ""The results of the conditional logit model that tests whether offenders are more likely to commit crime in neighbourhoods they have regularly visited at the same time of day than in neighbourhoods they have regularly visited at different parts of the day are displayed in Table 2""
  - ""The independent variable neighbourhood routinely visited (1 = yes; 0 = no) indicates whether or not a neighbourhood was part of the offenders' activity space in the period before or during the crime event.""",,"- The paper explicitly mentions two independent variables used in the statistical model: ""neighbourhood routinely visited at same time of day as crime event"" and ""neighbourhood routinely visited at different time of day as crime event."" These are used to test hypotheses about the likelihood of committing crimes in areas visited at the same or different times of day.
- The variable ""neighbourhood routinely visited"" is also mentioned as an independent variable, indicating whether a neighbourhood is part of the offender's activity space.
- These variables are used in a conditional logit model to analyze the likelihood of committing crimes in certain neighborhoods based on visitation patterns and timing.","  - ""In order to test our hypotheses, we combined the neighbourhood and timing information into two independent variables: neighbourhood routinely visited at same time of day as crime event (1 = yes; 0 = no) and neighbourhood routinely visited at different time of day as crime event (1 = yes; 0 = no).""
  - ""The results of the conditional logit model that tests whether offenders are more likely to commit crime in neighbourhoods they have regularly visited at the same time of day than in neighbourhoods they have regularly visited at different parts of the day are displayed in Table 2""
  - ""The results suggest that offenders are more likely to commit crime in neighbourhoods they have regularly visited at the same time of day than in neighbourhoods they have regularly visited at different times of day, although the effect size difference was not statistically significant in our small sample-but clearly in the expected direction.""
  - ""The independent variable neighbourhood routinely visited (1 = yes; 0 = no) indicates whether or not a neighbourhood was part of the offenders' activity space in the period before or during the crime event.""
  - ""The results of the conditional logit models are presented using odds ratios (ORs) and their respective bootstrapped cluster-corrected standard errors (SEs).""",,"- The paper discusses the use of a conditional logit model to test hypotheses related to the timing of offenders' visits to neighborhoods and their likelihood of committing crimes in those areas.
- The independent variables used in the model are explicitly mentioned as ""neighbourhood routinely visited at same time of day as crime event"" and ""neighbourhood routinely visited at different time of day as crime event.""
- These variables are used to test the hypotheses about the timing of visits and crime commission, indicating they are predictors in the regression model.
- The paper provides results in terms of odds ratios and standard errors, which are typical outputs for regression models, further confirming these variables are part of the model."
Ambient population and surveillance cameras: The guardianship role in street robbers' crime location choice,"Dongping Long, Lin Liu, Mingen Xu, Jiaxin Feng, Jianguo Chen, Li He",-,-,Cities,38,2021,"Total Study Area Size: Approximately 3193.02 km²
Study Area Description: 1971 communities
Area Calculation Method: Calculated from community count and average size
Area Source: Paper's methodology section
Alternative Size Info: Average community size of 1.62 km²
Context Notes: Standard deviation of community sizes is 2.85 km²; minimum size is 0.001 km²; maximum size is 43 km²","1. Ambient population | Average daily mobility from mobile phone signaling data | Number of mobile phone users | Mobile phone data
2. Surveillance cameras | Number of surveillance cameras in a neighborhood | Count | POI data
3. Crime attractors and generators | Presence of retail business facilities (malls, supermarkets, grocers, terminal markets) | Binary (presence/absence) | POI data
4. Crime attractors and generators | Presence of leisure sports facilities (bars, clubs, cybercafés, sports stadiums) | Binary (presence/absence) | POI data
5. Crime attractors and generators | Presence of public supporting facilities (high schools, ATMs, banks, car parks) | Binary (presence/absence) | POI data
6. Crime attractors and generators | Presence of public transport stations (bus stops, transportation hubs, subway stations) | Binary (presence/absence) | POI data
7. Accessibility | Density of road network | Ratio of total road length to area | Neighborhood data
8. Proximity | Distance of journey to crime | Euclidean distance | Offender data
9. Social disorganization | Proportion of migrants | Percentage | Census data
10. Social disorganization | Proportion of youngsters | Percentage | Census data
11. Social disorganization | Socioeconomic heterogeneity | Index of qualitative variation | Census data","1. Grocers
2. ATMs and banks
3. Carparks
4. Socioeconomic heterogeneity
5. Malls and supermarkets
6. Bus stops
7. Ambient population
8. Surveillance cameras","  - ""The study area covers 1971 communities (Fig. 2 ), with an average size of 1.62 km 2""
  - ""The standard deviation of the size of communities is 2.85, the minimum size of 0.001 km 2 , and the maximum size of 43 km 2""",,"- The paper provides specific information about the study area size by mentioning that it covers 1971 communities.
- The average size of each community is given as 1.62 km², which can be used to calculate the total study area size.
- To find the total study area size, we multiply the number of communities by the average size of each community: 1971 communities * 1.62 km²/community = approximately 3193.02 km².
- The paper also provides additional details such as the standard deviation, minimum, and maximum sizes of the communities, but these are not necessary for calculating the total study area size.","  - ""The results demonstrate that ambient population and surveillance cameras have a significant hindering impact on street robbers' crime location choice, and they play a guardianship role in street robbers' criminal activities.""
  - ""The discrete spatial choice modeling is used to test the impact of their guardianship role on street robbers' crime location choice, accounting for accessibility and proximity, crime attractors and generators, and social disorganization.""
  - ""The dataset included the following information of each arrested robber: the unique offender identifier, the Hukou status, the home address, and the location and time of the robbery.""
  - ""Neighborhood data include POI data, census data, mobile phone data, and police data.""
  - ""Ambient population is measured by average daily mobility from ZG City's mobile phone signaling data.""
  - ""Surveillance cameras are derived from ZG City's POI data and measured by their number in a neighborhood.""
  - ""The crime attractors and generators are selected based on the literature. Malls and supermarkets, grocers, and terminal markets are selected as retail business facilities""
  - ""Bars and clubs, cybercafés, and sports stadiums are aggregated as leisure sports facilities""
  - ""High schools, ATMs and banks, and car parks are deemed as public supporting facilities""
  - ""Bus stops, transportation hubs, and subway stations are treated as public transport stations""
  - ""The density of road network is used to represent traffic accessibility""
  - ""The distance of journey to crime is the Euclidean distance between the offender's residence and the centroid of each of the 1, 971 neighborhood units.""
  - ""Social disorganization is represented by proportion of migrants, proportion of youngsters and socioeconomic heterogeneity are selected as control variables""
  - ""The utility function is calculated as follows:

where U ij is the expected utility of a robbery in neighborhood j for street robber i, x ij are the values of the explanatory variables for neighborhood j for street robber i,""",,"- The paper uses discrete spatial choice modeling to analyze the impact of various factors on street robbers' crime location choice. This indicates that the variables included in the model are independent variables.
- Ambient population and surveillance cameras are explicitly mentioned as having a significant impact on crime location choice, indicating they are independent variables.
- The paper includes data on neighborhood characteristics such as crime attractors and generators, accessibility, and social disorganization, which are used as independent variables in the model.
- The dataset includes information on the offender's home address and the location and time of the robbery, which could be used to calculate distance measures.
- The use of POI data, census data, mobile phone data, and police data suggests that these are sources for independent variables related to neighborhood characteristics.
- The specific mention of retail business facilities, leisure sports facilities, public supporting facilities, and public transport stations indicates these are independent variables related to crime attractors and generators.
- The density of road network and distance of journey to crime are explicitly mentioned as independent variables related to accessibility and proximity.
- Social disorganization variables such as proportion of migrants, proportion of youngsters, and socioeconomic heterogeneity are used as control variables.","  - ""The results of Model 1 show that grocers, ATMs and banks, Carparks, and socioeconomic heterogeneity do not have significant effects, while malls and supermarkets, and bus stops have the largest effects.""
  - ""In line with the third research question, the Pseudo R 2 of 0.289 of Model 4 is the highest, roughly a 10% increase over the 0.264 of Model 1 but marginal improvements over Models 2 and 3 (Table 4""
  - ""The utility function is calculated as follows:

where U ij is the expected utility of a robbery in neighborhood j for street robber i, x ij are the values of the explanatory variables for neighborhood j for street robber i, β is a vector of coefficients to be estimated, and ε ij is the random error component of the model.""
  - ""Model 3 confirms the second research question that surveillance cameras play a guardianship role in curbing street robbers' crime location choice.""
  - ""Results of Model 2 verifies the first research question that ambient population has a guardianship role in street robbers' crime location choice.""
  - ""The results of discrete spatial choice models (Odds Ratios, Z-scores, Pseudo R 2 , significance level with 95% confidence intervals) are listed in Table 4""",,"- The paper provides results from discrete spatial choice models, which are regression models used to analyze the choice of crime locations by street robbers.
- The variable names are extracted from the descriptions of the models and their results, particularly from the mention of significant effects and the calculation of utility functions.
- The variables mentioned include ""grocers,"" ""ATMs and banks,"" ""Carparks,"" ""socioeconomic heterogeneity,"" ""malls and supermarkets,"" ""bus stops,"" ""ambient population,"" and ""surveillance cameras.""
- These variables are explicitly mentioned as having effects or being part of the models, indicating they are predictor variables in the regression models."
Do Migrant and Native Robbers Target Different Places?," Liu",-,-,ISPRS Int. J. Geo Inf.,3,2021,"Total Study Area Size: Approximately 3193.02 km²
Study Area Description: 1971 neighborhoods in ZG City
Area Calculation Method: Calculated from neighborhood count and average size
Area Source: Paper's methodology section
Alternative Size Info: 1971 neighborhoods, 1.62 km² average neighborhood size
Context Notes: Based on neighborhood boundaries","1. Malls and supermarkets | Presence of these locations | Binary/Count | POI data
2. Grocers | Presence of these locations | Binary/Count | POI data
3. Wholesale markets | Presence of these locations | Binary/Count | POI data
4. Bars and clubs | Presence of these locations | Binary/Count | POI data
5. Sports stadiums | Presence of these locations | Binary/Count | POI data
6. High schools | Presence of these locations | Binary/Count | POI data
7. ATMs and banks | Presence of these locations | Binary/Count | POI data
8. Carparks | Presence of these locations | Binary/Count | POI data
9. Bus stops | Presence of these locations | Binary/Count | POI data
10. Transportation hubs | Presence of these locations | Binary/Count | POI data
11. Subway stations | Presence of these locations | Binary/Count | POI data
12. Density of road network | Measure of road density | Continuous | Traffic road network vector map data
13. Proportion of migrants | Percentage of migrant population | Continuous | Census data
14. Proportion of youngsters | Percentage of young population | Continuous | Census data
15. Socioeconomic heterogeneity | Measure of socioeconomic diversity | Continuous | Census data
16. Daily human mobility | Measure of human movement | Continuous | Mobile phone data
17. Detection rate | Measure of crime detection efficiency | Continuous | Crime prevention data
18. Distance of journey to crime | Distance from residence to crime location | Continuous | Arrest data","1. Malls and supermarkets
2. Grocers
3. Wholesale markets
4. Bars and clubs
5. Sports stadiums
6. High schools
7. ATMs and banks
8. Carparks
9. Bus stops
10. Transportation hubs
11. Subway stations
12. Density of road network
13. Proportion of migrants
14. Proportion of youngsters
15. Socioeconomic heterogeneity
16. Daily human mobility
17. Detection rate
18. Distance of journey to crime","  - ""The study area consists of 1971 neighborhoods (Figure 1 ) with an average area of 1.62 square kilometers.""
  - ""ZG City-one of the largest cities in Southeast China [19]. In 2018, the resident population was 14.9 million, and the GDP of the city was 2.30 trillion with an annual growth rate of 6.50%.""",,"- The paper provides a direct mention of the study area size in terms of the number of neighborhoods and their average area. This is a clear indication of the study area size.
- The quote ""The study area consists of 1971 neighborhoods (Figure 1 ) with an average area of 1.62 square kilometers"" gives us the total number of neighborhoods and their average size, which can be used to calculate the total study area size.
- To calculate the total study area size, we multiply the number of neighborhoods by their average area: 1971 neighborhoods * 1.62 km²/neighborhood = approximately 3193.02 km².
- The paper does not provide a direct total area size in km², but it does give us enough information to calculate it based on the number and average size of the neighborhoods.","  - ""The data used in this paper include the arrest data and neighborhood characteristics data of ZG City.""
  - ""The first type of data is the arrest data of street robbers in ZG City from 2012 to 2016 provided by ZG City's Public Security Department.""
  - ""Individual information such as name, gender, ethnicity, household address, date of birth, and education level of street robbers; case information such as time of the robbery, address of robbery and residence at the time of the robbery, as well as the object of a crime, place of crime, tools of crime, means of crime, and amount of lost property or money.""
  - ""The second type of data is a dataset coupled with individual factors (distance of journey to crime variables) and key neighborhood factors, including 2014 POI data (point coordinates), 2014 traffic road network vector map data, 2015 bus stop data (point coordinates) crawled based on Baidu API, within one week of 12 to 18 May 2016 ZG City's mobile phone data and the sixth census data of ZG city in 2010""
  - ""For built environment characteristics, (1) Malls and supermarkets, (2) Grocers, (3) Wholesale markets, (4) Bars and clubs, (5) Sports stadiums, (6) High schools, (7) ATMs and banks, (8) Carparks, (9) Bus stops, (10) Transportation hubs, (11) Subway stations, (12) Density of road network were selected; for social environment characteristics, (13) Proportion of migrants, (14) Proportion of youngsters, (15) Socioeconomic heterogeneity.""
  - ""The ambient population selected (16) Daily human mobility, the crime prevention selected (17) Detection rate, and the individual factor selected (18) Distance of journey to crime.""
  - ""In this paper, the attributes of the built environment are used as explanatory variables, while the variables of social environment, ambient population, crime prevention, and crime travel aspects are incorporated into the model as control variables""
  - ""The distance of street robbers' residence from crime location""
  - ""The utility function can be estimated based on the Conditional Logit Selection models.""
  - ""the OR values for the influence of the proportion of migrants on the crime location choice of migrant robbers and native robbers are respectively 1.043 and 0.377, and both had statistically significant p-values of 0.000 less than 0.001.""",,"- The paper uses various datasets to analyze the crime location choices of migrant and native robbers, including arrest data, neighborhood characteristics, and individual factors.
- The independent variables are those that are used to predict or explain the crime location choices, which include both built environment characteristics and social environment characteristics.
- Built environment characteristics include specific locations like malls, wholesale markets, sports stadiums, and transportation hubs, which are used as explanatory variables.
- Social environment characteristics such as the proportion of migrants and socioeconomic heterogeneity are also used as control variables.
- The distance of journey to crime is an individual factor that is considered in the analysis.
- The paper uses a conditional logit selection model to estimate the utility function, which suggests that these variables are used to predict the probability of crime location choices.","  - ""The data used in this paper include the arrest data and neighborhood characteristics data of ZG City.""
  - ""The first type of data is the arrest data of street robbers in ZG City from 2012 to 2016 provided by ZG City's Public Security Department.""
  - ""The second type of data is a dataset coupled with individual factors (distance of journey to crime variables) and key neighborhood factors, including 2014 POI data (point coordinates), 2014 traffic road network vector map data, 2015 bus stop data (point coordinates) crawled based on Baidu API, within one week of 12 to 18 May 2016 ZG City's mobile phone data and the sixth census data of ZG city in 2010 (Table 3""
  - ""For built environment characteristics, (1) Malls and supermarkets, (2) Grocers, (3) Wholesale markets, (4) Bars and clubs, (5) Sports stadiums, (6) High schools, (7) ATMs and banks, (8) Carparks, (9) Bus stops, (10) Transportation hubs, (11) Subway stations, (12) Density of road network were selected; for social environment characteristics, (13) Proportion of migrants, (14) Proportion of youngsters, (15) Socioeconomic heterogeneity.""
  - ""The ambient population selected (16) Daily human mobility, the crime prevention selected (17) Detection rate, and the individual factor selected (18) Distance of journey to crime.""
  - ""In the discrete spatial choice modeling, the OR value of the variable is greater than 1 for positive influence, and it is larger to indicate a greater positive influence; OR value less than 1 for negative influence, and it is smaller to indicate a greater negative influence.""
  - ""From Table 4 , we can see that the Pseudo R 2 of both migrant robbers (Model 1) and native robbers (Model 2) are greater than 0.25, which indicates that the two models fit perfectly and they have strong explanatory power.""
  - ""From Table 4 , it can be seen that the OR of wholesale markets influence on the crime location choice of migrant robbers is 1.147, with a p-value of 0.000 less than 0.001, which is statistically significant, while the OR of influence on the crime location choice of native robbers is 1.018 with a p-value of 0.318 greater than 0.05, which is not statistically significant.""
  - ""The OR values for the influence of transportation hubs and subway stations on the crime location choice of migrant robbers are respectively 1.052 and 1.038, with p-values less than 0.01 and 0.000, i.e., both were statistically significant.""
  - ""Meantime, it is necessary to point out some variables that have similar effects on both migrant and native robbers. Table 4 contains OR values and confidence intervals regarding the following six typically routine activity nodes: malls and supermarkets, grocers, bars and clubs, high schools, carparks, bus stops.""
  - ""In terms of control variables, for example, the OR values for the influence of the proportion of migrants on the crime location choice of migrant robbers and native robbers are respectively 1.043 and 0.377, and both had statistically significant p-values of 0.000 less than 0.001.""",,"- The paper discusses various data types used in the study, including arrest data and neighborhood characteristics, which are likely used in regression models.
- The built environment characteristics listed include specific locations like malls, wholesale markets, and transportation hubs, which are likely used as predictor variables.
- Social environment characteristics such as proportion of migrants and socioeconomic heterogeneity are also mentioned as part of the data, indicating their use in regression models.
- The paper refers to Table 4, which likely contains regression results with odds ratios and p-values for various variables, indicating their role as predictors.
- The mention of specific variables like wholesale markets, transportation hubs, and proportion of migrants with their statistical significance suggests they are used as predictors in the regression models."
"Do juvenile, young adult, and adult offenders target different places in the Chinese context?","Dongping Long, Lin Liu",-,-,Cities,3,2022,"Total Study Area Size: Approximately 3193.02 km²
Study Area Description: ZG City, a major city in the southeast coastal region of China
Area Calculation Method: Based on number of neighborhood units and average unit size
Area Source: Long et al. (2021)
Alternative Size Info: None found
Context Notes: None","1. Cybercafés | Affects juvenile and young adult robbers' crime location choices | Presence in neighborhood | ZG City's POI data
2. Transportation hubs | Affects young adult and adult robbers' crime location choices | Presence in neighborhood | ZG City's POI data
3. Schools | Affects all age groups with a marginal age decay effect | Presence in neighborhood | ZG City's POI data
4. Distance of journey to crime | Negative impact on target choice, greatest for juvenile robbers | Euclidean distance from residence to crime location | ZG City's crime data
5. Proportion of migrants | Represents social disorganization | Total number of migrants in a neighborhood divided by total population | ZG City's census data
6. Proportion of young adults | Represents social disorganization | Total number of young adults in a neighborhood divided by total population | ZG City's census data
7. Bus stops | Control variable, significant impact on crime location choice | Presence in neighborhood | ZG City's POI data
8. Subway stations | Control variable, significant impact on crime location choice | Presence in neighborhood | ZG City's POI data
9. Malls and supermarkets | Control variable, significant impact on crime location choice | Presence in neighborhood | ZG City's POI data
10. Car parks | Control variable, no significant impact on crime location choice | Presence in neighborhood | ZG City's POI data
11. Wholesale markets | Increases probability of crime occurrence | Presence in neighborhood | ZG City's POI data","1. Cybercafés
2. Transportation hubs
3. Young adults proportion
4. Bars and clubs
5. Schools
6. Distance of journey to crime
7. Wholesale markets
8. Bus stops
9. Subway stations
10. Malls and supermarkets
11. Car parks
12. Migrants' proportion","  - ""ZG City is one of the major cities in the southeast coastal region of China, a national central city and the core of the Guangdong-Hong Kong-Macao Greater Bay Area, and has been the political, economic, scientific, educational, and cultural center of southern China.""",,"- The paper provides a direct mention of the study area size in terms of the number of neighborhood units and their average area. This is a clear indication of the study area size.
- The average area of each neighborhood unit is given as 1.62 km², and there are 1971 such units. This allows for the calculation of the total study area size.
- The total study area size can be calculated by multiplying the number of neighborhood units by the average area of each unit: 1971 units × 1.62 km²/unit = approximately 3193.02 km².
- The study area description is provided as ZG City, which is a major city in the southeast coastal region of China, indicating the geographic boundaries of the study.
- The area calculation method is implied to be based on the number of neighborhood units and their average size, which is a common method for estimating area sizes in urban studies.
- The area source is referenced to Long et al. (2021), indicating that the data comes from a previous study or dataset.
- There are no alternative size information or context notes provided in the paper that would alter or qualify the calculated total study area size.","  - ""This study examines 7860 street robberies committed by 4358 street robbers between 2012 and 2016 in ZG city, China.""
  - ""A conditional logit selection model was estimated to assess street robbers' crime location choice preferences.""
  - ""The results demonstrate that street robbers favor areas frequented by their age group, close to their residence, and low in social cohesion.""
  - ""Cybercafés affect juvenile and young adult robbers' crime location choices, while transportation hubs impact those of young adult robbers and adult robbers.""
  - ""Schools affect all three age groups, but with a marginal age decay effect.""
  - ""the distance of journey to crime plays a significantly negative role in an offender's target choice, with the greatest impact in the youngest age group.""
  - ""The proportion of migrants and the proportion of young adults in a neighborhood were used to represent social disorganization""
  - ""The conditional logit selection models have been applied to various discrete choice behaviors, including offender's crime location choice problems""
  - ""the locations of the robbery were geocoded into one of 1971 neighborhoods as the dependent variable.""
  - ""the distance of journey to crime as an independent variable is represented by the Euclidean distance from the centroid of each of neighborhood units to the offender's residence location.""
  - ""The results of conditional logit selection models are presented in Table 3 (Pseudo R 2 , Odds Ratios, Standard Error, Z-scores, and significance level with 95 % confidence intervals).""
  - ""The results of control variables show the impact of bus stops, subway stations, malls and supermarkets have the most significant, while car parks do not have a significant effect.""
  - ""the conditional logit selection models and the significant differences in the odds ratios of variables confirm street robbers' crime location choices vary by age.""
  - ""the presence of wholesale markets in a neighborhood upped the probability of a robber committing a crime in that neighborhood, but the effect has not been found to vary different age robbers.""
  - ""the effect of migrants' proportion is consistent with this finding.""",,"- The study uses a conditional logit selection model to analyze crime location choices, indicating that various independent variables are used to predict these choices.
- The paper mentions several specific independent variables:
  - ""Cybercafés"" and ""transportation hubs"" are explicitly mentioned as affecting crime location choices for different age groups.
  - ""Schools"" are noted to affect all age groups with a marginal age decay effect.
  - ""Distance of journey to crime"" is used as an independent variable, measured by Euclidean distance from the offender's residence to the crime location.
  - ""Proportion of migrants"" and ""proportion of young adults"" are used to represent social disorganization.
  - ""Bus stops,"" ""subway stations,"" ""malls and supermarkets,"" and ""car parks"" are mentioned as control variables, which are also independent variables in the model.
  - ""Wholesale markets"" are noted to increase the probability of crime occurrence but do not vary by age.","  - ""The results of conditional logit selection models are presented in Table 3 (Pseudo R 2 , Odds Ratios, Standard Error, Z-scores, and significance level with 95 % confidence intervals).""
  - ""The results of control variables show the impact of bus stops, subway stations, malls and supermarkets have the most significant, while car parks do not have a significant effect.""
  - ""the conditional logit selection models and the significant differences in the odds ratios of variables confirm street robbers' crime location choices vary by age.""
  - ""the odds ratio of cybercafés respectively is 1.070 and 1.092, with p-values <0.001, which means the influence of cybercafés on juvenile robbers and young adult robbers is positive and highly statistically significant.""
  - ""the influence of transportation hubs on young adult robbers and adult robbers is statistically significant at the 95 % confidence level, and with an estimated odds ratio of 1.035 and 1.075 for them, but for juvenile robbers is insignificant (p = 0.079).""
  - ""young adults proportion only statistically significant effect on young adult robbers (for juvenile robbers, OR = 0.976, p = 0.514; for the adult robbers, OR = 1.051, p = 0.090).""
  - ""the presence of bars and clubs and schools appears to influence the crime location choices of juvenile, young adult, and adult robbers,""
  - ""the distance of journey to crime strongly and negatively affects a street robbers' whereabouts, especially the younger the age, the greater the impact""
  - ""the presence of wholesale markets in a neighborhood upped the probability of a robber committing a crime in that neighborhood, but the effect has not been found to vary different age robbers.""
  - ""the effect of migrants' proportion is consistent with this finding.""",,"- The paper discusses the use of a conditional logit selection model to assess street robbers' crime location choice preferences, which indicates that the results are presented in a regression table format.
- The quotes mention specific variables such as ""cybercafés,"" ""transportation hubs,"" ""young adults proportion,"" ""bars and clubs,"" ""schools,"" ""distance of journey to crime,"" and ""wholesale markets"" as having significant effects or odds ratios, indicating they are predictor variables in the model.
- The mention of ""bus stops,"" ""subway stations,"" ""malls and supermarkets,"" and ""car parks"" as control variables suggests they are also included in the model as predictors.
- The paper does not provide a table with explicit variable names, but the text describes the variables used in the model."
THE INFLUENCE OF ACTIVITY SPACE AND VISITING FREQUENCY ON CRIME LOCATION CHOICE: FINDINGS FROM AN ONLINE SELF-REPORT SURVEY,"Stijn Ruiter, Barbara Menting, Marre Lammers, Wim Bernasco",-,-,British Journal of Criminology,33,2019,"Total Study Area Size: Approximately 33,000 km² (calculated from 12,821 neighbourhoods × mean size of 2.63 km²)
Study Area Description: Entire Netherlands, divided into 12,821 neighbourhoods
Area Calculation Method: Calculated from neighbourhood count and mean size
Area Source: Statistics Netherlands data
Alternative Size Info: Median neighbourhood size of 0.68 km²
Context Notes: Neighbourhoods are smallest statistical units; mean size used for calculation","1. Activity nodes | Dummy variables for regularly visited locations | Binary (1 = yes, 0 = no) | OASIS survey
2. Proximity to residential area | Spatial lag order of potential target neighborhoods | Binary (1 = yes, 0 = no) | OASIS survey
3. Proximity to activity nodes | Spatial lag order of neighborhoods surrounding activity nodes | Binary (1 = yes, 0 = no) | OASIS survey
4. Visiting frequency | Frequency of visiting activity nodes | Ordinal (monthly to daily) | OASIS survey
5. Residential population density | Number of residents per square meter | Continuous | Statistics Netherlands 2016
6. Employee density | Number of employees per square meter | Continuous | LISA data 2011","1. Residential area of the offender
2. First-order spatial lag
3. Second-order spatial lag
4. Third-order spatial lag
5. Presence of any activity node
6. First-order spatial lag of activity node
7. Second-order spatial lag of activity node
8. Third-order spatial lag of activity node
9. Very frequently visited activity node
10. Less frequently visited activity node
11. Residential population density
12. Employee density","  - ""The entire Netherlands were selected as the study area and neighbourhoods as the spatial unit of analysis.""
  - ""Given their size and homogeneous character, Dutch neighbourhoods are expected to be well known to those who regularly visit them.""
  - ""Dutch neighbourhoods are the smallest statistical units for which Statistics Netherlands provides detailed information on structural and socio-economic features.""",,"- The study area is described as ""the entire Netherlands,"" which indicates a broad geographic scope.
- The spatial unit of analysis is specified as ""neighbourhoods,"" which are the smallest statistical units in the Netherlands.
- The paper provides specific data on the number of neighbourhoods (12,821) and their median size (0.68 km²), which can be used to estimate the total study area size.
- The mean size of a neighbourhood is given as 2.63 km², which can be used to calculate the total area by multiplying it by the number of neighbourhoods.","  - ""The activity nodes were coded into several independent dummy variables, using their location geocoded to one of the 12,821 neighbourhoods and the information about the start and end of the period during which they were regularly visited.""
  - ""Proximity to the residential area of the offender was captured by including mutually exclusive dummy variables (1 = yes, 0 = no), reflecting the spatial lag order of potential target neighbourhoods relative to the offender's residential area:""
  - ""Analogously, proximity to any activity node was captured by indicating all first-, second-and third-order neighbourhoods surrounding the neighbourhoods containing any activity node.""
  - ""To test the influence of visiting frequency, we indicated for each activity node neighbourhood how frequently the node was visited.""
  - ""two indicators were included to control for occupancy and activity of people in a neighbourhood, both residents and the working population: residential population density and employee density.""
  - ""Residential population density was calculated by dividing the number of residents per neighbourhood by area size (in square metres) using 2016 neighbourhood-level data""
  - ""Employee density was calculated by dividing the sum of all people working in a neighbourhood in any facility (part-time employee = 0.5) by the neighbourhood's area size (in square metres).""
  - ""Conditional logit models were used to test our hypotheses.""",,"- The study uses dummy variables to represent activity nodes, which are independent variables used to predict crime location choice.
- Proximity to residential areas and other activity nodes is captured using spatial lag variables, which are also independent variables.
- Visiting frequency is an independent variable used to assess its influence on crime location choice.
- Residential population density and employee density are included as control variables to account for neighborhood characteristics.
- The use of conditional logit models indicates that these variables are used as predictors in the statistical analysis.","  - ""We test the following hypotheses:

Hypothesis 1: Offenders are more likely to commit offences in areas that include any regularly visited activity node than in otherwise comparable areas without any activity node.

Hypothesis 2: Offenders are more likely to commit offences in areas closer to any regularly visited activity node compared to otherwise comparable areas further away.""
  - ""Model 1 in Table 2 presents the effects of the residential area of the offender and the respective first-, second-and third-order spatial lags on crime location choice.""
  - ""Model 2 presents the effects of the presence of any activity node in a neighbourhood and its respective spatial lags.""
  - ""Model 3 in Table 2 shows effect differences for very frequently visited and less frequently visited any activity node neighbourhoods""
  - ""Proximity to the residential area of the offender was captured by including mutually exclusive dummy variables (1 = yes, 0 = no), reflecting the spatial lag order of potential target neighbourhoods relative to the offender's residential area:""
  - ""Analogously, proximity to any activity node was captured by indicating all first-, second-and third-order neighbourhoods surrounding the neighbourhoods containing any activity node.""
  - ""To test the influence of visiting frequency, we indicated for each activity node neighbourhood how frequently the node was visited.""
  - ""two indicators were included to control for occupancy and activity of people in a neighbourhood, both residents and the working population: residential population density and employee density.""",,"- The paper discusses several models (Model 1, Model 2, Model 3) that test hypotheses related to crime location choice.
- Model 1 includes variables related to the residential area of the offender and spatial lags, which are predictors in the model.
- Model 2 includes variables related to the presence of any activity node and its spatial lags, which are also predictors.
- Model 3 includes variables related to the visiting frequency of activity nodes, which are predictors.
- The paper mentions the use of dummy variables for proximity to residential areas and activity nodes, which are predictor variables.
- The paper also includes variables for residential population density and employee density as controls, which are predictor variables."
Location Choice of Snatching Offenders in Chennai City,"K Kuralarasan, Wim Bernasco",-,-,Journal of quantitative criminology,10,2021,"Total Study Area Size: Approximately 438.18 km²
Study Area Description: Greater Chennai City Corporation, a metropolitan area
Area Calculation Method: Based on average surface area of wards
Area Source: Paper itself
Alternative Size Info: None found
Context Notes: None","1. Distance from offender's home to crime location | Distance from home to crime site | Kilometers | State Crime Records Bureau
2. Prior offending locations | Whether the offender has previously committed a crime in the location | Dichotomous (yes/no) | State Crime Records Bureau
3. Crime generators and attractors | Presence of facilities like transport hubs, schools, retail, personal care, medical services, temples, marriage halls, jewelry shops | Count of facilities per ward | Google Earth
4. Ward area | Size of the ward | Square kilometers | Greater Chennai Corporation database
5. Ward population | Number of residents in the ward | Number of residents | Greater Chennai Corporation database
6. Age of offender | Age of the individual committing the crime | Years | State Crime Records Bureau
7. Gender of offender | Gender of the individual committing the crime | Male/Female | State Crime Records Bureau","1. Log-distance
2. Prior crimes
3. Churches
4. Educational institutions
5. Marriage halls
6. Personal care businesses
7. Parks
8. Restaurants
9. Business offices","  - ""The study area for the present research is the Greater Chennai City Corporation, a metropolitan area with a population of over 6.6 million during the latest census in 2011.""
  - ""In terms of surface area, the wards are similar in size to neighborhoods or census tracts that have been used in crime location studies elsewhere (i.e., Long et al. 2018;Townsley et al. 2015), but due to the high population density in Chennai, the population sizes of wards are larger than those in most other studies.""",,"- The study area is described as the Greater Chennai City Corporation, which is a metropolitan area.
- The area consists of 201 wards, each with an average surface area of 2.18 km².
- To find the total study area size, we need to multiply the average surface area of a ward by the total number of wards.
- The total study area size can be calculated as 201 wards * 2.18 km² per ward = approximately 438.18 km².
- The study area description is the Greater Chennai City Corporation, which is a metropolitan area.
- The area calculation method is based on the average surface area of the wards.
- The area source is the paper itself, which provides the average surface area of the wards.
- There is no alternative size information or context notes provided in the paper.","  - ""The study area for the present research is the Greater Chennai City Corporation, a metropolitan area with a population of over 6.6 million during the latest census in 2011.""
  - ""The data consist of 1573 snatching offenses committed by 1152 offenders.""
  - ""The offense data were obtained from the State Crime Records Bureau, Tamil Nadu, India.""
  - ""Transport hubs are a potentially important category of crime generators.""
  - ""Schools and colleges and other educational institutions also serve as meeting points for a large part of the population,""
  - ""retail facilities that sell tangible items are widely available and attract many customers.""
  - ""facilities that provide services for personal care, such as barbers shops, beauty parlors, saloons and spas, and for restaurants.""
  - ""Facilities that provide medical services include hospitals, but also include a wide variety of facilities that provide medical services or sell medicines.""
  - ""the environs of temples, so-called 'marriage halls' and jewelry shops can be attractive locations for snatchers.""
  - ""The discrete crime location choice method takes as a starting point an individual who is motivated to commit a snatching offense and is faced with the decision of where to commit it.""
  - ""To compare the 201 wards amongst each other, the offender assesses and compares their characteristics.""
  - ""Two variables, ward area and ward population, were included as control variables because they are likely to affect target availability generally without being directly linked to any theoretical framework.""
  - ""The estimated odds ratio of the log-distance effect is 0.36 in Model 1 and 0.35 in Model 2.""
  - ""The next hypothesis is the repeat offending hypothesis.""
  - ""The hypothesis translates into several partial hypotheses, one for each type of facility distinguished.""
  - ""The odds ratios of 12.72 in Model 1 and 10.72 in Model 2 are quite similar, and indicate a large and statistically significant effect: the odds of selecting a ward are ~ 12 times larger if the offender has previously committed a snatching offense in the ward than if the offender had not committed a previous snatching offense in the ward.""",,"- The study uses data from the State Crime Records Bureau, which includes information on the time, date, location, age, gender, and address of offenders, serving as demographic variables.
- The study examines the role of crime generators and attractors, such as transport hubs, schools, retail facilities, personal care services, medical facilities, temples, marriage halls, and jewelry shops, as independent variables.
- The distance from the offender's home to the crime location is a key independent variable, as indicated by the log-distance effect.
- The repeat offending hypothesis is another independent variable, as it assesses whether offenders are more likely to reoffend in locations where they have previously committed crimes.
- Ward area and ward population are used as control variables to account for general target availability.
- The study uses a discrete crime location choice model, which includes various facility types as independent variables to assess their influence on snatching location choices.","  - ""Table 3 presents the results of two conditional logit models. The first column holds the names of the predictor variables.""
  - ""The first column holds the names of the predictor variables. It includes in parenthesis the units in which they were entered into the model.""
  - ""The estimated odds ratio of the log-distance effect is 0.36 in Model 1 and 0.35 in Model 2.""
  - ""The odds ratios of 12.72 in Model 1 and 10.72 in Model 2 are quite similar, and indicate a large and statistically significant effect: the odds of selecting a ward are ~ 12 times larger if the offender has previously committed a snatching offense in the ward than if the offender had not committed a previous snatching offense in the ward.""
  - ""the evidence for this hypothesis is mixed. Whereas we find that the estimated effects of some types of facilities are positive and statistically significant (churches, educational institutions, marriage halls, personal care businesses, parks, restaurants and business offices), the majority are not.""
  - ""The next hypothesis is the repeat offending hypothesis. Both Model 1 and Model 2 confirm that wards in which the offender has previously offended are much more likely to become targets of the same offender than wards where the offender never offended.""
  - ""the crime generators and attractors hypothesis, we assumed that larger numbers of facilities in a ward increase the availability of suitable snatching targets to offenders, in particular if the potential victims carry CRAVED items.""",,"- The paper provides results from conditional logit models, which are regression models used to analyze the choice of snatching locations by offenders.
- The variable names are listed in the first column of Table 3, which presents the results of these models.
- The log-distance effect is mentioned, indicating that distance from the offender's home is a predictor variable.
- The repeat offending hypothesis is confirmed by the models, suggesting that prior offending locations are also predictor variables.
- The crime generators and attractors hypothesis involves various types of facilities, such as churches, educational institutions, and parks, which are likely predictor variables in the models.
- The paper does not provide explicit variable names in the text, but based on the context and the description of the models, these can be inferred as predictor variables."
AWARENESS × OPPORTUNITY: TESTING INTERACTIONS BETWEEN ACTIVITY NODES AND CRIMINAL OPPORTUNITY IN PREDICTING CRIME LOCATION CHOICE,Barbara Menting,-,-,,14,2018,"Total Study Area Size: Not specified (average area size of postal code areas is 1.68 km²)
Study Area Description: Three municipalities in the greater The Hague area: The Hague, Rijswijk, and Leidschendam-Voorburg
Area Calculation Method: Not mentioned
Area Source: Paper provides average area size of postal code areas
Alternative Size Info: Average area size of postal code areas is 1.68 km²
Context Notes: Study area consists of 76 postal code areas","1. Residential area of the offender | Dummy variable indicating whether the offender lived in the area | 1 = yes; 0 = no | BRP residential history data
2. Residential area of family | Dummy variable indicating whether family members lived in the area | 1 = yes; 0 = no | BRP residential history data
3. Number of bars/restaurants/hotels | Count of facilities in each postal code | Natural log (ln) transformed and z-standardized | LISA data
4. Collective efficacy | Measure of social cohesion and trust | Z-standardized score | SPAN community survey
5. Former residential area of the offender | Dummy variable indicating previous residential areas | 1 = yes; 0 = no | BRP residential history data
6. Distance between offender's residential area and crime location | Euclidean distance in kilometers | Replaced with average distance for zero values | Police data
7. Previous crime locations | Dummy variable indicating whether the offender had committed a prior offence in the area | 1 = yes; 0 = no | Police data
8. Other facilities (shops, schools) | Count of facilities in each postal code | LISA data
9. Number of employees | Sum of employees in each postal code | LISA data
10. Neighborhood disorder | Measure of disorder in each postal code | SPAN community survey
11. Population density | Number of residents divided by surface area | Statistics Netherlands
12. Proportion of single-person households | Percentage of single-person households in each postal code | Statistics Netherlands
13. Proportion of residents with a non-western background | Percentage of residents with a non-western background in each postal code | Statistics Netherlands","1. Residential area of the offender
2. Residential area of family
3. Number of bars/restaurants/hotels
4. Collective efficacy
5. Former residential area of the offender
6. Distance between the offender's residential area and the crime location
7. Previous crime locations
8. Other facilities that attract people (shops and schools)
9. Number of employees
10. Neighborhood disorder
11. Population density
12. Proportion of single-person households
13. Proportion of residents with a non-western background","  - ""The study area consisted of three municipalities in the greater The Hague area in the Netherlands: The Hague, Rijswijk, and Leidschendam-Voorburg.""
  - ""The three municipalities in this study contained 82 postal code areas in 2006-2009. Postal code areas were includable when community survey data were available, which applied to 76 (92.7%) of the postal codes in the area""",,"- The study area is described as consisting of three municipalities in the greater The Hague area in the Netherlands: The Hague, Rijswijk, and Leidschendam-Voorburg.
- The study area includes 76 postal code areas, which are the spatial units of analysis.
- The average area size of these postal code areas is given as 1.68 km², with a standard deviation of 2.61 and a range from 0.12 to 22.26 km².
- The total study area size can be estimated by multiplying the average area size by the number of postal code areas, but the paper does not provide a direct total area size calculation.","  - ""The current study aims to test: (1) whether the effects of two distinct activity nodesthe offender's residential area and the residential area of family of the offender-on crime location choice differs under different conditions of two indicators of criminal opportunity-the number of bars/restaurants/hotels and collective efficacy-in the area; and (2) whether the effect of the number of bars/restaurants/hotels, and the level of collective efficacy on crime location choice differs between areas that are residential areas of offenders and of their family and areas that are not.""
  - ""Two dummy variables were constructed. Residential area of the offender (1 = yes; 0 = no) indicated those postal codes in the study area in which the offender lived at the time of the offence. Similarly, residential area of family (1 = yes; 0 = no) indicated each of the 76 postal codes in which at least one parent, sibling and/or child of the offender lived at the time of the offence.""
  - ""The number of bars/restaurants/hotels was assessed using LISA (Dutch: 'Landelijk Informatiesysteem Arbeidsplaatsen') data on the locations and other characteristics of all businesses and facilities in the study area in 2006-2009""
  - ""Collective efficacy was measured with a community survey, which was part of the Study of Peers, Activities and Neighborhoods (SPAN) project""
  - ""Several control variables were included in the models. First, because previous residential areas of the offender were also found to have an increased chance of being targeted (Bernasco 2010), the dummy variable former residential area of the offender was constructed (1 = yes; 0 = no) from the BRP residential history data.""
  - ""Another control variable is distance between the offender's residential area and the crime location.""
  - ""Analyses were also controlled for previous crime locations.""
  - ""Several other postal code area characteristics were also taken into account. These include other types of facilities that attract people, such as shops and schools, which may also generate/attract crime""
  - ""the number of employees indicates the presence of people-who may be guardians, targets or offenders-in an area, so the sum of employees of all businesses in LISA was calculated for each postal code""
  - ""Furthermore, analyses were controlled for neighbourhood disorder, constructed for each postal code in a similar way as collective efficacy using the SPAN community survey.""
  - ""To control for residential population characteristics, three crime year specific variables were constructed for each postal code using census-like statistics from Statistics Netherlands: population density (number of residents divided by surface, obtained from the Ministry of the Interior and Kingdom Relations 2014), proportion of single-person households, and proportion of residents with a non-western background.""",,"- The study uses several independent variables to predict crime location choice. These include activity nodes such as the offender's residential area and the residential area of their family, which are used as dummy variables.
- The number of bars/restaurants/hotels and collective efficacy are used as indicators of criminal opportunity.
- Control variables include former residential area of the offender, distance between the offender's residential area and the crime location, previous crime locations, and other postal code area characteristics like shops and schools.
- The study also controls for neighborhood disorder and residential population characteristics such as population density, proportion of single-person households, and proportion of residents with a non-western background.","  - ""Main effects of activity nodes, criminal opportunity characteristics, and control variables were tested first.""
  - ""Subsequently, interaction effects were tested by adding the interaction term/product of the activity node and the opportunity characteristic to the main effects model.""
  - ""The conditional logit models were estimated using a data matrix of 994,688 rows, containing 76 rows for each of the 13,088 offences (per offence, one row for each of the 76 alternative postal codes that could have been chosen).""
  - ""Several control variables were included in the models. First, because previous residential areas of the offender were also found to have an increased chance of being targeted (Bernasco 2010), the dummy variable former residential area of the offender was constructed (1 = yes; 0 = no) from the BRP residential history data.""
  - ""Another control variable is distance between the offender's residential area and the crime location.""
  - ""Analyses were also controlled for previous crime locations.""
  - ""Several other postal code area characteristics were also taken into account. These include other types of facilities that attract people, such as shops and schools, which may also generate/attract crime""
  - ""Also the number of employees indicates the presence of people-who may be guardians, targets or offenders-in an area, so the sum of employees of all businesses in LISA was calculated for each postal code (part-time employee = 0.5).""
  - ""Furthermore, analyses were controlled for neighbourhood disorder, constructed for each postal code in a similar way as collective efficacy using the SPAN community survey.""
  - ""To control for residential population characteristics, three crime year specific variables were constructed for each postal code using census-like statistics from Statistics Netherlands: population density (number of residents divided by surface, obtained from the Ministry of the Interior and Kingdom Relations 2014), proportion of single-person households, and proportion of residents with a non-western background.""",,"- The paper discusses the use of discrete choice models to test interactions between activity nodes and criminal opportunity indicators. This suggests that the regression tables will include these variables as predictors.
- The main effects model includes activity nodes (residential area of the offender and residential area of family) and criminal opportunity characteristics (number of bars/restaurants/hotels and collective efficacy).
- Control variables mentioned include former residential area of the offender, distance between the offender's residential area and the crime location, previous crime locations, other facilities that attract people (shops and schools), number of employees, neighborhood disorder, population density, proportion of single-person households, and proportion of residents with a non-western background.
- These variables are likely to be listed in the regression tables as predictors."
"Assessing the Influence of Prior on Subsequent Street Robbery Location Choices: A Case Study in ZG City, China","Dongping Long, Lin Liu, Jiaxin Feng, Suhong Zhou, Fengrui Jing",-,-,Sustainability,21,2018,"Total Study Area Size: Approximately 3197.86 km²
Study Area Description: 1973 communities
Area Calculation Method: Calculated from community count and average size
Area Source: Paper data
Alternative Size Info: None found
Context Notes: None","1. Gender | Demographic information | Categorical | Dataset
2. Nationality | Demographic information | Categorical | Dataset
3. Repeat Location | Indicator of same location for prior and subsequent robbery | Binary | Dataset
4. Time Interval Between Two Robberies | Time between prior and subsequent offenses | Days | Dataset
5. Distance of Journey to Prior Robbery | Distance between residence and prior crime location | Euclidean distance | Dataset
6. Not Arrested in the Act of Prior Robbery | Indicator of arrest status for prior robbery | Binary | Dataset
7. Transportation hubs | Community feature | Presence/absence | POI data
8. Subway stations | Community feature | Presence/absence | POI data
9. Bus stations | Community feature | Presence/absence | POI data
10. Bars and clubs | Community feature | Presence/absence | POI data
11. Cybercafés | Community feature | Presence/absence | POI data
12. Malls and supermarkets | Community feature | Presence/absence | POI data
13. High schools | Community feature | Presence/absence | POI data
14. Surveillance cameras | Community feature | Presence/absence | POI data
15. Daily human mobility | Community feature | Measure of mobility | POI data
16. Socioeconomic heterogeneity | Community feature | Measure of heterogeneity | POI data
17. Distance of journey to subsequent robbery | Distance between residence and subsequent crime location | Log of Euclidean distance | Dataset","1. Time Interval Between Two Robberies
2. Distance of Journey to Prior Robbery
3. Not Arrested in the Act of Prior Robbery","  - ""The study area covers 1973 communities (Figure 2 ), with an average size of 1.62 km 2""
  - ""The study area covers 1973 communities (Figure 2 ), with an average size of 1.62 km 2 . The standard deviation of the size of the communities is 2.85, the minimum size of 0.001 km 2 and the maximum size of 43 km 2""",,"- The paper provides specific information about the study area size by mentioning the number of communities and their average size.
- The average size of each community is given as 1.62 km².
- The total number of communities is 1973.
- To calculate the total study area size, we can multiply the number of communities by the average size of each community: 1973 communities × 1.62 km²/community = approximately 3197.86 km².
- The paper does not provide a direct total area size, but it gives enough information to calculate it.
- The study area description is provided as covering 1973 communities.
- The area calculation method is implied to be based on the average size of communities.
- The area source is the paper itself, as it provides the necessary data for calculation.
- There are no alternative size information or context notes provided in the paper.","  - ""The data includes 11,455 cleared robberies, among which 67 percent were committed by a single robber without accomplices, 17 percent were committed by two robbers, and 16 percent were committed by three or more robbers.""
  - ""The dataset contains information on offenders of cleared robberies. It includes the time and date of street robberies; the address and spatial coordinates of street robberies (with 1 m resolution); the residence of street robbers (address and geographic coordinates with 1 m resolution); and their identity information such as gender, nationality, hukou status (locals vs. immigrants), name, date of birth, and so on; as well as the object, the tool, the place, and the way of committing crime; and the amount of lost property or money.""
  - ""A variable named Repeat Location is created to indicate if the location of a prior robbery is the same as that of a subsequent robbery.""
  - ""a variable named ""Time Interval Between Two Robberies"" is measured in days between the prior and subsequent offenses""
  - ""a variable named ""Distance of Journey to Prior Robbery"" is calculated by Euclid distance between the street robber's residence and prior offense location.""
  - ""a variable named ""Not Arrested in the Act of Prior Robbery"" examines whether previous crime experiences affect the subsequent street robbery location choices.""
  - ""Considering the context of Chinese cities, the four categories of community variables in Figure 1 are complicated into the following: (1) transportation hubs; (2) subway stations; (3) bus stations; (4) bars and clubs; (5) Cybercafés; (6) malls and supermarkets; (7) high schools; (8) surveillance cameras; (9) daily human mobility; and (10) socioeconomic heterogeneity.""
  - ""In addition, (11) distance of journey to subsequent robbery (Distance of JCR), it also used as the value of log of the Euclidean distance between the street robber's residence and subsequent crime location.""
  - ""The mixed logit model is a family of discrete choice models that estimate the probability of individuals selecting one outcome from exhaustive, mutually exclusive, and limited set of options""",,"- The paper describes several variables used in the analysis, including demographic data like gender and nationality, which are part of the dataset.
- The ""Repeat Location"" variable is used to indicate if a subsequent robbery occurred in the same location as a prior one.
- The ""Time Interval Between Two Robberies"" variable measures the time between prior and subsequent offenses, which is a temporal variable.
- The ""Distance of Journey to Prior Robbery"" variable calculates the distance between a robber's residence and the prior crime location, which is a distance measure.
- The ""Not Arrested in the Act of Prior Robbery"" variable examines the impact of arrest on subsequent crime location choices.
- Community variables such as transportation hubs, subway stations, and socioeconomic heterogeneity are used as control variables.
- The distance to subsequent robbery is also considered as a control variable.","  - ""Results of mixed logit models (odds ratios, standard error, z-scores, significance level and 95% confidence intervals, etc.) are listed in Tables 4 5 6""
  - ""Three models, such as Model 1, Model 2, and Model 3 respectively tested the effects of time, place, and not being arrested in the act of prior offending on subsequent street robbery location choice.""
  - ""In Table 4 , the odds ratios of variables larger than 1 indicate positive effects, and the larger the odds ratios are, the greater the positive effects.""
  - ""Model 2 doesn't verify Hypothesis 2 that the influence of ""Distance of Journey to Prior Robbery"" on subsequent crime location choice (Table 5""
  - ""In line with Hypothesis 3, the third model in Table 6 shows the results for the test of whether not being arrested in the act in a previously targeted area influences street robbers' subsequent crime location choice.""
  - ""The mixed logit model is a family of discrete choice models that estimate the probability of individuals selecting one outcome from exhaustive, mutually exclusive, and limited set of options""
  - ""The probability is based on observed characteristics of the choosers, the options, and unobserved factors.""",,"- The paper mentions that the results of mixed logit models are listed in Tables 4, 5, and 6, which are likely to contain the predictor variables used in the study.
- The paper describes three models that test different hypotheses related to time, place, and being arrested, indicating that these are the predictor variables.
- The mention of odds ratios and statistical significance in these tables suggests that they contain the results of regression analyses, which would include predictor variables.
- The paper explicitly mentions ""Time Interval Between Two Robberies,"" ""Distance of Journey to Prior Robbery,"" and ""Not Arrested in the Act of Prior Robbery"" as variables tested in the models.
- The context suggests that these variables are used as predictors in the regression models to assess their impact on subsequent street robbery location choices."
Familiar Locations and Similar Activities: Examining the Contributions of Reliable and Relevant Knowledge in Offenders' Crime Location Choices,"Sophie Curtis-Ham, Wim Bernasco, Oleg N Medvedev, Devon L L Polaschek",-,-,-,-,-,Not specified (the paper does not provide a total study area size in km²),"1. Home addresses | Location of offenders' homes | Geographic coordinates | Police data
2. Family members' home addresses | Location of family members' homes | Geographic coordinates | Police data
3. Work | Location of offenders' workplaces | Geographic coordinates | Police data
4. School | Location of offenders' educational institutions | Geographic coordinates | Police data
5. Prior offenses | Location of previous crimes committed by offenders | Geographic coordinates | Police data
6. Victimizations | Location of offenses where offenders were victims | Geographic coordinates | Police data
7. Non-crime incidents | Location of non-crime incidents involving offenders | Geographic coordinates | Police data
8. Other police contacts | Location of miscellaneous police encounters | Geographic coordinates | Police data
9. Reliability index | Measure of familiarity with an area | Scale (0-1) | Calculated from frequency, recency, duration
10. Relevance index | Measure of similarity of activities to future crime | Scale (0-1) | Calculated from behavior, location type, hour, day, season similarity
11. Distance to activity nodes | Proximity to activity locations | Meters | Calculated from geographic coordinates
12. Opportunity variables | Number of potential crime targets | Count | NZ Statistics Census and Business Demography data
13. Gender | Offender gender | Categorical (male/female) | Police data
14. Age | Offender age | Years | Police data","1. H f H s
2. H f L s
3. L f H s
4. L f L s
5. Opportunity variable","  - ""The study illustrates both the opportunities and challenges involved in employing this methodological paradigm with police administrative data.""
  - ""The present findings build on prior studies that employed DSCMs to study individual reliability and relevance variables in isolation (e.g., Bernasco, 2019;Ruiter, 2017;van Sleeuwen et al., 2021), by demonstrating how these variables operate collectively.""
  - ""the alternatives are the neighborhoods (""Statistical Area 2"" Census Units, or ""SA2s"") from which offenders are selecting when deciding where to commit crime.""",,"- The study uses ""Statistical Area 2"" (SA2) census units as the spatial unit for analysis, which indicates that the study area is divided into these units.
- The paper provides a description of the size of these SA2s, stating that they ""usually contain 2,000-4,000 residents"" and have a ""median of 1.2 km² land area, with 50% sized between 0.84 and 2.2 km².""
- This information suggests that the study area is composed of multiple SA2s, but the total size of the study area is not explicitly mentioned in terms of total km².
- The focus of the study is on the reliability and relevance of offenders' knowledge of locations, rather than on the total size of the study area.
- The paper does not provide a direct statement or calculation for the total study area size in km².","  - ""Using discrete choice models, we analyzed offenders' pre-offense activity locations from police data (home addresses, family members' home addresses, work, school, prior offenses, victimizations, non-crime incidents, and other police contacts)""
  - ""The study illustrates both the opportunities and challenges involved in employing this methodological paradigm with police administrative data.""
  - ""We first describe the existing literature considering relationships between individuals' prior activity locations and their crime location choices.""
  - ""A range of studies demonstrate links between individual prior activity factors and crime location choice.""
  - ""Offenders were most likely to offend where their prior activity locations indicated they had highly reliable and highly relevant knowledge-where they were both highly familiar with the area and had conducted similar activities-and less likely where offenders had less familiarity or less similar activities.""
  - ""The hypothesis (H1) predicts that crime is more likely ""near"" to activity nodes with certain attributes and in crime location choice research, near is often operationalized as meaning ""within the same spatial unit.""""
  - ""We therefore included a range of ""near"" distances and expected the hypothesized associations to be stronger at shorter than at longer distances.""
  - ""Opportunity variables were derived from NZ Statistics Census and Business Demography data""
  - ""For each crime type we ran a conditional logit model involving four reliability-relevance categories (H f H s , H f L s , L f H s , L f L s )×6 distance bands (within SA2 plus 5 outside) + 1 opportunity variable = 25 estimates.""
  - ""The outcome variable reflects each offender's choice of crime location: in which of the 2,153 SA2s the reference offense was committed.""
  - ""The theoretical model we tested is universal to all crime, so we analyzed a range of crime types varying in target (premises versus people) and motivation (acquiring property versus sexual violence).""
  - ""Pre-offense activity locations were also sourced from NIA and included the locations of: offenders' and their family members' home addresses (about 15% and 46% of activity locations, respectively); school and other educational institutions attended by the offenders (1%); their workplaces (<1%); previous offenses they committed (15%); offenses they were involved in as a victim or witness (4%); non-crime incidents in which they were involved (4%); and miscellaneous encounters with or sightings by police labeled, for example, as ""spoken to at,"" ""seen at,"" ""frequents,"" or ""arrested at"" (14%).""
  - ""The activity location data included attributes that were used to code the reliability and relevance variables as described below.""
  - ""First, reliability and relevance variables (e.g., recency, behavior similarity) were calculated for each prior activity node, as summarized in Table 1 and further detailed in Supplemental Material S1.""
  - ""Second, we averaged the reliability variables (frequency, recency, and duration) and relevance variables (behavior, location type, hour, day, and season similarity) to create indices representing the latent constructs of reliable and relevant knowledge.""
  - ""Third, we combined the indices into a categorical variable reflecting H1(a) to (c), based on whether the activity node was ""high"" (greater or equal to the 50th percentile) or ""low"" (below the 50th percentile) on each index.""
  - ""For crimes targeting particular types of premises-residential burglary, non-residential burglary, and commercial robbery-the opportunity measures directly captured the number of those types of premises per SA2""
  - ""For personal robbery and sex offenses, we used the number of business units in commercial or public industries (as for commercial robbery plus industries such as transport, education, and health care).""
  - ""The offenders were mostly male (ranging from 80% male for personal robbery to 97% for sex offenses) with a median age of 18-21 for the property offenses and 28 for sex offenses.""",,"- The study uses discrete choice models to analyze the relationship between offenders' pre-offense activity locations and their crime location choices. This indicates that activity locations are used as independent variables.
- The paper discusses the reliability and relevance of offenders' knowledge of locations, which are calculated based on frequency, recency, duration, and similarity of activities. These are independent variables used to predict crime location choices.
- The study includes various types of activity locations such as home addresses, family members' home addresses, work, school, prior offenses, victimizations, non-crime incidents, and other police contacts as independent variables.
- Distance measures are used as independent variables, with the study examining the effect of proximity to activity nodes on crime location choice.
- Opportunity variables derived from census and business demography data are used as independent variables to control for the presence of potential crime targets.
- Demographic variables such as gender and age are mentioned as characteristics of the offenders, which could be used as independent variables in the analysis.
- The study uses categorical variables based on reliability and relevance indices to predict crime location choices, indicating these are independent variables.","  - ""To test our hypothesis, we used discrete spatial choice models (DSCMs).""
  - ""For each crime type we ran a conditional logit model involving four reliability-relevance categories (H f H s , H f L s , L f H s , L f L s )×6 distance bands (within SA2 plus 5 outside) + 1 opportunity variable = 25 estimates.""
  - ""The results are illustrated in Figure 2 , which displays the 95% confidence intervals around the ORs.""
  - ""The exact statistics and Wald tests statistics are reported in Supplemental Materials S3 and S4, respectively.""
  - ""Table 2 provides the model summary statistics for each crime type.""
  - ""We exponentiate these estimated parameters to report them as odds ratios (ORs).""",,"- The paper uses discrete spatial choice models (DSCMs) to test hypotheses, which involves regression-like models.
- The conditional logit model is specifically mentioned, which is a type of regression model used to estimate the probability of choosing a particular alternative.
- The model includes four reliability-relevance categories and six distance bands, which are likely to be predictor variables.
- The mention of odds ratios (ORs) suggests that these are derived from regression coefficients, which are typically found in regression tables.
- The paper refers to supplemental materials for exact statistics and Wald tests, which are common in regression analysis.
- The model summary statistics are provided in a table, which likely includes the predictor variables."
Traveling Alone or Together? Neighborhood Context on Individual and Group Juvenile and Adult Burglary Decisions,"Alyssa W Chamberlain, Lyndsay N Boggess, Taylor Fisher",-,-,Crime and delinquency,3,2022,Not specified (the paper does not provide a direct measurement of the study area size in square kilometers or any other unit),"1. Concentrated Disadvantage | Factor score of poverty, unemployment, single-parent households, and median income | Census data | US Census
2. Residential Stability | Factor score of average length of residence, recent household moves, and homeownership | Census data | US Census
3. Racial/Ethnic Heterogeneity | Herfindahl Index | Census data | US Census
4. Occupied Housing Units | Percentage of occupied units | Census data | US Census
5. Economic Inequality | Gini coefficient | Census data | US Census
6. Racial Composition | Percent Black residents and percent Latino residents | Census data | US Census
7. Distance to Target | Euclidean distance in miles | Geocoded data | ArcGIS","1. Concentrated disadvantage
2. Residential stability
3. Racial/ethnic heterogeneity
4. Percent occupied housing units
5. Gini coefficient
6. Percent Black residents
7. Percent Latino residents
8. Distance from home to target neighborhood","  - ""We use data from the Tampa, Florida between January 2000 and September 2012.""
  - ""The city police department provided data for all arrests for burglaries over a 13-year period of time, totaling 7,124 burglary incidents corresponding to 9,288 unique suspects.""
  - ""We geocoded the incident and home addresses using ArcGIS 10.6.""
  - ""We exclude incidents with an unknown or incorrect address, addresses listing a P.O. box or correctional facility, as well as incidents where the suspect lives outside of the city boundaries.""
  - ""The final sample includes 4,920 burglary arrests nested in 6,165 suspects.""
  - ""To assess the potential influence of neighborhood characteristics on burglary decision making, we include demographic and economic data from the US Census for all 334 block groups in the city.""
  - ""However, a handful of block groups were removed due to missing data on some Census variables, leaving the total number of neighborhoods analyzed at 304.""",,"- The study is conducted in Tampa, Florida, as indicated by the use of data from this city.
- The study uses data from the city police department, which suggests that the study area is confined to the city limits.
- The use of ArcGIS for geocoding addresses implies that the study area is defined by geographic boundaries within the city.
- The exclusion of incidents outside city boundaries further supports that the study area is limited to the city of Tampa.
- The mention of 334 block groups and the subsequent analysis of 304 neighborhoods suggests that the study area is divided into these geographic units.
- However, the paper does not provide a direct measurement of the study area size in square kilometers or any other unit.","  - ""We include a number of economic and demographic variables to assess how neighborhood characteristics might influence a suspect's decision to target a neighborhood, and whether those characteristics differ between juveniles and adults or co-offending status.""
  - ""We incorporate Census data from 2000 and 2010.""
  - ""We include a measure of concentrated disadvantage, which is a factor score comprised of (1) the percentage of residents below poverty, (2) the percentage of residents unemployed, (3) the percentage of single-parent households, and (4) median income.""
  - ""We capture residential stability with a factor including (1) average length of residence, (2) the percentage of households that moved into their residence within the last 5 years, and (3) the percentage of homeowners.""
  - ""We include a measure of racial/ethnic heterogeneity that was calculated using the Herfindahl Index""
  - ""We include a measure of the percent occupied housing units,""
  - ""To account for relative economic inequality, we employ the Gini coefficient.""
  - ""Finally, we control for the racial composition of the neighborhood by including a measure of the percent Black residents and the percent Latino residents.""
  - ""An important consideration is the distance that a suspect may have to travel to access a particular neighborhood.""
  - ""we calculate the Euclidean distance in miles between a suspect's home and the 304 neighborhoods in the city using the longitude and latitude coordinates of the suspect's home address and the location of the burglary incident.""",,"- The paper uses various economic and demographic variables to assess neighborhood characteristics and their influence on target selection.
- The variables include measures of concentrated disadvantage, residential stability, racial/ethnic heterogeneity, occupied housing units, economic inequality (Gini coefficient), and racial composition (percent Black and Latino residents).
- Distance measures are also included, specifically the Euclidean distance between a suspect's home and potential target neighborhoods.
- These variables are used to predict the likelihood of a neighborhood being targeted for burglary, making them independent variables in the study's statistical models.","  - ""We include a number of economic and demographic variables to assess how neighborhood characteristics might influence a suspect's decision to target a neighborhood, and whether those characteristics differ between juveniles and adults or co-offending status.""
  - ""We include a measure of concentrated disadvantage, which is a factor score comprised of (1) the percentage of residents below poverty, (2) the percentage of residents unemployed, (3) the percentage of single-parent households, and (4) median income.""
  - ""We capture residential stability with a factor including (1) average length of residence, (2) the percentage of households that moved into their residence within the last 5 years, and (3) the percentage of homeowners.""
  - ""We include a measure of racial/ethnic heterogeneity that was calculated using the Herfindahl Index""
  - ""We include a measure of the percent occupied housing units,""
  - ""To account for relative economic inequality, we employ the Gini coefficient.""
  - ""Finally, we control for the racial composition of the neighborhood by including a measure of the percent Black residents and the percent Latino residents.""
  - ""We employ a discrete choice modeling framework (see Bernasco & Nieuwbeerta, 2005) to determine the likelihood that a suspect will target a specific neighborhood.""
  - ""An important consideration is the distance that a suspect may have to travel to access a particular neighborhood.""
  - ""we calculate the Euclidean distance in miles between a suspect's home and the 304 neighborhoods in the city using the longitude and latitude coordinates of the suspect's home address and the location of the burglary incident.""
  - ""We employ a conditional logit model to examine the probability that a particular neighborhood will be selected relative to all other remaining options""",,"- The paper discusses various economic and demographic variables used to assess neighborhood characteristics and their influence on target decisions.
- Specific variables mentioned include measures of concentrated disadvantage, residential stability, racial/ethnic heterogeneity, percent occupied housing units, Gini coefficient, and racial composition (percent Black and Latino residents).
- The paper uses a discrete choice modeling framework, which typically involves regression models to predict the likelihood of selecting a particular neighborhood.
- The conditional logit model is specifically mentioned as a method to examine the probability of neighborhood selection, indicating that these variables are used as predictors in the model.
- The distance between a suspect's home and the target neighborhood is also considered, suggesting it is a predictor variable in the model."
Divergent Decision-Making in Context: Neighborhood Context Shapes Effects of Physical Disorder and Spatial Knowledge on Burglars' Location Choice,"Liang Cai, Guangwen Song, Yanji Zhang",-,-,-,-,-,"Total Study Area Size: Approximately 1,583km²
Study Area Description: Central urban area of ZG city
Area Calculation Method: Calculated from community count and average size
Area Source: Author calculation from community data
Alternative Size Info: 1,652 communities, 0.958km² average unit size
Context Notes: Excludes communities without street view images","1. Observed Physical Disorder | Measured using computer vision algorithms on street view images | Binary/Continuous | Street view images
2. Perceived Physical Disorder | Evaluated by volunteer raters and image regression | Binary/Continuous | Street view images
3. Spatial Knowledge | Approximated using geo-referenced mobile phone flows | Continuous | Mobile phone data
4. Neighborhood Concentrated Disadvantage | Binary indicator | Binary | Census data
5. Normalized Mobility Flow | Between neighborhoods | Continuous | Mobile phone data
6. Physical Disorder Level | In neighborhoods | Continuous | Street view images
7. Control Variables | Unspecified | Various | Various
8. Euclidean Distance | Between neighborhoods | Continuous | Geographic data
9. Interaction Terms | Between disadvantage, mobility flows, and physical disorder | Continuous | Statistical model
10. Distance from Home | Euclidean distance from burglar's home | Continuous | Geographic data
11. Population Size | Of destination communities | Continuous | Census data
12. Newer Buildings | Presence of post-2000 buildings | Binary | Census data
13. Number of Floors | In buildings | Continuous | Census data
14. Subway Stations | Number of stations | Continuous | Infrastructure data
15. Bus Stops | Number of stops | Continuous | Infrastructure data
16. Parks | Presence of parks | Binary | Infrastructure data
17. Entertainment Venues | Presence of venues like karaoke bars, Internet cafes, etc. | Binary | Infrastructure data","1. Neighborhood concentrated disadvantage
2. Normalized mobility flow
3. Level of physical disorder
4. Control variables
5. Euclidean distance
6. Interaction terms between neighborhood concentrated disadvantage, mobility flows, and physical disorder
7. Distance from burglar's home
8. Population size
9. Presence of post-2000 newer buildings
10. High-rise buildings
11. Subway stations
12. Bus stops
13. Parks
14. Entertainment venues","  - ""We focus on the central urban area of the city where the majority of population reside and commute and where street view images are available.""
  - ""We use communities (juweihui or cunweihui) as the unit of analysis. Communities are the smallest administrative unit where population census and major survey data are collected.""",,"- The study focuses on the city of ZG in southeast China, specifically the central urban area where most of the population resides and commutes.
- The unit of analysis is communities (juweihui or cunweihui), which are the smallest administrative units for census and survey data.
- The total number of communities in the ZG region is 2,643, with an average geographic area of 2.813km².
- After excluding communities without street view images, the analytical sample consists of 1,652 communities with an average size of 0.958km².
- To calculate the total study area size, we can multiply the number of communities in the analytical sample by their average size: 1,652 communities * 0.958km²/community = approximately 1,583km².","  - ""We measure observed and perceived physical disorder from 107,858 street view images using computer vision algorithms.""
  - ""Geo-referenced mobile phone flows between 1,642 census units are used to approximate offenders' potential spatial knowledge about target neighborhoods.""
  - ""Discrete choice models are estimated separately for burglars from disadvantaged and non-disadvantaged neighborhoods (N=1,972).""
  - ""The utility of each individual community of potential choice is given by = ′ + where are the attributes associated with alternative communities j for individual i and ′ are the corresponding coefficients.""
  - ""Specifically, this study considers the following attributes in burglars' spatial choices: ′ = 1() + 2() + 3() + 4() + 5() + 6() where is binary indicator of whether the potential destination j is a neighborhood of concentrated disadvantage.""
  - ""is the normalized mobility flow between neighborhood of origin i and potential destination j.""
  - ""is the level of physical disorder in neighborhood j.""
  - ""includes all the control variables.""
  - ""represents the Euclidean distance between i and j.""
  - ""Interaction terms between neighborhood concentrated disadvantage, mobility flows, and physical disorder are also included.""
  - ""The likelihood of a community being targeted for burglary reduces as its distance from burglar's home increases,""
  - ""More populated destination communities are also more likely to be targeted,""
  - ""The presence of post-2000 newer buildings strongly predicts burglary risk for both groups of burglars""
  - ""buildings over 9 floors are associated with lower risk of burglary,""
  - ""Transportation facilitations function as crime generators with one more subway station increasing the risk of being targeted""
  - ""Bus stops also significantly increases burglary risk""
  - ""Parks are related to a marginally elevated risk of burglary only for Dis-residing burglars""
  - ""Entertainment venues-karaoke bars, Internet cafes, bars, and cinemas-positively predict burglary among Non-Dis-residing burglars only,""",,"- The study uses observed and perceived physical disorder as independent variables, which are measured using computer vision algorithms on street view images.
- Geo-referenced mobile phone flows are used to approximate spatial knowledge, which is an independent variable.
- The study includes a binary indicator for whether a neighborhood is disadvantaged, which is an independent variable.
- Normalized mobility flow between neighborhoods is an independent variable.
- Physical disorder level in neighborhoods is an independent variable.
- Control variables are mentioned but not specified, so they are included as independent variables.
- Euclidean distance between neighborhoods is an independent variable.
- Interaction terms between disadvantage, mobility flows, and physical disorder are independent variables.
- Distance from the burglar's home is an independent variable.
- Population size of destination communities is an independent variable.
- Presence of newer buildings is an independent variable.
- Number of floors in buildings is an independent variable.
- Transportation facilities like subway stations and bus stops are independent variables.
- Presence of parks and entertainment venues are independent variables.","  - ""The utility of each individual community of potential choice is given by = ′ + where are the attributes associated with alternative communities j for individual i and ′ are the corresponding coefficients.""
  - ""Specifically, this study considers the following attributes in burglars' spatial choices: ′ = 1() + 2() + 3() + 4() + 5() + 6() where is binary indicator of whether the potential destination j is a neighborhood of concentrated disadvantage.""
  - ""is the normalized mobility flow between neighborhood of origin i and potential destination j.""
  - ""is the level of physical disorder in neighborhood j.""
  - ""includes all the control variables.""
  - ""represents the Euclidean distance between i and j.""
  - ""Interaction terms between neighborhood concentrated disadvantage, mobility flows, and physical disorder are also included.""
  - ""Table 2 shows the choice models predicting burglars' target choice, stratified by their residential concentrated disadvantage.""
  - ""Regarding other covariates, we assess the role of distance, key socio-demographic characteristics, and common crime attractors and generators.""
  - ""The likelihood of a community being targeted for burglary reduces as its distance from burglar's home increases, more so for Non-Dis-residing burglars (reduces by a factor of 0.325 and 0.326, p<0.001) than Dis-residing burglars (OR ranges between 0.299 and 0.300, p<0.001).""
  - ""More populated destination communities are also more likely to be targeted, with one unit increase in the population logarithm leading to 98.6%-100.9% higher odds for Non-Dis-residing burglars (p<0.001) and 78.7%-82.2% higher odds for Dis-residing burglars (p<0.001).""
  - ""The presence of post-2000 newer buildings strongly predicts burglary risk for both groups of burglars with OR over 2.4 (p<0.001).""
  - ""buildings over 9 floors are associated with lower risk of burglary, particularly for burglars from disadvantaged communities (OR=0.177, p<0.001).""
  - ""Transportation facilitations function as crime generators with one more subway station increasing the risk of being targeted by 20% among Non-Dis burglars (p<0.05) and over 80%

among Dis burglars (p<0.001).""
  - ""Bus stops also significantly increases burglary risk by 1.2% and 1.6% among Non-Dis and Dis burglars, respectively, for each additional bus stop (p<0.001).""
  - ""Parks are related to a marginally elevated risk of burglary only for Dis-residing burglars (OR=0.05).""
  - ""Entertainment venues-karaoke bars, Internet cafes, bars, and cinemas-positively predict burglary among Non-Dis-residing burglars only, with each additional venue bringing about 4% higher odds (p<0.001) to the local area.""",,"- The paper describes a conditional logit model used to predict burglars' target location choice, which includes several predictor variables.
- The variables mentioned in the model include a binary indicator for neighborhood concentrated disadvantage, normalized mobility flow, level of physical disorder, control variables, Euclidean distance, and interaction terms.
- Additional covariates assessed in the study include distance from the burglar's home, population size, presence of newer buildings, high-rise buildings, transportation facilities like subway stations and bus stops, parks, and entertainment venues.
- These variables are explicitly mentioned as being part of the regression model or as having odds ratios and p-values associated with them, indicating their role as predictors in the study."
Relationships Between Offenders' Crime Locations and Different Prior Activity Locations as Recorded in Police Data,"Sophie Curtis-Ham, Wim Bernasco, Oleg N Medvedev, Devon L L Polaschek",-,-,-,-,-,Not specified (the study provides median land area of SA2 units but not total study area size),"1. Presence of home in SA2 | Presence or absence of offender's home in the SA2 | Binary (1 or 0) | Police database
2. Presence of family homes in SA2 | Presence or absence of family members' homes in the SA2 | Binary (1 or 0) | Police database
3. Presence of school in SA2 | Presence or absence of school or tertiary education locations in the SA2 | Binary (1 or 0) | Police database
4. Presence of prior crimes in SA2 | Presence or absence of prior crimes committed by the offender in the SA2 | Binary (1 or 0) | Police database
5. Presence of prior victim/witness events in SA2 | Presence or absence of prior victim or witness events involving the offender in the SA2 | Binary (1 or 0) | Police database
6. Presence of prior incidents in SA2 | Presence or absence of non-crime events reported to or detected by police in the SA2 | Binary (1 or 0) | Police database
7. Presence of other locations in SA2 | Presence or absence of other recorded locations in the SA2 | Binary (1 or 0) | Police database
8. Distance to home | Distance from SA2 to nearest home node | Distance bands (200 m, 500 m, 1 km, 2 km, 5 km) | Police database
9. Distance to family homes | Distance from SA2 to nearest family home node | Distance bands (200 m, 500 m, 1 km, 2 km, 5 km) | Police database
10. Distance to school | Distance from SA2 to nearest school node | Distance bands (200 m, 500 m, 1 km, 2 km, 5 km) | Police database
11. Distance to prior crimes | Distance from SA2 to nearest prior crime node | Distance bands (200 m, 500 m, 1 km, 2 km, 5 km) | Police database
12. Distance to prior victim/witness events | Distance from SA2 to nearest prior victim/witness event node | Distance bands (200 m, 500 m, 1 km, 2 km, 5 km) | Police database
13. Distance to prior incidents | Distance from SA2 to nearest prior incident node | Distance bands (200 m, 500 m, 1 km, 2 km, 5 km) | Police database
14. Number of dwellings | Number of dwellings in the SA2 | Count | New Zealand Statistics Census and Business Demography data
15. Number of business units | Number of business units in the SA2 | Count | New Zealand Statistics Census and Business Demography data
16. Number of business units in industry categories | Number of business units in specific industries in the SA2 | Count | New Zealand Statistics Census and Business Demography data
17. Number of business units in commercial or public industries | Number of business units in commercial or public industries in the SA2 | Count | New Zealand Statistics Census and Business Demography data","1. Home
2. Family homes
3. School
4. Work
5. Prior offences
6. Prior victim/witness
7. Prior incidents
8. Other location
9. Opportunity (number of potential targets)","  - ""Using discrete spatial choice models, we identified relationships between proximity to pre-crime activity locations recorded in a police database (e.g., offenders' homes, family members' homes, schools, prior crimes, and other police interactions) and the locations of 17,054 residential burglaries, 10,353 non-residential burglaries, 1,977 commercial robberies, 4,315 personal robberies, and 4,421 extra-familial sex offences in New Zealand.""",,"- The study uses data from New Zealand, specifically focusing on various types of crimes and their locations.
- The study area is defined by the use of ""Statistical Area 2"" (SA2) units, which are a standard geographic division in New Zealand.
- The median land area of the SA2s used in the study is provided as 1.2km², with quartiles ranging from 0.84 to 2.2 km².
- The study does not provide a total study area size in km² but gives a median size for the SA2 units used in the analysis.","  - ""Using discrete spatial choice models, we identified relationships between proximity to pre-crime activity locations recorded in a police database (e.g., offenders' homes, family members' homes, schools, prior crimes, and other police interactions) and the locations of 17,054 residential burglaries, 10,353 non-residential burglaries, 1,977 commercial robberies, 4,315 personal robberies, and 4,421 extra-familial sex offences in New Zealand.""
  - ""Each SA2 alternative was also coded 1 or 0 based on the presence or absence of the nearest of each type of node within five distance bands extending to 5 km from the SA2 (with thresholds at 200 m, 500 m, 1 km, 2 km, and 5 km from the SA2 boundary).""
  - ""In line with previous DSCM studies, we operationalised opportunity as the number of potential targets, or an indicator thereof, in each spatial unit.""
  - ""For residential burglary, we used the number of dwellings (see similarly Bernasco and Nieuwbeerta 2005;Frith 2019;Townsley et al. 2015). For non-residential burglary, we used the total number of business units, which directly measures the number of non-residential burglary targets in the SA2.""
  - ""For commercial robbery, we used the number of business units in industry categories that mapped to the types of crime locations used to identify commercial robberies.""
  - ""For personal robbery, we used the number of business units in commercial or public industries, combining the types of facilities included in prior DSCM studies as separate covariates (Bernasco et al. 2013;Long et al. 2018;Song et al. 2019).""
  - ""we used conditional logit models to test our hypotheses (McFadden 1984). The conditional logit model evaluates the likelihood of a choice alternative (SA2) being selected given its attributes (e.g. presence of a home in the SA2, presence of nearest prior crime 200-500 m away).""
  - ""In each model (one per crime type), there were 61 variables: 10 node types × 6 distances (SA2 plus 5 bands) + 1 opportunity variable.""",,"- The study uses discrete spatial choice models to analyze the relationships between various activity locations and crime locations. This indicates that the activity locations are used as independent variables.
- The presence or absence of different types of activity nodes (e.g., home, family homes, schools, prior crimes) within specific distance bands are coded as independent variables.
- The study operationalizes opportunity as the number of potential targets in each spatial unit, which is used as an independent variable.
- Specific variables such as the number of dwellings for residential burglary, total number of business units for non-residential burglary, and number of business units in specific industries for commercial robbery are used as independent variables.
- The study uses conditional logit models, which evaluate the likelihood of choosing a location based on its attributes, including the presence of activity nodes and opportunity variables.","  - ""In each model (one per crime type), there were 61 variables: 10 node types × 6 distances (SA2 plus 5 bands) + 1 opportunity variable.""
  - ""Each SA2 alternative was also coded 1 or 0 based on the presence or absence of the nearest of each type of node within five distance bands extending to 5 km from the SA2 (with thresholds at 200 m, 500 m, 1 km, 2 km, and 5 km from the SA2 boundary).""
  - ""The models provided a good fit to the data with pseudo R 2 values between 0.35 and 0.42 (McFadden 1973), which are at the upper end of the range of values found in other DSCM studies (Table 1""
  - ""The outcome variable reflects the location choice for each offender; from their set of potential SA2s, it is the one in which their reference offence was committed.""
  - ""In line with previous DSCM studies, we operationalised opportunity as the number of potential targets, or an indicator thereof, in each spatial unit.""
  - ""we used conditional logit models to test our hypotheses (McFadden 1984). The conditional logit model evaluates the likelihood of a choice alternative (SA2) being selected given its attributes (e.g. presence of a home in the SA2, presence of nearest prior crime 200-500 m away).""
  - ""For node types, the ORs reflect the increase in odds of an SA2 being chosen given the presence of an activity node of that type at that distance band, compared to no node of that type within 5 km of the SA2.""
  - ""For opportunity, the ORs reflect the increase in odds for every additional 100 opportunity units (e.g., households, businesses) in the SA2.""",,"- The paper mentions that there are 61 variables in each model, which includes 10 node types and 1 opportunity variable. This suggests that the predictor variables are related to the presence of different types of activity nodes and the opportunity variable.
- The paper describes how each SA2 alternative is coded based on the presence or absence of different types of nodes within specific distance bands. This indicates that the predictor variables include these node types at various distances.
- The use of conditional logit models implies that the predictor variables are used to evaluate the likelihood of choosing a particular SA2 based on its attributes.
- The paper specifies that the opportunity variable is operationalized as the number of potential targets in each spatial unit, which is a predictor variable.
- The mention of odds ratios (ORs) for node types and opportunity suggests that these are the variables being analyzed in the regression models."
WHERE OFFENDERS CHOOSE TO ATTACK: A DISCRETE CHOICE MODEL OF ROBBERIES IN CHICAGO*,"Wim Bernasco, Richard Block",-,-,,277,2009,Not specified (the paper does not provide a direct measurement of the total study area size in square kilometers or any other unit),"1. Racial and ethnic dissimilarity | Measure of social barrier | 0 to 1 | Census tract data
2. Gang territorial dissimilarity | Measure of social barrier | 0 to 1 | Police records
3. Presence of drug dealers and their customers | Attractive target | Count | Police records
4. Presence of prostitutes and their customers | Attractive target | Count | Police records
5. High-school students | Attractive target | Count | School data
6. Number of employees of retail establishments | Attractive target | Count | Marketing data
7. Collective efficacy | Informal guardianship | Survey-based measure | Sampson et al. (1997)
8. Logarithm of distance in kilometers | Distance measure | Kilometers | Census tract data
9. Indicator for offender's resident tract | Distance measure | Dummy variable | Census tract data
10. Size of resident tract population | Opportunity measure | Number of residents | Census tract data
11. Racial and ethnic composition of destination tracts | Demographic measure | Categorical | Census tract data
12. Age of the offender | Demographic measure | Years | Police records","1. Distance
2. Racial and ethnic dissimilarity
3. Gang territorial dissimilarity
4. Drug dealers and their customers
5. Prostitutes and their customers
6. High-school students
7. Number of employees of retail establishments
8. Collective efficacy","  - ""In the spatial choice model, the spatial unit of analysis applies to the definition of what it is that offenders choose when they decide where to offend. In line with many other studies of spatial choice (Block and Block, 1995;Boggs, 1965;Velez, 2001), we use the census tract as our unit of analysis of location choice.""
  - ""Data on the population size and the racial and ethnic composition of the 865 census tracts in the city of Chicago in 2000 were taken from the public files of the U.S. Census Bureau.""
  - ""Tracts with a population below 100 were not used in the analysis, which applies to 21 tracts (2.4 percent); the other 844 census tracts are considered in the analysis.""
  - ""No less than 73 percent of the Chicago robberies were committed outside the census tract in which the offender lived.""
  - ""Testing the model on cleared robbery cases in Chicago in the years 1996-1998,""",,"- The study focuses on Chicago, specifically using data from 1996 to 1998, which indicates the geographic scope of the study.
- The spatial unit of analysis is the census tract, which is a common method for dividing urban areas into smaller, manageable units for study.
- The paper mentions that data was collected from 865 census tracts in Chicago, but 21 tracts were excluded due to low population, leaving 844 tracts for analysis.
- The fact that 73% of robberies occurred outside the offender's home census tract suggests that the study area is not limited to a single tract but encompasses multiple tracts across Chicago.
- However, the paper does not provide a direct measurement of the total study area size in square kilometers or any other unit.","  - ""The model includes two measures of social barriers. Both measures vary between 0 and 1, and both have effects of about the same size in the expected direction.""
  - ""The model includes four measures of the presence of attractive targets in the potential robbery tract: drug dealers and their customers, prostitutes and their customers, high-school students (all ""good"" street robbery victims), and number of employees of retail establishments as an indicator of the overall amounts of retail activity.""
  - ""the model includes collective efficacy as a measure of informal guardianship.""",,"- The paper describes several independent variables used in the statistical models to predict robbery location choice. These include measures of social barriers, attractive targets, collective efficacy, distance measures, population size, and racial/ethnic composition.
- Social barriers are measured by racial and ethnic dissimilarity and gang territorial dissimilarity, which are used to assess how these factors affect offender mobility.
- Attractive targets are represented by the presence of drug dealers and their customers, prostitutes and their customers, high-school students, and retail employment, which are indicators of potential victims and lucrative targets.
- Collective efficacy is included as a measure of informal guardianship, which can deter offenders.
- Distance measures include the logarithm of distance in kilometers and an indicator for the offender's resident tract, which assess the impact of proximity on target choice.
- The size of the resident tract population is used as a measure of opportunity availability.
- The racial and ethnic composition of destination tracts is included to examine how these factors influence target selection based on the offender's background.
- The age of the offender is used as an interaction term to test hypotheses related to differences in target choice between juvenile and adult offenders.","  - ""The estimated coefficients show, first, that the two distance measures have negative effects.""
  - ""The model includes two measures of social barriers. Both measures vary between 0 and 1, and both have effects of about the same size in the expected direction.""
  - ""the model includes collective efficacy as a measure of informal guardianship.""
  - ""The model includes four measures of the presence of attractive targets in the potential robbery tract: drug dealers and their customers, prostitutes and their customers, high-school students (all ""good"" street robbery victims), and number of employees of retail establishments as an indicator of the overall amounts of retail activity.""",,"- The paper discusses several variables that are included in the regression model as predictors. These include measures of social barriers, attractive targets, and collective efficacy.
- The ""two distance measures"" are mentioned as having negative effects, indicating they are part of the model.
- The ""two measures of social barriers"" are described as having effects, suggesting they are included in the model.
- The ""four measures of the presence of attractive targets"" are listed as part of the model, including drug dealers and their customers, prostitutes and their customers, high-school students, and retail employment.
- Collective efficacy is mentioned as a measure of informal guardianship, indicating it is a predictor in the model."
Relative Difference and Burglary Location: Can Ecological Characteristics of a Burglar's Home Neighborhood Predict Offense Location?,"Alyssa W Chamberlain, Lyndsay N Boggess",-,-,,30,2016,"Total Study Area Size: Not specified
Study Area Description: City of Tampa, Florida
Area Calculation Method: Not mentioned
Area Source: Not stated
Alternative Size Info: 334 census block groups
Context Notes: Entire city of Tampa","1. Concentrated Disadvantage Index | Measures economic disadvantage | Composite of poverty, unemployment, median income, and median home value | Census data
2. Residential Stability Index | Measures neighborhood stability | Composite of average length of residence, recent moves, and homeownership | Census data
3. Single-Parent Households | Measures family structure | Percentage | Census data
4. Racial/Ethnic Heterogeneity | Measures diversity | Herfindahl Index | Census data
5. Percent Occupied Units | Measures potential targets | Percentage | Census data
6. Percentage of Black Residents | Measures racial composition | Percentage | Census data
7. Percentage of Latino Residents | Measures racial composition | Percentage | Census data
8. Distance to Crime Site | Measures proximity | Euclidean distance in miles | Geocoded data
9. Squared Distance to Crime Site | Measures non-linear effect of distance | Squared Euclidean distance | Geocoded data","1. Concentrated disadvantage
2. Residential stability
3. Racial/ethnic heterogeneity
4. Single-parent households
5. Percent occupied units
6. Percentage of Black residents
7. Percentage of Latino residents
8. Distance
9. Distance squared","  - ""The final data set contains information on all 334 block groups in the City of Tampa.""
  - ""The final sample includes 5,182 incidents committed by 6,846 suspects which were aggregated to the census block group, the operational definition of neighborhood.""
  - ""We utilize discrete choice modeling on all arrests for burglaries in the City of Tampa, Florida, from January 2000 through September 2012.""",,"- The study focuses on the City of Tampa, Florida, which is the study area.
- The study uses data from all arrests for burglaries in Tampa from January 2000 through September 2012, indicating that the entire city is the study area.
- The data is aggregated to the census block group level, with 334 block groups in the city, which suggests that the study area encompasses these block groups.
- The paper does not provide a specific size in square kilometers or square miles, but it does mention that the study area includes all 334 block groups in Tampa.","  - ""we use principal components factor analysis to create two indices. First, to measure the impact of poverty, we create an index of concentrated disadvantage comprised of (1) the percentage of residents below poverty, (2) the percentage of unemployed, (3) median income, and (4) median home value where the first two variables loaded positively and the latter two variables loaded negatively; higher values indicate greater disadvantage.""
  - ""our equation is as follows:

where Y k is the neighborhood in which the offense was committed, D k is the distance between the suspect's home neighborhood and the target neighborhood with a b 1 effect on neighborhood choice, D 2 k is the squared distance between the suspect's home neighborhood and the target neighborhood with a b 2 effect on neighborhood choice, X k represents the vector of neighborhoodlevel characteristics including concentrated disadvantage, residential stability, racial/ethnic composition, percentage of occupied households, and single-parent households with a G 1 vector of those effects on neighborhood choice,""
  - ""We calculated heterogeneity using the Herfindahl Index (Gibbs and Martin 1962).""
  - ""Second, we create a residential stability index comprised of (1) average length of residence, (2) the percentage of households that moved into their residence within the last five years, and (3) the percentage of homeowners; higher values indicate greater residential stability.""
  - ""We then centered the two distance measures to reduce any potential problems with multicollinearity.""
  - ""we incorporate economic and demographic information using census data from 2000 and 2010.""
  - ""We also include a measure for percent occupied units, which captures the number of targets in a particular neighborhood.""
  - ""Further, we include a separate measure for single-parent households and racial/ethnic heterogeneity, which may play roles in social cohesion or serve as social barriers.""
  - ""We calculate the Euclidean distance in miles between a suspect's home and each of the other neighborhoods in Tampa using the longitude and latitude of the suspect's home address and the longitude and latitude of the address for each burglary incident.""
  - ""We include the percentage of Black residents and the percentage of Latino residents as indicators of racial/ethnic composition that may act as barriers to offending.""",,"- The study uses economic and demographic data from the census to create indices and measures for independent variables.
- The ""concentrated disadvantage"" index is a composite measure of poverty, unemployment, median income, and median home value, indicating economic disadvantage.
- The ""residential stability"" index measures stability through average length of residence, recent moves, and homeownership.
- Single-parent households and racial/ethnic heterogeneity are included as separate measures.
- The Herfindahl Index is used to calculate racial/ethnic heterogeneity.
- The percentage of occupied units is a measure of potential targets.
- Racial/ethnic composition is measured by the percentage of Black and Latino residents.
- Distance to crime sites is calculated using Euclidean distance and squared distance to account for non-linear effects.
- These variables are used in the study's statistical models to predict neighborhood selection for burglary.","  - ""In order to assess how neighborhood characteristics might influence a suspect's decision to target a particular neighborhood, we incorporate economic and demographic information using census data from 2000 and 2010.""
  - ""we use principal components factor analysis to create two indices. First, to measure the impact of poverty, we create an index of concentrated disadvantage comprised of (1) the percentage of residents below poverty, (2) the percentage of unemployed, (3) median income, and (4) median home value where the first two variables loaded positively and the latter two variables loaded negatively; higher values indicate greater disadvantage.""
  - ""Second, we create a residential stability index comprised of (1) average length of residence, (2) the percentage of households that moved into their residence within the last five years, and (3) the percentage of homeowners; higher values indicate greater residential stability.""
  - ""Further, we include a separate measure for single-parent households and racial/ethnic heterogeneity, which may play roles in social cohesion or serve as social barriers.""
  - ""We calculated heterogeneity using the Herfindahl Index (Gibbs and Martin 1962).""
  - ""We also include a measure for percent occupied units, which captures the number of targets in a particular neighborhood.""
  - ""We include the percentage of Black residents and the percentage of Latino residents as indicators of racial/ethnic composition that may act as barriers to offending.""
  - ""In discrete choice models, an individual selects an alternative out of a set of finite options; in this case, the alternatives are the 334 neighborhoods in Tampa and the chosen option is the block group where the suspect burgled.""
  - ""We calculate the Euclidean distance in miles between a suspect's home and each of the other neighborhoods in Tampa using the longitude and latitude of the suspect's home address and the longitude and latitude of the address for each burglary incident.""
  - ""We then centered the two distance measures to reduce any potential problems with multicollinearity.""
  - ""our equation is as follows:

where Y k is the neighborhood in which the offense was committed, D k is the distance between the suspect's home neighborhood and the target neighborhood with a b 1 effect on neighborhood choice, D 2 k is the squared distance between the suspect's home neighborhood and the target neighborhood with a b 2 effect on neighborhood choice, X k represents the vector of neighborhoodlevel characteristics including concentrated disadvantage, residential stability, racial/ethnic composition, percentage of occupied households, and single-parent households with a G 1 vector of those effects on neighborhood choice, and e k represents the error term which is iid (independent and identically distributed) Gumbel distributed.""
  - ""We run a series of three models: (1) We estimate the characteristics of targeted neighborhoods regardless of characteristics of the suspect's home neighborhood, (2) we predict the probability that a neighborhood will be selected for burglary while accounting for the difference between home and target neighborhoods regardless of the directionality of this difference, and

(3) we evaluate the likelihood that a neighborhood will be selected based on the relationship between the characteristics of the home and target neighborhoods.""",,"- The paper uses regression models to analyze the influence of various neighborhood characteristics on burglary target selection.
- The variables used in these models are described in the text as predictors or independent variables.
- The paper mentions specific indices and measures used in the analysis, such as concentrated disadvantage, residential stability, racial/ethnic heterogeneity, single-parent households, percent occupied units, percentage of Black residents, and percentage of Latino residents.
- Distance and squared distance are also included as predictors in the models.
- The paper does not provide explicit tables with variable names and statistical results, but it describes the variables used in the regression models."
Crime Feeds on Legal Activities: Daily Mobility Flows Help to Explain Thieves' Target Location Choices,"Guangwen Song, Wim Bernasco, Lin Liu, Luzi Xiao, Suhong Zhou, Weiwei Liao",-,-,-,-,-,"Total Study Area Size: More than 3000 km²
Study Area Description: Central part of ZG City
Area Calculation Method: Not specified
Area Source: Paper statement
Alternative Size Info: Not applicable
Context Notes: Central part of ZG City","1. Distance | Distance between the home census unit of the offender and potential crime locations | Euclidean distance in kilometers | Police-recorded theft data
2. Relative Mobility Flow | Measure of population mobility between census units | Percentage | Tracked mobile phone data
3. Crime Generators | Presence of facilities like schools, hospitals, stores, and transportation hubs | Count per census unit | POIs from Daodaotong
4. Population Heterogeneity | Proportion of non-local residents | Percentage | Census data","1. Distance (D)
2. Relative mobility flow (F)
3. Primary schools
4. Middle schools
5. Hospitals
6. Basic stores
7. Markets
8. Supermarkets
9. Restaurants
10. Cinemas
11. Bars
12. Banks
13. Subway stations
14. Bus stops
15. Proportion of nonlocals","  - ""The study area comprises 1891 census units in total, of which 275 are not included in the analysis because the lack mobility data due to limited coverage of the GSM mobile phone network, leaving 1616 census units in the analysis.""",,"- The paper explicitly states that the study area covers ""more than 3000 km²,"" which provides a direct measure of the total study area size.
- The size of individual census units is provided, but this is not necessary for calculating the total study area size since the paper already gives a direct measure.
- The number of census units and their average size could be used to estimate the total area, but since the paper provides a direct measure, this is not necessary.
- The study area description is given as being located in the central part of ZG City, which provides some context about the geographic boundaries.","  - ""The key question is thus one that precisely describes the criminal location choice approach (Bernasco and Nieuwbeerta 2005): Given the home location of an offender motivated to commit a crime and given the locations of all potential targets, can we understand and predict where the offender commits the offense?""
  - ""The discrete spatial choice model was introduced by Bernasco and Nieuwbeerta (2005) as a method to analyze crime location choices using individual-level offender data.""
  - ""The model is rooted in a formal theory of discrete choice known as random utility maximization in micro-economics that is consistent with rational choice as applied to offending criminology (Bernasco et al. 2017b; Cornish and Clarke 1986)""
  - ""The utility level U in is a linear function of the characteristics of the census units (or their logarithms):

where U in is the utility that offender i would derive from census unit n, D in is the distance between the home census unit of offender i and census unit n, F in is the relative mobility flow between the home census unit of offender i and census unit n, and X n is a matrix representing the other characteristics of the census units (number of primary schools, number of bus stops, etc.).""
  - ""The list of potential crime generators is sheer endless, but included are those facilities that seem most relevant based on the extant literature and taking into account the Chinese context: the numbers of primary schools, middle schools, hospitals, basic stores, markets, supermarkets, restaurants, cinemas, bars, banks, subway stations and bus stops per census unit.""
  - ""In addition to counting crime generators that are facilities, we also calculated the population heterogeneity for each census tract. In the Chinese context, segregation does not follow racial or ethnic lines as they do in many western countries. In Chinese cities, the main attribute that distinguishes locals from non-locals is their Hukou status. Non-local communities where few residents have local Hukou status are generally characterized by high levels of anonymity, weak social attachments among residents and serious social disorder problems.""
  - ""The size of census units is 1.62 km 2 on average (standard error 2.99 km 2 , minimum 0.02 km 2 , maximum 31.30 km 2 ). The mean population is 5956 (standard error 4706, minimum 245, maximum 51,450).""
  - ""Distances between census units are the Euclidian distances in kilometers.""
  - ""To measure population mobility across the study area, we use the tracked data of mobile phone users.""
  - ""The resulting information was subsequently used to construct a measure of the volume of mobility flows between all pairs of census units.""
  - ""The relative mobility is a percentage calculated as the ratio of the mobility flow and the total number of mobile phone users visiting the home census unit of the offender on a single day (also irrespective of frequency and duration), and multiplying the result by 100.""",,"- The study uses a discrete spatial choice model to analyze crime location choices, which involves individual-level offender data and is based on random utility maximization theory.
- The model includes several independent variables: distance between the offender's home and potential crime locations, relative mobility flow between these locations, and characteristics of census units such as crime generators and population heterogeneity.
- Crime generators include various facilities like schools, hospitals, stores, and transportation hubs, which are expected to attract crime due to their popularity and potential for victimization.
- Population heterogeneity is measured by the proportion of non-local residents, which is relevant in the Chinese context due to the Hukou system.
- Distance is measured as Euclidean distance between census units, which is a common metric for spatial analysis.
- Mobility flows are measured using tracked mobile phone data, which provides insights into the movement patterns of the population.
- The relative mobility measure standardizes the mobility flow by the total number of mobile phone users visiting the offender's home census unit, providing a proportional measure of mobility.","  - ""The utility level U in is a linear function of the characteristics of the census units (or their logarithms):

where U in is the utility that offender i would derive from census unit n, D in is the distance between the home census unit of offender i and census unit n, F in is the relative mobility flow between the home census unit of offender i and census unit n, and X n is a matrix representing the other characteristics of the census units (number of primary schools, number of bus stops, etc.).""
  - ""In Model 1, the presence of schools, markets and bars is not significant. All other facilities, appear to function as crime generators.""
  - ""The inclusion of population mobility flow hardly affects the values and significance levels of the other estimates, as they are similar in Models 1 and 2.""
  - ""The main changes are that the effects of the presence of markets, cinemas and the proportion of nonlocals are smaller and lose significance in Model 2.""
  - ""The list of potential crime generators is sheer endless, but included are those facilities that seem most relevant based on the extant literature and taking into account the Chinese context: the numbers of primary schools, middle schools, hospitals, basic stores, markets, supermarkets, restaurants, cinemas, bars, banks, subway stations and bus stops per census unit.""",,"- The paper discusses the use of a conditional logit model to analyze the role of various factors in offenders' choice of locations for committing theft from the person (TFP).
- The model includes several predictor variables: distance (D), relative mobility flow (F), and other characteristics of census units (X), which include various crime generators.
- The specific crime generators mentioned as predictors include primary schools, middle schools, hospitals, basic stores, markets, supermarkets, restaurants, cinemas, bars, banks, subway stations, and bus stops.
- The paper also mentions the proportion of nonlocals as a predictor variable.
- The focus is on extracting variable names that appear as predictors in regression model tables, which are typically listed in the leftmost column of such tables."
"""Location, Location, Location"": Effects of Neighborhood and House Attributes on Burglars' Target Selection","Christophe Vandeviver, Wim Bernasco",-,-,-,-,-,"Total Study Area Size: 156 km²
Study Area Description: City of Ghent
Area Calculation Method: Not specified
Area Source: Census data
Alternative Size Info: None found
Context Notes: Divided into 193 residential neighborhoods","1. Number of occupants | Number of people registered at the address | Count | Census data
2. Rental status | Whether a residence is rented out or not | Binary | Census data
3. Building construction type | Type of building (detached, semi-detached, terraced, apartment) | Categorical | Census data
4. Number of residences inside the building | Number of units in the building | Count | Census data
5. Median income | Median income averaged for 2005-2012 in € 1000 | Continuous | Census data
6. Residential density | Number of 1000 residences per square kilometer in the neighborhood | Continuous | Census data
7. Proportion non-Belgian residents | Percentage of non-Belgian residents living in the neighborhood | Continuous | Census data
8. Proportion rental units | Percentage of rental units in the neighborhood | Continuous | Census data
9. Prior burglary in neighborhood | Whether the offender had previously committed a burglary in the neighborhood | Binary | Police records
10. Distance | Euclidean distance between the residence and the burglar's home | Continuous | Police records","1. Median income
2. Residential density
3. Proportion non-Belgian residents
4. Proportion rental units
5. Prior burglary in neighborhood
6. Building construction type
7. Number of occupants
8. Number of residences inside the building
9. Rental status
10. Distance","  - ""On average, the 193 residential neighborhoods have a population of 1287 residents (standard deviation [sd] = 1299), 717 residences (sd = 785) and cover an area of 0.79 (sd = 1.00) square kilometers.""
  - ""The Census subdivides Ghent in geographical entities called 'statistical districts', of which 193 have a residential function.""",,"- The paper provides a direct statement about the total area of the city of Ghent, which is approximately 156 km². This is the total study area size.
- The study area description is the city of Ghent, which is divided into 193 residential neighborhoods.
- The area calculation method is not explicitly mentioned, but it is implied that the area is based on the city's administrative boundaries.
- The area source is the Census data, as indicated by the mention of ""statistical districts.""
- There is no alternative size information provided beyond the total area of the city.
- The context notes include the division of the city into residential neighborhoods and the average size of these neighborhoods.","  - ""The Census identified 138,321 residences in Ghent. For each residence, Statistics Belgium provided a unique identification number and five variables. Two variables apply to the residence itself: number of occupants, and rental status. Two variables apply to the building in which the residence is located: the building construction type, and the number of residences inside the building.""
  - ""Four neighborhood attributes and a prior burglary variable are included in the analysis. Unless otherwise stated, all variables reflect the situation on 1 January 2011. Neighborhood attributes vary between residences within different neighborhoods, but not between residences located in the same neighborhood.""
  - ""The Census subdivides Ghent in geographical entities called 'statistical districts', of which 193 have a residential function. Throughout this paper we refer to these entities as 'neighborhoods'.""
  - ""the analysis must include only cleared burglaries. Between 2005 and 2014, the local police department cleared 1871 residential burglaries committed in Ghent.""
  - ""To assess the role of the offenders' home locations and the locations of any previous burglaries they committed, the analysis must include only cleared burglaries.""
  - ""Distance: an effort measure capturing the Euclidean distance between the residence and the burglar's home.""",,"- The paper describes several variables related to housing characteristics, such as ""number of occupants,"" ""rental status,"" ""building construction type,"" and ""number of residences inside the building."" These are independent variables used to predict burglary target selection.
- Neighborhood characteristics are also included as independent variables, such as ""median income,"" ""residential density,"" ""proportion non-Belgian residents,"" and ""proportion rental units."" These variables are used to assess the impact of neighborhood attributes on burglary target selection.
- The study includes a ""prior burglary variable,"" which indicates whether the offender had previously committed a burglary in the neighborhood. This is an independent variable used to assess the impact of prior criminal activity on target selection.
- The ""distance"" variable, which measures the Euclidean distance between the residence and the burglar's home, is another independent variable used to assess the impact of proximity on target selection.","  - ""The first model includes the four neighborhood attributes, and the prior burglary variable, as well as the distance from each residence to the offender's home.""
  - ""The second model includes the four residence attributes and the distance measure.""
  - ""The third model estimates the combined impact of neighborhood and residence attributes, prior burglary, and distance.""
  - ""Four neighborhood attributes and a prior burglary variable are included in the analysis.""
  - ""The Census identified 138,321 residences in Ghent. For each residence, Statistics Belgium provided a unique identification number and five variables.""
  - ""The Census subdivides Ghent in geographical entities called 'statistical districts', of which 193 have a residential function.""",,"- The task requires extracting variable names used as predictors in regression models from the paper.
- The paper discusses several models that include neighborhood and residence attributes as predictors.
- The first model includes four neighborhood attributes, a prior burglary variable, and a distance measure.
- The second model includes four residence attributes and a distance measure.
- The third model combines neighborhood and residence attributes, prior burglary, and distance.
- The paper specifies that four neighborhood attributes and a prior burglary variable are included in the analysis.
- The Census data provides five variables for each residence, which are likely used in the regression models.

Based on these points, the variables used in the regression models are:"
"EFFECTS OF ATTRACTIVENESS, OPPORTUNITY AND ACCESSIBILITY TO BURGLARS ON RESIDENTIAL BURGLARY RATES OF URBAN NEIGHBORHOODS","Wim Bernasco, Floor Luykx",-,-,,197,2003,"Total Study Area Size: 57.85 km²
Study Area Description: City of The Hague, Netherlands; 89 neighborhoods
Area Calculation Method: Calculated from average neighborhood size and number of neighborhoods
Area Source: Paper's methodology section
Alternative Size Info: Average neighborhood size is 0.65 square kilometers
Context Notes: Excludes non-residential areas; average annual burglary rate provided","1. Percentage of home ownership | Attractiveness | Percentage | Statistical publication of the municipality of The Hague
2. Average real estate values | Attractiveness | Monetary value | Real estate tax administration of the municipality of The Hague
3. Ethnic heterogeneity | Opportunity | Index for qualitative variation | Statistical publication of the municipality of The Hague
4. Residential mobility | Opportunity | Relative annual number of residents moving in/out | Statistical publication of the municipality of The Hague
5. Proximity to homes of burglars | Accessibility | Spatially weighted burglar exposition rate (SWEBER) | Police records and spatial analysis
6. Proximity to the central business district | Accessibility | Concentric zone model | Spatial analysis","1. Home ownership
2. Real estate values
3. Ethnic heterogeneity
4. Residential mobility
5. Proximity to homes of burglars
6. Proximity to the central business district","  - ""The study of the effects of neighborhood features reflecting attractiveness and opportunity has a long-standing tradition in criminology.""
  - ""The city comprises 94 neighborhoods. We used data on 89 neighborhoods, as 5 neighborhoods are almost or completely non-residential (industrial areas, parks, dune area).""
  - ""The total number of residential burglaries in The Hague during the six-year period 1996-2001 was about 26.000, which amounts to an average annual number of about 50 per neighborhood, and an annual rate of about 1 residential burglary per 100 dwellings for the city as a whole.""
  - ""Counting the 89 neighborhoods analyzed, the average neighborhood has a surface of 0.65 square kilometers, is the home to 4950, residents and contains 2350 residential units.""
  - ""The hypotheses are tested using data on the city of The Hague, the Netherlands.""",,"- The study focuses on the city of The Hague, Netherlands, which is the primary study area.
- The study uses data from 89 neighborhoods within The Hague, indicating that these neighborhoods are part of the study area.
- The average neighborhood size is given as 0.65 square kilometers, but this is not the total study area size.
- To find the total study area size, we need to calculate the total area covered by the 89 neighborhoods. Since each neighborhood averages 0.65 square kilometers, the total area would be 89 neighborhoods * 0.65 square kilometers per neighborhood.
- The calculation for the total study area size is: 89 neighborhoods * 0.65 square kilometers/neighborhood = 57.85 square kilometers.","  - ""The study of the effects of neighborhood features reflecting attractiveness and opportunity has a long-standing tradition in criminology.""
  - ""The measure of ethnic heterogeneity was constructed from data on the ethnic composition of neighborhoods.""
  - ""Residential mobility was calculated as the sum of the relative annual number of residents who moved out of the neighborhood and the relative annual number who moved into the neighborhood.""
  - ""The average real estate value of residential units was based on the real estate tax administration of the municipality of The Hague.""
  - ""Home ownership was also established using the real estate tax registration.""
  - ""Proximity to the central business district of The Hague was defined in terms of a concentric zone model.""
  - ""Our measure of a neighborhood's proximity to potential burglars, i.e. its vulnerability for burglary due to its proximity to the homes of burglars, is somewhat more complex than the other measures.""
  - ""The formal definition of the SWEBER measure for neighborhood j is given by the formula:

where SWEBER, is the spatially weighted burglar exposition rate of neighborhood j , N is the total number of neighborhoods, U, is the number of residential units in j , M I is the number of burglaries committed by residents of neighborhood i, D,, is the distance between neighborhood i and neighborhood j""",,"- The paper discusses several independent variables related to attractiveness, opportunity, and accessibility.
- Attractiveness is measured by ""percentage of home ownership"" and ""average real estate values,"" which are indicators of the potential profitability of a burglary.
- Opportunity is measured by ""ethnic heterogeneity"" and ""residential mobility,"" which reflect the social cohesion and anonymity within neighborhoods.
- Accessibility is measured by ""proximity to homes of burglars"" and ""proximity to the central business district,"" which indicate how easily burglars can access potential targets.
- The SWEBER measure is a complex variable that incorporates the spatial distribution of burglars and their proximity to potential targets.
- All these variables are used as predictors in the study's statistical models to explain residential burglary rates.","  - ""The results of our analysis emphasize that the spatial distribution of burglary is to a considerable extent spatially conditioned by two measures of accessibility: proximity to the homes of burglars and proximity to the CBD.""
  - ""the results provide evidence that accessibility to motivated burglars is a factor that makes neighborhoods vulnerable to burglary.""
  - ""Model 3 explains 84% of the variation in burglary rates across neighborhoods.""
  - ""In model 3, we add the two pairs of variables that indicate affluence and lack of territoriality respectively.""
  - ""The hypotheses are tested using data on the city of The Hague, the Netherlands.""",,"- The paper discusses several variables related to attractiveness, opportunity, and accessibility that are hypothesized to affect residential burglary rates.
- The hypotheses explicitly mention variables such as home ownership, real estate values, ethnic heterogeneity, residential mobility, proximity to homes of burglars, and proximity to the central business district.
- These variables are used in regression models to test the hypotheses, as indicated by the mention of ""Model 3"" which includes these variables.
- The paper provides results from regression models that include these variables as predictors, as evidenced by the discussion of model results and the explanation of how these variables affect burglary rates."
Testing Ecological Theories of Offender Spatial Decision Making Using a Discrete Choice Model,"Shane D Johnson, Lucia Summers",-,-,Crime and delinquency,85,2015,Not specified (the paper does not provide a direct measurement of the study area size in square kilometers),"1. Distance from home | Distance from offender's home to potential crime location | Logarithmic scale | Police data
2. Proximity to city centers | Distance from potential crime location to city centers | Logarithmic scale | Police data
3. Proximity to routine activity nodes (schools) | Presence of schools in potential crime location | Binary | OS MasterMap data
4. Proximity to routine activity nodes (train stations) | Presence of train stations in potential crime location | Binary | OS MasterMap data
5. Connectivity (major roads) | Presence of major roads in potential crime location | Binary | OS MasterMap data
6. Population turnover | Rate of population change in potential crime location | Percentage | Census data
7. Socioeconomic heterogeneity | Index of socioeconomic diversity in potential crime location | Index of qualitative variation | Census data
8. Number of car parks | Number of car parks in potential crime location | Count | U.K. Department for Transport data
9. Number of registered vehicles | Number of registered cars and vans in potential crime location | Count | Census data","1. Distance
2. Presence of schools
3. Distance to city center
4. Presence of a train station
5. Connectivity via major roads
6. Population turnover
7. Social heterogeneity
8. Number of registered vehicles","  - ""In line with previous studies (Bernasco, 2006(Bernasco, , 2010;;Bernasco & Block, 2009, 2011;Bernasco & Luykx, 2003;Bernasco et al., 2013;Clare et al., 2009), crimes committed by offenders living outside the study area were excluded from the sample.""
  - ""The unit of analysis selected was the U.K. census Lower Super Output Area (LSOA). For the study area, there were 198 LSOAs, each with a population of around 1,524 people and about 662 residential households.""
  - ""Data for crimes detected by the police were acquired for the county of Dorset (UK) for the 5-year period January 1, 2001, to December 31, 2005.""",,"- The study area is described as the county of Dorset in the UK, which provides a geographic boundary.
- The unit of analysis is the Lower Super Output Area (LSOA), with 198 LSOAs included in the study area.
- Each LSOA has a population of around 1,524 people and about 662 residential households, but no direct mention of the total area size in square kilometers is provided.
- The paper does not explicitly mention the total study area size in square kilometers or any other unit of measurement.
- The focus is on the number of LSOAs and their population characteristics rather than the physical area size.","  - ""In particular, drawing on ecological theories of crime, we consider how and why the composition of urban environments might shape offender targeting decisions, paying particular attention to how the connectivity of areas and the locations of routine activity nodes might affect the likelihood of offenders targeting them.""
  - ""On the basis of CPT, we would predict that offenders who commit TFV will be more likely to choose locations that are close to their place of residence, city centers, and other routine activity nodes.""
  - ""Consequently, our expectation is that younger offenders will tend to commit offenses closer to their home location than their older counterparts (Hypothesis 1), and closer to routine activity nodes that are of particular relevance to them.""
  - ""In the United Kingdom, city centers are an important landmark for most people as they contain, among other things, major shopping developments.""
  - ""Public transportation is popular in the United Kingdom and hence mass transit facilities, such as train stations, are consequently likely to represent a routine activity node for many people.""
  - ""As the street network is routinely used by people (offenders or otherwise) to move from one place to another, it is reasonable to suggest that this type of connector should substantially influence the targeting choices of offenders,""
  - ""Connectivity can be measured in a number of ways. For example, it could be operationalized by examining variation in the extent to which areas have major roads running through them""
  - ""OS MasterMap data were also used to count the number of schools/colleges (those that would be attended by children up to the age of 18 years) located within each LSOA.""
  - ""Population turnover was calculated by computing the number of people who had moved into the area in the previous 12 months, divided by the total population for the area, multiplied by 100.""
  - ""Socioeconomic heterogeneity was calculated using the index of qualitative variation""
  - ""As two basic indicators of opportunity, we included the number of car parks-derived using U.K. Department for Transport data-and the number of registered cars and vans in an area, estimated using data from the 2001 U.K. Census.""",,"- The study uses a discrete choice model to analyze how various factors influence offender spatial decision making. The independent variables are those that are used to predict or explain the choices made by offenders.
- Distance from home and proximity to routine activity nodes (such as city centers and train stations) are considered as independent variables because they are hypothesized to influence offender targeting decisions.
- The connectivity of areas, measured by the presence of major roads, is an independent variable as it affects how easily offenders can move between locations.
- The number of schools and mass transit stations are independent variables because they represent routine activity nodes that could influence offender choices.
- Population turnover and socioeconomic heterogeneity are independent variables as they relate to social disorganization theory and are expected to affect offender targeting decisions.
- The number of car parks and registered vehicles are independent variables as they are indicators of opportunity for crime.","  - ""Table 2 shows the results of the conditional logit model, organized by theoretical perspective.""
  - ""Considering the CPT variables first, as predicted (Hypothesis 1), there was a significant negative effect of distance, with offenders being more likely to target areas that were closer to where they lived.""
  - ""In line with Hypothesis 2, the presence of schools appeared to influence the spatial decision making of the younger offenders, for whom they would be potential routine activity nodes.""
  - ""In contrast, the odds of an adult offender targeting an area increased the closer it was to the city center.""
  - ""As predicted, all else equal, the presence of a train station in an area increased the odds that an offender would commit an offense in that area.""
  - ""Considering connectivity, as predicted (Hypotheses 5 and 5a), the odds of an adult offender targeting an area increased by a factor of about two, if it was connected to the area in which they lived by the network of major roads.""
  - ""Turning to our two measures of social cohesion, the findings also provide support for social disorganization theory. All other things being equal, for every 10% increase in population turnover, the odds of an offender targeting such an area increased by a factor of 1.20. Similarly, for every 10% increase in social heterogeneity, the odds of an offender targeting the area almost doubles.""
  - ""Considering the two control variables, the number of car parks in an area did not appear to influence offender target choice. The number of registered vehicles in an area did, however, have a small but significant effect, with offenders favoring areas with more registered vehicles.""",,"- The paper provides a conditional logit model table (Table 2) that lists the results of the regression analysis.
- The variables mentioned in the context of the regression results include:
  - Distance: This is a predictor variable as it affects the likelihood of offenders targeting areas closer to their homes.
  - Presence of schools: This is a predictor variable as it influences the spatial decision making of younger offenders.
  - Distance to city center: This is a predictor variable as it affects the likelihood of adult offenders targeting areas closer to city centers.
  - Presence of a train station: This is a predictor variable as it increases the odds of offenders committing offenses in areas with train stations.
  - Connectivity via major roads: This is a predictor variable as it affects the likelihood of adult offenders targeting connected areas.
  - Population turnover: This is a predictor variable as it affects the likelihood of offenders targeting areas with higher population turnover.
  - Social heterogeneity: This is a predictor variable as it affects the likelihood of offenders targeting areas with higher social heterogeneity.
  - Number of registered vehicles: This is a predictor variable as it has a significant effect on offender target choice."
Situating Crime Pattern Theory Into The Explanation Of Co-Offending: Considering Area-Level Convergence Spaces,"Zachary R Rowan, Sarah Appleby, Jean Marie Mcgloin, Simon Fraser",-,-,,3,2021,Not specified (the paper does not provide a direct total area size in square kilometers or miles),"1. Street connectivity measures | Measures of street connectivity from the Environmental Protection Agency | Miles per acre | Environmental Protection Agency's Smart Location Database
2. Activity nodes | Presence of bars, schools, transit stations | Count | Baltimore City Open Data Portal
3. Auto-oriented street density | Total miles of auto-oriented streets | Miles per acre | Environmental Protection Agency's Smart Location Database
4. Pedestrian-oriented street density | Total miles of pedestrian-oriented streets | Miles per acre | Environmental Protection Agency's Smart Location Database
5. Social disorganization | Ethnic heterogeneity, population turnover, socio-economic disadvantage | Index values | American Community Survey
6. Population density | Total population per acre | Individuals per acre | American Community Survey
7. Solo crime rate | Rate of solo crimes per 100 individuals | Rate per 100 individuals | Baltimore City Police Department","1. Number of bars
2. Auto-oriented street density
3. Pedestrian-oriented street density
4. Number of transit stations
5. Poverty
6. Racial/Ethnic Heterogeneity
7. Solo crime rate","  - ""The average census block group in Baltimore has 2.4 census blocks, is .14 square miles, and has an average of 953 residents.""
  - ""During this time period, there were a total of N = 6,249 incidents across 653 census block groups (Average Rate = 1.93 per 100 residents, SD = 11.24).""
  - ""The data used in this study cover arrests from January 1, 2013 to December 31, 2016 that had complete information on the variables of interest (N = 68,393).1""
  - ""The current study extends crime pattern theory and addresses this gap in the co-offending literature by considering whether the distribution of co-offences across census block groups in Baltimore City (Maryland) is related to measures of activity nodes and 'connected' street networks, net of the solo crime rate.""",,"- The study focuses on Baltimore City, Maryland, and uses data from census block groups within this area.
- The study area is described in terms of the number of census block groups (653) and the average characteristics of these groups (2.4 census blocks, 0.14 square miles, 953 residents).
- The total study area size can be estimated by multiplying the average size of a census block group by the total number of groups. However, the paper does not provide a direct total area size in square kilometers or miles.
- The paper does not explicitly mention the total study area size in square kilometers or miles, nor does it provide a method for calculating this size directly from the information given.","  - ""Data include street connectivity measures from the Environmental Protection Agency and publicly available arrest information from Baltimore City (2013-16).""
  - ""The current study extends crime pattern theory and addresses this gap in the co-offending literature by considering whether the distribution of co-offences across census block groups in Baltimore City (Maryland) is related to measures of activity nodes and 'connected' street networks, net of the solo crime rate.""
  - ""We merged the 2013-16 geocoded arrest data with data from the Environmental Protection Agency (EPA) 2 . The EPA has a publicly available Smart Location Database that includes a wide range of contextual information about census block groups across the entire United States.""
  - ""Data on specific activity nodes (i.e., bars, schools, transit) were provided by publicly available geo-coded data from the Baltimore City Open Data Portal.""
  - ""Auto-oriented street density. The EPA Smart Location Database utilized NAVTEQ Streets to identify streets that met a set of criteria used to calculate the total miles of auto-oriented streets.""
  - ""Pedestrian-oriented street density. A similar process was conducted to calculate the total pedestrianoriented street density except with different criteria used to determine the type of path.""
  - ""Social disorganization. Prior work consistently identifies social disorganization as a predictor of higher levels of crime (e.g., Bursik 1988;Sampson and Groves 1989). Areas with higher levels of ethnic heterogeneity, population turnover, and socio-economic disadvantage tend to report significantly higher rates of criminal activity.""
  - ""Population density. Each census block group has varying population totals, which might be related to differences in the amount of criminally active individuals or potential targets that reside within a particular census block group.""
  - ""Solo crime rate. To mitigate the risk that any observed relationship between the street network density measures and group crime is simply a function of a relationship to all criminal activity, the pooled rate of solo crime within each census block group is included as a control variable.""",,"- The study uses data from the Environmental Protection Agency (EPA) for street connectivity measures, which are independent variables.
- Activity nodes such as bars, schools, and transit stations are considered as independent variables.
- Auto-oriented and pedestrian-oriented street densities are calculated using specific criteria and are used as independent variables.
- Social disorganization factors like ethnic heterogeneity, population turnover, and socio-economic disadvantage are included as independent variables.
- Population density is considered as an independent variable to account for differences in population totals across census block groups.
- The solo crime rate is used as a control variable to ensure that the relationship between street network density and group crime is not solely due to overall criminal activity.","  - ""Model 1 presents the findings for the relationship between activity nodes and group crime, accounting for all other control variables and the spatial autocorrelation of group crime.""
  - ""Model 2 presents the results for the relationship between auto-oriented street density, activity nodes, and group crime.""
  - ""Model 3 presents the results for the relationship between pedestrian-oriented street density, activity nodes, and group crime.""
  - ""Model 4 presents the model that jointly considers the role of auto-oriented street density, pedestrian-oriented street density, and activity nodes.""
  - ""The only significant activity node that predicts the rate of group crime is the number of bars.""
  - ""For every additional transit station in a census block group the rate of group crime is expected to increase by 2.0% (p < .05).""
  - ""the coefficient for pedestrian-oriented street density of census block groups in Baltimore City is statistically significant and positively related to the rate of group crime.""
  - ""Census block groups with higher levels of poverty report significant increases in the rate of group crime.""
  - ""In contrast, census block groups with higher levels of racial/ethnic heterogeneity report statistically significant reductions in the rate of group crime.""
  - ""The spatial group crime lag and solo crime rate are also positive and statistically significant.""",,"- The paper discusses several regression models (Models 1 through 4) that examine the relationship between various predictor variables and the rate of group crime.
- The predictor variables mentioned in these models include activity nodes (such as bars and transit stations), auto-oriented street density, pedestrian-oriented street density, poverty, racial/ethnic heterogeneity, and solo crime rate.
- These variables are explicitly mentioned as being part of the regression models, indicating they are used as predictors or independent variables.
- The paper provides statistical results for these variables, such as significance levels and expected changes in group crime rates, which further confirms their role as predictors."
HOW DO RESIDENTIAL BURGLARS SELECT TARGET AREAS? A New Approach to the Analysis of Criminal Location Choice,"Wim Bernasco, Paul Nieuwbeerta, Richard Block, Henk Elffers, Jan De Keijser, Jasper Van Der Kemp, Peter Van Koppen",-,-,,362,2005,"Total Study Area Size: Approximately 57.85 km²
Study Area Description: The city of The Hague, comprising 89 residential neighborhoods
Area Calculation Method: Calculated from average neighborhood size and number of neighborhoods
Area Source: Paper's description of The Hague's neighborhoods
Alternative Size Info: 89 neighborhoods, average neighborhood size 0.65 km²
Context Notes: Based on average neighborhood size and number of neighborhoods","1. Ethnic Heterogeneity | Measure of ethnic diversity in neighborhoods | Index for qualitative variation | Statistical publications of the municipality of The Hague
2. Percentage of Single-Family Dwellings | Measure of housing type | Percentage | Statistical publications of the municipality of The Hague
3. Proximity to Offender's Home | Measure of distance from offender's residence to target | Kilometers | Distance matrix
4. Number of Residential Units | Measure of potential targets | Count | Statistical publications of the municipality of The Hague
5. Affluence (Real Estate Value) | Measure of neighborhood wealth | Average value | Real estate tax administration
6. Residential Mobility | Measure of neighborhood stability | Annual movement data | Statistical publications of the municipality of The Hague
7. Age of Burglar | Measure of offender age | Years | Police records
8. Ethnic Origin of Burglar | Measure of offender ethnicity | Country of birth | Police records
9. Proximity to City Centre | Measure of distance from city centre to target | Kilometers | Distance matrix","1. Proximity to the burglar's home
2. Percentage of single-family dwellings
3. Neighbourhood ethnic heterogeneity
4. Proximity to the city centre
5. Number of residential units
6. Ethnic heterogeneity for non-natives vs. natives
7. Proximity to the home for minors vs. adults","  - ""The geometric positions of the 89 residential neighbourhoods are displayed in Figure 1""
  - ""The average neighbourhood has a surface of 0.65 square kilometres, is home to 4,952 residents and contains 2,380 residential units (DSO 2001).""
  - ""The Hague comprises 89 residential neighbourhoods.""
  - ""The Hague is situated at the coast of the North Sea. With a population of about 440,000, it is the third largest city in the Netherlands.""",,"- The paper provides information about the city of The Hague, which is the study area. It mentions that The Hague has a population of about 440,000 and comprises 89 residential neighborhoods.
- The average size of each neighborhood is given as 0.65 square kilometers, but this is not the total study area size. To find the total study area size, we need to calculate the total area covered by these neighborhoods.
- The total study area size can be estimated by multiplying the number of neighborhoods by the average size of each neighborhood: 89 neighborhoods * 0.65 km² = 57.85 km².
- The paper does not provide a direct statement of the total study area size in km², but we can calculate it based on the information given about the average neighborhood size and the number of neighborhoods.","  - ""The likelihood of a neighbourhood's being selected for burglary is heightened by its ethnic heterogeneity, its percentage of single-family dwellings, and its proximity to where the offender lives.""
  - ""The first criterion is the affluence of a neighbourhood in terms of the prospective profitability of a burglary if it is successful.""
  - ""The second criterion is the expected likelihood of a successful completion of a burglary attempt.""
  - ""The third criterion is the proximity of a neighbourhood to a burglar's home address and refers to the 'convergence in space' element in the routine activities formulation""
  - ""Our measures of neighbourhood characteristics-i.e. ethnic heterogeneity, residential mobility, real estate value of residential units, the percentage of single-family dwellings and the number of residential units-all were taken from statistical publications of the municipality of The Hague (DSO 2001).""
  - ""The measure of ethnic heterogeneity was constructed from data on the ethnic composition of neighbourhoods.""
  - ""Residential mobility was calculated as the sum of the annual number of residents who moved out of the neighbourhood and the annual number who moved into the neighbourhood, relative to the total population of the neighbourhood.""
  - ""The average real estate value of residential units was based on the real estate tax administration of the municipality of The Hague.""
  - ""The age of the burglar is measured at the date of the offence.""
  - ""The ethnic origin of the burglar is measured on the basis of his country of birth.""
  - ""Our data contain two spatial proximity measures. The first, actually a neighbourhood characteristic, is the proximity of a neighbourhood to the central business district of the city of The Hague.""
  - ""The second, a characteristic specific for each combination of a burglar and a neighbourhood, is the proximity of the burglar's neighbourhood of residence to a potential burglary target neighbourhood.""",,"- The paper discusses several criteria that influence the selection of target areas for burglary. These include ethnic heterogeneity, percentage of single-family dwellings, proximity to the offender's home, and the number of residential units.
- The study uses data from statistical publications of the municipality of The Hague to measure these characteristics.
- Ethnic heterogeneity is measured using data on ethnic composition, and residential mobility is calculated based on annual movement data.
- The average real estate value of residential units is used as a measure of affluence.
- The age and ethnic origin of the burglar are also considered as variables.
- Proximity measures include both the distance from the central business district and the distance from the burglar's residence to potential targets.","  - ""The estimation results of the conditional logit model that corresponds to equation ( 2) are presented in Table 2""
  - ""The results also confirm that proximity to the burglar's home (hypothesis 3a) has a positive effect on the likelihood that a burglar will select it for committing his offence.""
  - ""In line with hypothesis 2c, a higher percentage of single-family dwellings increases the odds of a burglar's selecting that neighbourhood.""
  - ""In line with hypothesis 2b, however, neighbourhood ethnic heterogeneity does increase the odds of the neighbourhood's being targeted for burglary by a factor of 1.15,""
  - ""The effect of proximity to the city centre, however, is not in line with the expectation (hypothesis 3b) that neighbourhoods close to the city centre have a comparatively high risk of being selected for burglary""
  - ""Finally, in line with hypothesis 4, the number of residential units in a neighbourhood makes it more likely to be chosen by burglars as a target area.""
  - ""The effect of ethnic heterogeneity is positive for both natives and non-natives, and, in line with hypothesis 6, it is larger for non-natives (1.20) than for natives (1.10).""
  - ""The effect of proximity to the home of the burglar is positive and substantial both for minors and adults, and it is larger for minors (2.22) than for adults (1.63).""",,"- The paper discusses the use of a conditional logit model to analyze the selection of target areas by residential burglars.
- The model includes several predictor variables that are tested against hypotheses.
- The variables mentioned in the context of the model results include:
  - Proximity to the burglar's home (hypothesis 3a)
  - Percentage of single-family dwellings (hypothesis 2c)
  - Neighbourhood ethnic heterogeneity (hypothesis 2b)
  - Proximity to the city centre (hypothesis 3b)
  - Number of residential units (hypothesis 4)
  - Ethnic heterogeneity for non-natives vs. natives (hypothesis 6)
  - Proximity to the home for minors vs. adults (hypothesis 5)
- These variables are explicitly mentioned as having effects on the likelihood of a neighbourhood being selected for burglary, indicating they are used as predictors in the regression model."
Co-offending and the Choice of Target Areas in Burglary,Wim Bernasco,-,-,-,-,-,"Total Study Area Size: Approximately 58.85km² (89 neighborhoods × 0.65km²); Study Area Description: 89 residential neighborhoods in The Hague; Area Calculation Method: Calculated from neighborhood count and average size; Area Source: Paper's description of The Hague; Alternative Size Info: 89 spatial units, 0.65km² average unit size; Context Notes: Based on neighborhood boundaries","1. Affluence | Average value of residential properties, percentage of owner-occupied properties, mean income per resident | Real estate registration system of The Hague | Swing The Hague
2. Physical Accessibility | Percentage of single-family properties, percentage of terraced properties | Real estate registration system of The Hague | Swing The Hague
3. Social Disorganisation | Ethnic heterogeneity, residential mobility | Citizen registration of The Hague | Swing The Hague
4. Travel Distance | Distance between home and crime site | Centroids of neighborhoods | Police records
5. Proximity to City Centre | Distance to Zuidwal neighborhood | Centroids of neighborhoods | Police records
6. Number of Properties | Number of residential units in a neighborhood | Real estate registration system of The Hague | Swing The Hague
7. Offender Residence | Dichotomous variable indicating if offender lives in the target neighborhood | Police records | Police records","1. Physical accessibility
2. Proximity
3. Home neighbourhood","  - ""The average neighbourhood has an area of 0.65 square kilometres, is the home to 4952 residents and contains 2380 residential units.""
  - ""The Hague comprises of 89 residential neighbourhoods.""
  - ""The geometric positions of the 89 residential neighbourhoods are displayed in Figure 1""",,"- The paper provides information about the number of residential neighborhoods in The Hague and the average area of each neighborhood.
- The total study area size can be calculated by multiplying the number of neighborhoods by the average area of each neighborhood.
- The paper does not provide a direct statement of the total study area size in square kilometers, but it can be inferred from the given data.","  - ""The affluence of neighbourhoods is measured by the average value of residential properties in the neighbourhood, the percentage of owner-occupied properties, and the mean income per resident.""
  - ""The physical accessibility of properties in the neighbourhoods is also based on the real estate registration system of the city of The Hague. One measure is the percentage of single-family properties, defined as non-terraced properties with an access point (entry, front door) at ground level. The other measure is the percentage of terraced property, defined as terraced properties with a shared access point.""
  - ""As discussed above, ethnic heterogeneity and residential mobility are used as indicators of the social disorganisation of the neighbourhood.""
  - ""A third criterion that is likely to affect the choice of a target area for burglary is travel distance.""
  - ""Neighbourhoods in the city centre or its close proximity have concentrations of public facilities.""
  - ""The number of properties in a neighbourhood functions as a control variable: it is not a part of the theoretical model, but obviously it is part of the opportunity structure for burglary.""
  - ""The physical accessibility of properties in the neighbourhoods is also based on the real estate registration system of the city of The Hague.""
  - ""a dichotomous variable was created, indicating for a potential crime destination neighbourhood whether the offender lived there.""
  - ""A neighbourhood's distance to the city centre is calculated as the distance to the Zuidwal neighbourhood.""",,"- The paper describes several independent variables used in the study:
  - Affluence of neighborhoods: measured by average property value, percentage of owner-occupied properties, and mean income per resident.
  - Physical accessibility: measured by percentage of single-family properties and percentage of terraced properties.
  - Social disorganisation: indicated by ethnic heterogeneity and residential mobility.
  - Travel distance: considered as a criterion for target area selection.
  - Proximity to the city centre: calculated as distance to the Zuidwal neighborhood.
  - Number of properties in a neighborhood: used as a control variable.
  - A dichotomous variable indicating whether the offender lives in the potential crime destination neighborhood.","  - ""The outcomes of estimating the choice model are presented in Table 8""
  - ""The second major column of the Table, titled 'solitary offender', contains the results of a conditional logit model of neighbourhood target choice by solitary burglars.""
  - ""The third column applies to offender groups.""
  - ""The parameter estimates are multiplicative in the (conditional) probability that a neighbourhood is chosen as a target area for a burglary.""
  - ""The presented estimated standard errors are 'robust' standard errors that have been upwardly corrected to account for the dependence between observations that emerges because some offender's and some offender groups' multiple burglaries are analysed""
  - ""To answer the first research question that refers to the criteria residential burglars use for selecting target areas, we assess the direction and magnitude of the effects of these criteria in the second and third columns of Table 8 ('solitary offender' and 'offender group').""
  - ""The results partially support the hypotheses, because the effects of physical accessibility, proximity, and a special proximity aspect, the home neighbourhood, are all significant in the hypothesised direction, supporting hypotheses 2 and 4.""
  - ""Hypotheses 5-10 refer to the second research question, which is the question whether solitary burglars and burglar groups differ in terms of the criteria used for choosing target areas.""
  - ""The tests have been performed on all parameters, even if they were not significant in the separate models, because in principle, parameter estimates can differ significantly when both estimates separately do not differ significantly from 1.""
  - ""The outcomes thus partially confirm the general theory on burglary target area choice, but they refute the postulated differences between solitary offenders and group offenders.""",,"- The paper discusses the use of a conditional logit model to analyze the choice of target areas for burglary, which indicates that regression results are presented.
- The mention of ""Table 8"" suggests that this table contains the regression results, specifically for solitary offenders and offender groups.
- The text describes the parameter estimates and standard errors, which are typical components of regression results tables.
- The discussion of hypotheses and their support or lack thereof implies that these are related to the variables included in the regression model.
- The focus on physical accessibility, proximity, and home neighborhood as significant factors suggests these are predictor variables in the model.
- The paper does not provide explicit variable names in the text, but it refers to the criteria used for selecting target areas, which are likely the predictor variables in the regression model."
LEARNING WHERE TO OFFEND EFFECTS OF PAST ON FUTURE BURGLARY LOCATIONS,"Wim Bernasco, Shane D Johnson",-,-,,88,2015,Not specified (the paper does not provide a direct measurement of the total study area size in square kilometers or any other unit of area measurement),"1. Benefits | Material gain (items stolen), immaterial gain (excitement, peer group status) | Not specified | Not specified
2. Costs | Time, expenses, effort to travel and commit burglary | Not specified | Not specified
3. Risk | Probability and penalties associated with arrest, prosecution, punishment; probability and severity of injury | Not specified | Not specified
4. Neighborhood Affluence | Presence of valuable items or potential for gain | Not specified | Not specified
5. Guardianship | Low population turnover, low ethnic heterogeneity | Not specified | Not specified
6. Accessibility | Distance to burglar's residence, accessibility of residential properties | Kilometers | Not specified
7. Distance to City Center | Distance from city center | Kilometers | Not specified
8. Train Stations | Presence of train stations | Binary (yes/no) | Not specified
9. Total Number of Households | Number of households in LSOA | Count | Not specified
10. Average House Price | Average price of houses in LSOA | Currency (e.g., pounds) | Not specified
11. Ethnic Diversity | Index of qualitative variation | Not specified | Not specified
12. Population Turnover | Rate of population change | Percentage | Not specified
13. Prior Burglaries | Temporal categories (0-2 days, 3-6 days, 7-30 days, 1-6 months, 7-24 months) | Not specified | Not specified
14. Spatial Proximity | Proximity to previously targeted areas | Not specified | Not specified","1. Prior burglaries in the same LSOA
2. Prior burglaries in the same MSOA
3. Distance to the burglar's own residence
4. Distance to the city center
5. Total number of households
6. Average house price
7. Ethnic diversity
8. Population turnover","  - ""Using data in 3,337 detected burglaries from one UK police force,""
  - ""Data were acquired for all detected residential burglaries committed between January 2007 and December 2012 in the West Midlands, a large metropolitan UK police force""
  - ""the areas used here have an average population of only 1,500, potentially providing for more homogeneous spatial units and enhanced ecological validity.""
  - ""The concept of crime location choice presumes spatial units of analysis, which are the alternative locations that burglars choose from when deciding on where to commit a burglary.""
  - ""As a compromise, we decided to use the UK Census Lower Level Super Output Area (LSOA) geography as the basic spatial unit of analysis.""
  - ""LSOAs are defined on the basis of proximity and social homogeneity measures (type of dwelling and nature of tenure) and have a population of approximately 1,500 residents and 600 households.""",,"- The study uses data from the West Midlands, a large metropolitan UK police force, which suggests the study area is within this region.
- The paper mentions using Lower Level Super Output Areas (LSOAs) as the basic spatial unit of analysis, which are defined by proximity and social homogeneity measures.
- LSOAs have an average population of 1,500 residents and 600 households, indicating the size of the spatial units used in the study.
- However, the paper does not provide a direct measurement of the total study area size in square kilometers or any other unit of area measurement.
- The focus is on the use of LSOAs as spatial units rather than a specific total area size.","  - ""The main question that these studies address is how based on which criteria offenders decide where to commit a burglary.""
  - ""the effects are tested of variables that signal -from an offender perspective-benefits, costs and risks of potential burglary locations.""
  - ""Benefits of a burglary include material gain (items stolen) and possibly also immaterial gain (excitement, peer group status).""
  - ""Costs include the time, expenses and effort it takes to travel to the burglary location, commit the burglary and to trade stolen items.""
  - ""Risk is a function of the probability and penalties associated with arrest, prosecution and punishment, as well as the probability and severity of injury in case of unexpected confrontations with victims or witnesses.""
  - ""Each potential burglary location (i.e., each choice alternative) is associated with characteristics that make it more or less profitable, costly and risky to burgle.""
  - ""Considering the benefits, they suggested that affluent neighborhoods would offer rich pickings and hence be attractive to burglars.""
  - ""In contrast, neighborhoods characterized by high levels of guardianship (as indicated by low population turnover and low ethnic heterogeneity) would be avoided due to the risks involved.""
  - ""Apropos the costs, they argued that accessible neighborhoods (located nearby the burglar's home) and neighborhoods with accessible residential properties would be more attractive than their counterparts.""
  - ""the distance to the burglar's own residence represents a friction to mobility and has therefore a negative effect: each kilometer a target area is farther away from the burglar's own home decreases the odds of being selected by a factor .58, or by 42 percent.""
  - ""The distance to the city center has a positive effect on the odds of the LSOA to be selected for burglary.""
  - ""the total number of households, the average house price, the ethnic diversity and the population turnover all increase the odds of an LSOA being chosen as a target area for burglary.""
  - ""LSOAs with train stations are more likely to be targeted by burglars, presumably because these LSOA are visited by burglars during routine activities involving travel (e.g., work or school commutes), and are thus part of their awareness space.""
  - ""The concept of crime location choice presumes spatial units of analysis, which are the alternative locations that burglars choose from when deciding on where to commit a burglary.""
  - ""The estimated model parameters (odds ratios, confidence intervals, and significance level indicators) are listed in Table A1 in the Appendix.""
  - ""The estimated effects of prior burglaries in the same MSOA also display a pattern of temporal decay, from an odds ratio of 3.6 for burglaries 0-2 days ago down to an odds ratio of 1.4 for burglaries 6-24 months ago.""",,"- The paper discusses various factors that influence a burglar's decision on where to commit a burglary, including benefits, costs, and risks associated with potential locations.
- Benefits are described in terms of material gain and immaterial gain, which are likely measured by variables such as the presence of valuable items or the potential for excitement.
- Costs are related to travel time, expenses, and effort, which could be measured by variables like distance to the target or accessibility of the area.
- Risk factors include the probability of arrest and injury, which might be measured by variables such as police presence or security measures in the area.
- Neighborhood characteristics like affluence, guardianship, accessibility, and demographic factors like population turnover and ethnic diversity are mentioned as influencing burglary location choice.
- Distance to the burglar's residence and distance to the city center are explicitly mentioned as independent variables affecting the likelihood of a location being targeted.
- The presence of train stations is noted as a factor making an area more attractive due to its inclusion in the burglar's awareness space.
- The paper uses a discrete spatial choice model, which implies that spatial units like LSOAs (Lower Level Super Output Areas) are used as independent variables to assess location choice.
- The temporal decay of prior burglaries' influence is also considered, with recent burglaries having a stronger effect than those further in the past.","  - ""The estimated model parameters (odds ratios, confidence intervals, and significance level indicators) are listed in Table A1 in the Appendix.""
  - ""The estimated effects of prior burglaries in the same MSOA also display a pattern of temporal decay, from an odds ratio of 3.6 for burglaries 0-2 days ago down to an odds ratio of 1.4 for burglaries 6-24 months ago.""
  - ""the distance to the burglar's own residence represents a friction to mobility and has therefore a negative effect: each kilometer a target area is farther away from the burglar's own home decreases the odds of being selected by a factor .58, or by 42 percent.""
  - ""Most but not all of the generic LSOA attributes (i.e. those that are measured without reference to the home location or the prior burglary locations of individual burglars) have statistically significant effects. Exceptions are the numbers of bus stations and the numbers of single-family residences.""
  - ""The distance to the city center has a positive effect on the odds of the LSOA to be selected for burglary.""
  - ""the total number of households, the average house price, the ethnic diversity and the population turnover all increase the odds of an LSOA being chosen as a target area for burglary.""",,"- The paper mentions that the estimated model parameters are listed in Table A1, which suggests that this table contains the regression results with variable names and their corresponding statistical measures.
- The text describes several variables and their effects on the odds of an area being selected for burglary, which are likely to be included in the regression model.
- The variables mentioned include:
  - Prior burglaries in the same LSOA and MSOA, which are indicated by temporal categories (e.g., 0-2 days, 3-6 days, etc.).
  - Distance to the burglar's own residence.
  - Distance to the city center.
  - Total number of households.
  - Average house price.
  - Ethnic diversity.
  - Population turnover.
- These variables are described as having statistically significant effects on the odds of an area being targeted, which aligns with them being included as predictors in a regression model."
Burglar Target Selection: A Crossnational Comparison,"Michael Townsley, Daniel Birks, Wim Bernasco, Stijn Ruiter, Shane D Johnson,  Gentry White, Scott Baum",-,-,Journal of research in crime and delinquency,60,2015,Not specified (the paper does not provide a direct measurement of the total study area size in square kilometers for each city),"1. Number of households | Target availability | Units of 1,000 | Statistical agencies
2. Proportion of single-family dwellings | Target accessibility | Proportion multiplied by 10 | Statistical agencies
3. Residential mobility | Community stability | Resident turnover (incoming and outgoing proportions) | Statistical agencies
4. Proximity to offender residence | Distance to offender's home | Euclidean distance | Statistical agencies
5. Proximity to city center | Distance to city center | Euclidean distance | Statistical agencies
6. Residential real estate value | Affluence | Average price of residential property | Statistical agencies","1. Number of households
2. Proportion of single-family dwellings
3. Residential mobility
4. Proximity
5. Proximity to city center
6. Residential real estate value","  - ""Study regions and their associated choice set geographies (NL-neighborhoods, UK-Super Output Areas [medium layer], AU-Statistical Local Areas) were selected based on equivalence in size of the known burglar population, number of targets (households) within each area, and total number of areas in a study region.""
  - ""All additional differences are the result of an interaction between burglary and clearance rates: At a national level, the United Kingdom has 454 residential burglaries per 100,000 population with a clearance rate of 13 percent (Office of National Statistics [ONS] 2013; Taylor and Chaplin 2011), Australia has 592 residential burglaries per 100,000 population and 8.7 percent clearance rate (Australian Bureau of Statistics 2011; Australian Institute of Criminology 2012), and the Netherlands has 427 residential burglaries per 100,000 population with a clearance rate of 7 percent (Bernasco and Nieuwbeerta 2005).""
  - ""Recorded crime data from three independent police services are used to analyze the location choices of residential burglars operating in The Hague (Netherlands), Birmingham (United Kingdom), and Brisbane (Australia).""
  - ""The Hague, Birmingham, and Brisbane can be characterized as having relatively high (3,652 households per km 2 ), medium (1,513 households per km 2 ), and low (299 households per km 2 ) target densities, respectively.""",,"- The paper provides information about the study regions, which are The Hague in the Netherlands, Birmingham in the United Kingdom, and Brisbane in Australia.
- The study areas are described in terms of their geographic units: neighborhoods in The Hague, Super Output Areas in Birmingham, and Statistical Local Areas in Brisbane.
- The paper mentions the target densities for each city, which are high in The Hague (3,652 households per km²), medium in Birmingham (1,513 households per km²), and low in Brisbane (299 households per km²).
- However, the paper does not provide a direct measurement of the total study area size in square kilometers for each city.
- The focus is on the density of households rather than the total area size.","  - ""The variable number of households is an operationalization of the target availability construct and simply represents the total number of residential dwellings, and thus potential targets for residential burglary, found within the area.""
  - ""Six variables were used in the modeling, of which five could be defined and measured consistently for all study regions: (i) number of households, (ii) proportion of single-family dwellings, (iii) residential mobility, (iv) proximity of spatial units to offender residence, and (v) proximity of spatial units to the city center.""
  - ""The variable residential mobility is an operationalization of the community stability construct and is calculated by estimating the resident ''turnover'' for an area.""
  - ""The variable residential real estate value represents the average price of residential property in an area and is an operationalization of the affluence construct.""
  - ""The variable proportion of single-family dwellings is an operationalization of the target accessibility construct and is measured as the proportion of residential dwellings in a given area not categorized as flats/apartments.""
  - ""The variables proximity and proximity to city center describe the distance between an offender's home area and the alternative in question, and the distance between the alternative and the city center of the study region, respectively.""",,"- The paper describes several variables used in the statistical model to analyze burglar target selection. These variables are independent or predictor variables because they are used to explain or predict the outcome of interest.
- The ""number of households"" variable is used to measure target availability, which is a key factor in determining the likelihood of a burglary.
- The ""proportion of single-family dwellings"" is used to assess target accessibility, as single-family dwellings are considered easier to access than other types of dwellings.
- ""Residential mobility"" is used to measure community stability, with higher mobility indicating less social cohesion and potentially more vulnerability to crime.
- ""Proximity to offender residence"" and ""proximity to city center"" are distance measures that assess how close a potential target is to the offender's home or the city center, respectively.
- ""Residential real estate value"" is used to measure affluence, as areas with higher property values are expected to have more valuable goods and thus be more attractive targets.","  - ""The variable number of households is an operationalization of the target availability construct and simply represents the total number of residential dwellings, and thus potential targets for residential burglary, found within the area.""
  - ""The variable proportion of single-family dwellings is an operationalization of the target accessibility construct and is measured as the proportion of residential dwellings in a given area not categorized as flats/apartments.""
  - ""The variable residential mobility is an operationalization of the community stability construct and is calculated by estimating the resident ''turnover'' for an area.""
  - ""The variables proximity and proximity to city center describe the distance between an offender's home area and the alternative in question, and the distance between the alternative and the city center of the study region, respectively.""
  - ""The variable residential real estate value represents the average price of residential property in an area and is an operationalization of the affluence construct.""
  - ""Table 3 summarizes the first estimated conditional logit model for the consolidated data set, corresponding to equation (A1) in the Appendix. It reports multiplicative odds ratios (ORs) describing the amount the odds of a neighborhood being chosen will increase given a one-unit increment in the explanatory variable.""",,"- The paper describes several variables used in the regression model, which are listed as predictors or independent variables. These include ""number of households,"" ""proportion of single-family dwellings,"" ""residential mobility,"" ""proximity,"" ""proximity to city center,"" and ""residential real estate value.""
- The mention of these variables in the context of the conditional logit model and their operationalization suggests they are used as predictors in the regression analysis.
- The paper provides a table (Table 3) that summarizes the conditional logit model results, which typically includes coefficients or odds ratios for these variables, indicating they are indeed used as predictors in the model."
ROLE OF THE STREET NETWORK IN BURGLARS' SPATIAL DECISION-MAKING *,"Michael J Frith, Shane D Johnson, Hannah M Fry",-,-,CrimRxiv,63,2017,"Total Study Area Size: Approximately 150 km²
Study Area Description: Built-up areas of three towns with a 1-km buffer
Area Calculation Method: GIS/mapping approach
Area Source: Paper's methodology section
Alternative Size Info: None found
Context Notes: Includes a 1-km buffer around built-up areas","1. Idiosyncratic betweenness | Estimate of offender awareness of street segments | Graph theory metric | Study data
2. Idiosyncratic farness | Estimate of travel time to offense locations | Graph theory metric | Study data
3. Local pedestrian betweenness | Estimate of local passers-by movement potential | Graph theory metric | Study data
4. Nonlocal pedestrian betweenness | Estimate of nonlocal passers-by movement potential | Graph theory metric | Study data
5. Ethnic-heterogeneity | Measure of ethnic diversity in neighborhoods | Index of qualitative variation | 2011 U.K. census
6. Socioeconomic heterogeneity | Measure of socioeconomic diversity in neighborhoods | Index of qualitative variation | 2011 U.K. census
7. Population turnover | Measure of residential mobility in neighborhoods | Index of qualitative variation | 2011 U.K. census
8. Affluence | Measure of property values in neighborhoods | Residential property sales data | U.K. Land Registry
9. Number of dwellings | Control variable for number of homes on a street segment | Count | Study data","1. Idiosyncratic farness
2. Idiosyncratic betweenness
3. Pedestrian (overall) betweenness
4. Local betweenness
5. Nonlocal betweenness
6. Vehicular betweenness
7. Residential mobility
8. Socioeconomic heterogeneity
9. Affluence
10. Number of dwellings","  - ""The resulting study area covers a geography of approximately 150 km 2 and includes 81,682 dwellings situated on 5,286 street segments.""
  - ""The study area was defined by identifying the ""built-up areas"" of the three towns and by applying a 1-km buffer around them (for a map of the study area, see appendix A in the online supporting information 1""",,"- The paper explicitly states that the study area covers ""approximately 150 km 2,"" which directly answers the question about the total study area size.
- The description of the study area includes the ""built-up areas"" of three towns with a 1-km buffer, providing a geographic context for the area.
- The area calculation method is implied by the use of ""built-up areas"" and a buffer, suggesting a GIS or mapping approach.
- The source of the area information is the paper itself, as it is part of the study's methodology.
- There is no alternative size information provided beyond the total area.
- The context notes include the presence of a buffer and the focus on built-up areas.","  - ""Novel graph theory metrics are developed to estimate offender awareness of street segments and to estimate levels of ambient guardianship, distinguishing between local and nonlocal guardianship.""
  - ""As predicted by crime pattern theory, novel metrics concerning offender familiarity and effort were significant predictors of residential burglary location choices.""
  - ""In addition to the fact that the selection of targets near to an offender's home location minimizes the cost of travel, this preference is expected to emerge for other reasons encapsulated by crime pattern theory""
  - ""The findings of quantitative research intended to test these two theories are somewhat mixed and can be divided into two branches.""
  - ""The second branch of research involves metrics computed with the space syntax methodology.""
  - ""The collection of estimates of social disorganization through systematic social observation was beyond the scope of the current study.""
  - ""Consequently, we follow the approach taken in previous studies of offender location choice (e.g., Bernasco and Nieuwbeerta, 2005) and use indirect measures, or proxies, derived from the 2011 U.K. census.""
  - ""Data were obtained for three variables (ethnic-heterogeneity, socioeconomic heterogeneity, and population turnover) for U.K. census output areas.""
  - ""Affluence was calculated with residential property sales data from the U.K. Land Registry for all sales between 04/01/04 and 03/31/14 with their prices adjusted (using the U.K. Land Registry's House Price Index) to April 2009 prices.""
  - ""the number of dwellings on a street segment is also included as a control variable.""
  - ""the estimates of offender awareness (idiosyncratic betweenness) and the travel time (idiosyncratic farness) required to reach offense locations were both significant predictors of location choice""
  - ""In terms of passers-by guardianship, model 2a shows that when pedestrian (overall) betweenness-estimated in the aggregate-is entered alone, it is not a significant predictor of crime location choice.""
  - ""Yet, when disaggregated into local and nonlocal movement (model 2b), both were significant.""
  - ""Although entered predominantly as control variables and not shown in table 3 (see appendices D and E in the online supporting information), it is worth noting that two social disorganization variables (residential mobility and socioeconomic heterogeneity) were both statistically significant and positively associated with a location being selected for a burglary,""",,"- The paper uses novel graph theory metrics to estimate offender awareness and ambient guardianship, which are independent variables (Quotes 1, 2).
- Crime pattern theory is used to predict familiarity and effort as significant predictors (Quotes 2, 3).
- The configuration of the road network influences ambient guardianship (Quote 4).
- Social disorganization variables such as ethnic-heterogeneity, socioeconomic heterogeneity, and population turnover are used as independent variables (Quotes 8, 9).
- Affluence is calculated using property sales data and is an independent variable (Quote 10).
- The number of dwellings on a street segment is included as a control variable (Quote 11).
- Idiosyncratic betweenness and farness are significant predictors of location choice (Quote 12).
- Local and nonlocal pedestrian betweenness are significant when disaggregated (Quotes 13, 14).
- Residential mobility and socioeconomic heterogeneity are significant control variables (Quote 15).","  - ""The top panel of table 3 shows the point estimates for the mean (recall that for the ML model a distribution of coefficients is computed for each independent variable) multiplicative odds ratio (OR) of a target street segment being selected after a one-unit increase in the relevant independent variable.""
  - ""The bottom panel of table 3 shows the standard deviations (SDs) for the betweenoffender estimates of the ORs.""
  - ""In terms of the results for the final model, the findings suggest that for every 10 minutes a street segment is from an offender's home location, the odds of it being selected (all else equal) decreases on average by .31.""
  - ""In contrast, for every 10 percent increase in ""idiosyncratic betweenness,"" the odds of a street segment being selected increases (on average) by 2.51.""
  - ""In terms of passers-by guardianship, model 2a shows that when pedestrian (overall) betweenness-estimated in the aggregate-is entered alone, it is not a significant predictor of crime location choice.""
  - ""Yet, when disaggregated into local and nonlocal movement (model 2b), both were significant.""
  - ""For vehicular betweenness, the point estimate was also statistically significant and suggests that, all else equal, segments that are expected to contain greater levels of vehicular traffic were less likely to be chosen.""
  - ""Although entered predominantly as control variables and not shown in table 3 (see appendices D and E in the online supporting information), it is worth noting that two social disorganization variables (residential mobility and socioeconomic heterogeneity) were both statistically significant and positively associated with a location being selected for a burglary,""
  - ""A third (affluence) was also statistically significant and negatively associated with a location being selected for burglary.""",,"- The paper provides a table (Table 3) that lists the predictor variables used in the mixed logit model. The top panel of this table includes variables such as ""idiosyncratic farness"" and ""idiosyncratic betweenness,"" which are directly related to the distance and familiarity of street segments for offenders.
- The bottom panel of Table 3 provides standard deviations for these variables, indicating their significance in the model.
- The text describes the significance of ""pedestrian (overall) betweenness,"" ""local betweenness,"" and ""nonlocal betweenness"" in predicting crime location choice.
- Vehicular betweenness is also mentioned as a significant predictor.
- Social disorganization variables like ""residential mobility,"" ""socioeconomic heterogeneity,"" and ""affluence"" are noted as control variables that were statistically significant in the model.
- The number of dwellings is implied as a control variable, although not explicitly listed in the quoted sections."
Modelling taste heterogeneity regarding offence location choices,Michael J Frith,-,-,Journal of Choice Modeling,13,2019,"Total Study Area Size: Approximately 270km²
Study Area Description: City of York (UK)
Area Calculation Method: Not specified
Area Source: Not stated
Alternative Size Info: None found
Context Notes: None","1. Distance from the offender's home | Distance from the offender's home to the crime location | Road network distance | Ordnance Survey
2. Distance from the city centre | Distance from the city centre to the crime location | Road network distance | Ordnance Survey
3. Ethnic heterogeneity | Measure of ethnic diversity in a neighbourhood | Index of qualitative variation | 2011 UK Census
4. Socioeconomic heterogeneity | Measure of socioeconomic diversity in a neighbourhood | Index of qualitative variation | 2011 UK Census
5. Residential Churn | Measure of resident turnover in a neighbourhood | Index of qualitative variation | 2011 UK Census
6. Affluence | Median house price in a neighbourhood | Median price paid for a house | UK Land Registry
7. Previous offence locations | Whether an offender has previously committed a crime in the same location | Binary variable | Offence data
8. Number of potential targets | Number of households, residents, or vehicles in a neighbourhood | Count data | 2011 UK Census","1. Distance from the offender's home
2. Distance from the city centre
3. Ethnic heterogeneity
4. Socioeconomic heterogeneity
5. Residential Churn
6. Affluence
7. Previous offence locations (for repeat offenders)
8. Number of potential targets","  - ""the alternatives in this analysis are output areas, herein referred to as neighbourhoods, which are the smallest units for which the variables in this study are available.""
  - ""the choice set is restricted to the city of York (UK).""",,"- The paper explicitly states that the study area is the city of York (UK) and provides a specific size for this area: ""approximately 270km²."" This directly answers the question about the total study area size.
- The study area description is clearly mentioned as being the city of York (UK), which is a geographic boundary.
- The area calculation method is not explicitly mentioned, but it is implied that the size is based on the city's administrative boundaries.
- The area source is not explicitly stated, but it is likely based on official city data or geographic information.
- There is no alternative size information or context notes provided beyond the explicit mention of the city's size.","  - ""the potential utility from offending in each neighbourhood, regardless of the sub-type of SAC and like how these types of groups of offence types have been analysed together in previous studies (e.g. Bernasco, 2010;Lammers et al., 2015), is hypothesised to be (sufficiently) described by:  Distance from the offender's home: There is a large body of research that show acquisitive offenders, and offenders in general, tend to offend near their homes (Rossmo, 2000;Wiles and Costello, 2000;Townsley and Sidebottom, 2010).""
  - ""Distance from the city centre: Due to the concentration of facilities and services in or near most city centres, including in the study area, it is expected to be visited more often, including by offenders, than equivalent other areas.""
  - ""Ethnic heterogeneity: Various qualitative research describes acquisitive offenders as preferring to offend in socially disorganised neighbourhoods (Bennett et al., 1984;Wright and Decker, 2002).""
  - ""Socioeconomic heterogeneity: Like ethnic heterogeneity, the forming of social ties is also likely to be inhibited from forming when residents are from very different socioeconomic statuses (Hirschfield and Bowers, 1997).""
  - ""Residential Churn: Similar to ethnic and socioeconomic heterogeneity, because neighbourhoods with elevated levels of resident turnover would be expected to inhibit community from forming, it is expected that offenders are more likely to offend in neighbourhoods with higher residential churn.""
  - ""Affluence: As suggested elsewhere (Rengert and Wasilchick, 1985;Light et al., 1993;Wright and Decker, 2002), acquisitive offenders are primarily driven by financial benefit.""
  - ""Previous offence locations (for repeat offenders): Because offending in a location will likely either involve gathering information about the area or the targets, these areas are likely to be more familiar, particularly in an offending context, to the offender and so require less effort to reconnaissance and there will be less uncertainty or risk about offending""
  - ""Number of potential targets: Lastly, and although also included as a control, even if offenders select targets randomly, then neighbourhoods with larger numbers of potential targets are more likely to be selected for an offence.""",,"- The paper describes several independent variables used to model the offence location choices of serious acquisitive crime offenders. These variables are hypothesized to influence the utility or attractiveness of a neighbourhood for committing a crime.
- Distance from the offender's home is considered because offenders tend to commit crimes near their homes, which reduces effort and uncertainty.
- Distance from the city centre is included due to its concentration of facilities and services, making it a more familiar and accessible area for offenders.
- Ethnic and socioeconomic heterogeneity are included as they are believed to inhibit social ties and community formation, making these areas more attractive for crime.
- Residential churn is considered as it can disrupt community formation, making areas with high turnover more appealing for offenders.
- Affluence is included as a factor because acquisitive offenders are driven by financial gain, although the paper notes that more affluent areas may also have better security.
- Previous offence locations are considered for repeat offenders, as familiarity with an area reduces effort and risk.
- The number of potential targets is included as a control variable, as areas with more targets are more likely to be selected for an offence.","  - ""the potential utility from offending in each neighbourhood, regardless of the sub-type of SAC and like how these types of groups of offence types have been analysed together in previous studies (e.g. Bernasco, 2010;Lammers et al., 2015), is hypothesised to be (sufficiently) described by:  Distance from the offender's home: There is a large body of research that show acquisitive offenders, and offenders in general, tend to offend near their homes (Rossmo, 2000;Wiles and Costello, 2000;Townsley and Sidebottom, 2010). Although there may be greater risks by doing this, for example of being identified, doing so should need less effort in terms of reaching or returning from the target. These locations should also be preferred as they will be more familiar and so there is less uncertainty about the risks. Offenders are therefore expected to more likely offend in neighbourhoods close to their homes.""
  - ""Distance from the city centre: Due to the concentration of facilities and services in or near most city centres, including in the study area, it is expected to be visited more often, including by offenders, than equivalent other areas. The city centre, and nearby areas, are therefore expected to be more likely to appear in an offender's awareness space and the opportunities to be more familiar. Offenders are therefore expected to more likely offend in neighbourhoods closer to the city centre.""
  - ""Ethnic heterogeneity: Various qualitative research describes acquisitive offenders as preferring to offend in socially disorganised neighbourhoods (Bennett et al., 1984;Wright and Decker, 2002). Therefore, because ethnic heterogeneity will likely impede social ties from forming, for example because of cultural or linguistic differences, it is expected offenders are more likely to offend in more ethnically diverse neighbourhoods.""
  - ""Socioeconomic heterogeneity: Like ethnic heterogeneity, the forming of social ties is also likely to be inhibited from forming when residents are from very different socioeconomic statuses (Hirschfield and Bowers, 1997). As such, it is expected that offenders are more likely to offend in more socioeconomically diverse neighbourhoods.""
  - ""Residential Churn: Similar to ethnic and socioeconomic heterogeneity, because neighbourhoods with elevated levels of resident turnover would be expected to inhibit community from forming, it is expected that offenders are more likely to offend in neighbourhoods with higher residential churn.""
  - ""Affluence: As suggested elsewhere (Rengert and Wasilchick, 1985;Light et al., 1993;Wright and Decker, 2002), acquisitive offenders are primarily driven by financial benefit. They would therefore be expected to be more likely to offend in more affluent neighbourhoods where more valuable targets are more likely to be found. However, on the other hand, because more valuable targets may be better secured against crime, it is also possible that offenders would be more likely to offend in less affluent neighbourhoods where targets which would be expected to have less security are more likely to be found.""
  - ""Previous offence locations (for repeat offenders): Because offending in a location will likely either involve gathering information about the area or the targets, these areas are likely to be more familiar, particularly in an offending context, to the offender and so require less effort to reconnaissance and there will be less uncertainty or risk about offending (e.g. Johnson et al., 2009;Bernasco et al., 2015;Lammers et al., 2015; Van Sleeuwen et al., 2018) . Offenders would therefore be expected to be more likely to offend in area if they have offended there previously.""
  - ""Number of potential targets: Lastly, and although also included as a control, even if offenders select targets randomly, then neighbourhoods with larger numbers of potential targets are more likely to be selected for an offence. As such, it is expected that offenders are more likely to offend in neighbourhoods with greater numbers of potential targets.""",,"- The paper discusses various factors that influence the choice of offence location by serious acquisitive crime offenders. These factors are hypothesized to affect the utility derived from offending in different neighborhoods.
- The variables listed in the quotes are explicitly mentioned as factors that influence the utility function in the context of offence location choices. They are therefore considered as predictor variables in the regression models used in the study.
- The paper does not provide explicit regression tables or coefficient tables, but it describes the variables used in the analysis. These variables are:
  - Distance from the offender's home
  - Distance from the city centre
  - Ethnic heterogeneity
  - Socioeconomic heterogeneity
  - Residential Churn
  - Affluence
  - Previous offence locations (for repeat offenders)
  - Number of potential targets"
Graffiti Writers Choose Locations That Optimize Exposure,"K Kuralarasan, Wim Bernasco, Christophe Vandeviver",-,-,Crime &amp; Delinquency,1,2024,Not specified (the paper does not provide a direct measurement or calculation of the total study area size in square kilometers),"1. Betweenness network centrality | Measure of exposure | Standard deviation | Systematic Social Observation
2. Presence of bars | Increases exposure | Count | Systematic Social Observation
3. Presence of night shops | Increases exposure | Count | Systematic Social Observation
4. Presence of nightclubs | Increases exposure | Count | Systematic Social Observation
5. Presence of restaurants | Increases exposure | Count | Systematic Social Observation
6. Presence of schools | Increases exposure | Count | Systematic Social Observation
7. Presence of residential units | Increases exposure | Count | Systematic Social Observation
8. Presence of trees | Decreases exposure | Count | Systematic Social Observation
9. Street segment surface size | Increases selection odds | Square meters | Systematic Social Observation
10. Type of street segment (intersection, bridge, regular) | Affects selection odds | Categorical | Systematic Social Observation","1. Betweenness network centrality
2. Bars
3. Night shops
4. Nightclubs
5. Restaurants
6. Schools
7. Residential units
8. Trees
9. Street segment surface size
10. Type of street segment (intersection, bridge, regular segment)","  - ""In our study, we analyze graffiti instances in Ghent, Belgium. 1 To ensure practicality in the scope of our observations while still focusing on areas with a high incidence of graffiti, we restricted our study area to the city center of Ghent.""
  - ""Our final dataset includes information from 2,233 street segments from the original 2,392. A total of 159 segments were not observed for various reasons and were excluded from the analysis (see Figure A1 for map).""
  - ""The data were collected by a team of 212 observers in November 2017 using systematic social observation (SSO). These observers were undergraduatelevel students from Ghent University who had received training for a month.""
  - ""We ensured that nearly all publicly accessible or visible locations in the Ghent city center were included in our observations.""
  - ""The observation focused only on the street segments of Ghent city center. We only observed the number of graffiti instances on each street segment, not on the specific objects where it was written.""",,"- The study area is described as the ""city center of Ghent,"" which provides a geographic description but does not specify the exact size in square kilometers.
- The study involved observing graffiti instances across 2,233 street segments, but this does not directly translate to a specific area size without knowing the average size of each segment.
- The paper does not provide a direct measurement or calculation of the total study area size in square kilometers.
- The focus on the city center and the number of street segments observed suggest a detailed spatial analysis, but the exact area size is not explicitly mentioned.","  - ""Conditional logit models assessed the impact of these characteristics on graffiti location choices.""
  - ""We estimated two separate conditional logit models, as detailed in Table 2""
  - ""Model 1 included betweenness network centrality as a generic measure of exposure, while Model 2 went further by including specific separate factors hypothesized to measure exposure or deterrence.""
  - ""The findings show that for every additional bar in a segment, the odds of it being chosen by graffiti writers increase by 10.1% (OR = 1.065, p < .01).""
  - ""Similarly, adding another night shop in a segment increases the selection odds by 30.2% (OR = 1.302, p < .01).""
  - ""Findings also indicate that the presence of each additional nightclub, restaurant, and school in a segment increases the odds of selection by 8.4% (OR = 1.084, p < .01), 5.8% (OR = 1.058, p < .01), and, 23.5% (OR = 1.235, p < .01), respectively.""
  - ""Moreover, an increase of 10 residential units in a segment escalates its odds of being chosen by 3.4% (OR = 1.034, p < 0.01).""
  - ""The presence of one additional tree along the street slightly decreases the odds by 1% (OR = 0.990, p < .01).""
  - ""Regarding the standardized measure of street network centrality, a rise of 1 standard deviation of betweenness increases the odds of selection by 16.1% (OR = 1.161, p < .01),""
  - ""street segment surface size has a positive effect: a 10 m 2 size increase is associated with a 0.7% (OR = 1.007, p < .01) increase in the odds of being selected.""
  - ""The three types of street segments also display differences, with intersections and regular street segments both being less preferred than bridges, decreasing the selection odds by 54.5% (OR = 0.473, p < .01) and 44.4% (OR = .556, p < .01), respectively.""",,"- The paper uses conditional logit models to assess the impact of various characteristics on graffiti location choices, indicating these characteristics are independent variables.
- Model 1 includes ""betweenness network centrality"" as a measure of exposure, which is an independent variable.
- Model 2 includes specific factors such as the presence of bars, night shops, nightclubs, restaurants, schools, and residential units, which are all independent variables.
- The presence of trees is also considered as an independent variable, as it affects the odds of a segment being chosen.
- Street segment surface size and the type of street segment (intersection, bridge, or regular segment) are additional independent variables.
- These variables are used to predict the likelihood of graffiti writers choosing a particular street segment, making them independent variables in the study.","  - ""We estimated two separate conditional logit models, as detailed in Table 2""
  - ""Model 1 included betweenness network centrality as a generic measure of exposure, while Model 2 went further by including specific separate factors hypothesized to measure exposure or deterrence.""
  - ""The findings show that for every additional bar in a segment, the odds of it being chosen by graffiti writers increase by 10.1% (OR = 1.065, p < .01).""
  - ""Similarly, adding another night shop in a segment increases the selection odds by 30.2% (OR = 1.302, p < .01).""
  - ""Findings also indicate that the presence of each additional nightclub, restaurant, and school in a segment increases the odds of selection by 8.4% (OR = 1.084, p < .01), 5.8% (OR = 1.058, p < .01), and, 23.5% (OR = 1.235, p < .01), respectively.""
  - ""Moreover, an increase of 10 residential units in a segment escalates its odds of being chosen by 3.4% (OR = 1.034, p < 0.01).""
  - ""The presence of one additional tree along the street slightly decreases the odds by 1% (OR = 0.990, p < .01).""
  - ""Regarding the standardized measure of street network centrality, a rise of 1 standard deviation of betweenness increases the odds of selection by 16.1% (OR = 1.161, p < .01),""
  - ""As to the controls, street segment surface size has a positive effect: a 10 m 2 size increase is associated with a 0.7% (OR = 1.007, p < .01) increase in the odds of being selected.""
  - ""The three types of street segments also display differences, with intersections and regular street segments both being less preferred than bridges, decreasing the selection odds by 54.5% (OR = 0.473, p < .01) and 44.4% (OR = .556, p < .01), respectively.""",,"- The paper mentions two conditional logit models, Model 1 and Model 2, which are used to assess the impact of various factors on graffiti location choices.
- Model 1 includes ""betweenness network centrality"" as a predictor, which is a measure of exposure.
- Model 2 includes specific factors such as the presence of bars, night shops, nightclubs, restaurants, schools, and residential units, which are all related to exposure or deterrence.
- The paper provides odds ratios for these variables, indicating their effect on the likelihood of graffiti writers choosing a location.
- The variables mentioned in the context of these models are the ones that should be extracted as predictor variables.
- The paper also mentions the effect of street segment surface size and the type of street segment (intersection, bridge, regular segment) on graffiti location choices."
Modelling the spatial decision making of terrorists: the discrete choice approach,-,-,-,Applied Geography,21,2019,"Total Study Area Size: Not specified
Study Area Description: Belfast, using 890 Small Areas (SAs) as the smallest areal unit
Area Calculation Method: Not mentioned
Area Source: Northern Ireland Statistics and Research Agency (NISRA)
Alternative Size Info: 890 Small Areas (SAs) in Belfast
Context Notes: Focus on attacks within Belfast; SAs are administrative units","1. Distance from terrorist's home to attack site | Distance from home to target | Kilometers | Dataset of PIRA attacks
2. Presence of a major road | Indicator of major thoroughfare presence | Binary | Dataset of PIRA attacks
3. Presence of a police station | Indicator of police station presence | Binary | Dataset of PIRA attacks
4. Presence of a military base | Indicator of military base presence | Binary | Dataset of PIRA attacks
5. Distance from city centre | Distance from city centre to target | Kilometers | Dataset of PIRA attacks
6. Presence of a water body | Indicator of river presence | Binary | Dataset of PIRA attacks","1. Distance from home to attack site
2. Presence of a major road
3. Presence of a police station
4. Presence of a military base","  - ""Since 2011, Northern Ireland has been divided into 4537 'Small Areas' (hereafter, SAs), which are currently the smallest areal unit.""
  - ""The location of each attack was geocoded to the corresponding SA.""
  - ""The final offence and offender datasets comprised 150 attacks by 127 PIRA members within Belfast.""
  - ""The geographical boundary data for the SAs was obtained from the Northern Ireland Statistics and Research Agency (NISRA).""
  - ""Belfast is the capital and largest city of Northern Ireland and is on the flood plain of the River Lagan.""",,"- The study area is described as Belfast, which is the capital and largest city of Northern Ireland.
- The study uses ""Small Areas"" (SAs) as the smallest areal unit, which are part of the administrative division of Northern Ireland.
- The geographical boundary data for these SAs was obtained from the Northern Ireland Statistics and Research Agency (NISRA), indicating that the study area is defined by these administrative boundaries.
- The study focuses on attacks within Belfast, with 150 attacks by 127 PIRA members, and each attack was geocoded to a corresponding SA.
- The total number of SAs in Belfast is mentioned as 890, which provides a basis for understanding the spatial scope of the study.","  - ""A conditional logistic regression ascertained which characteristics increased the likelihood that an area would be selected as a target, using a dataset of attacks carried out by the Provisional Irish Republican Army in Belfast over a twentyyear period.""
  - ""An increase in distance from the terrorist's home to the attack site decreased the likelihood that an area would be chosen and an area was more likely to be chosen if it contained a major road, police station or military base.""
  - ""The discrete choice approach models target selection by considering multiple factors at the same time, and enables an impedance measure of distance to be treated as an explanatory variable.""
  - ""The following subsections encompass three primary criteria a terrorist may consider when selecting a target for an attack: a) distance; b) natural barriers and c) ideology.""
  - ""Hypothesis 1: The closer a potential target area to a perpetrator's home, the more likely it is that it will be selected.""
  - ""Hypothesis 2: The closer a potential target area to the city centre, the more likely it is that it will be selected.""
  - ""Hypothesis 3: The presence of a water body between the perpetrator's home and a target area will reduce the likelihood that the area will be targeted.""
  - ""Hypothesis 4: The presence of a major thoroughfare in an area will increase the likelihood it will be targeted.""
  - ""Hypothesis 5: The presence of a military base or a police station will increase the likelihood that the area will be targeted.""
  - ""Binary indicator variables were used to identify the presence of the following: a) the river Lagan, and as such determining a natural division between the offender's home SA and target SA); b) a British army base, Irish army base or police station; and c) a major thoroughfare.""
  - ""Distance from the city centre was calculated as the distance from each centroid to the centre of Belfast (measured as a point in the Central Business District, adjacent to the City Hall) in kilometres, and Ghosh distance was used in cases where the city centre was located in the same SA as the home SA""",,"- The study uses a conditional logistic regression to analyze the likelihood of an area being selected as a target, indicating that the independent variables are those that influence this likelihood.
- The paper explicitly mentions several independent variables: distance from the terrorist's home to the attack site, presence of a major road, police station, or military base, and natural barriers like rivers.
- The hypotheses listed in the paper (Hypotheses 1 through 5) directly correspond to independent variables: distance from home, distance from the city centre, presence of a water body, presence of a major thoroughfare, and presence of a military base or police station.
- The use of binary indicator variables for the presence of specific features like rivers, military bases, police stations, and major thoroughfares indicates these are independent variables.
- The calculation of distance from the city centre and the use of Ghosh distance for areas within the same SA as the home SA are also independent variables.","  - ""A conditional logistic regression ascertained which characteristics increased the likelihood that an area would be selected as a target, using a dataset of attacks carried out by the Provisional Irish Republican Army in Belfast over a twentyyear period.""
  - ""An increase in distance from the terrorist's home to the attack site decreased the likelihood that an area would be chosen and an area was more likely to be chosen if it contained a major road, police station or military base.""
  - ""The coefficient of the first distance parameter is in line with hypothesis 1. The results show that an increase in distance to the target SA from the home location will decrease the likelihood that this SA will be chosen as a target (e  = 0.61, p<.001).""
  - ""The estimated effects of a river acting as a natural barrier (hypothesis 3) were in the right direction, but not statistically significant (e  = 0.72, p=.25).""
  - ""In line with hypothesis 4, the presence of a major road was associated with target choice, increasing the likelihood of the SA being chosen as a target by a factor of 1.77 (p<.001).""
  - ""As predicted, the presence of a military base or police station increased the likelihood that the area would be chosen as a target (e  = 13.78, p<.001).""",,"- The paper uses a conditional logistic regression to analyze the likelihood of an area being chosen as a target by terrorists.
- The variables mentioned in the context of the regression model are distance from the terrorist's home to the attack site, presence of a major road, presence of a police station, and presence of a military base.
- These variables are explicitly mentioned as having coefficients and p-values in the regression results, indicating they are predictor variables in the model.
- The paper does not provide a table with variable names, but the text describes the variables used in the regression analysis."
Spatial analysis with preference specification of latent decision makers for criminal event prediction,"Yifei Xue, Donald E Brown",-,-,Decision Support Systems,66,2006,"Total Study Area Size: Not specified
Study Area Description: City of Richmond, VA
Area Calculation Method: Not mentioned
Area Source: Not stated
Alternative Size Info: None found
Context Notes: Modest-sized city; data from Richmond police department","1. Location Component (Q) | Spatial coordinates (x, y) | Discrete coordinates | Spatial data
2. Distance to Highway (D.HIGHWAY) | Distance to highway | Distance | Calculated distance values
3. Family Density per Unit Area (FAM.DENSITY) | Family density | Density per unit area | Census data
4. Personal Care Expenditure per Household (P.CARE.PH) | Personal care expenditure | Expenditure per household | Census data
5. Distance to Hospital (D.HOSPITAL) | Distance to hospital | Distance | Calculated distance values",Not mentioned (the paper does not provide explicit regression tables or lists of predictor variable names),"  - ""The analysis of B & E is related to locations of households in a city. However, it is difficult to represent all locations of individual houses in even a modest sized city, such as Richmond.""
  - ""The data for model evaluation came from the Regional Crime Analysis Program (ReCAP). ReCap was created as a cooperative project between local police departments in Northern and Central Virginia and the researchers in the University of Virginia.""
  - ""Since the attributes of spatial alternatives came from census data and calculated distance values, it is possible that some values of these attributes are correlated.""
  - ""We extracted the Residential bBreaking and Enter-ingQ (B & E) criminal incidents between July 1, 1997 and October 31, 1997 in the city of Richmond, VA for model estimation and validation.""
  - ""The specific data set used for evaluating this work came from the criminal incident reporting mainframe system (RAMS). It is the data set used by the police department in Richmond, VA.""",,"- The study area is explicitly mentioned as the city of Richmond, VA, as indicated by the use of data from the Richmond police department's criminal incident reporting system.
- The study focuses on residential breaking and entering incidents within Richmond, suggesting that the study area is confined to this city.
- The mention of using census data and calculated distance values implies that the study area is defined by administrative boundaries, likely those of the city of Richmond.
- The paper does not provide a specific size in square kilometers or any other unit, nor does it mention any specific method for calculating the area or any alternative size information.
- The context notes that the study area is a modest-sized city, which is Richmond, but no specific size or area calculation method is provided.","  - ""Data items for criminal spatial choice have two components: a location component and an attribute component. They can be represented by a vector { Q, S, k}. Q is the universe of the location component of the alternatives. Q is discrete and indexes all spatial alternatives by an ordered pair of coordinates {x, y}. S is the set of attributes associated with the spatial alternatives, where S={s 1 ,s 2 ,. . .,s S }. k:QYS is a mapping which specifies the attribute values for the alternative.""
  - ""the analysis results have been presented to crime analysts and community residents. These evaluators agreed that the spatial choice models predict some crime areas that did have high Breaking and Entering crime rates in the past several years.""
  - ""the attributes of spatial alternatives came from census data and calculated distance values, it is possible that some values of these attributes are correlated.""
  - ""We picked the features D.HIGHWAY (distance to highway), FAM.DENSITY (Family density per unit area), P.CARE.PH (personal care expenditure per household) and D.HOSPITAL (distance to hospital).""
  - ""The features of each spatial alternative come from the combination of census data and calculated distance values.""",,"- The paper discusses the use of spatial data analysis to predict criminal behavior, focusing on the spatial choices of criminals. The independent variables are those that are used to predict these choices.
- The location component (Q) and attribute component (S) are key parts of the data used in the analysis. The location component is represented by coordinates (x, y), which are independent variables.
- The attribute component includes various features such as distance to highway (D.HIGHWAY), family density per unit area (FAM.DENSITY), personal care expenditure per household (P.CARE.PH), and distance to hospital (D.HOSPITAL). These are explicitly mentioned as independent variables used in the analysis.
- The paper also mentions that these attributes come from census data and calculated distance values, indicating that these are the sources of the independent variables.
- The analysis involves using these variables to predict crime locations, which aligns with the task of identifying independent variables.","  - ""The problem formulation in Section 2 provides the basis for developing spatial choice models for criminal event prediction.""
  - ""The results in Section 2 show how discrete choice theory can describe spatial choices by criminals.""
  - ""The prior probabilities P(a i aM) of the uniform spatial choice models were calculated as in Section 3.2 for each cluster.""
  - ""The key features are the features coming out from the feature selection process above.""
  - ""The final prediction of a future crime's spatial distribution is the combination of the predicted probabilities of all clusters.""
  - ""The comparison results in Table 2 indicate that the two new spatial choice models significantly outperform the hot spot model.""",,"- The paper discusses the development of spatial choice models for criminal event prediction, which involves regression-like models such as multinomial logit.
- The focus is on predicting spatial choices based on utility functions and probabilities, which are typical components of regression models.
- The paper mentions the calculation of prior probabilities and the use of key features, which are likely predictors in the models.
- The comparison of models suggests that there are regression results or model estimates tables where these variables would be listed.
- However, the paper does not explicitly provide tables or lists of variable names as predictors in regression models. The focus is more on the methodology and results rather than detailed regression tables."
Do Street Robbery Location Choices Vary Over Time of Day or Day of Week? A Test in Chicago,"Wim Bernasco, Stijn Ruiter, Richard Block",-,-,-,-,-,"Total Study Area Size: Not specified
Study Area Description: City of Chicago
Area Calculation Method: Not mentioned
Area Source: Chicago Police Department and U.S. Census
Alternative Size Info: None found
Context Notes: Excludes expressways and college campuses","1. Presence of legal cash economies | Presence of businesses like bars, restaurants, etc. | Binary | Marketing research firm data
2. Presence of illegal cash economies | Presence of illegal activities like drug dealing, prostitution | Binary | Chicago Police Department data
3. Presence of high schools | Presence of private and public high schools | Binary | Chicago Public Schools data
4. Accessibility - Main street presence | Whether block is on a main street | Binary | Census data
5. Accessibility - El station presence | Whether block contains an El station | Binary | Census data
6. Total population | Total number of residents in the census block | Count | U.S. 2000 Census
7. Racial/ethnic composition | Racial/ethnic background of the population | Categorical | U.S. 2000 Census
8. Racial/ethnic match with offender | Whether majority of block population matches offender's racial/ethnic background | Binary | U.S. 2000 Census and offender data
9. Distance from offender's home | Euclidean distance from offender's home to crime location | Continuous | Geocoded data","1. Presence of bars and clubs
2. Presence of restaurants, fast-food outlets, and food stands
3. Presence of barber shops and beauty salons
4. Presence of liquor stores
5. Presence of grocery stores
6. Presence of general merchandise shops
7. Presence of gas stations
8. Presence of laundromats
9. Presence of pawnshops, currency exchange, and check-cashing services
10. Presence of drug-related incidents
11. Presence of prostitution-related incidents
12. Presence of gambling-related incidents
13. Presence of main street
14. Presence of El station
15. Presence of private and public high schools
16. Total number of residents in the census block
17. Racial and ethnic composition of the population
18. Distance from home (negative value of the log of distance)","  - ""The spatial units of analysis are census blocks.""
  - ""The analysis is limited to cleared robberies because only for cleared robberies offender addresses are available, and distance from the offender home location is by far the most important predictive factor in crime location choice""
  - ""About 98.5 percent of these addresses were successfully geocoded and assigned to 1 of the 24,594 census blocks in the city of Chicago.""
  - ""The data also include information on the offenders who were arrested for committing these street robberies, including gender, racial and ethnic background, age, and residential address at the time of the robbery.""
  - ""The data did not allow us to identify offenders across multiple robberies.""
  - ""In addition, we collected detailed information on land use, population, and activities in all 24,594 census blocks of the city of Chicago in the year 2000.""
  - ""The data further exclude a few street robberies that are perpetrated on expressways (covered by the state police) and robberies on college campuses (covered by the university's police).""
  - ""The data also exclude Chicago robberies committed by persons who are not residents of Chicago, but this is an exclusion by design, as our sample applies to residents of Chicago.""",,"- The study area is described as being composed of ""24,594 census blocks in the city of Chicago,"" which indicates the geographic scope of the study.
- The median size of each census block is given as ""19,680 m² (approximately 140 Â 140 m),"" which can be used to estimate the total area covered by these blocks.
- To calculate the total study area size, we need to multiply the number of census blocks by the average area of each block. However, the paper does not provide a direct total area size in square kilometers.
- The study area description is clearly the city of Chicago, as indicated by the use of census blocks within the city.
- The area calculation method is implied to be based on the use of census block data, but it is not explicitly stated how the total area was calculated.
- The area source is the data collected from the Chicago Police Department and the U.S. Census.
- There is no alternative size information provided in the paper.
- Context notes include the exclusion of certain areas like expressways and college campuses, but these do not affect the overall study area size calculation.","  - ""The spatial units of analysis are census blocks. Their relevant attributes include presence of various legal and illegal cash economies, presence of high schools, measures of accessibility, and distance from the offender's home.""
  - ""To measure small-scale retail activities in the block, we used marketing information collected by Claritas (now part of marketing research firm Nielsen) on businesses in the city of Chicago during the same period the crime data were recorded.""
  - ""The selected businesses include (1) bars and clubs; (2) restaurants, fast-food outlets, and food stands; (3) barber shops and beauty salons; (4) liquor stores; (5) grocery stores; (6) general merchandise shops; (7) gas stations; (8) laundromats; and (9) pawnshops, currency exchange, and check-cashing services.""
  - ""To measure the local presence of illegal retail activities, in particular drugs dealing, prostitution, and illegal gambling, geocoded incident files of the Chicago Police Department of the years 1996 to 1998 were aggregated to the census block level.""
  - ""The accessibility of a block was measured by two indicator variables, namely, (13) whether the block is located along at least one main street (rather than only minor streets) and ( 14) whether the block contains a station of the El, the Chicago elevated railway system (also known as ""L"").""
  - ""Data on (15) the presence of private and public high schools in a census block were based on lists compiled by the Chicago Public Schools.""
  - ""Data on block population was obtained from the U.S. 2000 Census. It included ( 16) the total number of residents in the census block and (17) the racial and ethnic composition of the population.""
  - ""The information on the racial and ethnic composition was combined with the racial/ethnic background of the offender to create a dummy variable which indicates whether the majority of the census block population was of the same racial/ethnic background (African American, Hispanic, or White) as the offender.""
  - ""Euclidian distances were calculated between the homes of the offenders and the midpoints of each of the 24,594 census blocks.""
  - ""the negative value of the log of distance was included in the model.""",,"- The paper uses census blocks as the spatial unit of analysis, which includes various attributes such as legal and illegal cash economies, high schools, accessibility measures, and distance from the offender's home.
- The study includes a range of retail businesses as independent variables, such as bars and clubs, restaurants, barber shops, liquor stores, grocery stores, gas stations, laundromats, and pawnshops.
- Illegal retail activities like drug dealing, prostitution, and illegal gambling are also considered as independent variables.
- Accessibility is measured by whether a block is located on a main street or contains an El station.
- The presence of high schools and population characteristics like total residents and racial/ethnic composition are included as independent variables.
- The distance from the offender's home to the crime location is an important independent variable, measured using Euclidean distances.
- The racial/ethnic background of the offender compared to the census block population is another independent variable.","  - ""The spatial units of analysis are census blocks. Their relevant attributes include presence of various legal and illegal cash economies, presence of high schools, measures of accessibility, and distance from the offender's home.""
  - ""To measure small-scale retail activities in the block, we used marketing information collected by Claritas (now part of marketing research firm Nielsen) on businesses in the city of Chicago during the same period the crime data were recorded.""
  - ""The selected businesses include (1) bars and clubs; (2) restaurants, fast-food outlets, and food stands; (3) barber shops and beauty salons; (4) liquor stores; (5) grocery stores; (6) general merchandise shops; (7) gas stations; (8) laundromats; and (9) pawnshops, currency exchange, and check-cashing services.""
  - ""To measure the local presence of illegal retail activities, in particular drugs dealing, prostitution, and illegal gambling, geocoded incident files of the Chicago Police Department of the years 1996 to 1998 were aggregated to the census block level.""
  - ""The accessibility of a block was measured by two indicator variables, namely, (13) whether the block is located along at least one main street (rather than only minor streets) and ( 14) whether the block contains a station of the El, the Chicago elevated railway system (also known as ""L"").""
  - ""Data on (15) the presence of private and public high schools in a census block were based on lists compiled by the Chicago Public Schools.""
  - ""Data on block population was obtained from the U.S. 2000 Census. It included ( 16) the total number of residents in the census block and (17) the racial and ethnic composition of the population.""
  - ""The information on the racial and ethnic composition was combined with the racial/ethnic background of the offender to create a dummy variable which indicates whether the majority of the census block population was of the same racial/ethnic background (African American, Hispanic, or White) as the offender.""
  - ""Euclidian distances were calculated between the homes of the offenders and the midpoints of each of the 24,594 census blocks.""
  - ""the negative value of the log of distance was included in the model.""",,"- The paper describes various attributes of census blocks that are used as predictors in the regression models. These include legal and illegal cash economies, presence of high schools, measures of accessibility, and distance from the offender's home.
- The paper lists specific types of businesses that are used as predictors: bars and clubs, restaurants, barber shops, liquor stores, grocery stores, general merchandise shops, gas stations, laundromats, and pawnshops.
- Illegal retail activities such as drug dealing, prostitution, and illegal gambling are also used as predictors.
- Accessibility is measured by whether a block is on a main street or has an El station.
- Presence of high schools and population characteristics like total residents and racial/ethnic composition are included.
- Distance from the offender's home is also a predictor."
Go where the money is: modeling street robbers' location choices,"Wim Bernasco, Richard Block, Stijn Ruiter",-,-,-,-,-,"Total Study Area Size: Not specified
Study Area Description: City of Chicago, focusing on 24,594 census blocks
Area Calculation Method: Not mentioned
Area Source: Data on census blocks in Chicago
Alternative Size Info: None found
Context Notes: None","1. Presence of legal cash economies (e.g., pawn shops, grocery stores) | Description: Presence of businesses with high cash transactions | Unit/Measurement: Count of businesses | Data_Source: Claritas marketing information
2. Presence of illegal cash economies (e.g., drug-related incidents) | Description: Presence of illegal activities | Unit/Measurement: Count of incidents | Data_Source: Chicago Police Department incident files
3. Accessibility (main street presence) | Description: Whether block is on a main street | Unit/Measurement: Binary indicator | Data_Source: Census block data
4. Accessibility (public transportation presence) | Description: Whether block has an El station | Unit/Measurement: Binary indicator | Data_Source: Census block data
5. Population size | Description: Total number of residents in a block | Unit/Measurement: Count | Data_Source: US 2000 Census
6. Racial and ethnic composition | Description: Majority racial/ethnic group in a block | Unit/Measurement: Categorical (African-American, White, Hispanic, Mixed) | Data_Source: US 2000 Census
7. Distance from offender's home | Description: Euclidean distance from offender's home to block | Unit/Measurement: Distance in meters | Data_Source: Offender data
8. Land use and activities | Description: Types of land use and activities in a block | Unit/Measurement: Categorical | Data_Source: Census block data
9. Spatial spillover effects | Description: Effects of adjacent blocks on robbery likelihood | Unit/Measurement: Spatially lagged variables | Data_Source: Census block data","1. Number of bars and clubs
2. Number of restaurants
3. Number of barber shops and beauty salons
4. Number of liquor stores
5. Number of grocery stores
6. Number of general merchandise shops
7. Number of gas stations
8. Number of laundromats
9. Number of pawn shops
10. Number of drug-related incidents
11. Number of prostitution-related incidents
12. Number of gambling-related incidents
13. Block located along main streets
14. Presence of an El station
15. Presence of a high school
16. Racial and ethnic contrasts
17. Spatially lagged variables for adjacent blocks","  - ""The remaining 24,594 blocks have a median size of 19,680 m 2 ($140 m Â 140 m).""
  - ""The data further include detailed information on land use, population and activities in all census blocks in the city of Chicago.""
  - ""In 2000 there were 24,594 census blocks in Chicago from which a robber chooses a single one when committing a robbery.""
  - ""In Chicago, with an average surface of 140 m Â 140 m (460 ftÂ 460 ft) and an average population of 118 residents, census blocks are approximately 30 times smaller than census tracts.""
  - ""Using data on nearly 13,000 robberies, on the approximately 18,000 offenders involved in these robberies, and on the nearly 25,000 census blocks in the city of Chicago,""",,"- The study area is described as the city of Chicago, with a focus on the nearly 25,000 census blocks within it.
- The size of each census block is given as an average surface area of 140 m Â 140 m, which translates to approximately 19,680 square meters.
- The total number of census blocks is 24,594, but the paper does not provide a direct total area size in square kilometers.
- To calculate the total study area size in square kilometers, we would need to multiply the number of census blocks by the average area of each block. However, the paper does not provide this calculation directly.
- The study area description is clearly the city of Chicago, with a focus on the census blocks within it.
- The area calculation method is not explicitly mentioned, but it is implied that the data on census blocks and their characteristics were used to analyze the study area.
- The area source is the data collected on the census blocks in Chicago.
- There is no alternative size information or context notes provided in the paper.","  - ""A wide range of variables was collected to measure the attractiveness of census blocks for street robbery (see Table 2""
  - ""To measure the presence of legal cash economies and small scale retail activities in the block, we used marketing information collected by Claritas (www.claritas.com) on businesses in the city.""
  - ""To measure the local presence of illegal cash economies in the form of drugs, prostitution and gambling transactions, geocoded incident files of the Chicago Police Department of the Years 1996-1998 were aggregated to the census block level.""
  - ""The accessibility of a block is measured by two indicator variables, namely (13) whether the block is located along at least one main street (rather than only minor streets), and ( 14) whether the block contains a station of the El, the Chicago elevated railway system.""
  - ""Information on block population was obtained from the US 2000 Census.""
  - ""The population size and the racial and ethnic composition (17) were used to create a five-category classification of each block, i.e. (a) population 20 or less (b) majority African-American, (c) majority White, (d) majority Hispanic and (e) mixed racial and ethnic composition.""
  - ""For each offender the Euclidian distance was calculated between their home and the midpoints of each of the 24,594 census blocks.""
  - ""The data further include detailed information on land use, population and activities in all census blocks in the city of Chicago.""
  - ""The distinction between the three racial and ethnic categories demonstrates an interesting pattern that is generally in line with the hypothesis on racial and ethnic segregation taking on the function of a barrier against criminal mobility.""
  - ""the universal logit model was extended with the 15 same attributes of second-order spatially adjacent blocks""",,"- The paper uses a variety of variables to assess the attractiveness of census blocks for street robbery, as indicated by the mention of Table 2 and the description of variables used to measure legal and illegal cash economies.
- Legal cash economies are measured by the presence of specific types of businesses, such as bars, restaurants, and pawn shops, which are indicators of potential targets for robbery.
- Illegal cash economies are measured by incidents related to drugs, prostitution, and gambling, which are also potential targets for robbery.
- Accessibility is measured by whether a block is located on a main street or has a public transportation hub, which affects the ease of reaching potential targets.
- Population size and racial/ethnic composition are used to categorize blocks, which may influence the likelihood of robbery based on demographic characteristics.
- Distance from the offender's home to potential robbery locations is a significant variable, as it affects the likelihood of committing a crime based on proximity.
- The study includes variables related to land use and activities within census blocks, which can influence the attractiveness of an area for robbery.
- Racial and ethnic segregation is considered as a barrier to criminal mobility, indicating that these factors are also independent variables in the analysis.
- The extension of the universal logit model to include second-order spatially adjacent blocks suggests that spatial spillover effects are also considered as independent variables.","  - ""the first nine variables measure the presence of small businesses. All nine business types are strongly and positively related to the probability of the focal block being selected for robbery, the multiplicative increase in the odds ranging between 1.18 for number of barber shops and beauty salons to 1.38 for number of liquor stores.""
  - ""The next three variables represent the amount of illegal market activity over a 3-year period with respect to drugs, prostitution and gambling in the focal block.""
  - ""As expected, as the accessibility of the block increases in terms of being situated along main roads and having an El station, so does its probability of being selected for robbery.""
  - ""The effects of implementing racial and ethnic contrasts between robbers and their potential target block demonstrate the same patterns of racial and ethnic preference, which are evident in the multinomial logit models.""
  - ""The distinction between the three racial and ethnic categories demonstrates an interesting pattern that is generally in line with the hypothesis on racial and ethnic segregation taking on the function of a barrier against criminal mobility.""
  - ""The effects of the 'spatially lagged' variables, listed in the bottom part of Table 4 under the 'Adjacent blocks' heading, are positive like those of the regular variables, indicating that the same factors that make robbers select a particular block also make them select adjacent blocks.""",,"- The paper discusses various predictor variables used in the regression models to analyze the location choices of street robbers.
- The first set of variables includes the presence of small businesses such as bars and clubs, restaurants, barber shops, liquor stores, grocery stores, general merchandise shops, gas stations, laundromats, and pawn shops.
- The next set of variables involves illegal market activities related to drugs, prostitution, and gambling.
- Accessibility variables include whether the block is located along main streets and has an El station.
- The presence of a high school in the block is also considered.
- Racial and ethnic contrasts between robbers and potential target blocks are analyzed.
- Spatially lagged variables for adjacent blocks are included to assess spillover effects."
The usefulness of past crime data as an attractiveness index for residential burglars,"Aiko Hanayama, | Shumpei Haginoya, Hiroki Kuraishi, Masakazu Kobayashi",-,-,,5,2018,"Total Study Area Size: Approximately 283.5 km²
Study Area Description: Portion of Sendai City excluding flooded areas
Area Calculation Method: Calculated from grid cell size and count
Area Source: Grid cell method described in the paper
Alternative Size Info: 1,134 grid cells, each 500m x 500m
Context Notes: Excludes areas flooded by the Great East Japan Earthquake and Tsunami","1. Past crime data | Index of neighborhood attractiveness | Number of past residential burglaries | Japanese national police register
2. Past residential burglary rate | Index of neighborhood attractiveness | Rate per 100 residential units | Japanese national police register
3. Distance from offender's residence | Proximity measure | Kilometers | Calculated from grid cell centroids
4. Number of residential units | Housing characteristic | Count | 2010 Japanese national census
5. Proportion of single-family dwellings | Housing characteristic | Percentage | 2010 Japanese national census
6. Proportion of foreigners | Demographic variable | Percentage | 2010 Japanese national census
7. Proportion of newcomers | Demographic variable | Percentage | 2010 Japanese national census","1. Distance from offender's residence
2. Number of residential units
3. Proportion of single-family dwellings
4. Number of past residential burglaries
5. Past residential burglary rate
6. Proportion of foreigners
7. Proportion of newcomers","  - ""Ultimately, we used 1,134 grid cells as the study area.""
  - ""Using the grid cell method described earlier, we narrowed down the study area to covering the area not flooded during the Great East Japan Earthquake and Tsunami on March 11, 2011 (Pasco, 2011) because the tsunami may have changed the environment.""
  - ""The size of grid cells is 500 m on a one side and comes with specified longitude and latitude data.""",,"- The study area is described as covering a portion of Sendai City, specifically excluding areas flooded by the Great East Japan Earthquake and Tsunami.
- The study area is composed of 1,134 grid cells, each with a size of 500 meters on one side.
- To calculate the total area, we need to calculate the area of one grid cell and then multiply by the number of grid cells. The area of one grid cell is 500 meters * 500 meters = 250,000 square meters or 0.25 square kilometers.
- Multiplying this by the number of grid cells gives us the total study area size: 0.25 km² * 1,134 grid cells = approximately 283.5 km².
- The paper also mentions that Sendai City has an area of about 786 km², but this is not the specific study area size, as the study area is a subset of the city.","  - ""The goal of this study was to examine past crime data to determine whether such data could be used as an index of the attractiveness of neighbourhoods for residential burglary, which is the first step to introducing past crime data for geographic profiling.""
  - ""The number of residential burglaries in the past several years is a valid variable describing past crime data to be introduced to the conditional logit model of a residential burglar's process of choosing the location for a crime.""
  - ""the past residential burglary rate calculated by dividing the number of past residential burglaries by the number of residential units is considered a variable describing the attractiveness of neighbourhoods by excluding the effects of potential target density.""
  - ""We used past crime data, social statistics, and distance as indices of this choice process.""
  - ""Variables describing neighbourhood characteristics-the number of residential units, the proportion of single-family dwellings, the proportion of foreigners, and the proportion of newcomers-were obtained from 2010 Japanese national census data.""
  - ""The distance from offender's residence also had the largest standard partial regression coefficients (-2.02) within the pattern of significant variables.""
  - ""The number of past residential burglaries and the past residential burglary rate were calculated from reported cases collected in the Japanese national police register between 2004 and 2006.""
  - ""The number of past residential burglaries had a more significant effect than the number of residential units or the proportion of single-family dwellings.""
  - ""The past residential burglary rate might, therefore, represent various indices of neighbourhood's attractiveness, such as its road structure and having the crime attractors that were discussed above.""",,"- The study uses past crime data as an index of neighborhood attractiveness, which is a key independent variable.
- The number of residential burglaries in the past and the past residential burglary rate are used as variables to describe neighborhood attractiveness.
- Distance from the offender's residence is another significant independent variable.
- Neighborhood characteristics such as the number of residential units, proportion of single-family dwellings, proportion of foreigners, and proportion of newcomers are also used as independent variables.
- The study uses data from the Japanese national census and police register to construct these variables.","  - ""The estimation results of the conditional logit model are presented in Table 3""
  - ""The result of conditional logit model introducing the number of past residential burglaries supported that the distance from offender's residence decreases the odds of certain grid cell's being selected by a burglar.""
  - ""The number of residential units had a positive effect on the likelihood that a burglar will select grid cell for committing his or her offence.""
  - ""The results also showed that the proportion of single-family dwellings makes a cell more likely to be chosen by burglars as a target area.""
  - ""Moreover, the results show that the larger the number of past residential burglaries, the greater are the odds of a burglar selecting that grid cell.""
  - ""the results of the conditional logit model introducing the past residential burglary rate showed that the distance from offender's residence (0.70), the number of residential units (1.08), and the proportion of single-family dwellings (1.06) were significant (odds ratio).""
  - ""The past residential burglary rate also had a positive effect on the likelihood that a burglar will select a grid cell for committing his or her offence.""
  - ""the proportion of foreigners and the proportion of newcomers had no significant impact on choice of location for crimes, contrary to our hypotheses.""",,"- The paper discusses the use of a conditional logit model to analyze the choice process of residential burglars.
- The model includes several predictor variables that are mentioned in the context of their effects on the likelihood of a grid cell being chosen for a crime.
- The variables explicitly mentioned as predictors in the model are:
  - Distance from offender's residence
  - Number of residential units
  - Proportion of single-family dwellings
  - Number of past residential burglaries
  - Past residential burglary rate
- The proportion of foreigners and the proportion of newcomers are also mentioned as variables, but they are noted to have no significant impact on the choice of location for crimes."
Adolescent offenders' current whereabouts predict locations of their future crimes,Wim Bernasco,-,-,PLoS ONE,21,2019,Not specified (the paper does not provide a specific size for the study area),"1. H B ij | Time spent in location j | Binary (0,1) | Space-time budget data
2. E A ij | Time spent in a location 1st order contiguous to location j | Binary (0,1) | Space-time budget data
3. E B ij | Time spent in a location 2nd order contiguous to location j | Binary (0,1) | Space-time budget data
4. E C ij | Time spent in a location 3rd order contiguous to location j | Binary (0,1) | Space-time budget data
5. E D ij | Time spent in a location 4th order contiguous to location j | Binary (0,1) | Space-time budget data
6. E E ij | Time spent in a location 5th order contiguous to location j | Binary (0,1) | Space-time budget data
7. C O ij | Prior crime in location j | Binary (0,1) | Police records
8. C A ij | Prior crime in a location 1st order contiguous to location j | Binary (0,1) | Police records
9. C B ij | Prior crime in a location 2nd order contiguous to location j | Binary (0,1) | Police records
10. C C ij | Prior crime in a location 3rd order contiguous to location j | Binary (0,1) | Police records
11. C D ij | Prior crime in a location 4th order contiguous to location j | Binary (0,1) | Police records
12. C E ij | Prior crime in a location 5th order contiguous to location j | Binary (0,1) | Police records
13. F A j | Presence of at least one catering business in location j | Binary (0,1) | LISA dataset
14. R B j | Presence of at least one retail business in location j | Binary (0,1) | LISA dataset
15. S C j | Presence of at least one school in location j | Binary (0,1) | LISA dataset","1. H B ij
2. E A ij
3. E B ij
4. E C ij
5. E D ij
6. E E ij
7. C O ij
8. C A ij
9. C B ij
10. C E ij
11. F A j
12. R B j
13. S C j","  - ""The Study of Peers, Activities and Neighborhoods (SPAN) is a two-wave panel study among adolescents in The Hague, the Netherlands, and its suburbs.""
  - ""The study included a selfreport questionnaire and a personal space-time budget interview, both of which were administered at the schools that the respondents attended.""
  - ""The sample was representative for adolescents in The Hague of these age groups in terms of gender and ethnic background.""
  - ""the offender chooses a single location from the full choice set of 4558 locations (67 × 67 = 5092 grid cells of 200x200m each, minus 544 grid cells completely located on the North Sea).""
  - ""The sample was designed to be conducted among a cohort of 1st graders (ages 12-13) and a cohort 4th graders (ages 15-16).""",,"- The paper describes the study as being conducted in The Hague, the Netherlands, and its suburbs, but it does not provide a specific size for the study area.
- The mention of ""4558 locations (67 × 67 = 5092 grid cells of 200x200m each, minus 544 grid cells completely located on the North Sea)"" suggests a grid-based approach to defining the study area, but it does not directly translate to a total area size in square kilometers.
- The paper does not provide any direct statement or calculation for the total study area size in square kilometers.
- The absence of explicit area size information means that the study area size is not specified in the paper.","  - ""The deterministic part of utility V ij is a linear function of the attributes of individuals and locations:""
  - ""The values of β 1 to β 17 are parameters that are estimated from the data. Their sizes, relative to 0 and relative to each other, their directions and their standard errors determine whether the hypotheses are confirmed or rejected (according to the theory, all β > 0).""",,"- The paper describes a statistical model used to predict crime locations based on various attributes of locations and individuals. The model includes several independent variables that are used to explain the choice of crime location.
- The variables listed in the quotes are used as predictors in the model. These include time spent in locations, contiguity to previously visited or crime locations, presence of businesses or schools, and prior crime locations.
- The variables are described as attributes of locations and individuals, which are used to estimate the utility of a location for committing a crime.
- The parameters β 1 to β 17 are associated with these variables, indicating that they are independent variables in the model.","  - ""The values of β 1 to β 17 are parameters that are estimated from the data. Their sizes, relative to 0 and relative to each other, their directions and their standard errors determine whether the hypotheses are confirmed or rejected (according to the theory, all β > 0). The values e β are odds ratios, and represent the factor by which the odds of being chosen increase (odds ratio > 1) or decrease (odds ratio < 1) with each one-unit increase of the right-hand side variables.""",,"- The paper describes a conditional logit model used to explain the offender's choice of a crime location. The model includes various attributes of locations and individuals as predictors.
- The deterministic part of the utility function (V ij) is a linear function of several attributes, which are listed as predictor variables in the model.
- These attributes include time spent in locations (H B ij), spatial exploration variables (E A ij to E E ij), prior crime locations (C O ij to C E ij), and presence of businesses and schools (F A j, R B j, S C j).
- The paper mentions that the values of β 1 to β 17 are parameters estimated from the data, indicating that these are coefficients for the predictor variables in the model.
- The focus is on extracting variable names that appear as predictors in regression tables, which are described in the paper as part of the conditional logit model."
Where Do Dealers Solicit Customers and Sell Them Drugs? A Micro-Level Multiple Method Study,"Wim Bernasco, Scott Jacques",-,-,,26,2015,"Total Study Area Size: Not specified
Study Area Description: 1012 postal code, including Amsterdam Red Light District
Area Calculation Method: Not mentioned
Area Source: Study area description
Alternative Size Info: 262 street segments with an average length of 103 meters
Context Notes: Located in downtown Amsterdam","1. Potential Customer Density | Presence of retail and entertainment businesses, accessibility, activity level | Quantitative measures | Systematic observations
2. Social Control | Presence of formal and informal agents, territoriality, physical disorder | Quantitative measures | Systematic observations
3. Presence of Retail and Entertainment Businesses | Number of businesses attracting potential customers | Count | Systematic observations
4. Accessibility | Number of connecting streets, alleys, parking lots, public transport hubs | Count | Systematic observations
5. Activity Level | Flow of pedestrian, bike, and car travel | Quantitative measure | Systematic observations
6. Formal and Informal Agents of Social Control | Presence of people who can intervene | Count | Systematic observations
7. Territoriality | Presence of objects signaling non-public nature | Count | Systematic observations
8. Physical Disorder | Physical signs of neglect | Count | Systematic observations","1. Potential customer density
2. Social control
3. Number of potential customer attractors
4. Activity level
5. Accessibility
6. Presence of formal and informal agents of social control
7. Territoriality
8. Absence of social disorder","  - ""the 1012 postal code was chosen as the study area; its street layout is displayed in Figure 1""
  - ""The overall study sample consisted of 50 subjects who were active as dealers in downtown Amsterdam.""
  - ""The 1012 postal code includes as a subarea the Amsterdam Red Light District (""De Wallen""), a network of small streets and alleys with a heavy concentration of legal indoors prostitution services, totaling approximately 370 ""windows"" where prostitutes openly advertise their services.""
  - ""The rationale was that for decision making in dealing situations, what matters are the characteristics of a place that can be seen or heard, and it seemed that street segments (""street blocks,"" ""face blocks"") are small enough to assure that from any point in the street segment, relevant attributes of any other point in the same segment could be seen and heard.""
  - ""The average length of the 262 street segments is 103 meters (SD = 65 m, minimum = 16 m, maximum = 425 m).""",,"- The study area is described as being located in the 1012 postal code, which includes the Amsterdam Red Light District. This provides a geographic boundary for the study area.
- The study area is further defined by the presence of 262 street segments, which are used as the unit of analysis for the study.
- The average length of these street segments is given as 103 meters, which provides a physical scale for the study area.
- The study area is described as being in downtown Amsterdam, which gives a broader geographic context.
- The paper does not provide a direct measurement of the total study area size in square kilometers or any other unit, but it does describe the area in terms of its street segments and geographic location.","  - ""The first indicator is (a) the presence of retail and entertainment businesses that are potential customer attractors.""
  - ""The second indicator is (b) the accessibility of the location, as measured by the numbers of connecting streets and alleys and the presence of parking lots and public transport hubs.""
  - ""The third indicator is (c) the general activity level of the location, as measured by the flow of pedestrian, bike, and car travel.""
  - ""The first is (d) the number of people who have the power to interfere in some way and who are present at the location (closed-circuit television [CCTV] cameras represent the people who monitor the footage).""
  - ""The second is (e) the level of territoriality, which is indicated by the presence of objects that signal the non-public (semi-private) nature of the location, and the third is (f) physical disorder, that is, physical signs of neglect that may signal to drug dealers that social control is absent at the location.""
  - ""The first factor is labeled potential customer density. It is measured by the number of potential customer attractors, the activity level, and the accessibility of the location.""
  - ""The second factor is labeled social control. Social control is measured by the presence of formal and informal agents of social control (people who are likely to intervene in dealing when they notice it, for example, residents, police offenders, or shop managers), by territoriality and by the absence of social disorder.""
  - ""We distinguish three sets of indicators that affect potential customer density, that is, opportunities to meet potential customers.""
  - ""We also distinguish three sets of indicators for social control, which refers to the potential of other people to interfere with drug dealing.""",,"- The paper identifies two main factors that influence dealers' location choices: potential customer density and social control. These are the primary independent variables.
- Potential customer density is further broken down into three indicators: the presence of retail and entertainment businesses, accessibility, and activity level. These are specific independent variables.
- Social control is also broken down into three indicators: the presence of people who can interfere, territoriality, and physical disorder. These are additional independent variables.
- The paper uses these variables to analyze dealers' choices for soliciting customers and selling drugs, indicating their role as independent variables in the study's statistical models.","  - ""The quantitative findings seem to confirm that dealers go to places where the likelihood of successfully soliciting customers is high, but no evidence is found that they avoid places with informal or formal social control.""
  - ""We hypothesize that in searching locations to solicit customers and in searching locations to actually exchange drugs for money, dealers consider two general factors.""
  - ""The first factor is labeled potential customer density. It is measured by the number of potential customer attractors, the activity level, and the accessibility of the location.""
  - ""The second factor is labeled social control. Social control is measured by the presence of formal and informal agents of social control (people who are likely to intervene in dealing when they notice it, for example, residents, police offenders, or shop managers), by territoriality and by the absence of social disorder.""
  - ""The odds ratios are listed in the column labeled ""Take Customer"" (3) of Table 4""
  - ""The results point in the same direction: Dealers sell in street segments where businesses are located that attract people who are potential customers of the dealers.""
  - ""The quantitative findings demonstrate that the dealers who were interviewed displayed a tendency to solicit at locations where potential customers congregate but did not seem to be deterred by the police or other sources of social control.""",,"- The paper discusses two main factors considered by dealers when choosing locations: potential customer density and social control. These are the primary independent variables in the study.
- Potential customer density is further broken down into specific measures such as the number of potential customer attractors, activity level, and accessibility.
- Social control is measured by the presence of formal and informal agents of social control, territoriality, and the absence of social disorder.
- The paper refers to odds ratios in Table 4, which suggests that these variables are used in a regression model to estimate the likelihood of dealers choosing certain locations.
- The focus is on extracting variable names that appear as predictors in regression tables, which in this case are related to potential customer density and social control."
Discrete choice analysis of spatial attack sites,"Michael A Smith, Ae D E Brown, Donald E Brown",-,-,Inf. Syst. E Bus. Manag.,16,2007,Not specified (the paper does not provide a direct measurement of the total study area size in square kilometers or any other unit),"1. u30 | Proximity measure | Not specified | Richmond City Records Management Center
2. u66 | Density measurement | Not specified | Richmond City Records Management Center
3. /13 | Not specified | Not specified | Richmond City Records Management Center
4. /18 | Not specified | Not specified | Richmond City Records Management Center
5. /19 | Not specified | Not specified | Richmond City Records Management Center
6. /38 | Not specified | Not specified | Richmond City Records Management Center
7. /46 | Not specified | Not specified | Richmond City Records Management Center
8. /52 | Not specified | Not specified | Richmond City Records Management Center
9. /53 | Not specified | Not specified | Richmond City Records Management Center
10. /58 | Not specified | Not specified | Richmond City Records Management Center
11. /62 | Not specified | Not specified | Richmond City Records Management Center","1. u 30
2. u 66
3. / 13
4. / 18
5. / 19
6. / 38
7. / 46
8. / 52
9. / 53
10. / 58
11. / 62","  - ""The complete dataset consists of all reported breaking and entering crime in the City of Richmond, VA for calendar year 1997.""
  - ""The choice set was defined using the following steps. The smallest rectangle that would wholly circumscribe the boundaries of the City of Richmond was the extents of a grid with 100 rows and 100 columns.""
  - ""The remaining 4,895 centroids constitute the choice set.""
  - ""The dataset of breaking and entering crime analyzed here was obtained from the Richmond City Records Management Center and augmented with publicly available GIS layers to introduce proximity measurements and census information.""
  - ""The north-south inter-centroid spacing is 170 m, the east-west inter-centroid spacing is 191 m.""",,"- The study area is described as the City of Richmond, VA, which provides a geographic boundary for the study.
- The choice set is defined by a grid that circumscribes the city boundaries, indicating that the study area is the entire city.
- The grid has 100 rows and 100 columns, with specific inter-centroid spacings, which could be used to estimate the total area covered by the grid.
- However, the paper does not provide a direct measurement of the total study area size in square kilometers or any other unit.
- The description of the grid and its spacing suggests a method for calculating the area, but no explicit calculation or area size is provided in the paper.","  - ""The candidate predictor set, F, consists of proximity measurements to each of 30 features in the geographic space and 38 demographic profile variables aggregated at the census block group level.""
  - ""The large number of candidate predictors prevents description of each in this article.""
  - ""The coefficient on u 30 , a proximity measure, is negative, indicating the feature it represents is attractive.""
  - ""u 66 is a density measurement, and the coefficient indicates positive association with selection likelihood.""
  - ""The feature selection process (illustrated in Fig. 2 ) resulted in 11 predictors being used, a much larger set than the standard multinomial logit model.""
  - ""The additional predictors introduced are / 13 ; / 18 ; / 19 ; / 38 ; / 46 ; / 52 ; / 53 ; / 58 ; / 62""
  - ""The presence of such features creates a possibility of extreme multicollinearity if care is not taken in feature selection.""",,"- The paper mentions a set of candidate predictors, F, which includes proximity measurements to 30 geographic features and 38 demographic variables. These are independent variables used in the model.
- The paper specifically identifies two variables: u30, a proximity measure, and u66, a density measurement. These are used as predictors in the model.
- The feature selection process resulted in the use of 11 predictors, which are identified by their codes (/13, /18, /19, /38, /46, /52, /53, /58, /62). These are additional independent variables.
- The paper does not provide detailed descriptions or units for each variable due to the large number of predictors, but they are all part of the independent variable set.","  - ""The coefficient on u 30 , a proximity measure, is negative, indicating the feature it represents is attractive. u 66 is a density measurement, and the coefficient indicates positive association with selection likelihood.""
  - ""The model summary is in Table 2 . It indicates that the spatial hierarchy term is significant. u 30 exhibits significance in the standard multinomial logit model, but does not in the larger spatial hierarchy model.""
  - ""A summary of the estimated model is in Table 1""
  - ""The feature selection process (illustrated in Fig. 2 ) resulted in 11 predictors being used, a much larger set than the standard multinomial logit model. The additional predictors introduced are / 13 ; / 18 ; / 19 ; / 38 ; / 46 ; / 52 ; / 53 ; / 58 ; / 62""",,"- The paper mentions two tables (Table 1 and Table 2) that contain summaries of the estimated models, which likely include regression results.
- The variable names u 30 and u 66 are explicitly mentioned as having coefficients in the model, indicating they are predictors.
- The paper lists additional predictors used in the spatial hierarchy model, which are denoted as / 13, / 18, / 19, / 38, / 46, / 52, / 53, / 58, and / 62.
- These variable names are extracted from the context of regression results and model summaries, which aligns with the task instructions."
Residential burglary target selection: An analysis at the property-level using Google Street View,"Samuel H Langton, Wouter Steenbeek",-,-,,40,2017,Not specified (the paper does not provide a specific total study area size in km²),"1. Surveillability | Extent to which a home is visible to third parties | Number of windows with direct view, distance to neighboring buildings, visibility of front door | Google Street View
2. Accessibility | Extent to which a property can be entered by a potential burglar | Property location at end of row, boundaries with public areas, physical barriers, burglar alarm, setback from street, building age, external amenities | Google Street View
3. Wealth | Indications of goods of value inside | Presence of garage, property size, external condition | Google Street View
4. Ease of escape | Extent to which an offender can leave the area swiftly | Distance to main road, distance to street corner, number of escape routes | Google Street View
5. Presence of business | Whether a business is present in the surrounding area | Binary variable | Community survey
6. Mixed land use | Whether the area has mixed land use beyond residential | Binary variable | Community survey
7. House type | Type of house (terraced, semi-detached, detached) | Categorical variable | Community survey","1. Surveillability
2. Accessibility
3. Ease of escape
4. Indications of resident wealth
5. Presence of a business
6. Mixed land-use
7. House type","  - ""The neighbourhoods of The Hague that were used in this study are exhibited in Fig. 1 , along with a single demonstrative neighbourhood to visualise the case-control design, using synthetic crime data.""
  - ""The physical characteristics of these residential units and their immediate surrounding area are measured through Systematic Social Observation (SSO), using Google Maps and its built-in virtual reality tool, Google Street View (GSV).2""
  - ""For this study, a selection of 150 dwellings that were burglarised during daylight hours in 2009 is made from geocoded, timestamped data from The Hague Police Force, the Netherlands.""
  - ""the present study uses quantitative data on burglary events and residential units to test the previous findings from offender-based literature, answering calls from recent research (Vandeviver et al., 2015).""
  - ""the final sample used for analysis therefore consisted of 300 single houses, evenly split between burglarised and non-burglarised dwellings.""",,"- The study focuses on residential burglary target selection in The Hague, Netherlands, using data from 2009.
- The study involves a selection of 150 burglarized dwellings and 150 non-burglarized dwellings, all located in The Hague.
- The study uses Google Street View to measure physical characteristics of residential units and their surroundings.
- The study area is described as being within The Hague, with specific neighborhoods used in the study.
- The study does not provide a specific total area size in square kilometers or any other unit.","  - ""The ease of escape from a property, the extent to which the dwelling is accessible, and the extent to which it is closed to surveillance from neighbours and passers-by are all positively related to burglary risk.""
  - ""The surveillability of residential units refers to the extent to which a home is visible to third parties, in particular passers-by and neighbours, who may act as guardians""
  - ""The accessibility of a property refers to the extent to which the residential unit may be entered by a potential burglar.""
  - ""Indications of resident wealth signal that goods of value are on offer inside""
  - ""The ease of escape for burglars after the deviant act itself considers the extent to which the offender can leave the area as swiftly as possible and with a high probability of evading apprehension.""
  - ""Three variables were used as control variables. One binary variable indicated whether there was a business present in the immediate surrounding area open during daylight hours: we aimed to control for the 'eyes on the street' that nearby businesses might generate. Mixed land-use was a binary variable indicating whether the immediate surrounding area had land usage beyond that of purely residential, such as a car park. House type was a categorical variable stating whether the house was terraced, semi-detached, or detached.""
  - ""The explanatory variables on the property-level were primarily collected based a variety of GSV images, which allows users to 'move' up and down the street to get different angles of the property, including nearby streets from which the unit is visible.""
  - ""Property surveillability was measured by three items, namely (1) the number of windows from neighbouring residential units with a direct view of the front ground floor, (2) the distance between the property and the building on the other side of the street, and (3) the visibility of the front door from the street.""
  - ""Property accessibility was measured through seven items, namely (1) whether the property was at the end of a row of properties, (2) number of boundaries the property shared with public areas, (3) whether the private space of the property could be sealed off with physical barriers, (4) whether the property has a burglar alarm, (5) whether the property was setback from the street, (6) the age of the building and ( 7) whether the property had amenities, such as plant pots and benches, on public space directly outside the unit.""
  - ""Wealth was measured with three items, namely (1) whether the property had a garage, (2) the size of the property in square metres, and (3) the external condition of the property.""
  - ""Ease of escape was measured with three items, namely (1) the distance between the property and the nearest main road, (2) the distance between the property and the nearest street corner, and (3) the number of escape routes, including footpaths, leading off the street segment.""",,"- The paper identifies several independent variables related to property characteristics that influence burglary risk. These include surveillability, accessibility, indications of resident wealth, and ease of escape.
- Surveillability is measured by factors such as the number of windows with a direct view, distance to neighboring buildings, and visibility of the front door.
- Accessibility is assessed through factors like property location at the end of a row, boundaries with public areas, presence of physical barriers, burglar alarms, setback from the street, building age, and external amenities.
- Wealth is indicated by the presence of a garage, property size, and external condition.
- Ease of escape is determined by distances to main roads and street corners, and the number of escape routes.
- Control variables include the presence of businesses in the surrounding area, mixed land use, and house type (terraced, semi-detached, detached).","  - ""The results indicate that the more residential units are considered to be under surveillance, the less likely they are to be burglarised. Conversely, properties that are more accessible and are easier to escape from are more likely to be targeted by burglars. There is no evidence to suggest that indications of resident wealth have an effect on target selection.""
  - ""The findings lead us to reject the null hypotheses of no effect for hypotheses H1, H2 and H4. For H3, there is insufficient evidence to reject the null hypothesis that there is no relationship between indications of resident wealth and the risk of being burgled.""
  - ""Table 3 presents the conditional logistic regression models testing the four main effect hypotheses of H1, H2, H3 and H4, as well as the cross-level interaction to test H1a.""
  - ""The results indicate that the more residential units are considered to be under surveillance, the less likely they are to be burglarised. Conversely, properties that are more accessible and are easier to escape from are more likely to be targeted by burglars.""
  - ""the effect of surveillability appears to be strongest (B ¼ À0.735, OR ¼ 0.48, p-2s < 0.001), followed by the ease of escape (B ¼ 0.477, OR ¼ 1.61, p-2s < 0.01). The accessibility of properties appears to be the least important property-level feature to burglars (B ¼ 0.380, OR ¼ 1.46, p-2s < 0.05).""
  - ""The data offers no evidence to suggest that the effect of surveillability is greater in neighbourhoods with high collective efficacy (p-2s > 0.05).""
  - ""Three variables were used as control variables. One binary variable indicated whether there was a business present in the immediate surrounding area open during daylight hours: we aimed to control for the 'eyes on the street' that nearby businesses might generate. Mixed land-use was a binary variable indicating whether the immediate surrounding area had land usage beyond that of purely residential, such as a car park. House type was a categorical variable stating whether the house was terraced, semi-detached, or detached.""",,"- The paper discusses the use of conditional logistic regression models to test hypotheses related to property-level attributes and their impact on burglary risk.
- The variables mentioned in the context of these models are surveillability, accessibility, ease of escape, and indications of resident wealth.
- The paper provides specific coefficients and odds ratios for surveillability, accessibility, and ease of escape, indicating their role as predictor variables in the regression models.
- The paper also mentions control variables such as the presence of a business, mixed land-use, and house type, which are used to control for other factors in the analysis.
- The focus is on extracting variable names that appear as predictors in regression tables, which includes surveillability, accessibility, ease of escape, and the control variables."