term,category,found,first_occurrence_only
"1. Home in SA2
2. Home at 0-200 m
3. Home at 200-500 m
4. Home at 500 m-1 km
5. Home at 1-2 km
6. Home at 2-5 km
7. Family homes in SA2
8. Family homes at 0-200 m
9. Family homes at 200-500 m
10. Family homes at 500 m-1 km
11. Family homes at 1-2 km
12. Family homes at 2-5 km
13. School in SA2
14. School at 0-200 m
15. School at 200-500 m
16. School at 500 m-1 km
17. School at 1-2 km
18. School at 2-5 km
19. Work in SA2
20. Work at 0-200 m
21. Work at 200-500 m
22. Work at 500 m-1 km
23. Work at 1-2 km
24. Work at 2-5 km
25. Prior offences in SA2
26. Prior offences at 0-200 m
27. Prior offences at 200-500 m
28. Prior offences at 500 m-1 km
29. Prior offences at 1-2 km
30. Prior offences at 2-5 km
31. Prior victim/witness in SA2
32. Prior victim/witness at 0-200 m
33. Prior victim/witness at 200-500 m
34. Prior victim/witness at 500 m-1 km
35. Prior victim/witness at 1-2 km
36. Prior victim/witness at 2-5 km
37. Prior incidents in SA2
38. Prior incidents at 0-200 m
39. Prior incidents at 200-500 m
40. Prior incidents at 500 m-1 km
41. Prior incidents at 1-2 km
42. Prior incidents at 2-5 km
43. Other location in SA2
44. Other location at 0-200 m
45. Other location at 200-500 m
46. Other location at 500 m-1 km
47. Other location at 1-2 km
48. Other location at 2-5 km
49. Number of dwellings (residential burglary)
50. Total number of business units (non-residential burglary)
51. Number of business units in industry categories (commercial robbery)
52. Number of business units in commercial or public industries (personal robbery)
53. Number of business units in commercial or public industries (sex offences)",statistical,FALSE,FALSE
"Distance from residence: Odds decrease by a factor of 0.6 for every kilometer.
- Presence of schools: Odds increase by a factor of 1.29 to 2.09 for each additional school.
- Presence of a tube station: Odds more than double if an area contains a tube station.
- Retail establishments: Odds increase by a factor of 1.28 for every additional 250 m^2 of retail space.
- Proximity to the Thames River: Odds are up to five times higher if the area is on the same side of the river as the offender's residence.
- Deprivation: Odds increase by a factor of 1.27 to 1.63 for every 10-unit increase in deprivation.
- Population churn: Odds increase by a factor of 1.20 for every 10-unit increase in churn rate.
- Ethnic diversity: Odds increase by a factor of 1.19 for every 10-unit increase in ethnic heterogeneity on one of the days.
- Recent activity: Odds increase by a factor of 1.14 for every additional incident in the previous 24 hours.",statistical,FALSE,FALSE
"1. Previous crime location on same weekday
2. Previous crime location on different weekday
3. Previous crime location on same weekend day
4. Previous crime location on different weekend day
5. Previous crime location on different week part
6. Previous crime location with a zero-hour difference
7. Previous crime location with a one-to two-hour difference
8. Previous crime location with a three-to five-hour difference
9. Previous crime location with a greater than six-hour difference
10. Previous crime of the same type
11. Previous crime of a different type
12. Offender's current or former residence
13. Distance from current residential area to target area alternatives
14. Proportion of residents with a non-Western background
15. Proportion of single-person households
16. Population density
17. Number of employees
18. Presence of facilities in each postal code",statistical,FALSE,FALSE
"1. Presence of bars and clubs
2. Presence of restaurants and fast-food outlets
3. Presence of barber shops and beauty salons
4. Presence of liquor stores
5. Presence of grocery stores
6. Presence of general merchandise stores
7. Presence of gas stations
8. Presence of laundromats
9. Presence of pawnshops and cash services
10. Presence of drug-related incidents
11. Presence of prostitution-related incidents
12. Presence of gambling-related incidents
13. Block located on a main street
14. Presence of an El station
15. Presence of private and public high schools
16. Total number of residents in the census block
17. Racial and ethnic composition of the population
18. Dummy variable for racial/ethnic match between offender and block population
19. Euclidean distance from offender's home to crime location
20. Negative value of the log of distance",statistical,FALSE,FALSE
"1. Time spent in location (5-16 hours)
2. Time spent in a location 1st order contiguous to location
3. Time spent in a location 2nd order contiguous to location
4. Time spent in a location 3rd order contiguous to location
5. Time spent in a location 4th order contiguous to location
6. Time spent in a location 5th order contiguous to location
7. Prior crime in location
8. Prior crime in a location 1st order contiguous to location
9. Prior crime in a location 2nd order contiguous to location
10. Prior crime in a location 3rd order contiguous to location
11. Prior crime in a location 4th order contiguous to location
12. Prior crime in a location 5th order contiguous to location
13. Presence of at least one catering business in location
14. Presence of at least one retail business in location
15. Presence of at least one school in location",statistical,FALSE,FALSE
"1. Previously_chosen
2. Distance_to_prior_offense
3. Previously_chosen_within_2_days
4. Previously_chosen_within_3_to_7_days
5. Previously_chosen_within_8_to_30_days
6. Previously_chosen_within_31_to_183_days
7. Previously_chosen_within_184_to_730_days
8. Previously_chosen_within_731_to_1096_days
9. Number_of_prior_offenses
10. Same_type_of_crime
11. Different_type_of_crime
12. Current_residence_short_term
13. Current_residence_long_term
14. Former_residence_short_term
15. Former_residence_long_term
16. Distance_to_current_residence
17. Population_density
18. Proportion_of_single_person_households
19. Proportion_of_non_Western_residents
20. Number_of_retail_stores
21. Number_of_hotels_restaurants_and_bars
22. Number_of_schools
23. Number_of_culture_health_care_and_sports_facilities
24. Number_of_people_working",statistical,FALSE,FALSE
"Residential density: Odds ratio = 0.9 (10% decrease for every additional 1000 residences per square kilometer)
- Prior burglary activity: Odds ratio = 19 (19 times more likely to target a residence in a previously burglarized neighborhood)
- Detached residences: Odds ratio = 1.35 (35% greater likelihood compared to terraced residences)
- Single-unit buildings: Odds ratio = 1.42 (42% higher likelihood compared to multi-unit buildings)
- Renter-occupied residences: Odds ratio = 2.01 (101% greater likelihood compared to owner-occupied residences)
- Distance from offender's home: Odds ratio = 0.45 (55% decrease for every kilometer further away)
- Interaction effects:
  - Distance and neighborhood median income: Odds ratio ranges from 0.37 to 0.64 and from 0.92 to 1.27",statistical,FALSE,FALSE
"Odds ratio for targeting an LSOA previously burgled within the past two days: 16.6
- Odds ratio for targeting an LSOA previously burgled 3-6 days ago: 5.8
- Odds ratio for targeting an LSOA previously burgled 7-30 days ago: 4.3
- Odds ratio for targeting an LSOA previously burgled 1-6 months ago: 2.2
- Odds ratio for targeting an LSOA previously burgled 6-24 months ago: 2.0
- Odds ratio for targeting an LSOA in the same MSOA where a prior burglary occurred within the past two days: 3.6
- Odds ratio for targeting an LSOA in the same MSOA where a prior burglary occurred 3-6 days ago: 2.3
- Odds ratio for distance from the burglar's home: 0.58 (decrease by 42% per kilometer)
- Odds ratio for distance from the city center: 1.10 (increase by 10% per kilometer)",statistical,FALSE,FALSE
"1. Current residential area of any family member
2. Former residential area of any family member
3. Current residential area of parents
4. Former residential area of parents
5. Current residential area of siblings
6. Former residential area of siblings
7. Current residential area of children
8. Former residential area of children
9. Previous crime location
10. Current residential area of offender
11. Former residential area of offender
12. Distance to current residential area of offender
13. Population density
14. Proportion of single-person households
15. Proportion of residents with a non-Western background
16. Number of retail stores
17. Number of hotels restaurants bars
18. Number of schools
19. Number of culture",statistical,FALSE,FALSE
"Distance from offender's residence: Odds ratio = 0.70 (30% decrease per 1 km increase)
- Number of residential units: Odds ratio = 1.05 (5% increase per 100-unit increase)
- Proportion of single-family dwellings: Odds ratio = 1.06 (6% increase per 10% increase)
- Number of past residential burglaries: Odds ratio = 1.16 (16% increase per additional burglary)
- Past residential burglary rate: Odds ratio = 1.79 (79% increase per 1 per 100 residential units increase)
- Standard partial regression coefficients:
  - Distance from offender's residence: -2.02
  - Number of past residential burglaries: 0.23
  - Number of residential units: 0.22
  - Proportion of single-family dwellings: 0.20",statistical,FALSE,FALSE
"Home node for sex offences: OR 235
- Home node for residential burglary: OR 53.97
- Home node for non-residential burglary: OR 28.66
- Home node for commercial robbery: OR 19.43
- Victim/witness node for non-residential burglary: OR 1.22
- Crime opportunity for residential burglary: OR increases by 7% for every 100 households
- Crime opportunity for non-residential burglary: OR increases by 12% for every 100 businesses
- Crime opportunity for commercial robbery: OR increases by 14% for every 100 businesses
- Crime opportunity for personal robbery: OR increases by 13% for every 100 businesses
- Crime opportunity for sex offences: OR increases by 10% for every 100 households",statistical,FALSE,FALSE
"5.79 (former)
- Odds ratio for proximity to current residence: .74 (26% reduction per kilometer)
- Odds ratio for proximity to former residence: .87 (9% reduction per kilometer)
- Odds ratio for current residence lived in for more than 2 years: 10.33
- Odds ratio for current residence lived in for less than 2 years: 6.01
- Odds ratio for former residence lived in for more than 2 years until recently: 6.57
- Odds ratio for former residence lived in for a short period until recently: 2.96
- Odds ratio for former residence lived in for more than 2 years but left long ago: 3.76
- Odds ratio for former residence lived in for less than 2 years and left long ago: 2.52",statistical,FALSE,FALSE
"leading to a reduced sample size.
- Use of police arrest data may over-represent co-offending groups.
- Potential incompleteness of data if some offenders in a group were not arrested.
- Geographical limitation to the greater The Hague region.
- Limited measurement of awareness space to home and crime locations.
- Use of a four-digit postal code area as a potentially large spatial unit.
- Issues with spatial interdependence if smaller units are used.
- Modifiable areal unit problem affecting spatial unit choice.
- Alternative definitions and measurements of shared awareness space could affect results.",other,FALSE,FALSE
"Future research should explore repeated victimization by examining if burglars return to the same residences they previously targeted.
- Investigate short-distance spatial spillover mechanisms to analyze how the attributes of one residence affect nearby residences.
- Consider both residence-level and neighborhood-level attributes in future research for a multi-scale approach.
- Inform effective prevention strategies by considering how spatial units and scales can impact crime prevention and policy.
- Further research into optimal spatial units and scales for understanding offender spatial decision-making.",other,FALSE,FALSE
"1. Number of windows from neighbouring residential units with a direct view of the front ground floor
2. Distance between the property and the building on the other side of the street
3. Visibility of the front door from the street
4. Whether the property was at the end of a row of properties
5. Number of boundaries the property shared with public areas
6. Whether the private space of the property could be sealed off with physical barriers
7. Whether the property has a burglar alarm
8. Whether the property was setback from the street
9. Age of the building
10. Whether the property had amenities",statistical,FALSE,FALSE
"1. Distance from offender's residence
2. Population size
3. Affluence
4. Total floor area of retail businesses
5. Distance to the nearest highway ramp
6. Mean value of residential property
7. Population density
8. Population size
9. Population percentage of 15-25-year-old residents
10. Population percentage of foreign-born residents
11. Population percentage of single residents
12. Whether the area was a current residence
13. Whether the area was a former residence
14. Duration of residence in current area
15. Duration of residence in former area
16. Recency of residence in former area",statistical,FALSE,FALSE
"Percentage of Black residents: e^b = 1.003 (3% increase in odds for a 10% increase)
- Concentrated disadvantage: e^b = 1.184
- Residential stability: e^b = 1.261
- Ethnic heterogeneity: e^b = 1.010
- Distance from home: e^b = 0.659
- Distance squared: e^b = 1.027
- Difference in Black population: e^b = 0.996 (4% decrease in odds for a 10% difference)
- Difference in concentrated disadvantage: e^b = 0.866
- Difference in residential stability: e^b = 1.178 (18% increase in odds for a 10% difference)
- Interactions between home and target racial/ethnic composition: significant and positive",statistical,FALSE,FALSE
"Increase geographic granularity by using smaller spatial units like street segments or individual properties.
- Consider temporal variations in crime opportunities.
- Extend the scope of variables in models of crime location choice.
- Use smaller spatial units like census blocks for robust results.
- Replicate studies with different datasets and jurisdictions.
- Conduct initial tests to compare sampling strategies.
- Use importance sampling for idiosyncratic variables and skewed distributions.
- Investigate the effect of decreasing the proportion of importance sampled alternatives.",other,FALSE,FALSE
"1. Number of barber shops and beauty salons
2. Number of liquor stores
3. Number of drug-related incidents
4. Number of prostitution-related incidents
5. Number of gambling-related incidents
6. Presence of main streets
7. Presence of El station
8. Presence of high school
9. Racial and ethnic composition of the block
10. Racial and ethnic background of the offenders
11. Total population of the block
12. Distance from offender's home to potential robbery location (logged)
13. Spatially lagged variables for adjacent blocks (including business types and illegal activities)",statistical,FALSE,FALSE
"which is a finer scale than previously used large urban areas or census tracts.
- The selection of census blocks was influenced by their small size and detailed data availability.
- The study excluded blocks with no land and robberies committed outside Chicago city boundaries.
- A limitation of the data was the inability to track offenders across multiple robberies.
- The assumption that robbers have detailed knowledge of all census blocks is a strong one.
- The study did not have access to information on prior crimes or past residential addresses of offenders.",other,FALSE,FALSE
"Area where the offender lives: 11.6 times more likely
- Current area of residence with long-term experience: 15.3 times more likely
- Current area of residence with short-term experience: 9.5 times more likely
- Former residential areas: 8.3 times more likely
- Former areas with long-term residence: 10.3 times more likely
- Former areas with short-term residence: 6.9 times more likely
- Former areas left recently: 13.0 times more likely
- Former areas left less recently: 6.7 times more likely
- Areas of long and recent residence: 17.0 times more likely",statistical,FALSE,FALSE
"The study area was limited to the ""built-up areas"" of three towns with a 1-km buffer.
- Data was restricted to residential burglaries recorded and cleared by the police.
- Geocoding limitations existed for some locations.
- Offenses outside the study area or committed by individuals living outside the area were excluded.
- No systematic social observation data was collected for social disorganization.
- Findings may only apply to offenders who were caught and recorded by the police.
- Replication with other forms of data is needed for external validity.",other,FALSE,FALSE
The authors discuss the Modifiable Areal Unit Problem (MAUP) by justifying their choice of street segments as the unit of analysis. They argue that this scale better captures the spatial logic of offender decision-making and allows for more precise measurement of constructs like guardianship and awareness spaces. They also acknowledge that using smaller spatial units helps to avoid aggregation bias and captures local variations that would be lost at larger scales. The discussion implies an awareness of scale effects and spatial autocorrelation issues,other,FALSE,FALSE
"Residential density: 10% decrease in odds for every additional 1000 residences per square kilometer
- Prior burglary activity: 19 times greater odds of selecting a residence in a neighborhood where they committed a burglary in the past 6 months
- Detached residences: 35% greater odds of being burglarized compared to terraced residences
- Renter-occupied residences: 101% greater odds of being selected compared to owner-occupied residences
- Distance: 55% decrease in odds for every kilometer a residence is further away from the offender's home",statistical,FALSE,FALSE
"Odds ratios (ORs) for activity nodes: 
  - Home node + sex offence: OR = 235
  - Victim/witness node + non-residential burglary: OR = 1.22
- Percentage changes in odds for crime opportunity variables:
  - Residential burglary: +7% for every 100 additional households
  - Non-residential burglary: +12% for every 100 additional businesses
  - Commercial robbery: +14% for every 100 additional businesses
  - Personal robbery: +13% for every 100 additional businesses
  - Sex offences: +10% for every 100 additional households or businesses",statistical,FALSE,FALSE
"1. W ij - Swan River barrier
2. F ij - Major roads barrier
3. T ij - Train network connector
4. D ij - Distance between suburbs
5. A i D ij - Distance for adult offenders
6. J i D ij - Distance for juvenile offenders
7. V j - Victim suburb weekly income
8. S j - Socio-Economic Index for Areas (SEIFA) value
9. M j - Victim suburb 5-year residential mobility rates
10. R j - Victim suburb percentage of rental properties
11. E j - Victim suburb ethnic heterogeneity
12. H j - Total number of residential units in the victim suburb",statistical,FALSE,FALSE
"1. Whether the offender lives in the area
2. Whether the offender ever has lived in the area before
3. Whether the offender has lived in the area longer or shorter than 2 years
4. Whether the offender has moved out of the area shorter or longer than 2 years ago
5. The distance between the area and the offender's current area of residence
6. The shortest distance between the area and the nearest former area of residence
7. Population size
8. Percentage of single-person households
9. Poverty level
10. Level of urbanization",statistical,FALSE,FALSE
"Distance from home: OR = 4.33
- Proportion of houses built after 2000: OR = 1.83
- Low-rent communities: OR = 0.75
- Medium-rent communities: OR = 0.70
- High-rent communities: OR = 0.50
- Communities with more high-rise buildings: OR = 0.38
- Communities with more households: OR = 2.11
- Crossing a river: OR = 0.57 (43% reduction)
- Crossing a major road with access control: OR = 0.82 (18% reduction)
- Crossing a major road without access control: OR = 0.55 (45% reduction)
- Crossing multiple rivers: χ 2 (1) = 29.38",statistical,FALSE,FALSE
"Data availability: The study used block groups to ensure availability of contextual data not available at the block level.
- Administrative boundary constraints: The study normalized 2010 tract boundaries into 2000 boundaries due to changes in administrative boundaries over time.
- Objective-driven choice: The choice of block groups was influenced by the study's objective to emphasize geographic context.
- Consistency with recent scholarship: The use of block groups is consistent with recent studies in the field.",other,FALSE,FALSE
"e β = 0.54 (juveniles)
- Presence of schools: No specific coefficient value provided
- Proximity to city center: No specific coefficient value provided
- Presence of train station: No specific coefficient value provided
- Connectivity: Odds increased by a factor of about two for adult offenders
- Population turnover: Odds increased by a factor of 1.20 for every 10% increase
- Social heterogeneity: Odds almost double for every 10% increase
- Number of registered vehicles: Small but significant effect",statistical,FALSE,FALSE
"1. Residential area of the offender
2. Residential area of family members
3. Number of bars/restaurants/hotels
4. Collective efficacy
5. Former residential area of the offender
6. Distance between the offender's residential area and the crime location
7. Previous crime locations
8. Other postal code area characteristics (shops and schools)
9. Neighborhood disorder
10. Population density
11. Proportion of single-person households
12. Proportion of residents with a non-western background",statistical,FALSE,FALSE
"Data availability: The choice of spatial units was influenced by the availability of detailed socio-economic data from Statistics Netherlands.
- Administrative boundary constraints: The study adhered to existing administrative divisions of Dutch neighbourhoods.
- Spatial accuracy: The use of neighbourhoods was influenced by the need for lower spatial accuracy compared to smaller units like street segments.
- Practical constraints: The study considered the homogeneity and size of neighbourhoods",other,FALSE,FALSE
"Odds Ratio (OR) for committing a crime on the same weekend day: 6.38
- OR for committing a crime on a different weekend day: 2.93
- OR for committing a crime on the same weekday: 4.26
- OR for committing a crime on a different weekday: 3.82
- OR for committing a crime on a different part of the week: 3.02
- OR for committing a crime on the same weekend day with a zero-hour difference: 25.77
- OR for committing a crime on the same weekend day with a greater than six-hour difference: 3.22",statistical,FALSE,FALSE
The authors mention computational constraints related to the size of the data and the estimation methods. Maximum simulated likelihood estimation is not feasible for large choice sets due to issues with Halton sequences. The use of hierarchical Bayes estimation is a workaround for these constraints. The technique typically used to solve estimation problems cannot be used in the mixed logit case due to the IIA property. These constraints influenced the choice of model and estimation method.,other,FALSE,FALSE
"1. Residential area of the offender
2. First-order spatial lag from residential area
3. Second-order spatial lag from residential area
4. Third-order spatial lag from residential area
5. Presence of any activity node in a neighbourhood
6. First-order spatial lag from any activity node
7. Second-order spatial lag from any activity node
8. Third-order spatial lag from any activity node
9. Visiting frequency of activity nodes
10. Residential population density
11. Employee density",statistical,FALSE,FALSE
"Previously chosen: Odds ratio = 7.17
- Distance to prior crime location: Odds ratio = 0.69
- Time intervals:
  - Within 2 days: Odds ratio = 59.94
  - 2-3 years: Odds ratio = 3.43
- Frequency of prior crimes:
  - Two crimes: Odds ratio = 1.62
  - Three or four crimes: Odds ratio = 2.25
  - Five to eight crimes: Odds ratio = 2.95
  - Nine or more crimes: Odds ratio = 8.63
- Type of prior crime:
  - Same type: Odds ratio = 7.25
  - Different type: Odds ratio = 3.07",statistical,FALSE,FALSE
"Apply the approach to other European and non-European cities to examine transferability.
- Extend the model to study complex questions like group burglaries and repeat offending.
- Study developmental patterns and changes in decision criteria over time.
- Consider characteristics of adjacent neighborhoods.
- Extend the model to spatial-temporal choice problems.
- Apply the approach to other types of offenses.
- Use the approach in geographic profiling.",other,FALSE,FALSE
"Data availability issues: Limited to detected residential burglaries.
- Administrative boundary constraints: Use of Statistical Local Areas (SLAs).
- Assumptions about offending trips: Originating from home locations.
- Limitations in neighborhood characteristics: Use of secondary data sources and proxies.
- Estimation challenges: Mixed logit model limitations due to IIA property.
- Unaddressed assumptions: Several assumptions remain uninvestigated.",other,FALSE,FALSE
"Future studies should test findings in other areas to ensure applicability across different countries and cities.
- Examine the effect of past crime data on other types of crimes.
- Integrate past crime data into geographical profiling to improve accuracy.
- Improve methodologies for measuring road structures and integrating crime attractors into analysis.
- Explore application of findings to other types of crimes and geographical profiling methods.",other,FALSE,FALSE
"to better capture offender decision-making.
- Novel measures of offender awareness could be further developed by using other anchor points like place of work or other locations.
- Extending established betweenness measures to consider temporal variations in traffic flows and public transportation systems could provide additional insights.
- Explaining variation in individual taste preferences across offenders is a challenge for future research.",other,FALSE,FALSE
"Conduct future studies in larger geographical areas to increase generalizability.
- Provide a more direct test of the impact of different activity nodes on crime location choice.
- Consider paths between activity nodes in addition to the nodes themselves.
- Analyze different crime types separately to account for varying influences of residential areas.
- Conduct offender-based research to gather direct information on routine activities.",other,FALSE,FALSE
"Overrepresentation and underrepresentation of certain educational qualification groups due to school selection.
- High attrition rate due to difficulties in contacting students who left their original schools.
- Incomplete police data due to unreported crimes and unapprehended offenders.
- Limited availability of reliable crime data due to the discontinuation of the HKS system in 2013.
- Measurement period did not include summer months",other,FALSE,FALSE
"Number of people on the street: 1.114
- Percent fence: Positive and significant (no specific value provided)
- Percent plant: Positive and significant (no specific value provided)
- Percent wall: Positive but non-significant (no specific value provided)
- Percent grass: Negative and significant (no specific value provided)
- Percent sidewalk: Negative and significant (no specific value provided)
- Proximity effect: 1.297 (Model 1)",statistical,FALSE,FALSE
"Increase in odds by 11.4% for every 1000 more people.
- Percent fence: Positive and statistically significant (exact odds ratio not provided).
- Percent plant: Positive and statistically significant (exact odds ratio not provided).
- Percent grass: Negative effect (exact odds ratio not provided).
- Percent sidewalk: Negative effect (exact odds ratio not provided).
- Proximity effect: Odds ratio = 1.297 (Model 1) and 1.295 (Model 2)",statistical,FALSE,FALSE
"Coffeeshops: Odds ratio = 1.185 (18.5% increase in likelihood of being chosen for soliciting customers)
- Activity-level measures: Odds ratios above unity (positive association with likelihood of being chosen for soliciting customers)
- Accessibility measures: Odds ratios above unity (positive association with likelihood of being chosen for soliciting customers)
- Police presence and social control: No specific odds ratios provided",statistical,FALSE,FALSE
"1. Racial_and_ethnic_dissimilarity
2. Gang_territorial_dissimilarity
3. Drug_dealers_and_customers
4. Prostitutes_and_customers
5. High_school_students
6. Retail_employment
7. Collective_efficacy
8. Log_distance
9. Resident_tract_population
10. Juvenile_distance_interaction
11. Adult_distance_interaction
12. African_American_offender_interaction
13. Non_Hispanic_white_offender_interaction
14. Hispanic_offender_interaction",statistical,FALSE,FALSE
"such as affluence levels and residential segregation information.
- The use of SAs was influenced by the lack of ecological meaning in areal unit boundaries and the potential inaccuracy in representing local perceptions.
- The study notes that smaller units like street blocks would be more appropriate but were limited by data availability.
- The choice of larger areal units like SAs was also influenced by statistical considerations",other,FALSE,FALSE
The study used four-digit postal code areas as the spatial unit of analysis due to their inverse relationship with urbanization levels and their size being a useful indication of areas people are familiar with. The choice was influenced by the need to balance between spatial detail and the complexity of modeling spatial interdependence. The modifiable areal unit problem was acknowledged as a consideration in choosing the spatial unit.,other,FALSE,FALSE
"Time constraint: Observing each street segment took an average of 15 minutes.
- Resource limitation: Comprehensive observation of all street segments for a week was beyond their resources.
- Temporal disparity: Partial overlap between observation and interview periods may have introduced temporal disparities.
- Sample size limitation: Limited number of observations led to tentative conclusions and lack of statistical significance.",other,FALSE,FALSE
"Use of predefined ""statistical districts"" as neighborhoods may not align with actual spatial patterns.
- Neighborhood and residence data were not contemporaneous with burglary data.
- Census data lack relevant variables for burglary target selection.
- Scarcity of large-scale residence-level data and difficulty in measuring situational cues.
- Assumptions about burglary trip origins and offender information may not be accurate.",other,FALSE,FALSE
"1. Home_location
2. Previous_home_location
3. Previous_crime_location
4. Shared_home_location
5. Shared_previous_home_location
6. Shared_previous_crime_location
7. Total_residents
8. Non_Western_ethnic_background
9. Single_person_households
10. Population_density
11. Retail_stores
12. Hotels
13. Restaurants
14. Bars
15. Schools
16. Cultural_facilities
17. Health_care_institutions
18. Sport_and_leisure_facilities",statistical,FALSE,FALSE
"Use of postal codes as spatial units due to their alignment with streets and adjacent properties.
- Limited availability of attributes for postal codes.
- Reliance on publicly available data from Statistics Netherlands.
- Study area defined by the Greater The Hague Area with specific inclusion criteria for postal code areas.
- Low burglary clearance rate and potential bias in cleared cases affecting data representativeness.",other,FALSE,FALSE
"1. Propinquity (distance from home)
2. Routine activity nodes (presence of schools)
3. Accessibility via tube stations
4. Retail establishments
5. Proximity to the city center
6. Presence of the Thames River
7. Deprivation (Index of Multiple Deprivation)
8. Ethnic heterogeneity (index of qualitative variation)
9. Population churn rates
10. Population density
11. Contagion (number of offenses in the previous 24 hours)",statistical,FALSE,FALSE
"Use smaller spatial units like street blocks for more accurate analysis of social disorganisation.
- Replicate the study in other cities and with different terrorist groups to ensure transferability.
- Further disaggregate data for more detailed analysis.
- Consider alternative models like mixed logit or latent class models.
- Incorporate temporal variations into the analysis to better understand target selection patterns.",other,FALSE,FALSE
"Schools: Not significant
- Markets: Not significant
- Bars: Not significant
- Subway stations: Increases odds by 57.0%
- Cinemas: Increases odds by 15.4%
- Hospitals: Increases odds by 13.5%
- Basic stores: Less influential
- Restaurants: Less influential
- Bus stops: Less influential
- Proportion of non-locals: Increases odds by 19.8%
- Distance: Strong positive effect
- Mobility flows: Significant positive effect",statistical,FALSE,FALSE
"1. Malls and supermarkets
2. Grocers
3. Terminal markets
4. Bars and clubs
5. Cybercafés
6. Sports stadiums
7. High schools
8. ATMs and banks
9. Car parks
10. Bus stops
11. Transportation hubs
12. Subway stations
13. Density of road network
14. Distance of journey to crime
15. Proportion of migrants
16. Proportion of youngsters
17. Socioeconomic heterogeneity
18. Ambient population
19. Surveillance cameras",statistical,FALSE,FALSE
"each additional 100 households increases odds by 1.06 times.
- Presence of activity node within 5 km of SA2 increases odds by over 20 times.
- Sex offenses: Odds are particularly high (~1000x) when activity node is present in SA2.
- Odds remain significant (ORs 16.1 to 21.5) even at distances of 2-5 km from activity nodes.
- Commercial robbery: Smaller odds in close proximity to activity nodes compared to other crimes.",statistical,FALSE,FALSE
"Geographical scope limited to the central urban area due to availability of street view images.
- Administrative boundary constraints: use of communities as the smallest administrative unit for census and survey data.
- Data availability issue: exclusion of communities without street view images.
- Potential limitations in considering other neighborhood structural conditions like social cohesion and ecological networks.",other,FALSE,FALSE
"Area where the offender lives: 11.6
- Distance: 0.91
- Current residence duration >2 years: 15.3
- Current residence duration <2 years: 9.5
- Former residence: 8.3
- Former residence duration >2 years: 10.3
- Former residence duration <2 years: 6.9
- Recency of former residence <2 years ago: 13.0
- Recency of former residence >2 years ago: 6.7
- Combined effect of long and recent former residence: 17.0",statistical,FALSE,FALSE
""" the odds of a street segment being selected increases on average by 2.51.
- Vehicular betweenness: Segments with greater levels of vehicular traffic were less likely to be chosen (no specific OR provided).
- Residential mobility and socioeconomic heterogeneity: Positively associated with a location being selected for burglary.
- Affluence: Negatively associated with a location being selected for burglary.",statistical,FALSE,FALSE
"1. Distance_to_home_base
2. Physical_barrier_river
3. Physical_barrier_major_road_with_access_control
4. Physical_barrier_major_road_without_access_control
5. Social_barrier_local_resident_majority
6. Social_barrier_nonlocal_resident_majority
7. Social_barrier_mixed_community
8. Proportion_of_houses_built_after_2000
9. Average_rent_price
10. Number_of_high-rise_buildings
11. Number_of_households",statistical,FALSE,FALSE
"Distance: OR = 4.33
- Proportion of houses built after 2000: OR = 1.83
- Low-rent communities: OR = 0.75
- Medium-rent communities: OR = 0.70
- High-rent communities: OR = 0.50
- High-rise buildings: OR = 0.38
- Communities with more households: OR = 2.11
- Crossing a river: OR = 0.57
- Crossing a major road with access control: OR = 0.82
- Crossing a major road without access control: OR = 0.55",statistical,FALSE,FALSE
"1. Malls and supermarkets
2. Grocers
3. Wholesale markets
4. Bars and clubs
5. Sports stadiums
6. High schools
7. ATMs and banks
8. Carparks
9. Bus stops
10. Transportation hubs
11. Subway stations
12. Density of road network
13. Proportion of migrants
14. Proportion of youngsters
15. Socioeconomic heterogeneity
16. Daily human mobility
17. Detection rate
18. Distance of journey to crime",statistical,FALSE,FALSE
"Presence of a fast-food restaurant: Odds ratio = 1.256 (25.6% increase)
- Presence of an El station: Odds ratio = 3.43
- Presence of a high school: Odds ratio = 1.78
- African-American robbers targeting African-American majority blocks: Odds ratio = 1.98
- Hispanic robbers targeting Hispanic majority blocks: Odds ratio = 3.82
- Hispanic robbers targeting mixed population blocks: Odds ratio = 2.25",statistical,FALSE,FALSE
"Inability to measure residential real estate value consistently across all regions.
- Reliance on cleared offense data.
- Assumption that crime trips originate from an offender's residence.
- Limitations in building a consolidated model due to the lowest common denominator of available data.
- Inability to include an indicator of ethnic heterogeneity equivalent to that in the original study.",other,FALSE,FALSE
"1. Time Interval Between Two Robberies
2. Distance of Journey to Prior Robbery
3. Not Arrested in the Act of Prior Robbery
4. Transportation Hubs
5. Subway Stations
6. Bus Stations
7. Bars and Clubs
8. Cybercafés
9. Malls and Supermarkets
10. High Schools
11. Surveillance Cameras
12. Daily Human Mobility
13. Socioeconomic Heterogeneity
14. Distance of Journey to Subsequent Robbery",statistical,FALSE,FALSE
"Small sample size (N = 71 offences committed by 30 offenders)
- Non-experimental research design with potential selection bias
- Limited to specific police regions in the Netherlands (The Hague and Noord-Holland)
- Bias related to police's ability to solve crimes within activity spaces
- Uncertainty in recall accuracy from respondents' memories
- Privacy concerns restricting data sharing",other,FALSE,FALSE
"1. Distance_to_home_base
2. Relative_mobility_flow
3. Number_of_primary_schools
4. Number_of_middle_schools
5. Number_of_hospitals
6. Number_of_basic_stores
7. Number_of_markets
8. Number_of_supermarkets
9. Number_of_restaurants
10. Number_of_cinemas
11. Number_of_bars
12. Number_of_banks
13. Number_of_subway_stations
14. Number_of_bus_stops
15. Proportion_of_nonlocal_residents",statistical,FALSE,FALSE
"Data limitations include incomplete records of activity locations for each offender.
- Not all family members' addresses or employment/education records were available.
- Reliance on reported crimes and incidents means unreported activities are not included.
- Lack of association between certain activity nodes and crime types may be due to missing data.
- Study focused on solved cases",other,FALSE,FALSE
"The authors mention that using very small spatial units (like micro-places) in spatial choice models is complex due to issues like the need for ""sampling from alternatives"" and estimating ""multiple-level spillover effects."" This suggests computational constraints related to data processing and model estimation. The use of smaller spatial units is described as ""fraught with complex issues",other,FALSE,FALSE
"Current residence: 36.72
- Former residence: 8.63
- Recent former residence: 10.63
- Ancient former residence: 7.49
- Duration of residence:
  - Current residence > 2 years: 41.93
  - Current residence < 2 years: 19.53
  - Former residence > 2 years: 11.66
  - Former residence < 2 years: 5.79
- Proximity:
  - Distance from current home: .74
  - Distance from former home: .87",statistical,FALSE,FALSE
"Computational constraints related to edge effects in graph theory metrics required preprocessing and the use of a temporary buffer.
- Data cleaning was necessary to manage complexity and computational feasibility.
- Conversion of networks into a suitable form for graph theory analyses posed processing challenges.
- Maximum simulated likelihood (MSL) was limited by large choice-sets",other,FALSE,FALSE
"1. H f H s (High reliability and high relevance)
2. H f L s (High reliability and low relevance)
3. L f H s (Low reliability and high relevance)
4. L f L s (Low reliability and low relevance)
5. Distance within SA2
6. Distance 0-200m
7. Distance 200-500m
8. Distance 500m-1km
9. Distance 1-2km
10. Distance 2-5km
11. Opportunity variable (number of households or businesses)",statistical,FALSE,FALSE
The authors chose neighborhoods as their spatial unit size or type because it aligns with the availability of data from ZG City's Public Security Department and allows for the analysis of crime patterns and environmental influences at a local level. The average area of 1.62 square kilometers per neighborhood suggests a focus on detailed spatial analysis within these defined areas.,other,FALSE,FALSE
"1. Same SA2
2. Node within 0-200 m
3. Node within 200-500 m
4. Node within 500 m-1 km
5. Node within 1-2 km
6. Node within 2-5 km
7. Number of households (residential burglary)
8. Number of business units (non-residential burglary)
9. Number of targeted business units (commercial robbery)
10. Number of commercial/public business units (personal robbery and sex offenses)",statistical,FALSE,FALSE
"Data availability: Limited by the unavailability of certain data such as real estate values.
- Administrative boundary constraints: Difficulty in defining a single city centre point in Japan.
- Aggregation requirements: Use of 500m grid cells due to equal size for unbiased comparison.
- Generalizability: Results are specific to Sendai City and may not apply to other areas.",other,FALSE,FALSE
"Percentage of single-family dwellings: 1.13
- Ethnic heterogeneity: 1.15
- Proximity to burglar's home: 1.67
- Proximity to city centre: Negative (exact value not specified)
- Number of residential units: 1.35
- Ethnic heterogeneity for non-natives: 1.20
- Ethnic heterogeneity for natives: 1.10
- Proximity to home for minors: 2.22
- Proximity to home for adults: 1.63",statistical,FALSE,FALSE
"especially including more serious offenders with longer offence histories.
- Utilize online survey instruments to capture a wider range of activity nodes and time-specific data.
- Consider using smartphone applications or GPS-tracking data to more comprehensively measure activity spaces.
- Assess the distinction between planned and opportunistic crimes in future analyses.",other,FALSE,FALSE
"Limited to cleared robberies due to availability of offender addresses.
- Exclusion of robberies committed by non-residents of Chicago.
- Exclusion of robberies on expressways and college campuses due to different law enforcement jurisdictions.
- Lack of information on business opening and closing hours.
- Use of time as a proxy for physical presence and business hours.",other,FALSE,FALSE
"Ambient population: Odds ratio = 0.915 (negative effect)
- Surveillance cameras: Odds ratio = 0.961 (negative effect)
- Density of road network: Odds ratio = 0.589 (negative effect)
- Subway stations: Odds ratio = 1.050 (positive effect)
- Malls and supermarkets: Increase odds by 17.6%
- Bus stops: Increase odds by 9.7%
- Proportion of migrants: Increase odds by 9.0%",statistical,FALSE,FALSE
"Area where one offender lives at the time of the offense: 11.7
- Area where two or three offenders live at the time of the offense: 44.05
- Area where one offender has previously lived: 3.01
- Area where multiple offenders have previously lived: 8.41
- Area where one offender has previously offended: 4.8
- Area where multiple offenders have previously offended: 15.08",statistical,FALSE,FALSE
"potentially excluding local network dealers.
- Study area selection based on practicality rather than representativeness.
- Street segments used as spatial units were too coarse and not stable over time.
- Reliance on self-report data may introduce biases or inaccuracies.
- Focus on downtown Amsterdam may not generalize to other areas or drug dealing environments.",other,FALSE,FALSE
"Same weekend day: OR = 6.38
- Different weekend day: OR = 2.93
- Same weekday: OR = 4.26
- Different weekday: OR = 3.82
- Different part of the week: OR = 3.02
- Same hour of the day: OR = 9.38
- Three-to five-hour difference: OR = 3.67
- Same weekend day with zero-hour difference: OR = 25.77
- Same weekend day with greater than six-hour difference: OR = 3.22",statistical,FALSE,FALSE
"Improve data accessibility for empirical crime research in China.
- Explore different spatial units or scales of analysis beyond communities.
- Address the methodological issue of offenses being nested within offenders.
- Incorporate data from un-arrested robbers to reduce bias.
- Conduct comparative studies across different Chinese cities for broader validation.",other,FALSE,FALSE
"Model 1: 60% of variation in burglary rates explained by proximity to burglars (SWEBER measure)
- Model 2: Significant shared variance between proximity to burglars and proximity to CBD
- Model 3: 84% of variation in burglary rates explained by all variables
- Standardized effect of proximity to burglars' homes is larger than any other variable in Model 3",statistical,FALSE,FALSE
The authors discuss the Modifiable Areal Unit Problem (MAUP) by justifying their choice of census tracts as the spatial unit of analysis due to data availability and computational constraints. They note that smaller units would reduce heterogeneity but require a smaller sample size. They also mention that effects are robust across different geographic levels,other,FALSE,FALSE
"Bars: 5.2% increase in group crime rate per additional bar
- Transit stations: 2.0% increase in group crime rate per additional transit station
- Pedestrian-oriented street density: 2.8% increase in group crime rate per one-unit increase
- Pedestrian-oriented street density (consistent across models): 2% increase in group crime rate per one-unit increase",statistical,FALSE,FALSE
"specific coefficients not provided
- Accessibility:
  - Main roads: Not specified
  - El station: 3.43 times more likely
- High school presence: 1.78 times more likely
- Racial and ethnic preferences:
  - African-American robbers: 1.98 times more likely for African-American majority
  - Hispanic robbers: 3.82 times more likely for Hispanic majority",statistical,FALSE,FALSE
"1. Ethnic heterogeneity
2. Percentage of single-family dwellings
3. Proximity to the offender's home
4. Number of residential units
5. Affluence (average value of residential real estate)
6. Residential mobility
7. Proximity to the city centre
8. Interaction term for minor vs. adult burglars
9. Interaction term for native vs. non-native burglars",statistical,FALSE,FALSE
"rather than proxy measures.
- Use unobtrusive and automatically collected georeferenced measures of human presence through technologies like smartphones and social media.
- Conduct sensitivity analyses to assess the impact of temporal bandwidth on outcomes.
- Explore the effects of different spatial unit sizes or boundaries on crime pattern analysis.",other,FALSE,FALSE
"but mentioned as being significantly higher than for other categories.
- ORs for opportunity variables:
  - Residential burglary: 1.06 (95% CI: 1.05-1.06)
  - Non-residential burglary: 1.11 (95% CI: 1.10-1.11)
  - Commercial robbery: 1.11 (95% CI: 1.10-1.12)
  - Personal robbery: 1.11 (95% CI: 1.10-1.11)
  - Sex offenses: 1.08 (95% CI: 1.07-1.09)",statistical,FALSE,FALSE
The authors chose census block groups as their spatial unit of analysis to minimize within-neighborhood heterogeneity and to include neighborhood contextual data not available at smaller scales. This choice is justified by the focus on broader geographic context and is consistent with previous research that has used similar units for similar analyses.,other,FALSE,FALSE
"which is not representative of the entire Netherlands.
- Does not account for variations in family relationships and dynamics.
- Indirect measurement of awareness spaces based on register data.
- Does not directly measure awareness spaces or account for other activity nodes.
- Generic model does not differentiate between different types of crimes.",other,FALSE,FALSE
The paper discusses the Modifiable Areal Unit Problem (MAUP) by noting that larger spatial areas are more heterogeneous and may obscure local variations. The authors use smaller spatial units (output areas/neighbourhoods) to minimize aggregation bias. They also discuss how different spatial unit sizes in different studies may lead to different results,other,FALSE,FALSE
"The study uses small spatial units (average of 18 residential units and 40 residents) to analyze crime location choices.
- Justification includes the need for detailed spatial resolutions and alignment with contemporary geographic criminology research.
- Theoretical justification: understanding smaller units helps in understanding larger phenomena",other,FALSE,FALSE
"which restricts generalizability.
- The use of census block groups as the unit of analysis may not fully capture convergence spaces.
- Incomplete geocoding of arrests due to missing or problematic location information affects data accuracy.
- Reliance on official records means unreported crimes and unarrested co-offenders are not accounted for.",other,FALSE,FALSE
"0.54 for juveniles per km.
- Connectivity via major roads: Odds ratio of about 2 for adult offenders.
- Population turnover: Odds ratio of 1.20 for every 10% increase.
- Social heterogeneity: Odds ratio of approximately 2 for every 10% increase.
- Number of registered vehicles: Small but significant effect (no specific odds ratio provided).",statistical,FALSE,FALSE
The authors discuss the Modifiable Areal Unit Problem (MAUP) by highlighting the importance of using smaller spatial units to capture heterogeneity in variables. They contrast their use of larger units (SA2s) with smaller units (census blocks) and note that simple random sampling may perform poorly with larger units due to feature concentration,other,FALSE,FALSE
"bespoke data to shed new light on crime phenomena.
- Use virtual GSV walk-throughs to mimic the journey-to-crime route.
- Explore ways to include isolated properties in the analysis.
- Investigate how behavior varies by time of day.
- Consider alternative neighborhood boundaries to explore optimal unit sizes or different scales of analysis.",other,FALSE,FALSE
The authors discuss the Modifiable Areal Unit Problem (MAUP) by acknowledging the dependency of micro-level predictors on macro-level environments and the potential for aggregation bias. They address these issues by using a case-control design grouped by neighborhood and conducting robustness checks with alternative neighborhood boundaries.,other,FALSE,FALSE
"co-offending groups) to improve robustness.
- Improve measurement of theoretical concepts like awareness space by using more direct methods.
- Collect data directly from offenders to enhance understanding of spatial knowledge.
- Verify the reliability of residential histories in official systems by comparing them with offender accounts.",other,FALSE,FALSE
"Density of road network: Odds ratio = 0.589
- Daily human mobility: Odds ratio = 0.915
- Surveillance cameras: Odds ratio = 0.961
- Malls and supermarkets: Odds ratio = 1.176 (17.6% increase)
- Bus stops: Odds ratio = 1.097 (9.7% increase)
- Logged distance of journey to crime: Strong negative effect (no specific odds ratio provided)",statistical,FALSE,FALSE
"leading to large datasets (up to 100 million rows) that exceed standard computing equipment capabilities.
- Memory constraints: High-performance computing environments may only offer temporary solutions due to the rapid growth of data.
- Processing challenges: Sampling from alternatives is used to reduce dataset size and processing time",other,FALSE,FALSE
"Consider using smaller spatial units or different scales of analysis to better capture social organization processes.
- Analyze different types of offenders separately to account for potential differences in behavior.
- Use complementary analyses like stated preference analyses to support findings and explore alternative decision rules.",other,FALSE,FALSE
"Memory constraints: Sample sizes were chosen to maximize computer memory resources.
- Processing time constraints: Two-hour blocks were chosen over one-hour blocks for efficiency in presenting results and statistical power.
- Computational feasibility concerns: Including lagged effects would have doubled the number of model estimates",other,FALSE,FALSE
"Area where one offender lives: 11.7 times higher odds
- Area where two or three offenders live: 44.05 times higher odds
- Previous home location: 3.01 times higher odds
- Previous crime location: 4.8 times higher odds
- Shared previous home location: 8.41 times higher odds
- Shared previous crime location: 15.08 times higher odds",statistical,FALSE,FALSE
which involves comparing neighborhood characteristics. This choice is consistent with previous research and allows for analysis using data from the Australian Bureau of Statistics. The use of SLAs is practical for capturing neighborhood characteristics and is grounded in theoretical models of offender behavior and spatial preferences.,other,FALSE,FALSE
"Data availability issues: The dataset did not include all activity nodes for all offenders.
- Administrative boundary constraints: The use of SA2s as spatial units was likely influenced by administrative boundaries defined by the New Zealand Census.
- Selection bias: The study's reliance on solved cases may introduce selection bias",other,FALSE,FALSE
"for more precise measurements.
- Consider spatial interaction and environmental influences on spatial unit choice.
- Incorporate multiple spatial effects and consider various characteristics of neighboring units in future models.
- Improve models like the spatial competition model by including more dimensions of spatial influence.",other,FALSE,FALSE
"no specific odds ratio provided
- Retail establishments: Odds ratio = 1.28 for every additional 250 m^2
- Thames River: Odds ratio = up to 5 times higher
- Deprivation: Odds ratio = 1.27 to 1.63 for every 10-unit increase
- Population churn: Odds ratio = 1.20 for every 10-unit increase
- Ethnic diversity: Significant on one day",statistical,FALSE,FALSE
"1. Distance_to_home_base
2. Time_of_burglary
3. Date_of_burglary
4. Offender_home_address
5. Population_turnover
6. Ethnic_diversity
7. House_price
8. Bus_station_location
9. Train_station_location
10. Distance_to_city_center
11. Number_of_households
12. Average_house_price
13. Ethnic_diversity
14. Population_turnover",statistical,FALSE,FALSE
"1. Binary indicator of neighborhood concentrated disadvantage
2. Normalized mobility flow between origin and destination neighborhoods
3. Level of physical disorder in destination neighborhood
4. Euclidean distance between origin and destination neighborhoods
5. Interaction terms between neighborhood concentrated disadvantage",statistical,FALSE,FALSE
"Apply the behavioral rule to more study regions to broaden criminological knowledge.
- Expand the behavioral rule to include more nuanced factors such as street network characteristics and public transport networks.
- Use more complex statistical models like the mixed logit to improve precision in spatial preference estimates.",other,FALSE,FALSE
"Data availability issues: Limited data on burglars living outside The Hague.
- Administrative boundary constraints: Analysis is spatially truncated at The Hague city boundaries.
- Aggregation requirements: Data aggregated at the neighborhood level.
- Statistical disclosure controls: Use of police records for offender data.",other,FALSE,FALSE
"The study uses four-digit postal code areas as spatial units due to their suitability for crime location choice research and minimal travel restrictions.
- The selection was influenced by data availability from the BRP and administrative boundaries around The Hague.
- The study area is limited to the greater The Hague area",other,FALSE,FALSE
"1. Concentrated Disadvantage Index
2. Residential Stability Index
3. Single-Parent Households
4. Racial/Ethnic Heterogeneity (Herfindahl Index)
5. Percent Occupied Units
6. Percentage of Black Residents
7. Percentage of Latino Residents
8. Distance to Target Neighborhood
9. Distance Squared to Target Neighborhood",statistical,FALSE,FALSE
"Odds ratio for areas where the offender lives or has lived: 22.52
- Odds ratio for current home area: 36.72
- Odds ratio for former home area: 8.63
- Odds ratio for recent former residence: 10.63
- Odds ratio for ancient former residence: 7.49
- Odds ratio for areas lived in for more than 2 years: 41.93 (current)",statistical,FALSE,FALSE
which allows for a detailed analysis of spatial patterns. The smaller size of LSOAs makes explanatory variables more representative of the population and characteristics of each area. The authors also considered potential issues with spillover effects and included a measure of population density as a control variable.,other,FALSE,FALSE
"on public space directly outside the unit
11. Whether the property had a garage
12. Size of the property in square metres
13. External condition of the property
14. Distance between the property and the nearest main road
15. Distance between the property and the nearest street corner
16. Number of escape routes",statistical,FALSE,FALSE
The authors discuss the Modifiable Areal Unit Problem (MAUP) by highlighting that using fine-grained spatial units such as individual houses addresses the issue and reduces aggregation bias. They emphasize the preference for smaller spatial units over larger ones to minimize aggregation bias and spatial heterogeneity,other,FALSE,FALSE
"Log likelihood: Mentioned as part of the model estimation process.
- Student's t test: Used to test for significance of feature coefficients.
- Mean selection site percentile score: Custom metric used to evaluate model performance.
- Paired t test: Used to compare the relative effectiveness of different models.",statistical,FALSE,FALSE
"The choice of census tracts as the spatial unit of analysis was influenced by the availability of the ""collective efficacy"" measure and computational constraints. Using smaller units like block groups or blocks could provide more detailed insights but was not feasible due to data and computational limitations.",other,FALSE,FALSE
"excluding non-arrested burglars.
- Exclusion of cases with unknown Hukou status.
- Exclusion of burglaries committed by offenders living outside of ZG city or where geocoding was not possible.
- Temporal mismatch between census data (2010) and burglary data (2012-2016).
- Lack of direct measures of wealth",other,FALSE,FALSE
acknowledging that the four-digit postal code area used could be considered large. They mention that smaller units could be used but note that this increases spatial interdependence issues. The discussion references Ouimet (2000) and highlights potential aggregation bias and spatial autocorrelation issues.,other,FALSE,FALSE
and total number of areas in a study region. They also selected regions with varying target densities to assess the consistency of relationships across different environmental settings. This was done to ensure comparability and to examine how differences in target density affect burglar target selection.,other,FALSE,FALSE
"to align with offenders' decision-making processes and reduce aggregation bias.
- Prefer smaller spatial units over larger ones for more accurate environmental measurement.
- Explore available house-level data to improve or challenge current findings.
- Consider multiple levels of spatial aggregation",other,FALSE,FALSE
"to increase detail.
- Address the modifiable areal unit problem by considering the impact of different spatial aggregations on study results.
- Study larger areas to increase the generalizability of findings.
- Conduct offender-based research to understand daily spatial routines and crime locations.",other,FALSE,FALSE
"1. Median income
2. Residential density
3. Proportion non-Belgian residents
4. Proportion rental units
5. Prior burglary in neighborhood
6. Building construction type
7. Number of occupants
8. Number of residences inside the building
9. Rental status
10. Distance from the offender's home",statistical,FALSE,FALSE
"Construction type (semi-detached vs. terraced): Odds ratio = 0.72 (28% decrease)
- Presence of a garage: Odds ratio = 0.80 (20% decrease)
- Central heating/air-conditioning system: Odds ratio = 0.68 (32% decrease)
- Distance from offender's home: Odds ratio = 0.79 (21% decrease per kilometer)",statistical,FALSE,FALSE
The authors chose block groups as their spatial unit because they are the smallest unit available where meaningful sociodemographic data are available. This decision is based on practical considerations related to data availability and the relevance of sociodemographic factors in their study.,other,FALSE,FALSE
"Log-distance effect: Odds ratios of 0.36 and 0.35
- Repeat offending hypothesis: Odds ratios of 12.72 and 10.72
- Presence of facilities:
  - Churches: Odds ratio of 1.18
  - Marriage halls: Odds ratio of 1.13
  - Parks: Odds ratio of 1.17
  - Educational institutions: Positive effect",statistical,FALSE,FALSE
"1. Betweenness network centrality
2. Presence of bars
3. Presence of night shops
4. Presence of nightclubs
5. Presence of restaurants
6. Presence of schools
7. Presence of residential units
8. Presence of trees
9. Street segment surface size
10. Type of street segment (intersection",statistical,FALSE,FALSE
"Odds ratio for previously chosen areas: 7.17
- Odds ratio for distance to prior crime location: 0.69
- Odds ratios for recency:
  - Within 2 days: 59.94
  - 3-7 days: Not specified
  - 8-30 days: Not specified
  - 31-183 days: Not specified
  - 184-730 days: Not specified
  - 731-1",statistical,FALSE,FALSE
The authors suggest adapting the SWEBER measure to use alternative distance functions and consider urban landscape features. They also note the limitation of spatial truncation at city boundaries and suggest considering broader spatial units to account for burglars living outside the city.,other,FALSE,FALSE
The authors chose communities as their spatial unit size because they have a relatively homogeneous population and their average size is similar to those used in other crime location choice studies. This choice allows for a detailed analysis of crime patterns and barriers at a local level,other,FALSE,FALSE
"305 unique neighbourhoods in the Netherlands and then analyzing the data at different spatial scales.
- The key findings were that the percentage of offences committed within activity spaces increased from 39.4% at the neighbourhood level to 84.5% when including third-order spatial lags.",other,FALSE,FALSE
"1. Auto-oriented street density
2. Pedestrian-oriented street density
3. Number of bars
4. Number of schools
5. Number of transit stations
6. Number of shopping centers
7. Racial/Ethnic Heterogeneity
8. Population Turnover
9. Poverty
10. Population density
11. Solo crime rate",statistical,FALSE,FALSE
The authors suggest future research should consider other neighborhood structural conditions like social cohesion and collective efficacy. They also imply that exploring different spatial units or scales could provide deeper insights into how spatial knowledge affects criminal behavior,other,FALSE,FALSE
to model preference variability more effectively. They highlight the limitations of using larger spatial units like neighborhoods due to internal heterogeneity and suggest that smaller study areas could provide more nuanced insights into offender preferences and social disorganization.,other,FALSE,FALSE
The authors chose output areas (neighbourhoods) as their spatial unit because they are the smallest units for which the necessary variables are available. This choice is justified by the need to capture local variations within larger areas and aligns with social disorganisation theory,other,FALSE,FALSE
"Future investigations should prioritize suspects familiar with the crime location and its environs.
- Consideration of criminal opportunity is crucial in predicting crime locations.
- Longer-term and more frequent data collection on activity spaces could improve predictive accuracy.",other,FALSE,FALSE
"Distance: OR = 0.79 (21% decrease in odds for every kilometer further away)
- Construction type: Semi-detached vs. Terraced: OR = 0.72 (28% decrease in odds)
- Presence of garage: OR = 0.80 (20% decrease in odds)
- Central heating/air-conditioning: OR = 0.68 (32% decrease in odds)",statistical,FALSE,FALSE
"Percentage of single-family dwellings: Odds ratio = 1.13 for every 10% increase
- Ethnic heterogeneity: Odds ratio = 1.15 for every 10% increase
- Proximity to burglar's home: Odds ratio = 1.67 for every kilometre closer
- Number of residential units: Odds ratio = 1.35 for every 1",statistical,FALSE,FALSE
"not statistically significant.
- Racial and ethnic preferences:
  - African-American offenders: Odds ratio of 1.38 for African-American majority tracts.
  - Hispanic offenders: Odds ratio of 1.24 for Hispanic majority tracts.
  - Non-Hispanic white offenders: Not all significant",statistical,FALSE,FALSE
"using the Moran's I statistic to test for spatial dependence.
- They address potential spatial dependence issues by showing that residuals do not display significant autocorrelation after controlling for spatial variables.
- The paper mentions spatial truncation at city boundaries",other,FALSE,FALSE
"Use smaller spatial units like census blocks or even smaller units for more detailed analysis.
- Incorporate more nuanced understanding of spatial awareness and knowledge in models.
- Conduct offender-based research to gather detailed spatial information from offenders themselves.",other,FALSE,FALSE
particularly for analyzing streetscape features and their influence on street theft crime. The stability of urban features and consistent vegetation in the sub-tropical region support this choice. The use of a discrete spatial choice model also aligns with community-level analysis.,other,FALSE,FALSE
they also acknowledge the computational and theoretical challenges associated with smaller units. The paper does not propose specific alternative spatial units or scales of analysis but emphasizes the need for more precise measures to map awareness spaces and criminal opportunity.,other,FALSE,FALSE
"Distance: 0.58
- Distance to city center: 1.10
- Prior burglary in same LSOA:
  - 0-2 days ago: 16.6
  - 3-6 days ago: 5.8
  - 7-30 days ago: 4.3
  - 1-6 months ago: 2.2
  - 6-24 months ago: 2.0
- Prior burglary in same MSOA:
  - 0-2 days ago: 3.6
  - 3-6 days ago: 2.3",statistical,FALSE,FALSE
"Adults (OR = 0.673)
- Concentrated disadvantage: Adults (OR = 1.24)
- Residential stability: Adults (OR = 0.772)
- Percentage of occupied units: Adults (OR = 1.01)
- Percentage of Black residents: Juveniles (OR = 1.008)
- Racial/ethnic heterogeneity: Juveniles (OR = 1.015)",statistical,FALSE,FALSE
which is an alternative to the street segment level they chose. They justify their choice of street segment level by arguing it better captures the spatial logic of offender decision-making and allows for the observation of local variations that would be lost at larger scales.,other,FALSE,FALSE
"1. Concentrated disadvantage
2. Residential stability
3. Racial/ethnic heterogeneity
4. Percent occupied housing units
5. Gini coefficient
6. Percent Black residents
7. Percent Latino residents
8. Euclidean distance from home to target neighborhood
9. Distance squared",statistical,FALSE,FALSE
"supported by previous research. The use of ""statistical districts"" as neighborhoods is based on administrative divisions and is consistent with previous studies. The neighborhood size is small enough to capture local variations but large enough to be meaningful for analysis.",other,FALSE,FALSE
"third-order) on the percentage of offences committed within offenders' activity spaces.
- The analysis involved comparing the results across these different spatial scales.
- The methodological approach involved geocoding the longitude-latitude information to one of the 13",other,FALSE,FALSE
minimizing assumptions about omitted variable bias and keeping neighborhood-level characteristics constant. A fixed effects analysis is used to control for invariant property-level characteristics. This design choice is practical for ensuring the validity of their findings,other,FALSE,FALSE
"Consider using smaller spatial units like six-digit postal code areas for more detailed analysis.
- Address the issue of spatial interdependence when using smaller units by employing models that account for it.
- Explore alternative definitions for shared awareness space",other,FALSE,FALSE
The authors justify the use of neighborhoods as the spatial unit by referencing the long-standing tradition in criminology of studying neighborhood features related to attractiveness and opportunity. They also explain that burglars follow a hierarchical decision process,other,FALSE,FALSE
they later suggest that even these units may be too coarse and propose using smaller units like 10 × 10 m grids or addresses in future research. The rationale is based on the need for detailed spatial resolution and practical considerations for observational analysis.,other,FALSE,FALSE
"which may not reflect all burglaries due to low clearance rates.
- Excludes incidents with unknown or incorrect addresses and those outside city boundaries.
- Removes incidents with mixed adult and juvenile co-offenders.
- Uses block groups due to data availability",other,FALSE,FALSE
with the LCL model taking a couple of hours and the ML model taking several days. The authors suggest that sampling from alternatives could help overcome the computational issues with the ML model. No specific memory constraints or processing challenges are mentioned.,other,FALSE,FALSE
The authors discuss the Modifiable Areal Unit Problem (MAUP) by acknowledging the risk of aggregation bias and choosing to use smaller spatial units like census blocks to minimize this issue. They also consider scale effects by zooming in to the level of census blocks,other,FALSE,FALSE
"Restaurants and fast-food outlets: Odds ratios ranging from 1.15 to 1.37
- Liquor stores: Odds ratios between 1.04 and 1.54
- High schools: Strong temporal variation in location preference
- Other variables: Detailed coefficients are in Appendix Tables A1 and A2",statistical,FALSE,FALSE
"Low detection rate of residential burglaries (7%) could bias results.
- Exclusion of burglaries committed outside the city of The Hague due to lack of data on neighborhood characteristics.
- Restriction to single-offender burglaries.
- Reliance on police records",other,FALSE,FALSE
The authors justify their choice of spatial unit size by explaining the need to isolate property-level effects from neighborhood-level effects. They use a case-control design to compare burglarized properties with non-burglarized ones within the same neighborhoods,other,FALSE,FALSE
"096 days: 3.43
- Odds ratios for frequency:
  - Two prior crimes: 1.62
  - Three or four prior crimes: 2.25
  - Five to eight prior crimes: 2.95
  - Nine or more prior crimes: 8.63
- Odds ratios for crime type:
  - Same type: 7.25
  - Different type: 3.07",statistical,FALSE,FALSE
likely due to practical considerations such as using existing administrative boundaries for data analysis and to examine local crime patterns. Theoretical justifications or references to previous research for this choice are not explicitly mentioned in the paper.,other,FALSE,FALSE
"which are a significant portion of potential targets.
- Data availability issues included the removal of plots due to multiple dwellings and coding errors.
- The study area was constrained to houses only due to the limitations of the Belgian Land Registry data.",other,FALSE,FALSE
"Future studies could measure other activity nodes visited by offenders and their usual visit times.
- Offender interviews could provide more detailed information on routines and spatiotemporal preferences.
- Direct measures of time-varying target attractiveness",other,FALSE,FALSE
The authors justify their choice of street segments as the spatial unit of analysis by referencing previous research that advocates for this scale in studying crime and disorder. They also highlight that street segments align with human observational limitations,other,FALSE,FALSE
"Distance from home location: e  = 0.61 (p<.001)
- Presence of a river: e  = 0.72 (p=.25)
- Presence of a major road: factor of 1.77 (p<.001)
- Presence of a military base or police station: e  = 13.78 (p<.001)
- Distance from city centre: not significant",statistical,FALSE,FALSE
"a practical advantage but also a limitation.
- Significant variation in census unit size and population could affect analysis.
- 275 census units were excluded due to limited mobile phone network coverage.
- Privacy concerns led to the use of aggregated data",other,FALSE,FALSE
The authors justify their choice of spatial unit size by emphasizing that burglars target individual residences rather than entire neighborhoods. They argue that the appropriate level of aggregation for studying burglary target choice is at the residence level,other,FALSE,FALSE
"Incorporate temporal variation in crime and population mobility to better test opportunity theories.
- Explore differences between co-offending and single offending.
- Study other types of crimes to see how population mobility affects their spatial behavior.",other,FALSE,FALSE
"1. Idiosyncratic farness
2. Idiosyncratic betweenness
3. Pedestrian (overall) betweenness
4. Local betweenness
5. Nonlocal betweenness
6. Residential mobility
7. Socioeconomic heterogeneity
8. Affluence
9. Number of dwellings
10. Ethnic heterogeneity",statistical,FALSE,FALSE
"1. Bars_and_clubs
2. Cybercafés
3. Schools
4. Transportation_hubs
5. Wholesale_markets
6. Distance_of_journey_to_crime
7. Proportion_of_migrants
8. Proportion_of_young_adults
9. Malls_and_supermarkets
10. Bus_stops
11. Subway_stations
12. Car_parks",statistical,FALSE,FALSE
"1. Number_of_residential_properties
2. Distance
3. Proximity_effect_for_juveniles
4. Proximity_effect_for_adults
5. Percentage_of_non_native_residents
6. Percentage_of_residents_aged_15_to_25
7. Average_value_of_properties
8. Spatial_competition_factor",statistical,FALSE,FALSE
"but they were too large (mean area 2.25km^2) and could lead to incorrect estimations of variable effects.
- Street blocks: The authors considered using street blocks as they are more appropriate for examining social disorganisation and other factors. However",other,FALSE,FALSE
"and physical disorder
6. Population size of destination community
7. Presence of post-2000 newer buildings
8. Presence of high-rise buildings
9. Number of subway stations
10. Number of bus stops
11. Presence of parks
12. Number of entertainment venues",statistical,FALSE,FALSE
"non-significant effect
- Racial and ethnic preferences:
  - African-American offenders: 1.38 times for African-American majority tracts
  - Hispanic offenders: 1.24 times for Hispanic majority tracts
  - Non-Hispanic white offenders: not all significant",statistical,FALSE,FALSE
"Limited sample size affecting statistical significance
- Homogeneous sample limiting generalizability
- Potential inaccuracies in official residential histories
- Reliance on government systems for data
- Conservative estimates due to data unreliability",other,FALSE,FALSE
The authors suggest future research should explore methodological improvements to handle small spatial units and assess spillover effects using hierarchical nesting structures. They also imply a need to understand conditions that violate spatial consistency,other,FALSE,FALSE
"Explore alternative thresholds for distinguishing recency and duration in residential history.
- Consider more nuanced or dynamic spatial units to reflect continuous growth and decline of spatial knowledge.
- Use larger samples and more diverse data (e.g.",other,FALSE,FALSE
The paper discusses the Modifiable Areal Unit Problem (MAUP) by highlighting the importance of using small spatial units to avoid aggregation bias and ecological fallacy. The authors mention that smaller units are more affected by their spatial environment,other,FALSE,FALSE
"Mixed logit model estimates higher coefficients for proximity variables compared to conditional logit.
- Affluence is statistically significant in mixed logit but not in conditional logit.
- Residential mobility shows different effects in the two models",statistical,FALSE,FALSE
allowing for practical data collection from police records and municipal statistics. The discrete spatial choice approach is theoretically justified by its ability to integrate previous findings and model individual differences in location choice criteria,other,FALSE,FALSE
"1.06 times increase for every 100 households.
- Presence of an activity node within 5 km: Over 20-fold increase in likelihood.
- Sex offenses: High odds (~ 1000x) in SA2s with an activity node.
- Distances 2-5 km from activity nodes: ORs 16.1 to 21.5.",statistical,FALSE,FALSE
The authors faced a computational barrier due to the large number of rows (almost 37 million) that would be generated if all SA2s were included for each offender. This led to the use of stratified importance sampling to reduce the number of alternatives,other,FALSE,FALSE
and are familiar to residents. This choice is justified by the theoretical premise that offenders are more likely to commit crimes in familiar areas and by the practical consideration of data availability. Although these areas might be considered large,other,FALSE,FALSE
"excluding specific objects where graffiti was written.
- Some street segments were not observed and were excluded from the analysis.
- Graffiti along railway tracks or on trains was not observed.
- The study was conducted in a specific urban context",other,FALSE,FALSE
"which could limit the spatial units to those within this administrative boundary.
- Data aggregation requirements: The use of neighborhood units as spatial units might be due to data aggregation requirements or the way data is collected and processed.",other,FALSE,FALSE
"Proximity to the home neighbourhood: 1.49 (significant)
- Physical accessibility: significant
- Home neighbourhood: significant
- Affluence: not significant
- Social disorganisation: not significant
- Proximity to the city centre: not significant",statistical,FALSE,FALSE
"Future research should explore whether the findings apply to non-arrested burglars to ensure generalizability.
- There is a need for more contemporaneous data collection to align census data with crime data.
- Incorporating direct measures of wealth",other,FALSE,FALSE
"1. Average_value_of_residential_properties
2. Percentage_of_owner-occupied_properties
3. Mean_income_per_resident
4. Percentage_of_single-family_properties
5. Ethnic_heterogeneity
6. Residential_mobility
7. Number_of_properties_in_neighbourhood",statistical,FALSE,FALSE
"1. Number of people on the street
2. Percent fence
3. Percent wall
4. Percent windows
5. Percent grass
6. Percent sidewalk
7. Percent plants
8. Proximity effect (distance from offender's residence to crime location)
9. Crime attractors (e.g.",statistical,FALSE,FALSE
"Odds Ratio (OR) for current residential areas of any family member: 1.88
- Odds Ratio (OR) for former residential areas of any family member: 1.37
- Statistically significant difference between current and former residential areas (χ 2 (1) = 30.8",statistical,FALSE,FALSE
"Limited to Perth metropolitan area
- Exclusion of suburbs outside Perth metropolitan area
- Dataset did not allow unique identification of offenders
- Predefined set of 291 residential suburbs
- Complexity in selecting appropriate spatial scale",other,FALSE,FALSE
Future research should use more artificially constructed and uniform areas to minimize limitations in spatial analysis. The selection of spatial scale is complex and may require smaller units than neighborhoods to capture variations in crime rates.,other,FALSE,FALSE
The authors justify the use of street segments as spatial units by referencing recent research advocating for small spatial units of analysis. They define street segments operationally as the two sides of a street between intersections or a square,other,FALSE,FALSE
and are well-known to regular visitors. This choice balances practical considerations of data availability and theoretical relevance to activity spaces and crime location choice with reduced concerns for spatial accuracy compared to smaller units.,other,FALSE,FALSE
"Increase in odds by 29.5% for every 1 km decrease in distance from home.
- Crime attractors and generators:
  - Schools: Increase in odds by 2.1% for each additional school.
  - Bus stops: Increase in odds by 1.6% for each additional bus stop.",statistical,FALSE,FALSE
"indicating reliance on administrative boundaries.
- The dataset was limited by the availability of accurate home locations and the need to exclude cases outside the study area.
- The study was constrained by the unavailability of certain data",other,FALSE,FALSE
The study was limited by the complexity of using small spatial units like micro-places due to estimation problems and the need for multiple-level spillover effects. The choice of UK Census Lower Level Super Output Areas (LSOAs) was a compromise,other,FALSE,FALSE
"which may not be direct measures.
- Method for filling in missing data introduced imprecision.
- Overestimation of frequency for certain activity locations.
- Emphasis on general patterns over specific effect sizes due to these limitations.",other,FALSE,FALSE
"1. Distance_to_home
2. Presence_of_schools
3. Distance_to_city_center
4. Presence_of_train_station
5. Connectivity_via_major_roads
6. Population_turnover
7. Social_heterogeneity
8. Number_of_car_parks
9. Number_of_registered_vehicles",statistical,FALSE,FALSE
"VA.
- Aggregation requirement: Alternatives were aggregated into 2517 regular grids due to difficulty in representing individual house locations.
- Data availability issues: Features derived from census data and calculated distance values",other,FALSE,FALSE
The inability of the Google Car to capture isolated properties leads to a biased sample because these properties cannot be coded. This is a limitation in data collection rather than a computational constraint like memory or processing time.,other,FALSE,FALSE
"which is a common administrative boundary in urban planning and research.
- Static nature of SVIs: SVIs are collected instantly and cannot capture dynamic changes in on-street populations or small objects like broken windows and graffiti.",other,FALSE,FALSE
"Root Likelihood (RLH) statistic for Mixed Logit (ML) models: 7.3 to 28.4 (× 10 -4 )
- Root Likelihood (RLH) statistic for Conditional Logit (CL) models: 4.0 to 7.4 (× 10 -4 )
- Root Likelihood (RLH) statistic for null model: 1.9 × 10 -4",statistical,FALSE,FALSE
"Time interval between robberies:
  - 0-2 days: Odds ratio = 18.10
  - 3-7 days: Odds ratio = 12.79
  - 8-30 days: Odds ratio = 6.05
  - 1-6 months: Odds ratio = 6.02
- Not being arrested in the act of prior robbery: Odds ratio = 8.35",statistical,FALSE,FALSE
indicating the multiplicative effect of a one-unit increase of the independent variable on the odds of choosing a target area. Specific numerical values for these odds ratios are not provided in the text but are referenced in tables (e.g.,statistical,FALSE,FALSE
"implying that smaller units were not computationally feasible for their study. The mention of ""intractability of the estimation problem"" suggests that computational limitations were a significant factor in choosing the spatial unit size.",other,FALSE,FALSE
and balances the risks of ignoring spatial spill-over and spatial heterogeneity. This choice allows for the examination of meso-level spatial choices and includes attributes from surrounding areas to address potential spill-over issues.,other,FALSE,FALSE
and the use of spatially contiguous bands up to the 6th order was influenced by theoretical justifications related to spatial exploration and preferential return. The radius of gyration was used to describe individual mobility patterns,other,FALSE,FALSE
given their design for minimal travel restrictions and relation to urbanization levels. This choice is also consistent with previous studies in the field and aligns with the focus on personal geographic experience of offenders. However,other,FALSE,FALSE
"Non-native burglars are indifferent.
- Model D: Percentage 15-25 years old and average property value positively affect attractiveness (coefficients not specified).
- Model E: Spatial competition factor = 0.99 (negative odds ratio).",statistical,FALSE,FALSE
noting that the four-digit postal code area could be considered large and that smaller units like six-digit postal code areas could introduce issues of spatial interdependence. They acknowledge the MAUP but do not discuss it in detail,other,FALSE,FALSE
"Larger spatial areas were considered but not used because they tend to be more heterogeneous and would not capture local variations between sub-areas.
- Smaller units (~0.03km^2) were used in other studies like Frith et al. (2017)",other,FALSE,FALSE
"Time Intervals Between Two Robberies: Odds ratios greater than 1 (specific values not provided)
- Not Being Arrested in the Act of Prior Robbery: Odds ratio = 8.35
- Distance of Journey to Subsequent Robbery: Odds ratio = 0.13",statistical,FALSE,FALSE
The authors chose four-digit postal code areas as their spatial unit because they are well-suited for crime location choice research due to minimal travel restrictions and familiarity. These areas have an average population of 7,other,FALSE,FALSE
"1. Distance from the offender's home
2. Distance from the city centre
3. Ethnic heterogeneity
4. Socioeconomic heterogeneity
5. Residential Churn
6. Affluence
7. Previous offence locations
8. Number of potential targets",statistical,FALSE,FALSE
The authors justify the use of the house as the spatial unit of analysis by arguing that it is the smallest and most relevant unit for studying burglary target selection. This choice addresses the modifiable areal unit problem,other,FALSE,FALSE
"OR = 78.7%-82.2% increase for Dis-residing burglars
- Newer buildings: OR > 2.4 for both groups
- High-rise buildings: OR = 0.177 for Dis-residing burglars
- Subway stations: OR = 20% increase for Non-Dis-residing burglars",statistical,FALSE,FALSE
"Restaurants and fast-food outlets: Odds ratios range from 1.15 to 1.37.
- Liquor stores: Odds ratios range from 1.04 to 1.54.
- High schools: Statistically significant positive effects during school hours (6 a.m. to 4 p.m.)",statistical,FALSE,FALSE
likely due to data availability and the need to analyze crime patterns at a local level. This choice is implied by the use of community-level data and the mixed logit model for estimating individual decision-making processes.,other,FALSE,FALSE
"as only areas with available community survey data were included.
- The use of larger spatial units like postal codes was a deliberate choice to avoid computational and theoretical challenges associated with smaller units.",other,FALSE,FALSE
The authors chose Lower Super Output Areas (LSOAs) as their unit of analysis because they are interested in offender decision making at the area level. The use of LSOAs is justified by the availability of data across all 4,other,FALSE,FALSE
"such as travel paths.
- Use continuous GPS-tracking to obtain detailed information on activity nodes and travel routes.
- Focus on improving the completeness and quality of data on awareness spaces and offense locations.",other,FALSE,FALSE
which are important for understanding graffiti placement. The use of polygons instead of lines to represent street segments is justified by the need to accurately capture the spatial complexities of older European cities.,other,FALSE,FALSE
the inter-centroid spacing should be smaller than the minimum distance between key locations. The grid resolution was set to 170 meters north-south and 191 meters east-west to balance detail and computational complexity.,other,FALSE,FALSE
"169.993
- Odds ratios (OR) and p-values for predictor variables
- Use of Poisson model implementation equivalent to conditional logit model
- Generalized variance inflation factors (GVIFs) to assess multicollinearity",statistical,FALSE,FALSE
The authors considered using micro-places like face blocks or street segments as alternative spatial units but rejected them due to complex estimation problems and spillover effects. They also compared their chosen unit,other,FALSE,FALSE
Smaller spatial units of analysis were considered but not used due to computational and theoretical challenges such as large datasets and spatial spillover. Previous studies using similar or larger areas were referenced,other,FALSE,FALSE
"1. Log_distance
2. Prior_offending_locations
3. Churches
4. Educational_institutions
5. Marriage_halls
6. Personal_care_businesses
7. Parks
8. Restaurants
9. Business_offices
10. Ward_area
11. Ward_population",statistical,FALSE,FALSE
"Limited to arrested offenders due to unavailability of addresses for non-arrested offenders.
- Use of a single randomly selected robber for robberies involving multiple offenders.
- Data derived from various sources",other,FALSE,FALSE
and addresses. These units were considered because they are smaller and can provide more detailed insights into crime patterns. The authors chose postal code areas due to their small size and lack of physical barriers,other,FALSE,FALSE
"confirming that alternative selections produced the same pattern of results.
- A sensitivity test was performed by excluding prolific residential burglars (those who committed more than 10 offenses) from the analysis",other,FALSE,FALSE
No alternative units discussed. The paper mentions considering different grid resolutions based on the nature of features used but does not specify other alternative units or scales that were considered but not used.,other,FALSE,FALSE
and the choice of grid size and inter-centroid spacing suggests a balance between detail and computational feasibility. No explicit computational constraints like memory limitations or processing time are mentioned.,other,FALSE,FALSE
The authors chose to aggregate spatial alternatives into 2517 regular grids due to the practical difficulty of representing every individual house in a city like Richmond. They also used block groups as sub-regions,other,FALSE,FALSE
"Exclusion of crimes committed by offenders living outside the study area due to the need to enumerate all possible choices within the study region.
- Use of Lower Super Output Areas (LSOAs) as the unit of analysis",other,FALSE,FALSE
as well as adopting a unit of analysis that includes tangible characteristics of the ongoing situation. These alternatives were suggested for future research due to the limitations found with using street segments.,other,FALSE,FALSE
"Distance from home: 5.32 times more likely for each log-kilometer closer
- Small businesses:
  - Barber shops and beauty salons: 1.18
  - Liquor stores: 1.38
- Illegal market activities: Significantly positive",statistical,FALSE,FALSE
"Proximity to home neighbourhood: 1.49 (multiplicative effect on probability)
- Physical accessibility: significant effect (no specific value provided)
- Proximity: significant effect (no specific value provided)",statistical,FALSE,FALSE
which is relevant for studying crime location choices. They justify this choice by noting that SA2s are comparable to units used in other similar studies. The selection was based on balancing theoretical relevance,other,FALSE,FALSE
and individual properties. These were considered in the context of their ecological validity and comparability to neighborhoods. The authors chose NZ Census Statistical Area 2 (SA2) as their final unit of analysis,other,FALSE,FALSE
The authors discuss the Modifiable Areal Unit Problem (MAUP) by acknowledging the complexity of selecting a spatial scale for burglary analysis. They note that crime rates can vary significantly across small areas,other,FALSE,FALSE
"Future research should consider a multiple-scale analysis by aggregating data to different sizes and shapes beyond ward boundaries.
- There is a need for a systematic analysis of how findings depend on the shapes",other,FALSE,FALSE
it does not explicitly address the Modifiable Areal Unit Problem (MAUP) or ecological fallacy. The choice of spatial units and aggregation methods implies some consideration of scale effects and aggregation bias,other,FALSE,FALSE
"to increase generalizability.
- Gather more comprehensive information on individual activity spaces to better explain crime location choices.
- Develop methods to capture additional aspects of awareness spaces",other,FALSE,FALSE
"1. Built_surface_area
2. Presence_of_garage
3. Central_heating_and/or_air-conditioning_system
4. Distance_from_offender's_home
5. Construction_type
6. Number_of_floors
7. Presence_of_rooftop_living_floor",statistical,FALSE,FALSE
and follow physical features like roads and rivers. This choice was practical due to the absence of sociodemographic variables in the analysis. Although smaller units like street blocks are theoretically ideal,other,FALSE,FALSE
No computational constraints mentioned. The paper discusses the choice of spatial unit in terms of urbanization and geographic coverage but does not explicitly mention computational limitations or constraints.,other,FALSE,FALSE
The authors suggest that future studies could consider expanding the spatial unit of analysis to include areas beyond city boundaries to capture burglaries committed by residents outside the city. Additionally,other,FALSE,FALSE
"Difficulty in accessing official police data in China.
- Exclusion of robberies due to robbers living outside the study area or having unknown residences.
- Study only includes data from arrested robbers",other,FALSE,FALSE
A six-digit postal code area was considered as an alternative unit of analysis. This unit is roughly the size of a football field and contains 18 residential properties and 40 residents on average. However,other,FALSE,FALSE
"Pseudo R-squared for Model 1: 0.264
- Pseudo R-squared for Model 2: 0.285
- Pseudo R-squared for Model 3: 0.283
- Pseudo R-squared for Model 4: 0.289
- Significance level with 95% confidence intervals",statistical,FALSE,FALSE
"1. Percentage of home ownership
2. Average real estate values
3. Ethnic heterogeneity
4. Residential mobility
5. Proximity to homes of burglars (SWEBER)
6. Proximity to the central business district",statistical,FALSE,FALSE
"which was deemed computationally unfeasible.
- Software limitations: The need to balance computational resources with the complexity of the analysis led to prioritizing temporal over spatial complexity.",other,FALSE,FALSE
the researchers aggregated data from smaller administrative or statistical spatial units to create larger spatial units for analysis. The original smaller administrative unit is not explicitly mentioned,methods,FALSE,FALSE
"Residential burglary: 95% CI: 1.05-1.06
- Non-residential burglary: 95% CI: 1.10-1.11
- Commercial robbery: 95% CI: 1.10-1.12
- Personal robbery: 95% CI: 1.10-1.11
- Sex offenses: 95% CI: 1.07-1.09",statistical,FALSE,FALSE
which makes them suitable for studying familiarity and movement. They also reference common practice in crime location choice studies and acknowledge the practical considerations of using smaller units,other,FALSE,FALSE
"Data availability: Communities with less than 50% coverage of Street View Images (SVIs) were excluded.
- Administrative boundary constraints: The study used communities as the spatial unit of analysis",other,FALSE,FALSE
"such as requiring all offenders to be familiar with an area.
- Collect data closer to the source through interviews with offenders and their co-offenders.
- Study larger areas to generalize findings.",other,FALSE,FALSE
"1. Presence of retail and entertainment businesses
2. Accessibility of the location
3. General activity level
4. Number of people who can interfere
5. Level of territoriality
6. Physical disorder",statistical,FALSE,FALSE
influenced by their social homogeneity and manageable population size. The use of LSOAs and Middle Layer Super Output Areas (MSOAs) was also constrained by their design to optimize social homogeneity.,other,FALSE,FALSE
"Environmental Protection Agency (EPA) for street connectivity measures
- Baltimore City Police Department for arrest information (2013-16)
- Baltimore City Open Data Portal for activity nodes (bars",crime_related,FALSE,FALSE
"leading off the street segment
17. Presence of a business in the immediate surrounding area open during daylight hours
18. Mixed land-use in the immediate surrounding area
19. House type (terraced",statistical,FALSE,FALSE
ensuring that the model could converge without problematic multicollinearity. This was necessary because including all possible SA2s would have exceeded the capacity of available computing equipment.,other,FALSE,FALSE
"The study used four-digit postal code areas as the spatial unit of analysis due to their familiarity to residents and visitors.
- The size of these postal codes is inversely related to urbanization",other,FALSE,FALSE
and they explicitly reference MAUP as a problem where analytical results depend on how space is partitioned. They also discuss spatial autocorrelation and the interdependence of spatial alternatives,other,FALSE,FALSE
"especially in urban villages or near wholesale markets.
- Validate the representativeness of the data in future studies.
- Verify the effect of sports stadiums on native robbers in future studies.",other,FALSE,FALSE
"78.7%-82.2% for Dis-residing burglars
- Newer buildings: OR > 2.4 for both groups
- High-rise buildings: OR = 0.177 for Dis-residing burglars
- Subway stations: 20% increase for Non-Dis burglars",statistical,FALSE,FALSE
"000 residents.
- Racial and ethnic dissimilarity: Odds ratio of 0.42 (58% reduction).
- Gang territorial dissimilarity: Odds ratio of 0.50 (50% reduction).
- Collective efficacy: Small effect",statistical,FALSE,FALSE
The authors chose communities (juweihui or cunweihui) as their unit of analysis because they are the smallest administrative units for which population census and major survey data are collected,other,FALSE,FALSE
"such as workplaces or previous residences.
- Linking data with OpenStreetMap could provide more detailed spatial data for analysis at different scales.
- Replicating findings in other contexts",other,FALSE,FALSE
"Neighbourhood routinely visited at same time of day as crime event: OR = 2589.71 (p < 0.001)
- Neighbourhood routinely visited at different time of day as crime event: OR = 1209.00 (p = 0.324)",statistical,FALSE,FALSE
The authors chose neighborhoods as their spatial unit of analysis because they are the smallest statistical units for which detailed socio-economic data is available from Statistics Netherlands,other,FALSE,FALSE
"Data availability issues: Exclusion of records due to residence outside the study area or unknown residence.
- Confidentiality requirements: Use of 'pinyin' codes instead of actual place names",other,FALSE,FALSE
""" specifically mentioning ""very large datasets and spatial spillover."" This suggests that they were aware of potential computational constraints related to data size and processing complexity",other,FALSE,FALSE
"1. Number_of_households
2. Proportion_of_single-family_dwellings
3. Residential_mobility
4. Proximity_to_offender_residence
5. Proximity_to_city_center
6. Residential_real_estate_value",statistical,FALSE,FALSE
The authors discuss the Modifiable Areal Unit Problem (MAUP) by acknowledging the importance of detailed spatial scales in their analysis. They use street segments as their unit of analysis,other,FALSE,FALSE
"2001)
- Police force of Haaglanden (greater The Hague area)
- Real estate tax administration of the municipality of The Hague
- Real estate tax registration
- Police information system",crime_related,FALSE,FALSE
"1. Distance from offender's residence
2. Number of past residential burglaries
3. Number of residential units
4. Proportion of single-family dwellings
5. Past residential burglary rate",statistical,FALSE,FALSE
"which may have limitations in detail and accuracy.
- Correlation between attribute values: Potential correlation between census data and distance calculations could affect model accuracy.",other,FALSE,FALSE
to balance the risks of ignoring spatial spill-over mechanisms and spatial heterogeneity. They address spatial spill-over by including attributes of surrounding areas within distance bands,other,FALSE,FALSE
"Model 1 = 0.298
- Akaike's information criterion (AIC): Significant decrease from Model 1 to Model 2
- Bayesian information criterion (BIC): Significant decrease from Model 1 to Model 2",statistical,FALSE,FALSE
such as increased spatial interdependence. Theoretical justifications include the design of these areas for minimal travel restrictions and awareness of the modifiable areal unit problem.,other,FALSE,FALSE
as they have been used in other studies to demonstrate variability in crime levels and might offer a more detailed perspective on offender preferences compared to larger units like SLAs.,other,FALSE,FALSE
"ML = 4.45
- Consistent Akaike Information Criterion (CAIC): Smallest values for the three-class model
- Bayesian Information Criterion (BIC): Smallest values for the three-class model",statistical,FALSE,FALSE
allowing for the examination of physical barriers and connectors. The selection is also influenced by practical considerations such as data availability and relevance to the study area.,other,FALSE,FALSE
"Data availability: The study uses output areas (neighbourhoods) as the smallest units for which data is available.
- Geo-political boundary: The study is restricted to the city of York",other,FALSE,FALSE
"which relates to scale effects and potential aggregation bias.
- The use of spatially weighted measures like SWEBER aims to mitigate aggregation bias by incorporating spatial dynamics.",other,FALSE,FALSE
such as using existing administrative boundaries and the need for consistent distance calculations using neighborhood centroids. Theoretical justifications are not explicitly discussed,other,FALSE,FALSE
indicating a consideration of scale effects and aggregation bias. They also propose using units that include tangible characteristics of ongoing situations to avoid ecological fallacy.,other,FALSE,FALSE
The authors chose a grid cell size of 200x200m based on practical considerations such as data resolution and analysis requirements. The spatial resolution was chosen by the researcher,other,FALSE,FALSE
"which were not captured.
- Limitation to daylight hours due to Google Street View data availability.
- Selection of neighborhoods based on data availability from a community survey",other,FALSE,FALSE
"1. Neighbourhood routinely visited at same time of day as crime event
2. Neighbourhood routinely visited at different time of day as crime event
3. Neighbourhood routinely visited",statistical,FALSE,FALSE
"limiting data to only those offenses with complete location information.
- Lack of consideration of ethnic heterogeneity due to little variation in ethnicity across the study area.",other,FALSE,FALSE
"as the data may not be representative of all offenders.
- Reporting and clearance rate biases: The study may be influenced by biases related to reporting rates and clearance rates.",other,FALSE,FALSE
potentially involving different spatial units or scales. They also recommend conducting formal crime impact assessments to better understand crime patterns and prevention strategies,other,FALSE,FALSE
allowing for finer-grained analysis of crime location choices. This choice is justified by previous research indicating that crime concentrations are often localized to small areas,other,FALSE,FALSE
"000 participants.
- Participants' memory limitations restrict data collection to a few days.
- Sparseness of data due to the ratio of crimes to grid cells affects model accuracy.",other,FALSE,FALSE
which contains on average 18 residential units and 40 residents. This unit was not used due to increased spatial interdependence between observations requiring more complex models.,other,FALSE,FALSE
"2.77 for adult offenders
- Ethnic composition: Odds ratio of 0.92 for native Dutch burglars for a 10% increase in non-native population
- Spatial competition: Odds ratio below 1",statistical,FALSE,FALSE
"1. Mean housing repayment
2. Proportion of single-family dwellings
3. Residential mobility
4. Proximity to city center
5. Number of households
6. Proximity to offender's home",statistical,FALSE,FALSE
The authors chose the 201 wards of Chennai City as their spatial unit of analysis because they are similar in size to neighborhoods or census tracts used in other studies. However,other,FALSE,FALSE
but they do not explicitly propose alternative spatial units or scales of analysis. They use block groups as the smallest unit for defining neighborhoods due to data availability.,other,FALSE,FALSE
"1.295 (Model 2)
- Crime attractors and generators: Positive and significant (no specific values provided)
- Percent migrants: 1.006
- Percent low-rent houses: 1.001 (Model 1)",statistical,FALSE,FALSE
enhancing ecological validity. They acknowledge the theoretical preference for smaller units but note practical challenges. LSOAs are defined by proximity and social homogeneity,other,FALSE,FALSE
"transit)
- Google Map search capabilities for geocoding shopping centers
- American Community Survey conducted by the U.S. Census Bureau for macro-level contextual covariates",crime_related,FALSE,FALSE
"Computational limitations due to large dataset size required sampling.
- Data did not capture all pre-offense activity locations.
- Proxies were used for offenders' knowledge",other,FALSE,FALSE
No (the researchers used NZ Census Statistical Area 2 (SA2) as the primary spatial unit for analysis without aggregating data from smaller administrative or statistical units),methods,FALSE,FALSE
"limiting the number of neighborhoods to 86.
- Concerns about administrative boundary constraints addressed through robustness checks with alternative neighborhood boundaries.",other,FALSE,FALSE
specifically by analyzing first-order and second-order adjacent blocks. This involved extending the universal logit model to include attributes of second-order adjacent blocks,other,FALSE,FALSE
making them theoretically justified as cohesive social and demographic entities. The choice is also comparable to previous studies in terms of geographic and population sizes,other,FALSE,FALSE
"The study conducted a sensitivity analysis by varying the spatial unit sizes or scales.
- They examined the impact of including different orders of spatial lags (first-order",other,FALSE,FALSE
Yes. The researchers aggregated data from block groups (the original smaller administrative unit) to 2517 regular grids (the final larger administrative unit) for analysis.,methods,FALSE,FALSE
"Idiosyncratic farness: -0.31 (for every 10 minutes from home)
- Idiosyncratic betweenness: 2.51 (for every 10% increase)
- Residential mobility: Statistically significant",statistical,FALSE,FALSE
as contemporary research suggests that crime is better studied at finer resolutions like streets or parcels. The choice was likely due to data availability and practicality,other,FALSE,FALSE
"The study used Small Areas (SAs) as the spatial unit because sociodemographic variables were not included.
- The geographical boundary data for SAs was obtained from NISRA",other,FALSE,FALSE
the researchers aggregated data from smaller administrative units (six-digit postal code areas) to create larger spatial units (four-digit postal code areas) for analysis.,methods,FALSE,FALSE
"limiting temporal and spatial scope.
- Administrative boundary constraints due to grid circumscribing city limits.
- Grid resolution determined by inter-centroid spacing",other,FALSE,FALSE
but note a lack of systematic analysis on how findings depend on spatial unit sizes and shapes. This indicates an awareness of potential aggregation bias and scale effects,other,FALSE,FALSE
particularly in low population density areas where a longer distance range might be more appropriate. They also highlight the importance of balancing theoretical relevance,other,FALSE,FALSE
"which includes both primary detections and crimes taken into consideration (TIC).
- Requirement for geographical coordinates for both offense and offender home locations",other,FALSE,FALSE
justifying it by their similarity in size to other studies and their homogeneity. They also mention that using census units avoids the need to estimate spillover effects,other,FALSE,FALSE
No (the researchers used four-digit postal code areas as the spatial unit of analysis without aggregating data from smaller administrative or statistical spatial units),methods,FALSE,FALSE
similar to those used in previous studies. This choice is justified by practical considerations and theoretical alignment with awareness spaces in crime pattern theory.,other,FALSE,FALSE
to better capture the dynamic nature of the environment. They also recommend adopting a unit of analysis that includes tangible characteristics of the ongoing situation,other,FALSE,FALSE
The authors suggest that future research should account for both the characteristics of the broader social environment and the availability of targets in a neighborhood,other,FALSE,FALSE
and it minimizes aggregation bias. The availability of detailed spatial crime data and recommendations from contemporary studies also support this choice. Additionally,other,FALSE,FALSE
The authors chose four-digit postal code areas as their spatial unit of analysis because they are a useful and plausible indication of areas people are familiar with,other,FALSE,FALSE
"which was beyond the capabilities of the software and hardware used.
- Processing challenges: The software and hardware were insufficient to handle the full dataset",other,FALSE,FALSE
the researchers aggregated data from smaller administrative units (six-digit postal code areas) to larger spatial units (four-digit postal code areas) for analysis.,methods,FALSE,FALSE
which aligns with the scale of analysis for residential burglary. This choice is justified by the need to define a relevant choice set for burglars' decision-making,other,FALSE,FALSE
Alternative units considered but not used include census blocks and street blocks. These were rejected because using them would require estimating spillover effects,other,FALSE,FALSE
"and social hangouts to improve predictions of crime locations.
- Use space-time budget studies to gather more comprehensive data on individuals' activity patterns.",other,FALSE,FALSE
"Odds ratio for neighborhoods visited at the same time of day as the crime event: 2589.71
- Odds ratio for neighborhoods visited at different times of day: 1209.00",statistical,FALSE,FALSE
and it was computationally feasible. They also referenced empirical literature indicating that effects are robust across different geographic levels of aggregation,other,FALSE,FALSE
"but this was rejected due to methodological concerns such as the modifiable areal unit problem and aggregation bias.
- Postal code areas: Similar to neighborhoods",other,FALSE,FALSE
Block groups or blocks were considered as alternative units but were not used due to practical limitations such as data availability and computational constraints.,other,FALSE,FALSE
Not mentioned (the paper does not report any model fit statistics or goodness-of-fit measures due to the small sample size and descriptive nature of the analysis),statistical,FALSE,FALSE
"OR = 1.6% increase for Dis-residing burglars
- Parks: OR = 0.05 for Dis-residing burglars
- Entertainment venues: OR = 4% increase for Non-Dis-residing burglars",statistical,FALSE,FALSE
which is a standard spatial unit used in the UK for census data. The justification is implied by the suitability of LSOAs for analyzing spatial patterns of crime,other,FALSE,FALSE
The authors chose census block groups as their spatial unit of analysis because it is the smallest geographic area available in the EPA's Smart Location Database,other,FALSE,FALSE
"this study uses the latent class (and mixed and conditional logit) to examine the offence location choices of serious acquisitive crime offenders in York (UK).""",geographic,FALSE,FALSE
The authors justify their choice of spatial unit size by ensuring it is fine enough to capture the variance of spatial features. For areally aggregated features,other,FALSE,FALSE
ensuring consistency and comparability. Census units are approximately equally sized and relatively homogeneous in terms of population composition. Additionally,other,FALSE,FALSE
and neighborhoods identified by postcodes. These were not selected because the authors chose SA2s for their balance between spatial spill-over and heterogeneity,other,FALSE,FALSE
The authors chose neighbourhoods as their spatial unit size because more than three-quarters of the locations were reported at least at the neighbourhood level,other,FALSE,FALSE
the researchers aggregated data from smaller administrative units to census block groups. The original smaller administrative unit is not explicitly mentioned,methods,FALSE,FALSE
"negative association (no specific value provided)
- Ethnic heterogeneity: Not statistically significant
- Number of dwellings: Not statistically significant",statistical,FALSE,FALSE
"000 residents
- Racial and ethnic dissimilarity: .42 (decrease by 58%)
- Gang territorial dissimilarity: .50 (decrease by 50%)
- Collective efficacy: small",statistical,FALSE,FALSE
Not mentioned (the paper does not provide specific numerical coefficient values for the independent variables in the statistical model within the text itself),statistical,FALSE,FALSE
"1. u30 (proximity measure)
2. u66 (density measurement)
3. /13
4. /18
5. /19
6. /38
7. /46
8. /52
9. /53
10. /58
11. /62
12. Spatial hierarchy term",statistical,FALSE,FALSE
and they can capture local variations in crime rates and environmental characteristics. The high geocoding success rate and the inclusion of all census blocks,other,FALSE,FALSE
indicating a limitation due to data availability and computational feasibility rather than specific computational constraints like memory or processing time.,other,FALSE,FALSE
The authors chose census blocks as their spatial unit of analysis because they are a fine-grained unit that allows for detailed analysis of spatial patterns,other,FALSE,FALSE
Computational constraints: The estimation of the multinomial logit model was computationally intensive due to the large number of potential alternatives (23,other,FALSE,FALSE
which are key issues in MAUP. The paper emphasizes the need to match the unit of analysis with the theoretical level of study to prevent ecological fallacy.,other,FALSE,FALSE
The authors faced computational constraints related to the number of spatial units (SA2s) they could include in their analysis. To manage these constraints,other,FALSE,FALSE
No sensitivity analysis performed. The study primarily uses census tracts and suggests future work could explore smaller units like block groups or blocks,other,FALSE,FALSE
Yes. The researchers aggregated data from smaller administrative units (U.K. census output areas) to larger spatial units (street segments) for analysis.,methods,FALSE,FALSE
Yes. The researchers aggregated data from smaller administrative units (census blocks) to larger administrative units (census block groups) for analysis.,methods,FALSE,FALSE
Yes. The researchers aggregated data from smaller administrative units (census blocks) to create larger spatial units (census block groups) for analysis.,methods,FALSE,FALSE
"Propinquity: Odds ratio = 0.6 for every kilometer
- Schools: Odds ratio = 1.29 to 2.09 for each additional school
- Tube station: Significant predictor",statistical,FALSE,FALSE
"Low detection rate of residential burglaries (7%) which could bias results if related to location choice criteria.
- Focus only on target area selection",other,FALSE,FALSE
or processing challenges that influenced their spatial unit selection. While there are discussions about data quality and the potential for smaller units,other,FALSE,FALSE
"positive relationship (no specific coefficient value provided)
- Number of transit stations: 2.0%
- Pedestrian-oriented street density: 2.8% (Model 3)",statistical,FALSE,FALSE
"0.37]
- Repeat offending hypothesis: 95% CI: [not explicitly provided]
- Crime generators and attractors hypothesis: 95% CI: [not explicitly provided]",statistical,FALSE,FALSE
"Distance from burglar's home: OR = 0.325 and 0.326 for Non-Dis-residing burglars
- Population increase: OR = 98.6%-100.9% for Non-Dis-residing burglars",statistical,FALSE,FALSE
"Subway stations: OR = 57.0%
- Cinemas: OR = 15.4%
- Hospitals: OR = 13.5%
- Proportion of non-locals: OR = 19.8%
- Distance: Strong positive effect",statistical,FALSE,FALSE
prohibited the estimation of the more flexible mixed logit model due to computational constraints. The models were estimated using Stata/MP version 15.,other,FALSE,FALSE
which approximates neighborhoods and is relatively homogenous in size. This discussion addresses concerns related to scale effects and aggregation bias,other,FALSE,FALSE
"Use smaller spatial units than census block groups to better capture convergence spaces.
- Replicate findings across different types of locales (rural",other,FALSE,FALSE
"potentially introducing bias by omitting un-arrested robbers.
- Potential problem of offenses being nested within offenders not explicitly addressed.",other,FALSE,FALSE
they chose not to use these due to data limitations and the need to relax the effects of independence of irrelevant alternatives (IIA) in their model.,other,FALSE,FALSE
No sensitivity analysis performed (the study did not conduct a sensitivity analysis by comparing results across different spatial unit sizes or scales,other,FALSE,FALSE
No (the paper does not mention aggregating data from smaller administrative or statistical spatial units to create larger spatial units for analysis),methods,FALSE,FALSE
"Model: Conditional Logit Model
- Fit Statistics: Odds ratios and 95% confidence intervals
- Performance Metrics: Bootstrapping for robust estimates",statistical,FALSE,FALSE
"the odds of it being selected decreases on average by 0.31.
- Idiosyncratic betweenness: For every 10 percent increase in ""idiosyncratic betweenness",statistical,FALSE,FALSE
The authors chose four-digit postal code areas as their spatial unit of analysis because these areas are designed to have minimal travel restrictions,other,FALSE,FALSE
"and nesting structures of spatial units.
- Future studies could focus on the effects of different anchor points within an offender's awareness space",other,FALSE,FALSE
"Distance: Odds ratio of 0.21 (nearly 80% reduction) for an increase in log distance.
- Population size: 17% increase in odds for every additional 1",statistical,FALSE,FALSE
"but even this was not sufficient for standard desktop computers.
- The dataset and buffer memory requirements exceeded typical desktop capabilities",other,FALSE,FALSE
"First wave data collection: October 2008 to May 2009
- Second wave data collection: November 2010 to June 2011
- Crime data collection: Up to 2012",other,FALSE,FALSE
The authors chose SA2s as their spatial unit because they are comparable to neighborhoods and have been used in other crime location choice studies,other,FALSE,FALSE
which could imply a computational constraint related to data collection and processing. No other explicit computational constraints were mentioned.,other,FALSE,FALSE
"necessitating a sampling approach to reduce the computational burden.
- Solution: A sampling procedure was used to select a subset of alternatives",other,FALSE,FALSE
which are components of the MAUP. This approach is seen as providing a more accurate measurement of the environment relevant to offenders' actions.,other,FALSE,FALSE
using census units avoids the need to estimate spillover effects and allows for the aggregation of crime generators at the same spatial resolution,other,FALSE,FALSE
"which might not be representative of rural areas or other geographical contexts.
- The choice of postal codes was influenced by data availability",other,FALSE,FALSE
The authors discuss the Modifiable Areal Unit Problem (MAUP) by acknowledging that areal unit boundaries are arbitrary and lack ecological meaning,other,FALSE,FALSE
"OR = 0.227 (adult)
- Wholesale markets: Effect present but no variation by age
- Migrants' proportion: Effect consistent with wholesale markets",statistical,FALSE,FALSE
The authors justify their choice of using Statistical Local Areas (SLAs) as the spatial unit by referencing the discrete spatial choice framework,other,FALSE,FALSE
"leading to the use of hierarchical Bayes (HB).
- Computational limitations were addressed by using HB and managing Halton draws for convergence.",other,FALSE,FALSE
Not mentioned (the paper does not provide specific future recommendations or suggestions regarding spatial unit size or spatial unit of analysis),other,FALSE,FALSE
Estimating the conditional logit model was computationally infeasible due to the large number of decision-maker-by-alternative combinations (327,other,FALSE,FALSE
No computational constraints mentioned. The paper discusses the choice of spatial unit analysis and the challenges associated with smaller units,other,FALSE,FALSE
"Arrest data: 2012 to 2016
- POI data: 2014
- Traffic road network vector map data: 2014
- Bus stop data: 2015
- Mobile phone data: May 12-18",other,FALSE,FALSE
which may not capture local crime dynamics as effectively as smaller units. They suggest that their data could be aggregated to different scales,other,FALSE,FALSE
Not mentioned (the paper does not explicitly propose future suggestions or improvements regarding spatial unit size or spatial unit of analysis),other,FALSE,FALSE
No (the researchers did not aggregate data from smaller administrative or statistical spatial units to create larger spatial units for analysis,methods,FALSE,FALSE
"Current residential area of any family member: OR = 1.88
- Former residential area of any family member: OR = 1.37
- Specific ORs for parents",statistical,FALSE,FALSE
postal code areas are practical for analysis due to their existing administrative boundaries and availability of demographic and economic data.,other,FALSE,FALSE
"excluding those committed outside city boundaries.
- Potential incompleteness of police data on number of offenders involved in each burglary.",other,FALSE,FALSE
Not specified (the paper provides information on the number and size of neighborhoods but does not specify the total area of the study region),quantitative,FALSE,FALSE
"Pseudo-R-squared for Model 1 (residential areas only): 0.304
- Pseudo-R-squared for Model 2 (all activity nodes): 0.479
- AIC for Model 2: 1",statistical,FALSE,FALSE
The authors justify the use of postal code areas as their spatial unit because these areas approximate the familiar environment of individuals,other,FALSE,FALSE
as dealers' decisions are influenced by very specific locations measured in meters. They suggest future research should use even smaller units,other,FALSE,FALSE
and average coefficients with standard deviations for ML. It discusses the significance and direction of effects for variables like distance,statistical,FALSE,FALSE
using SA2s helps manage the computational burden associated with large datasets by limiting the number of alternatives to a manageable size.,other,FALSE,FALSE
The authors mention that including all possible choices outside of the study region would require more data than were available for analysis,other,FALSE,FALSE
likely related to data handling and model complexity. The decision to use LSOAs as the spatial unit of analysis is presented as a compromise,other,FALSE,FALSE
but the authors chose block groups for their study to minimize within-neighborhood heterogeneity and ensure availability of contextual data.,other,FALSE,FALSE
No sensitivity analysis performed (the paper does not explicitly conduct a sensitivity analysis using different spatial unit sizes or scales,other,FALSE,FALSE
"Distance from home to target: e = 0.61
- Presence of a major road: e = 1.77
- Presence of a military base or police station: e = 13.78",statistical,FALSE,FALSE
even with high-performance computing. This forced them to use the less flexible but computationally less demanding conditional logit model.,other,FALSE,FALSE
suburban) were considered as alternative spatial units or scales but not used due to data limitations and the focus on census block groups.,other,FALSE,FALSE
Not mentioned (the paper does not provide specific model fit statistics or goodness-of-fit measures for the discrete spatial choice model),statistical,FALSE,FALSE
"Consider more activity nodes and social disorganization types in future studies.
- Include additional attributes of offenders such as age",other,FALSE,FALSE
"Log-distance: .21 (reduction of nearly 80%)
- Home tract: .67 (reduction by 33%)
- Population size: 17% increase for every additional 1",statistical,FALSE,FALSE
The authors chose four-digit postal code areas as their spatial unit because these areas are designed to have minimal travel restrictions,other,FALSE,FALSE
No MAUP discussion present (the paper implies consideration for scale effects but does not explicitly discuss MAUP or ecological fallacy),other,FALSE,FALSE
"Pseudo R-squared for main model: 0.25
- Pseudo R-squared for violence model: 0.30
- Pseudo R-squared for property offenses model: 0.25",statistical,FALSE,FALSE
Not mentioned (the paper does not provide specific numerical coefficient values for the independent variables in the statistical models),statistical,FALSE,FALSE
"OR ranges between 0.299 and 0.300 for Dis-residing burglars
- Population size: OR = 98.6%-100.9% increase for Non-Dis-residing burglars",statistical,FALSE,FALSE
suggesting alignment with existing data collection practices. The involvement of ReCAP likely influenced the choice of spatial unit size,other,FALSE,FALSE
making them suitable for analyzing crime location choices and assessing spillover effects using hierarchical spatial nesting structures.,other,FALSE,FALSE
making them a suitable approximation for areas of familiarity. This choice aligns with the theoretical framework of crime pattern theory,other,FALSE,FALSE
"which may not capture all burglaries.
- Administrative boundary constraints due to reliance on data from the municipality of The Hague.",other,FALSE,FALSE
"which revealed the same pattern of results as the main analysis.
- Sensitivity tests were conducted to examine the choice of radii used",other,FALSE,FALSE
"which could influence spatial unit characteristics.
- They recommend optimizing surveillance camera placement to maximize their effects",other,FALSE,FALSE
Not mentioned (the paper does not provide specific numerical coefficient values for each independent variable in the statistical model),statistical,FALSE,FALSE
"standard partial regression coefficient = 0.18
- Proportion of foreigners: Not significant
- Proportion of newcomers: Not significant",statistical,FALSE,FALSE
"Proximity for adult offenders = 2.77.
- Model C: Ethnic composition for native Dutch burglars decreases likelihood by a factor of 0.92",statistical,FALSE,FALSE
providing necessary data on street connectivity. This choice is consistent with prior research on co-offending and neighborhood context,other,FALSE,FALSE
which supports the use of neighborhoods as a relevant spatial unit for analysis. The study uses data from 89 neighborhoods in The Hague,other,FALSE,FALSE
No (the study uses data at the house level within the province of East Flanders without aggregating from smaller administrative units),methods,FALSE,FALSE
indicating high spatial accuracy. This choice is also practical as it aligns with existing administrative divisions in the Netherlands,other,FALSE,FALSE
"Small sample size (50 dealers) limited statistical inference.
- Recruitment method biased towards mobile dealers selling to strangers",other,FALSE,FALSE
Computational constraint: Estimating the multinomial logit model on the full dataset would require processing 325 million combinations,other,FALSE,FALSE
The authors chose census units as their spatial unit of analysis because they are similar in size to those used in comparable studies,other,FALSE,FALSE
"which might not cover all motivations for graffiti writers.
- Certain variables were excluded due to inter-rater reliability issues.",other,FALSE,FALSE
The authors discuss the Modifiable Areal Unit Problem (MAUP) by acknowledging the limitations of using large spatial units like wards,other,FALSE,FALSE
Not mentioned (the paper does not propose future suggestions or improvements regarding spatial unit size or spatial unit of analysis),other,FALSE,FALSE
"Bayesian Information Criterion (BIC) for model selection and comparison
- Wilcoxon signed rank test for comparing model performance",statistical,FALSE,FALSE
The authors chose the UK Census Lower Level Super Output Area (LSOA) as their spatial unit of analysis because it provides a smaller,other,FALSE,FALSE
The authors justify the use of four-digit postal code areas as the spatial unit of analysis due to their average size and population,other,FALSE,FALSE
The authors suggest future research should explore how urban environment configurations affect collective action and social cohesion,other,FALSE,FALSE
"OR = 1.47 (Brisbane)
- Proximity effect for juveniles vs. adults: Larger for juveniles under the legal driving age than for adults",statistical,FALSE,FALSE
"Number of residential properties: Odds ratio of 1.14 for a 10-unit increase
- Proximity: Odds ratio of 3.91 for juvenile offenders",statistical,FALSE,FALSE
"Initial data collection for suspects: 2017
- Survey data collection: May to August 2019
- Crime data collection period: 2018-2019",other,FALSE,FALSE
"The authors chose ""Small Areas"" (SAs) as their spatial unit because they are the smallest areal unit available in Northern Ireland",other,FALSE,FALSE
"could be considered.
- Systematic observations could help determine variations in target attractiveness for specific crime types.",other,FALSE,FALSE
105 recorded3 and solved4 SAC in York committed by 687 offenders living in York between April 2008 and March 2012 were collected.,geographic,FALSE,FALSE
Not mentioned (the paper does not provide specific numerical coefficient values or parameter estimates for independent variables),statistical,FALSE,FALSE
The authors chose the street segment as their spatial unit size because it aligns with contemporary theory and research questions,other,FALSE,FALSE
"which may introduce regional constraints.
- Detection bias may be present due to reliance on police data for arrested offenders.",other,FALSE,FALSE
"exceeding the capabilities of most contemporary computer workstations.
- Memory constraint: Computer memory was strictly limited",other,FALSE,FALSE
The authors used approximations based on neighbourhood centroids to calculate distances due to computational feasibility concerns,other,FALSE,FALSE
and that determining adequate resolution depends on the nature of features used. For aggregated data like demographic information,other,FALSE,FALSE
"and graffiti as signs of physical disorder.
- Narrow down the alternative set for each offender based on their daily activities.",other,FALSE,FALSE
No (the researchers used communities as the spatial unit of analysis without aggregating data from smaller administrative units),methods,FALSE,FALSE
AIC and BIC are used as model fit statistics. The smallest AIC and BIC values are observed for the integrated main effects model,statistical,FALSE,FALSE
The authors chose 500 m grid cells as their spatial unit size because these data are available from the Japanese national census,other,FALSE,FALSE
The authors chose neighborhoods as their spatial unit size because it aligns with existing administrative divisions in The Hague,other,FALSE,FALSE
"which may limit the availability or detail of the data.
- Administrative boundary constraints: The study is confined to ZG City",other,FALSE,FALSE
necessitating the use of a bootstrapping procedure and reducing the sample size for the universal logit model from 6000 to 4000.,other,FALSE,FALSE
which mitigates spatial autocorrelation issues. Although they do not explicitly mention the Modifiable Areal Unit Problem (MAUP),other,FALSE,FALSE
Not mentioned (the paper does not provide specific model fit statistics or goodness-of-fit measures for the statistical models),statistical,FALSE,FALSE
"business offices (no specific coefficients provided)
- Non-significant facilities: temples (no specific coefficients provided)",statistical,FALSE,FALSE
Not mentioned (the paper does not report confidence intervals due to the small sample size and focus on descriptive statistics),statistical,FALSE,FALSE
The large number of spatial alternatives for crime analysis makes data preparation and computation time prohibitively expensive,other,FALSE,FALSE
No (the paper does not mention aggregating data from smaller administrative units to create larger spatial units for analysis),methods,FALSE,FALSE
larger units like SAs help mitigate issues like independence of irrelevant alternatives (IIA) in conditional logit estimation.,other,FALSE,FALSE
The authors suggest considering more artificially constructed and uniform areas as an alternative to the current spatial scale,other,FALSE,FALSE
No (the paper does not mention aggregating data from smaller administrative units to create larger spatial units for analysis,methods,FALSE,FALSE
Not mentioned (the paper does not provide specific numerical coefficient values or odds ratios for the independent variables),statistical,FALSE,FALSE
The authors chose census blocks as their spatial unit size because they are smaller than traditional units like census tracts,other,FALSE,FALSE
"limiting generalizability to other crimes or locations.
- Data restricted to residential crimes in the third quarter of 1997",other,FALSE,FALSE
The study used the 201 wards of Chennai City as spatial units due to data availability and administrative boundaries. However,other,FALSE,FALSE
No sensitivity analysis performed (the sensitivity analysis conducted was related to the weighting of items within constructs,other,FALSE,FALSE
"Match the unit of analysis to the theory being tested to avoid ecological fallacies.
- Use smaller spatial units of analysis",other,FALSE,FALSE
Not mentioned (the paper does not explicitly provide confidence intervals for the model coefficients or parameter estimates),statistical,FALSE,FALSE
"1. Distance_to_highway
2. Family_density_per_unit_area
3. Personal_care_expenditure_per_household
4. Distance_to_hospital",statistical,FALSE,FALSE
"Explore whether past residences remain part of an offender's daily routines.
- Include additional locations such as schools",other,FALSE,FALSE
Not mentioned (the paper does not explicitly report confidence intervals for the model coefficients or parameter estimates),statistical,FALSE,FALSE
Not mentioned (the paper mentions the inclusion of 95% confidence intervals but does not provide specific numerical ranges),statistical,FALSE,FALSE
"Use of smaller spatial units (LSOAs) may lead to spillover effects.
- Reliance on 2001 U.K. Census data for some variables",other,FALSE,FALSE
No computational constraints mentioned. The choice of spatial units was influenced by the complexity and scope of the study,other,FALSE,FALSE
No (the researchers used census tracts as the unit of analysis without aggregating data from smaller administrative units),methods,FALSE,FALSE
Not mentioned (the paper does not provide explicit confidence intervals for the model coefficients or parameter estimates),statistical,FALSE,FALSE
Not mentioned (the paper does not provide specific confidence intervals for the model coefficients or parameter estimates),statistical,FALSE,FALSE
"dealers not deterred by these factors
- Selling drugs: Dealers tend to sell in areas with high potential customer density",statistical,FALSE,FALSE
and is methodologically justified to preserve local variations. They also note that people navigate along the road network,other,FALSE,FALSE
The authors chose the community as the spatial unit of analysis because it is relevant to urban planning and crime studies,other,FALSE,FALSE
The authors suggest that the resolution of the grid used should be fine enough to capture the variance of spatial features,other,FALSE,FALSE
"Surveillability: B = -0.735
- Ease of escape: B = 0.477
- Accessibility: B = 0.380
- Wealth: Not mentioned (no effect)",statistical,FALSE,FALSE
and the relatively small size of census block groups in Baltimore makes them suitable for analyzing neighborhood context.,other,FALSE,FALSE
"Crime data: 2017-2018
- Mobility flow data: October 2019
- Point of interest data: 2016
- Socio-demographic data: 2010",other,FALSE,FALSE
indicating an awareness of aggregation bias. They also highlight the variation in surface size within and between suburbs,other,FALSE,FALSE
Not mentioned (the paper does not provide a specific number of spatial units included in the final statistical analysis),quantitative,FALSE,FALSE
No (the paper does not mention aggregating data from smaller administrative or statistical spatial units to larger units,methods,FALSE,FALSE
"which might affect the analysis in urban versus rural areas.
- The study area was limited to three urban municipalities",other,FALSE,FALSE
improving data collection and analysis methods to address the low detection rate could enhance the validity of findings.,other,FALSE,FALSE
Not mentioned (the paper does not provide the exact number of spatial units included in the final statistical analysis),quantitative,FALSE,FALSE
Not mentioned (the paper does not explicitly report confidence intervals for model coefficients or parameter estimates),statistical,FALSE,FALSE
The authors chose their specific spatial unit size or type based on equivalence in size of the known burglar population,other,FALSE,FALSE
"Root likelihood statistic for conditional logit model: 0.028
- Root likelihood statistic for mixed logit model: 0.151",statistical,FALSE,FALSE
"no specific odds ratio provided
- Contagion: Odds ratio = 1.14 for every additional incident in the previous 24 hours",statistical,FALSE,FALSE
Not mentioned (the paper does not provide explicit confidence intervals for model coefficients or parameter estimates),statistical,FALSE,FALSE
Not mentioned (the paper does not provide specific confidence intervals for model coefficients or parameter estimates),statistical,FALSE,FALSE
The authors mentioned that they used the Poisson model implementation because it is computationally easier to estimate,other,FALSE,FALSE
"The authors mention that using smaller spatial units of analysis would yield ""computational and theoretical challenges",other,FALSE,FALSE
they discuss how larger units affect the independence of irrelevant alternatives (IIA) in conditional logit estimation,other,FALSE,FALSE
"which relates to spatial autocorrelation issues. Although they do not explicitly mention ""MAUP"" or ""ecological fallacy",other,FALSE,FALSE
Not mentioned (the paper does not discuss future suggestions related to spatial unit size or spatial unit of analysis),other,FALSE,FALSE
"Netherlands: Neighborhoods
- United Kingdom: Super Output Areas (medium layer)
- Australia: Statistical Local Areas",geographic,FALSE,FALSE
"affecting spatial analysis precision.
- Aggregation requirements due to demographic data at census block group level",other,FALSE,FALSE
"and socioeconomic status.
- Explore reasons for differences in odds ratios between epidemiology and crime geography.",other,FALSE,FALSE
"Future research should consider dynamic changes in on-street population.
- Include small objects like broken windows",other,FALSE,FALSE
we utilize the discrete choice framework to assess which criteria motivate the location decisions of street robbers.,geographic,FALSE,FALSE
No (the data was analyzed directly at the neighbourhood level without aggregation from smaller administrative units),methods,FALSE,FALSE
The authors chose the census tract as their spatial unit of analysis because it was consistent with previous studies,other,FALSE,FALSE
The authors mentioned that the nested logit model was computationally prohibitive due to the large dataset size (138,other,FALSE,FALSE
Not mentioned (the paper does not provide a specific total number of individual crime incidents or events analyzed),quantitative,FALSE,FALSE
"OR = 0.377 (native)
- Distance of journey to crime: Significant negative influence (no specific OR value provided)",statistical,FALSE,FALSE
Not mentioned (the paper does not provide specific confidence interval values or ranges for the model coefficients),statistical,FALSE,FALSE
allowing for unbiased comparison due to equal size. This choice is also theoretically justified by Ratcliffe (2003),other,FALSE,FALSE
with a standard deviation of 2.85 km^2. The choice aligns with common practices in criminology and spatial analysis,other,FALSE,FALSE
which limited their ability to use smaller spatial units without drastically reducing the sample size. Additionally,other,FALSE,FALSE
"in addition to the house level.
- Apply nested logit models to account for multiple levels of spatial aggregation.",other,FALSE,FALSE
Odds ratios (ORs) for activity nodes with high reliability and high relevance: Not explicitly provided in the text,statistical,FALSE,FALSE
which can lead to aggregation bias. They also mention that smaller units are more appropriate for certain analyses,other,FALSE,FALSE
A sensitivity analysis was conducted to test the impact of different random selections of offenders on the results,other,FALSE,FALSE
Not mentioned (the paper does not provide confidence intervals for the model coefficients or parameter estimates),statistical,FALSE,FALSE
"Adults (OR = 1.008)
- Group offenders vs. solo offenders: Various odds ratios provided for different comparisons",statistical,FALSE,FALSE
which may not accurately reflect local crime patterns. The data on population is only available at the ward level,other,FALSE,FALSE
limiting finer-scale analysis. A multiple-scale analysis was not feasible due to the study's design and strategy.,other,FALSE,FALSE
Computational constraints: The models require estimation across three dimensions (crimes × locations × variables),other,FALSE,FALSE
Blocks were mentioned as an alternative unit used in other research for assessing criminogenic nodes or hot spots,other,FALSE,FALSE
which could involve exploring different scales of analysis or optimal unit sizes that reflect social homogeneity.,other,FALSE,FALSE
Systematic Social Observation (SSO) conducted by a team of 212 observers in Ghent's city center in November 2017,crime_related,FALSE,FALSE
"1. Distance_to_home_base
2. Presence_of_major_road
3. Presence_of_military_base
4. Presence_of_police_station",statistical,FALSE,FALSE
The authors briefly discuss the Modifiable Areal Unit Problem (MAUP) in relation to their spatial unit selection,other,FALSE,FALSE
"positive relationship (no specific coefficient value provided)
- Rate of solo crime: Statistically significant",statistical,FALSE,FALSE
The authors chose Statistical Area 2 (SA2) as their spatial unit because it is consistent with previous studies,other,FALSE,FALSE
"which limits the spatial unit selection.
- Offence type grouping: Different offence types are grouped together",other,FALSE,FALSE
the choice of street segments as the spatial unit of analysis was influenced by human observational limitations,other,FALSE,FALSE
they address spatial autocorrelation by discussing spatial spillover effects and spatial agglomeration effects.,other,FALSE,FALSE
to yield improved insights because more within-tract heterogeneity and within-tract distances are incorporated.,other,FALSE,FALSE
"u 30: Negative coefficient (exact value not provided)
- u 66: Positive coefficient (exact value not provided)",statistical,FALSE,FALSE
Not mentioned (the paper does not provide specific numerical coefficient values for each independent variable),statistical,FALSE,FALSE
"OR = 1.022 for native robbers (p > 0.05)
- Proportion of migrants: OR = 1.043 for migrant robbers (p < 0.001)",statistical,FALSE,FALSE
"assuming demographic stability over a decade.
- Lack of data on police activity and arrests during the riots.",other,FALSE,FALSE
Not mentioned (the exact number of SA2s included in the final analysis is not explicitly stated in the paper),quantitative,FALSE,FALSE
No (the researchers used data at the block group level without aggregating it to larger administrative units),methods,FALSE,FALSE
Not mentioned (the paper does not provide confidence intervals for model coefficients or parameter estimates),statistical,FALSE,FALSE
they are comparable to or larger than those used in previous studies without yielding contradictory findings.,other,FALSE,FALSE
The authors faced computational constraints due to the resource-intensive nature of the discrete choice model,other,FALSE,FALSE
The study conducted sensitivity analysis by testing spatial spillover effects across different spatial scales,other,FALSE,FALSE
No (the paper does not explicitly mention aggregating data from smaller administrative units to larger ones),methods,FALSE,FALSE
Not mentioned (the paper does not explicitly report any specific model fit statistics such as log-likelihood,statistical,FALSE,FALSE
"Proximity (negative log distance) has a positive effect.
- Model B: Proximity for juvenile offenders = 3.91",statistical,FALSE,FALSE
The authors justify the use of postal code areas as the spatial unit by noting their average population size,other,FALSE,FALSE
but they do not provide detailed descriptions of specific computational limitations or software constraints.,other,FALSE,FALSE
indicating these were alternative units considered in the broader context of crime location choice research.,other,FALSE,FALSE
indicating that smaller units were considered but not selected due to practical and theoretical limitations.,other,FALSE,FALSE
Not mentioned (the paper does not explicitly report traditional model fit statistics such as log-likelihood,statistical,FALSE,FALSE
"positive association (no specific value provided)
- Socioeconomic heterogeneity: Statistically significant",statistical,FALSE,FALSE
"and matching the unit of analysis to the theory.
- Practical considerations: heterogeneity of larger units",other,FALSE,FALSE
No computational constraints mentioned. The paper does not explicitly mention any computational limitations,other,FALSE,FALSE
but does not explicitly mention computational limitations like memory constraints or processing challenges.,other,FALSE,FALSE
Activities and Neighborhoods (SPAN) - self-report questionnaires and personal space-time budget interviews,crime_related,FALSE,FALSE
"465
- Pseudo-R-squared for high accuracy subset: 0.512
- Pseudo-R-squared for low accuracy subset: 0.442",statistical,FALSE,FALSE
"OR > 80% increase for Dis-residing burglars
- Bus stops: OR = 1.2% increase for Non-Dis-residing burglars",statistical,FALSE,FALSE
"OR = 1.016 for native robbers (p > 0.05)
- Transportation hubs: OR = 1.052 for migrant robbers (p < 0.01)",statistical,FALSE,FALSE
The authors chose the Statistical Area 2 (SA2) as their spatial unit because it approximates neighborhoods,other,FALSE,FALSE
but they note that a multiple-scale analysis would require additional research questions and a new design.,other,FALSE,FALSE
"with only up to five prior addresses obtainable.
- Bias due to missing information on past home addresses",other,FALSE,FALSE
Not mentioned (the paper does not provide a comprehensive list of independent variables in the main text),quantitative,FALSE,FALSE
indicating increased likelihood of location choice for crime. Specific numerical values are not provided.,statistical,FALSE,FALSE
"which may not perfectly capture neighborhood dynamics.
- Excludes block groups with missing Census data.",other,FALSE,FALSE
"which may not be representative of all offenders.
- Variation within offense types could affect results.",other,FALSE,FALSE
parcels. Reason for rejection: The study's scope and design did not accommodate a multiple-scale analysis,other,FALSE,FALSE
Not specified (the paper provides average area per community but not the total area of the study region),quantitative,FALSE,FALSE
No (the study uses data at the neighborhood level without aggregating from smaller administrative units),methods,FALSE,FALSE
Police data from the Metropolitan Police Service for riot-related incidents in London during August 2011,crime_related,FALSE,FALSE
- Index of Multiple Deprivation (IMD) 2010 from the U.K. Department for Communities and Local Government,crime_related,FALSE,FALSE
Not mentioned (the paper does not explicitly report specific model fit statistics such as log-likelihood,statistical,FALSE,FALSE
"positive relationship (no specific coefficient value provided)
- Spatial lag: Statistically significant",statistical,FALSE,FALSE
they acknowledge that smaller units could be used but would introduce issues of spatial interdependence.,other,FALSE,FALSE
"adding to the computational burden.
- A sampling strategy was used to reduce the number of alternatives",other,FALSE,FALSE
The authors discuss the Modifiable Areal Unit Problem (MAUP) in relation to their spatial unit selection,other,FALSE,FALSE
but it does consider spatial scales through the use of radius of gyration and spatial contiguity bands).,other,FALSE,FALSE
No (the data was analyzed at the community level without aggregation from smaller administrative units),methods,FALSE,FALSE
"OR = 1.018 for native robbers (p > 0.05)
- Subway stations: OR = 1.038 for migrant robbers (p < 0.000)",statistical,FALSE,FALSE
which suggests that smaller units can better capture the effects of heterogeneity on offender behavior.,other,FALSE,FALSE
ensuring data availability and consistency. These communities have relatively high resident homogeneity,other,FALSE,FALSE
"which may not capture differences in behavior.
- Crime reporting bias: The data is limited to reported",other,FALSE,FALSE
The authors suggest that smaller spatial units of analysis might be more appropriate for future studies,other,FALSE,FALSE
a selection of 150 dwellings that were burglarised during daylight hours in 2009 is made from geocoded,geographic,FALSE,FALSE
Not specified (the paper provides a range of population sizes per SA2 but does not specify an average),quantitative,FALSE,FALSE
"OR = 1.018 for native robbers (p > 0.05)
- Sports stadiums: OR = 0.816 for migrant robbers (p < 0.01)",statistical,FALSE,FALSE
and practical considerations for spatial analysis using GIS. This choice aligns with previous research,other,FALSE,FALSE
data was aggregated from smaller administrative units to Statistical Local Areas (SLAs) for analysis.,methods,FALSE,FALSE
Not mentioned (the paper does not explicitly provide confidence intervals for the model coefficients),statistical,FALSE,FALSE
"not on why or how offender groups form.
- Data limited to detected burglaries by The Hague residents",other,FALSE,FALSE
Not specified (the paper does not provide the average population size per community or spatial unit),quantitative,FALSE,FALSE
Not mentioned (the paper does not provide specific model fit statistics or goodness-of-fit measures),statistical,FALSE,FALSE
"negative relationship (no specific coefficient value provided)
- Poverty: Statistically significant",statistical,FALSE,FALSE
"1.6% increase for Dis burglars
- Entertainment venues: 4% higher odds for Non-Dis-residing burglars",statistical,FALSE,FALSE
likely due to data availability and practicality. The average size of these communities is 1.62 km^2,other,FALSE,FALSE
"focusing on areas with high graffiti incidence.
- Data collection was restricted to street segments",other,FALSE,FALSE
The authors mention that the grid resolution must be fine enough to capture spatial feature variance,other,FALSE,FALSE
Alternative units discussed include using smaller spatial units such as 10 × 10 m grids or addresses,other,FALSE,FALSE
Not mentioned (the paper does not specify the software or programming tools used for data analysis),methods,FALSE,FALSE
Not mentioned (the paper does not specify any software or programming tools used for data analysis),methods,FALSE,FALSE
"standard partial regression coefficient = 0.22
- Proportion of single-family dwellings: e β = 1.06",statistical,FALSE,FALSE
"standard partial regression coefficient = 0.20
- Number of past residential burglaries: e β = 1.16",statistical,FALSE,FALSE
Not mentioned (the paper does not provide explicit confidence intervals for the model coefficients),statistical,FALSE,FALSE
Not mentioned (the paper does not provide specific confidence intervals for the model coefficients),statistical,FALSE,FALSE
"p < .001)
- Current residential areas of children have larger ORs compared to parents and siblings",statistical,FALSE,FALSE
making neighborhoods a suitable unit for analyzing attributes relevant to burglary location choice.,other,FALSE,FALSE
and noted that a significant portion of robberies occurred outside the offender's home census tract,other,FALSE,FALSE
suggests a balance between capturing local variations and avoiding excessive computational demands.,other,FALSE,FALSE
Not mentioned (the paper does not provide a specific number of crime incidents or events analyzed),quantitative,FALSE,FALSE
Not mentioned (the paper does not provide a specific count of the number of independent variables),quantitative,FALSE,FALSE
aligning with the goal of understanding crime location choice at an individual level. Additionally,other,FALSE,FALSE
Smaller microunits (as suggested by advances in crime pattern theory) and different locales (rural,other,FALSE,FALSE
their approach suggests an awareness of related issues such as scale effects and aggregation bias.,other,FALSE,FALSE
Not mentioned (the paper does not provide specific numerical values for the confidence intervals),statistical,FALSE,FALSE
limited agreement and restrictions on disclosing crime and mobile phone data sources and details.,other,FALSE,FALSE
No (the paper does not mention aggregating data from smaller administrative units to larger ones,methods,FALSE,FALSE
Not mentioned (the paper does not explicitly report confidence intervals for model coefficients),statistical,FALSE,FALSE
"but specific CI not provided
- Proximity effect: Odds ratio 1.297 (Model 1) and 1.295 (Model 2)",statistical,FALSE,FALSE
Idiosyncratic farness: For every 10 minutes a street segment is from an offender's home location,statistical,FALSE,FALSE
"it was the lowest level of aggregation for which the ""collective efficacy"" measure was available",other,FALSE,FALSE
"Solved cases data: 2007-2015
- Past crime data: 2004-2006
- Neighborhood characteristics: 2010",other,FALSE,FALSE
Not mentioned (the study does not specify any particular city or cities within the Netherlands),geographic,FALSE,FALSE
"influenced by size and urbanization level.
- Lack of data on other activity nodes like schools",other,FALSE,FALSE
indicating concerns about computational feasibility and processing power or memory limitations.,other,FALSE,FALSE
The authors mention that most previous studies have used the area level as the unit of analysis,other,FALSE,FALSE
Community-level socio-demographic characteristics from the 2010 sixth national census of China,crime_related,FALSE,FALSE
Not mentioned (the paper does not provide specific model fit statistics such as log-likelihood,statistical,FALSE,FALSE
"AIC (Akaike Information Criterion)
- BIC (Bayesian Information Criterion)
- Pseudo R-squared",statistical,FALSE,FALSE
Not mentioned (the paper does not provide explicit model fit statistics such as log-likelihood,statistical,FALSE,FALSE
"2.25 times more likely for mixed population
  - White robbers: More likely for White majority",statistical,FALSE,FALSE
Not mentioned (the paper mentions that confidence intervals are included in the results tables,statistical,FALSE,FALSE
"with mixed logit indicating low turnover rates are more attractive.
- No explicit odds ratios",statistical,FALSE,FALSE
the authors consider the potential for spatial spillover effects when analyzing at this scale.,other,FALSE,FALSE
"similar to comparable studies.
- The use of census units avoided estimating spillover effects",other,FALSE,FALSE
Not specified (the paper provides the city's total area but not the specific study area size),quantitative,FALSE,FALSE
which approximates neighborhoods. The original smaller administrative units are not specified,methods,FALSE,FALSE
Residential burglary: Presence of activity node in same SA2 increases odds by over 1000 times,statistical,FALSE,FALSE
Not mentioned (the paper does not provide specific numerical values for confidence intervals),statistical,FALSE,FALSE
"or detached)
20. Collective efficacy (derived from social trust and informal social control)",statistical,FALSE,FALSE
indicating a computational constraint related to processing time or feasibility. Additionally,other,FALSE,FALSE
the authors chose census blocks for their analysis to capture fine-grained spatial decisions.,other,FALSE,FALSE
the inter-centroid spacing should be smaller than the minimum distance between key locations.,other,FALSE,FALSE
Strengthen crime prevention and control by deploying security facilities in wholesale markets,other,FALSE,FALSE
Existing dataset previously used for a social network analysis of PIRA's active core members,crime_related,FALSE,FALSE
Commercial databases (mobile phone data from a major mobile phone service provider in China),crime_related,FALSE,FALSE
"Pseudo-R²: 0.30 to 0.31
- Wald chi-square tests for testing differences between odds ratios",statistical,FALSE,FALSE
"standard partial regression coefficient = 0.23
- Past residential burglary rate: e β = 1.79",statistical,FALSE,FALSE
more ecologically valid spatial units that can better account for heterogeneity in variables,other,FALSE,FALSE
"064 combinations.
- Memory constraints: The data required 1.67 gigabytes of computer memory",other,FALSE,FALSE
Not mentioned (the paper does not specify the exact time period when the data was collected),other,FALSE,FALSE
No MAUP discussion present. While the paper discusses spatial unit selection and aggregation,other,FALSE,FALSE
Future research should utilize more precise measures of human presence and activity patterns,other,FALSE,FALSE
"Pyramid Scene Parsing Network (PSPNet)
- Statistical models: Discrete spatial choice model",methods,FALSE,FALSE
"but specific CI not provided
- Percent sidewalk: Statistically significant negative impact",statistical,FALSE,FALSE
"increase by 16.1% for every 1 standard deviation
- Street segment surface size: OR = 1.007",statistical,FALSE,FALSE
their available hardware and software were insufficient to analyze all cases simultaneously,other,FALSE,FALSE
"Pseudo R-squared values: 0.35 to 0.42
- Variation Inflation Factors (VIFs): Median = 1.56",statistical,FALSE,FALSE
"standard partial regression coefficient = -2.02
- Number of residential units: e β = 1.05",statistical,FALSE,FALSE
"but specific CI not provided
- Crime attractors and generators: Statistically significant",statistical,FALSE,FALSE
who found that physical boundaries do not form barriers to residential burglars' movement.,other,FALSE,FALSE
they acknowledge that this choice may not provide the most detailed or representative data,other,FALSE,FALSE
as they highlight the importance of the road network layout in influencing crime patterns.,other,FALSE,FALSE
The authors suggest that future research could benefit from using a more granular approach,other,FALSE,FALSE
"but less interpretable.
- Accuracy measure P: Values provided for different models (e.g.",statistical,FALSE,FALSE
"positive association (no specific value provided)
- Affluence: Statistically significant",statistical,FALSE,FALSE
"2.34 (restricted sample)
- Odds ratio for river barrier: Not explicitly provided in text",statistical,FALSE,FALSE
which they believed was small enough for relevant attributes to be seen or heard. However,other,FALSE,FALSE
which may have influenced the grid cell size choice for accurate prediction and analysis.,other,FALSE,FALSE
finding generally consistent results for 'local' distances ranging from 2.5 to 15 minutes,other,FALSE,FALSE
they used existing neighbourhood boundaries as defined by the municipality of The Hague),methods,FALSE,FALSE
"but specific CI not provided
- Percent grass: Statistically significant negative impact",statistical,FALSE,FALSE
Geographical limitation: Data was specific to Northern and Central Virginia and Richmond,other,FALSE,FALSE
a grid resolution finer than the aggregation area is unnecessary. For proximity measures,other,FALSE,FALSE
Not mentioned (the paper does not specify the software or tools used for data analysis),methods,FALSE,FALSE
necessitating the use of importance sampling techniques to reduce computational burden.,other,FALSE,FALSE
it was not used due to increased issues of spatial interdependence between observations,other,FALSE,FALSE
The authors discuss the selection of spatial units in relation to theoretical relevance,other,FALSE,FALSE
"Prob > chi2 < 0.001
- Likelihood ratio test between Models 1 and 2: LR chi2(1) = 1.85",statistical,FALSE,FALSE
Model fit measure: Rank number of the grid cell where the crime was actually committed,statistical,FALSE,FALSE
"11.66 (former)
- Odds ratio for areas lived in for less than 2 years: 19.53 (current)",statistical,FALSE,FALSE
and more accurately measures the environment in which offenders operate. Theoretically,other,FALSE,FALSE
which aligns with the concept of awareness space in crime pattern theory. Additionally,other,FALSE,FALSE
The authors chose suburbs as their spatial unit because they are akin to neighborhoods,other,FALSE,FALSE
"which are smaller than some areas used in previous studies.
- Reliance on police data",other,FALSE,FALSE
but the final larger administrative unit used for analysis is the census block group.,methods,FALSE,FALSE
"OR = (not significant for juvenile)
- Young adults proportion: OR = 0.976 (juvenile)",statistical,FALSE,FALSE
"exact odds ratio not specified
  - Restaurants and business offices: Positive effect",statistical,FALSE,FALSE
allowing for direct sensory perception of activities within the segment. Additionally,other,FALSE,FALSE
suggesting awareness of MAUP but not seeing it as a significant issue in their study.,other,FALSE,FALSE
they used the existing 201 wards of Chennai City as their spatial units of analysis),methods,FALSE,FALSE
"Model 2 = 0.237
- Likelihood ratio test: Chi-square = 172.43 (7 degrees of freedom)",statistical,FALSE,FALSE
"Brisbane (OR = 1.21)
- Proportion of Single-Family Dwellings: The Hague (OR = 1.19)",statistical,FALSE,FALSE
"OR = 1.21 (Brisbane)
- Proportion of single-family dwellings: OR = 1.19 (The Hague)",statistical,FALSE,FALSE
"and sports/leisure facilities
20. Number of people working in each postal code area",statistical,FALSE,FALSE
Street segments and street corners were considered as alternative units but not used,other,FALSE,FALSE
Not mentioned (the paper does not provide a numbered list of independent variables),quantitative,FALSE,FALSE
Not mentioned (the paper does not provide specific effect sizes such as odds ratios,statistical,FALSE,FALSE
The paper provides estimated coefficients and standard errors for LCL and CL models,statistical,FALSE,FALSE
but does not provide specific numerical effect sizes like odds ratios or Cohen's d.,statistical,FALSE,FALSE
"over 80% increase for Dis burglars
- Bus stops: 1.2% increase for Non-Dis burglars",statistical,FALSE,FALSE
a finer resolution than the aggregation area is unnecessary. For proximity measures,other,FALSE,FALSE
aligning with existing frameworks used by local police departments and researchers.,other,FALSE,FALSE
ensuring consistency in measuring distances to all potential target neighbourhoods.,other,FALSE,FALSE
postal code areas were considered but rejected for the same methodological reasons.,other,FALSE,FALSE
but the current study used larger units (0.44km^2) compared to those smaller units.,other,FALSE,FALSE
and using smaller units would require additional research questions and strategies.,other,FALSE,FALSE
but does not conduct a comparison across different spatial scales within the paper.,other,FALSE,FALSE
Not mentioned (the paper uses spatially lagged negative binomial regression models,methods,FALSE,FALSE
"averaged over all crimes.
- McFadden's R2: Correlated with the accuracy measure P",statistical,FALSE,FALSE
but the use of administrative boundaries is a common practice in spatial analysis.,other,FALSE,FALSE
indicating a practical consideration for using existing administrative boundaries.,other,FALSE,FALSE
The computational constraints mentioned include the time it took to run the models,other,FALSE,FALSE
which are the smallest administrative units for census and survey data collection,methods,FALSE,FALSE
but the final larger administrative unit used for analysis is the community level,methods,FALSE,FALSE
"OR = (not significant for adult)
- Transportation hubs: OR = 1.035 (young adult)",statistical,FALSE,FALSE
Residential burglary: Over 1000 times more likely in an SA2 with an activity node,statistical,FALSE,FALSE
they used a stratified importance sampling approach to reduce the number of units,other,FALSE,FALSE
the paper discusses issues related to spatial unit selection and aggregation bias,other,FALSE,FALSE
could strengthen the evidence base and explore different spatial units or scales.,other,FALSE,FALSE
654 offenders from the greater The Hague region in The Netherlands were studied.,geographic,FALSE,FALSE
"p < .001
- Percentage of Black residents for juvenile solo offenders: b = -0.01",statistical,FALSE,FALSE
"but specific CI not provided
- Percent windows: Non-significant negative impact",statistical,FALSE,FALSE
Neighborhoods: Previous studies used neighborhoods as a spatial unit of analysis,other,FALSE,FALSE
to minimize variations in surface size and better capture crime rate variations.,other,FALSE,FALSE
"although the terms ""MAUP"" and ""ecological fallacy"" are not explicitly mentioned.",other,FALSE,FALSE
The authors discuss the choice of census units as their spatial unit of analysis,other,FALSE,FALSE
Not mentioned (no information on confidence intervals is included in the paper),statistical,FALSE,FALSE
"leading to conservative estimates.
- Use of postal code areas as spatial units",other,FALSE,FALSE
and computational processing. They chose Statistical Area 2 (SA2) as their unit,other,FALSE,FALSE
suggesting a consideration of scale effects and spatial autocorrelation issues.,other,FALSE,FALSE
Not mentioned (the paper does not specify the software used for data analysis),methods,FALSE,FALSE
Not mentioned (the study does not specify a particular crime type or category),crime_related,FALSE,FALSE
"p < .001
- Racial/ethnic heterogeneity for juvenile solo offenders: b = 0.011",statistical,FALSE,FALSE
although it has limitations in estimating predicted probabilities of burglary.,other,FALSE,FALSE
The authors chose the Lower Super Output Area (LSOA) as their unit of analysis,other,FALSE,FALSE
opting for block groups to minimize heterogeneity and ensure data availability,other,FALSE,FALSE
Not specified (the paper does not provide the total area of the study region),quantitative,FALSE,FALSE
Not mentioned (confidence intervals are not explicitly reported in the paper),statistical,FALSE,FALSE
"no specific OR value provided
- Mobility flows: Significant increase in odds",statistical,FALSE,FALSE
"exact odds ratio not specified
  - Personal care businesses: Positive effect",statistical,FALSE,FALSE
allowing for the integration of environmental factors relevant at this scale.,other,FALSE,FALSE
"leading to a biased sample.
- Preference of burglars for isolated properties",other,FALSE,FALSE
"suburban) to assess generalizability.
- Collect qualitative data (interviews",other,FALSE,FALSE
as they could better fit theoretical models of crime location choice. However,other,FALSE,FALSE
Model A: Number of residential properties increases odds by a factor of 1.14,statistical,FALSE,FALSE
Not mentioned (no confidence intervals are explicitly reported in the paper),statistical,FALSE,FALSE
allows for better capture of spatial logic and measurement of key constructs,other,FALSE,FALSE
indicating a practical consideration for consistency with existing research.,other,FALSE,FALSE
which allows for more detailed measurement compared to larger units. However,other,FALSE,FALSE
No MAUP discussion present. The authors discuss their choice of spatial unit,other,FALSE,FALSE
The authors suggest encouraging mixed land use to attract pedestrian traffic,other,FALSE,FALSE
data is analyzed at the level of 89 residential neighbourhoods as they are),methods,FALSE,FALSE
- 2001 U.K. Census data for population churn rates and ethnic heterogeneity,crime_related,FALSE,FALSE
they note that street segments can capture the complexities of urban spaces,other,FALSE,FALSE
Not mentioned (the paper does not specify a type of discrete choice model),methods,FALSE,FALSE
No (the analysis was conducted at the level of output areas/neighbourhoods,methods,FALSE,FALSE
"Moran's I statistic = non-significant
- Model 3: Explained variance = 84%",statistical,FALSE,FALSE
"Bayesian Information Criterion (BIC)
- Akaike Information Criterion (AIC)",statistical,FALSE,FALSE
"Pseudo-R-squared: 0.27
- Wald Chi-Squared difference test: χ 2 (1) = 0.01",statistical,FALSE,FALSE
"OR = 1.13 (Brisbane)
- Number of residential units: OR = 1.34 (The Hague)",statistical,FALSE,FALSE
"p = .000
- Local burglars targeting local majority communities: OR = 4.53",statistical,FALSE,FALSE
321 residences nested in 193 neighborhoods for each of the 679 burglaries),other,FALSE,FALSE
but they did test for spillover effects using spatially lagged variables).,other,FALSE,FALSE
Administrative records (census data on population sizes and census units),crime_related,FALSE,FALSE
"p < .001
- Concentrated disadvantage for adult solo offenders: b = 0.225",statistical,FALSE,FALSE
"OR = 1.051 (adult)
- Distance of journey to crime: OR = 0.194 (juvenile)",statistical,FALSE,FALSE
with most attributes having statistically significant odds ratios above 1,statistical,FALSE,FALSE
"OR = 1.092 (young adult)
- Transportation hubs: OR = 1.035 (young adult)",statistical,FALSE,FALSE
"OR = 1.098 (adult)
- Distance of journey to crime: OR = 0.194 (juvenile)",statistical,FALSE,FALSE
Data is limited to a specific time period (2000-2012) and location (Tampa,other,FALSE,FALSE
"850).
- The model required access to all choice-specific characteristics",other,FALSE,FALSE
which are smaller than traditional units like census tracts. Additionally,other,FALSE,FALSE
Not mentioned (the study is conducted at a national level in New Zealand,geographic,FALSE,FALSE
"but specific CI not provided
- Percent plant: Statistically significant",statistical,FALSE,FALSE
considering the variability in community sizes and population densities.,other,FALSE,FALSE
such as relaxing the effects of independence of irrelevant alternatives.,other,FALSE,FALSE
Confidentiality requirements: The data used in the study is confidential,other,FALSE,FALSE
Alternative units considered but not used include 200 m×200 m grid cells,other,FALSE,FALSE
which aligns with the theoretical focus on detailed spatial resolutions.,other,FALSE,FALSE
finding that population size effects spill over beyond the single block.,other,FALSE,FALSE
"the researchers aggregated data to the ""Statistical Area 2"" (SA2) level",methods,FALSE,FALSE
but SA2s are used as the final larger administrative unit for analysis.,methods,FALSE,FALSE
Department for Transport National Public Transport Access Node database,crime_related,FALSE,FALSE
- Population registration data from BRP (nationwide information system),crime_related,FALSE,FALSE
allowing for meaningful analysis of crime patterns and activity spaces.,other,FALSE,FALSE
The choice of census units was influenced by their size and homogeneity,other,FALSE,FALSE
"Conditional Logit (CL)
- Mixed Logit (ML)
- Latent Class Logit (LCL)",methods,FALSE,FALSE
Police records from the Dutch National Police (HKS information system),crime_related,FALSE,FALSE
Police suspect information system used by the The Hague Police Service,crime_related,FALSE,FALSE
"Model 1: Explained variance = 60%
- Model 2: Explained variance = 73%",statistical,FALSE,FALSE
"2% (Model 4)
- Racial/Ethnic Heterogeneity: Statistically significant",statistical,FALSE,FALSE
"Brisbane (OR = 1.47)
- Proximity to City Center: Brisbane (OR = 1.06)",statistical,FALSE,FALSE
which is necessary for theoretical consistency and practical analysis.,other,FALSE,FALSE
"which may not be generalizable.
- The focus was primarily on exposure",other,FALSE,FALSE
Not mentioned (the study area is described as the entire Netherlands,geographic,FALSE,FALSE
statistical publications of the municipality of The Hague (DSO 2001),crime_related,FALSE,FALSE
Point of Interest (POI) data from a navigation data company in China,crime_related,FALSE,FALSE
Police information system used by the Greater The Hague Police Force,crime_related,FALSE,FALSE
"716.1
- Less frequently visited activity node neighborhoods: OR = 2",statistical,FALSE,FALSE
"253.6
- Very frequently visited activity node neighborhoods: OR = 7",statistical,FALSE,FALSE
"OR = 1.075 (adult)
- Young adults proportion: OR = 0.976 (juvenile)",statistical,FALSE,FALSE
which is a methodological improvement related to spatial boundaries.,other,FALSE,FALSE
Recorded crime data from police services in The Hague (Netherlands),crime_related,FALSE,FALSE
"Brisbane (OR = 1.13)
- Number of Households: The Hague (OR = 1.34)",statistical,FALSE,FALSE
"OR = 1.022 (native)
- Proportion of migrants: OR = 1.043 (migrant)",statistical,FALSE,FALSE
Distance from home to crime location: Odds ratio of 0.73 for adults,statistical,FALSE,FALSE
952 residents. This choice is justified by practical considerations,other,FALSE,FALSE
necessitating the use of high-performance computing infrastructure.,other,FALSE,FALSE
indicating an awareness of scale effects and potential MAUP issues.,other,FALSE,FALSE
particularly in places different from offenders' residential areas.,other,FALSE,FALSE
Police database (Dutch police regions The Hague and North-Holland),crime_related,FALSE,FALSE
"Number of bars: 5.2%
- Percent poverty: Statistically significant",statistical,FALSE,FALSE
with an average area of 0.65 square kilometers and approximately 4,other,FALSE,FALSE
physical attributes collected using GSV images from 2008 and 2009),other,FALSE,FALSE
Police information system of the greater The Hague Police Service,crime_related,FALSE,FALSE
"p < .01
- Percentage of Black residents for juveniles: b = 0.008",statistical,FALSE,FALSE
"000 increase
- Ethnic heterogeneity by group: Non-natives = 1.20",statistical,FALSE,FALSE
"716.1
- Odds ratio for less frequently visited activity nodes: 2",statistical,FALSE,FALSE
"253.6
- Odds ratio for very frequently visited activity nodes: 7",statistical,FALSE,FALSE
"and third-order neighborhoods
- Chi-square tests: χ 2 (3) = 9.53",statistical,FALSE,FALSE
The authors chose residential neighborhoods as their spatial unit,other,FALSE,FALSE
to postal code areas and micro-scale places used in other studies,other,FALSE,FALSE
Street segments were mentioned as an alternative unit of analysis,other,FALSE,FALSE
which implies consideration of scale effects and aggregation bias,other,FALSE,FALSE
it might be advisable to use smaller units of spatial aggregation,other,FALSE,FALSE
Not mentioned (no specific city names are included in the study),geographic,FALSE,FALSE
Not mentioned (no specific city names are included in the paper),geographic,FALSE,FALSE
it uses 500 m grid cells as the basic spatial unit for analysis),methods,FALSE,FALSE
Police databases (crime records from ZG City police authorities),crime_related,FALSE,FALSE
and economic information on postal code areas in the Netherlands,crime_related,FALSE,FALSE
"p < .001
- Racial/ethnic heterogeneity for juveniles: b = 0.015",statistical,FALSE,FALSE
"OR = 1.016 (native)
- Transportation hubs: OR = 1.052 (migrant)",statistical,FALSE,FALSE
Wards: The authors considered using wards as an alternative unit,other,FALSE,FALSE
observational information) to understand co-offending processes.,other,FALSE,FALSE
but no specific measurement like area or dimension is provided),quantitative,FALSE,FALSE
Multinomial Logit Model (also referred to as Conditional Logit),methods,FALSE,FALSE
which are the smallest units for which variables were available,methods,FALSE,FALSE
"p < .001
- Difference in concentrated disadvantage: b = -0.144",statistical,FALSE,FALSE
Not mentioned (the paper does not provide specific effect sizes,statistical,FALSE,FALSE
The authors chose neighborhood units as their spatial unit size,other,FALSE,FALSE
which is comparable to neighborhoods and used in other studies.,other,FALSE,FALSE
- Conflict and Politics in Northern Ireland web service (CAIN),crime_related,FALSE,FALSE
"McFadden pseudo-R 2: 0.178
- Likelihood-ratio test: p < 0.001",statistical,FALSE,FALSE
"p < .01
- Street network centrality (betweenness): OR = 1.161",statistical,FALSE,FALSE
positive relationship (no specific coefficient value provided),statistical,FALSE,FALSE
"p < .001
- Residence-to-crime distance for adults: b = -0.395",statistical,FALSE,FALSE
"p < .001
- Racial/ethnic heterogeneity for adults: b = 0.0085",statistical,FALSE,FALSE
"0.35 (Model 2)
- Repeat offending hypothesis: 12.72 (Model 1)",statistical,FALSE,FALSE
"increase by 0.7% for every 10 m^2
- Intersections: OR = 0.473",statistical,FALSE,FALSE
"845.3
- Statistically significant positive effects for first-",statistical,FALSE,FALSE
which involves selecting a specific house to commit the crime.,other,FALSE,FALSE
Inability of Google Street View to capture isolated properties,other,FALSE,FALSE
but they do not explicitly address MAUP or ecological fallacy.,other,FALSE,FALSE
Statistical publication of the municipality of The Hague (DSO,crime_related,FALSE,FALSE
Pseudo R-squared values for both models are greater than 0.25,statistical,FALSE,FALSE
Wholesale markets: OR = 1.147 for migrant robbers (p < 0.001),statistical,FALSE,FALSE
"hospitals)
11. Percent migrants
12. Percent low-rent houses",statistical,FALSE,FALSE
and computational processing considerations. The size of SA2s,other,FALSE,FALSE
but no detailed discussion of spatial autocorrelation issues.,other,FALSE,FALSE
they used street segments as their spatial unit of analysis),methods,FALSE,FALSE
No (the researchers used communities as the unit of analysis,methods,FALSE,FALSE
Distance: OR = 0.325 and 0.326 for Non-Dis-residing burglars,statistical,FALSE,FALSE
"p < .001
- Distance for juvenile group offenders: b = -0.44",statistical,FALSE,FALSE
"OR = 1.018 (native)
- Sports stadiums: OR = 0.816 (migrant)",statistical,FALSE,FALSE
"OR = 1.018 (native)
- Subway stations: OR = 1.038 (migrant)",statistical,FALSE,FALSE
The study uses census blocks as the spatial unit of analysis,other,FALSE,FALSE
without aggregating data from smaller units to larger ones),methods,FALSE,FALSE
with 1971 communities being the spatial units for analysis.,methods,FALSE,FALSE
Commercial databases (crime generators data from Daodaotong,crime_related,FALSE,FALSE
Pseudo R-squared: .32 for models with time-specific effects,statistical,FALSE,FALSE
"p < .001
- Distance for juvenile solo offenders: b = -0.47",statistical,FALSE,FALSE
or standardized coefficients for the independent variables),statistical,FALSE,FALSE
"Natives = 1.10
- Proximity to home by group: Minors = 2.22",statistical,FALSE,FALSE
""" indicating that these units pose computational challenges",other,FALSE,FALSE
but these are not explicitly discussed in relation to MAUP.,other,FALSE,FALSE
The authors discuss spatial autocorrelation and its control,other,FALSE,FALSE
referring readers to another study for further exploration.,other,FALSE,FALSE
The authors suggest using smaller spatial units of analysis,other,FALSE,FALSE
"""The study area in these analyses is the city of York (UK)",geographic,FALSE,FALSE
New Zealand Police National Intelligence Application (NIA),crime_related,FALSE,FALSE
New Zealand Statistics Census and Business Demography data,crime_related,FALSE,FALSE
"or mixed population
- Spatial spillover effects: Positive",statistical,FALSE,FALSE
Future research should consider using finer spatial scales,other,FALSE,FALSE
and computational processing when selecting spatial units.,other,FALSE,FALSE
- Northern Ireland Statistics and Research Agency (NISRA),crime_related,FALSE,FALSE
- LISA data (Landelijk Informatiesysteem Arbeidsplaatsen),crime_related,FALSE,FALSE
Police information system of the The Hague Police Service,crime_related,FALSE,FALSE
"Pseudo R²: 0.15
- Likelihood ratio test statistic: 8.714",statistical,FALSE,FALSE
"p < .001
- Difference in residential stability: b = .164",statistical,FALSE,FALSE
"p < .001
- Distance for adult group offenders: b = -0.37",statistical,FALSE,FALSE
available in supplementary materials Tables S3.1 and S4.1,statistical,FALSE,FALSE
making them suitable for studying crime location choices.,other,FALSE,FALSE
Limited availability of past addresses for some offenders,other,FALSE,FALSE
with 3860 burglaries committed in one of 2643 communities,other,FALSE,FALSE
which is another MAUP issue. To address these limitations,other,FALSE,FALSE
they suggest using more uniform areas in future research.,other,FALSE,FALSE
they used census blocks as the primary unit of analysis),methods,FALSE,FALSE
- Open Street Map data for underground station locations,crime_related,FALSE,FALSE
Akaike Information Criterion (AIC) value for Model 2: 28,statistical,FALSE,FALSE
"p < .001
- Distance for adult solo offenders: b = -0.40",statistical,FALSE,FALSE
"increase by 3.4% for every 10 units
- Trees: OR = 0.990",statistical,FALSE,FALSE
"decrease by 54.5%
- Regular street segments: OR = 0.556",statistical,FALSE,FALSE
The authors chose communities as their spatial unit size,other,FALSE,FALSE
which are expected to be well known to regular visitors.,other,FALSE,FALSE
but no specific computational limitations were detailed.,other,FALSE,FALSE
indicating strong explanatory power and good model fit.,statistical,FALSE,FALSE
"p < .001
- Difference in Black population: b = -0.0038",statistical,FALSE,FALSE
"decrease by 1%
- Street network centrality: OR = 1.161",statistical,FALSE,FALSE
or other traditional effect size measures are provided.,statistical,FALSE,FALSE
The study was limited by the lack of data on apartments,other,FALSE,FALSE
which would require more complex models to account for.,other,FALSE,FALSE
Alternative units discussed: six-digit postal code area,other,FALSE,FALSE
Not specified (the study covers the entire Netherlands,quantitative,FALSE,FALSE
Claritas (now part of marketing research firm Nielsen),crime_related,FALSE,FALSE
UK Department for Transport data (number of car parks),crime_related,FALSE,FALSE
National Commercial Robbery Registration System (LORS),crime_related,FALSE,FALSE
"Model 2 = 17446.9
- Pseudo R-squared: Model 1 = 0.228",statistical,FALSE,FALSE
Proximity to an offender's home: OR = 1.67 (The Hague),statistical,FALSE,FALSE
which are defined by their residential characteristics,other,FALSE,FALSE
and are familiar to individuals who live or visit them,other,FALSE,FALSE
which might require adjusting spatial units or scales.,other,FALSE,FALSE
such as different age groups or incarcerated offenders,other,FALSE,FALSE
- U.K. Department of Education data for school counts,crime_related,FALSE,FALSE
Police information system of The Hague Police Service,crime_related,FALSE,FALSE
Likelihood ratio test for Model 1: LR chi2(8) = 57.71,statistical,FALSE,FALSE
with the full model having a pseudo R-squared of .35.,statistical,FALSE,FALSE
Residence-to-crime distance for juveniles: b = -0.452,statistical,FALSE,FALSE
"p < .001
- Distance squared for juveniles: b = 0.026",statistical,FALSE,FALSE
upper bound] as reported in Appendix Tables A1 and A2,statistical,FALSE,FALSE
Odds ratio for train line presence: 2.08 (full model),statistical,FALSE,FALSE
High fieldwork costs limit sample size to less than 1,other,FALSE,FALSE
with run times reduced to 5-18% of the original time.,other,FALSE,FALSE
"Crime data: 2012-2016
- Mobile phone data: May 12-18",other,FALSE,FALSE
they note that even street segments may be too coarse,other,FALSE,FALSE
statistical districts (referred to as neighborhoods),geographic,FALSE,FALSE
Office of National Statistics (ONS) (United Kingdom),crime_related,FALSE,FALSE
Mobile phone mobility big data from China Unicom Inc,crime_related,FALSE,FALSE
- Census-like statistics from Statistics Netherlands,crime_related,FALSE,FALSE
nonsignificant negative effects outside these hours.,statistical,FALSE,FALSE
"OR = 1.051 (adult)
- Schools: OR = 1.162 (juvenile)",statistical,FALSE,FALSE
Alternative units discussed include streets segments,other,FALSE,FALSE
without aggregating smaller units into larger ones),methods,FALSE,FALSE
criminal incident reporting mainframe system (RAMS),crime_related,FALSE,FALSE
- Valuation Office Agency floor space data for 2004,crime_related,FALSE,FALSE
Online survey (Time-specific Activity Space survey),crime_related,FALSE,FALSE
"p < .001
- Percentage of occupied units: b = 0.011",statistical,FALSE,FALSE
"10.72 (Model 2)
- Significant facilities: churches",statistical,FALSE,FALSE
Residence-to-crime distance: Juveniles (OR = 0.636),statistical,FALSE,FALSE
The authors chose communities as their spatial unit,other,FALSE,FALSE
are internally homogeneous with a dominant function,other,FALSE,FALSE
which emphasizes spatial awareness and familiarity.,other,FALSE,FALSE
2 (Dutch police regions The Hague and North-Holland,other,FALSE,FALSE
and the online survey conducted by the researchers),other,FALSE,FALSE
indicating awareness of scale effects. Additionally,other,FALSE,FALSE
The authors suggest using smaller units of analysis,other,FALSE,FALSE
Total study area size: 142 * 2.96 km² = 420.32 km²,quantitative,FALSE,FALSE
and Statistical Local Areas directly for analysis),methods,FALSE,FALSE
Municipal Agency for Urban Development (The Hague),crime_related,FALSE,FALSE
New Zealand Census Unit 'Statistical Area 2' (SA2),crime_related,FALSE,FALSE
LISA (Landelijk Informatiesysteem Arbeidsplaatsen),crime_related,FALSE,FALSE
Census-like statistics from Statistics Netherlands,crime_related,FALSE,FALSE
"p < .01
- Street segment surface size: OR = 1.007",statistical,FALSE,FALSE
"p < .001
- Distance squared for adults: b = 0.027",statistical,FALSE,FALSE
upper bound] as listed in Table A1 in the Appendix,statistical,FALSE,FALSE
"1.138]
- Percent fence: Statistically significant",statistical,FALSE,FALSE
"increase by 23.5%
- Residential units: OR = 1.034",statistical,FALSE,FALSE
Number of people on the street: Odds ratio = 1.114,statistical,FALSE,FALSE
more homogeneous unit compared to previous studies,other,FALSE,FALSE
first selecting an area and then a specific object,other,FALSE,FALSE
these units are relatively large and heterogeneous,other,FALSE,FALSE
these are not framed as computational constraints.,other,FALSE,FALSE
Alternative units considered but not used: streets,other,FALSE,FALSE
The authors discuss the selection of spatial units,other,FALSE,FALSE
although effects diminished for greater distances.,other,FALSE,FALSE
Multinomial Logit Model and Universal Logit Model,methods,FALSE,FALSE
NZ Statistics Census and Business Demography data,crime_related,FALSE,FALSE
Statistics NZ Census and Business Demography data,crime_related,FALSE,FALSE
Australian Bureau of Statistics (ABS) 2006 Census,crime_related,FALSE,FALSE
Pseudo R-squared values ranging from 0.27 to 0.36,statistical,FALSE,FALSE
"0.23 for Model 3
- P-value: 0.000 for all models",statistical,FALSE,FALSE
but does not provide specific values in the text),statistical,FALSE,FALSE
but mentioned as significantly reduced likelihood,statistical,FALSE,FALSE
The study was limited to the city center of Ghent,other,FALSE,FALSE
Focus on breaking and entering crimes in Richmond,other,FALSE,FALSE
Alternative units discussed include census blocks,other,FALSE,FALSE
specifically using Statistical Area 2 (SA2) units,other,FALSE,FALSE
Florida between January 2000 and September 2012.,geographic,FALSE,FALSE
LISA dataset (commercial geo-referenced dataset),crime_related,FALSE,FALSE
"p < .001
- Concentrated disadvantage: b = 0.215",statistical,FALSE,FALSE
and inverse relationship with urbanization level,other,FALSE,FALSE
Data availability and administrative convenience,other,FALSE,FALSE
to make the estimation computationally feasible.,other,FALSE,FALSE
Consider using smaller spatial units of analysis,other,FALSE,FALSE
Pseudo R-squared values ranging from .30 to .35,statistical,FALSE,FALSE
"p < .001
- Concentrated disadvantage: b = .169",statistical,FALSE,FALSE
they are aligned with data collection practices,other,FALSE,FALSE
number of targets (households) within each area,other,FALSE,FALSE
The study is limited to data from a single city,other,FALSE,FALSE
such as 10 × 10 m grids or individual addresses,other,FALSE,FALSE
could improve the accuracy of spatial analysis.,other,FALSE,FALSE
UK Census Lower Level Super Output Area (LSOA),geographic,FALSE,FALSE
Not specified (the unit size is a single house,quantitative,FALSE,FALSE
Multinomial Logit with Spatial Hierarchy Model,methods,FALSE,FALSE
Systematic observations of 262 street segments,crime_related,FALSE,FALSE
divided by the total number of 4558 grid cells,statistical,FALSE,FALSE
"p < .01
- Regular street segments: OR = 0.556",statistical,FALSE,FALSE
Distance from offender's residence: e β = 0.70,statistical,FALSE,FALSE
Number of people on the street: 95% CI: [1.090,statistical,FALSE,FALSE
which are the smallest areas for census counts,other,FALSE,FALSE
providing a practical precedent. Theoretically,other,FALSE,FALSE
000 residents and an average size of 2.96 km^2,other,FALSE,FALSE
Data not specifically sampled for co-offending,other,FALSE,FALSE
""" their discussion aligns with these concepts.",other,FALSE,FALSE
McFadden pseudo R-squared: approximately 0.34,statistical,FALSE,FALSE
"Model 2 = -8705.44
- AIC: Model 1 = 17598.87",statistical,FALSE,FALSE
"p < .001
- Residential stability: b = -0.232",statistical,FALSE,FALSE
"p < .001
- Residential stability: b = -0.325",statistical,FALSE,FALSE
Odds ratios (OR) are reported as effect sizes,statistical,FALSE,FALSE
984 postal code areas) and decision-makers (1,other,FALSE,FALSE
timestamped data from The Hague Police Force,geographic,FALSE,FALSE
Output Areas (referred to as Neighbourhoods),geographic,FALSE,FALSE
2.18 km² (average surface area of each ward),quantitative,FALSE,FALSE
Police databases/crime records from Brisbane,crime_related,FALSE,FALSE
McFadden's Pseudo R-squared: Model 2 = 0.301,statistical,FALSE,FALSE
"increase by 10.1%
- Night shops: OR = 1.302",statistical,FALSE,FALSE
their smaller size compared to other studies,other,FALSE,FALSE
are inversely related to urbanization levels,other,FALSE,FALSE
and physical coherence of postal code areas.,other,FALSE,FALSE
they do not explicitly address scale effects,other,FALSE,FALSE
or spatial autocorrelation issues in detail.,other,FALSE,FALSE
"such as Wikström's definition of a ""setting.",other,FALSE,FALSE
"United States - ""We use data from the Tampa",geographic,FALSE,FALSE
Police databases (crimes detected in Dorset,crime_related,FALSE,FALSE
Statistics Netherlands digital publications,crime_related,FALSE,FALSE
Activities and Neighborhoods (SPAN) project,crime_related,FALSE,FALSE
Municipal Public Security Bureau of ZG city,crime_related,FALSE,FALSE
- Population registration data system (GBA),crime_related,FALSE,FALSE
Nationwide Citizen Information System (GBA),crime_related,FALSE,FALSE
Root Likelihood (RLH) statistic: LCL = 4.48,statistical,FALSE,FALSE
they are likely detailed in tables 3 and 4.,statistical,FALSE,FALSE
95% CI: Not explicitly provided in the text,statistical,FALSE,FALSE
"increase by 30.2%
- Nightclubs: OR = 1.084",statistical,FALSE,FALSE
"increase by 8.4%
- Restaurants: OR = 1.058",statistical,FALSE,FALSE
1 (Richmond City Records Management Center),other,FALSE,FALSE
U.K. census Lower Super Output Area (LSOA),geographic,FALSE,FALSE
approximately the size of a football field,quantitative,FALSE,FALSE
201 wards * 2.18 km² per ward = 438.18 km²,quantitative,FALSE,FALSE
Ordnance Survey MasterMap data (main roads,crime_related,FALSE,FALSE
- Community survey from the Study of Peers,crime_related,FALSE,FALSE
"p < .001
- Ethnic heterogeneity: b = .010",statistical,FALSE,FALSE
potentially limiting detail and precision.,other,FALSE,FALSE
necessitating the use of cross-validation.,other,FALSE,FALSE
resulting in a matrix over 10 million rows,other,FALSE,FALSE
and for consistency with previous studies.,other,FALSE,FALSE
Mobile phone data collected on December 28,other,FALSE,FALSE
Use fine-grained spatial units of analysis,other,FALSE,FALSE
such as facility opening and closing hours,other,FALSE,FALSE
000 offenders involved in these robberies,geographic,FALSE,FALSE
but no specific city names are mentioned),geographic,FALSE,FALSE
ZG City Public Security Bureau crime data,crime_related,FALSE,FALSE
Dutch Suspect Identification System (HKS),crime_related,FALSE,FALSE
and children are not provided in the text,statistical,FALSE,FALSE
OR = 0.377 for native robbers (p < 0.001),statistical,FALSE,FALSE
have minimal physical travel restrictions,other,FALSE,FALSE
"United States - ""Using data on nearly 13",geographic,FALSE,FALSE
000 census blocks in the city of Chicago,geographic,FALSE,FALSE
but no specific city names are provided),geographic,FALSE,FALSE
Total area = 142 * 2.96 km² = 420.32 km²,quantitative,FALSE,FALSE
but no specific total area is mentioned),quantitative,FALSE,FALSE
Official municipality data registrations,crime_related,FALSE,FALSE
UK Census data (Lower Super Output Areas,crime_related,FALSE,FALSE
McFadden's ρ 2 = 0.29 (restricted model),statistical,FALSE,FALSE
"p < .01
- Residential units: OR = 1.034",statistical,FALSE,FALSE
Proximity to Home: The Hague (OR = 1.67),statistical,FALSE,FALSE
Odds ratios are reported as effect sizes,statistical,FALSE,FALSE
making it a relevant scale for analysis.,other,FALSE,FALSE
SA2s are justified as they offer smaller,other,FALSE,FALSE
with potential multicollinearity issues.,other,FALSE,FALSE
indicating an awareness of scale effects,other,FALSE,FALSE
such as census blocks or street segments,other,FALSE,FALSE
1971 * 1.62 = 3195.02 square kilometers,quantitative,FALSE,FALSE
Street theft crime (including snatching,crime_related,FALSE,FALSE
Community survey conducted in The Hague,crime_related,FALSE,FALSE
Richmond City Records Management Center,crime_related,FALSE,FALSE
Regional Crime Analysis Program (ReCAP),crime_related,FALSE,FALSE
ZG City Public Security Bureau in China,crime_related,FALSE,FALSE
Percentage of Black residents: b = .003,statistical,FALSE,FALSE
Wholesale markets: OR = 1.147 (migrant),statistical,FALSE,FALSE
"increase by 5.8%
- Schools: OR = 1.235",statistical,FALSE,FALSE
Data availability and previous research,other,FALSE,FALSE
potentially missing outdoor activities.,other,FALSE,FALSE
No computational constraints mentioned.,other,FALSE,FALSE
which added complexity to the analysis.,other,FALSE,FALSE
2016 (excluding February 2015 and 2016),other,FALSE,FALSE
such as neighborhoods or municipalities,other,FALSE,FALSE
with no specific city names mentioned),geographic,FALSE,FALSE
Deep learning algorithms: Faster R-CNN,methods,FALSE,FALSE
National Bureau of Statistics of China,crime_related,FALSE,FALSE
RITU electronic map navigation company,crime_related,FALSE,FALSE
no specific coefficient value provided,statistical,FALSE,FALSE
"p < .001
- Distance squared: b = .027",statistical,FALSE,FALSE
"OR = 0.48
- Ease of escape: B = 0.477",statistical,FALSE,FALSE
"054
- Non-residential burglaries: 10",quantitative,FALSE,FALSE
"315
- Extra-familial sex offenses: 4",quantitative,FALSE,FALSE
NVivo (for qualitative data analysis),methods,FALSE,FALSE
R or Stata (for statistical analysis),methods,FALSE,FALSE
- Ordnance Survey of Northern Ireland,crime_related,FALSE,FALSE
Australian Bureau of Statistics (ABS),crime_related,FALSE,FALSE
Moran's I statistic = non-significant,statistical,FALSE,FALSE
but mentioned as included in Table 3.,statistical,FALSE,FALSE
"OR = 1.61
- Accessibility: B = 0.380",statistical,FALSE,FALSE
it aligns with the nature of burglary,other,FALSE,FALSE
are inversely related to urbanization,other,FALSE,FALSE
which might have its own limitations.,other,FALSE,FALSE
Limited to the greater The Hague area,other,FALSE,FALSE
2008-2009 (crime event data from 2009,other,FALSE,FALSE
such as different cities or countries,other,FALSE,FALSE
less than half a square mile (urban),quantitative,FALSE,FALSE
953 residents per census block group,quantitative,FALSE,FALSE
Drug offenses (illicit drug dealing),crime_related,FALSE,FALSE
- The Irish Times newspaper archives,crime_related,FALSE,FALSE
ZG City's Public Security Department,crime_related,FALSE,FALSE
Greater Chennai Corporation database,crime_related,FALSE,FALSE
indicating it provides the best fit.,statistical,FALSE,FALSE
"p < .01
- Intersections: OR = 0.473",statistical,FALSE,FALSE
"schools)
10. Crime generators (e.g.",statistical,FALSE,FALSE
with an average length of 103 meters,other,FALSE,FALSE
such as 10 × 10 m grids or addresses,other,FALSE,FALSE
Include a broader range of offenders,other,FALSE,FALSE
communities (juweihui or cunweihui),geographic,FALSE,FALSE
Sampson and colleagues' survey data,crime_related,FALSE,FALSE
ZG Municipal Public Security Bureau,crime_related,FALSE,FALSE
Census data (sixth census of China),crime_related,FALSE,FALSE
P = .95 for a comprehensive model).,statistical,FALSE,FALSE
Log-distance effect: 0.36 (Model 1),statistical,FALSE,FALSE
Odds ratio for any activity node: 5,statistical,FALSE,FALSE
provides a suitable population base,other,FALSE,FALSE
which may not represent all crimes.,other,FALSE,FALSE
possibly smaller than neighborhoods,other,FALSE,FALSE
2000 (land use and population data),other,FALSE,FALSE
January 2000 through September 2012,other,FALSE,FALSE
2. Australian Bureau of Statistics),other,FALSE,FALSE
and spatial autocorrelation issues.,other,FALSE,FALSE
No MAUP discussion present. However,other,FALSE,FALSE
such as six-digit postal code areas,other,FALSE,FALSE
NZ Census Statistical Area 2 (SA2),geographic,FALSE,FALSE
680 m² (approximately 140 × 140 m),quantitative,FALSE,FALSE
1.2 km² (median land area of SA2s),quantitative,FALSE,FALSE
2.11 (4950 residents / 2350 units),quantitative,FALSE,FALSE
theft (of an object) from a person,crime_related,FALSE,FALSE
Google Maps and Google Street View,crime_related,FALSE,FALSE
2010 Japanese national census data,crime_related,FALSE,FALSE
Population registration data (BRP),crime_related,FALSE,FALSE
- National database of demographic,crime_related,FALSE,FALSE
Log-likelihood: Model 1 = -8788.43,statistical,FALSE,FALSE
McFadden's ρ 2 = 0.27 (full model),statistical,FALSE,FALSE
"p < .01
- Night shops: OR = 1.302",statistical,FALSE,FALSE
"p < .01
- Restaurants: OR = 1.058",statistical,FALSE,FALSE
specific coefficients not provided,statistical,FALSE,FALSE
Log-distance effect: 95% CI: [0.34,statistical,FALSE,FALSE
regardless of residential function,other,FALSE,FALSE
with a median land area of 1.2km^2,other,FALSE,FALSE
"Florida).
- Relies on arrest data",other,FALSE,FALSE
Limited to arrested offenders only,other,FALSE,FALSE
to better capture location choices,other,FALSE,FALSE
No sensitivity analysis performed.,other,FALSE,FALSE
"which covers approximately 270km""",geographic,FALSE,FALSE
more than 1200 crime observations,quantitative,FALSE,FALSE
ArcGIS or QGIS (for GIS analysis),methods,FALSE,FALSE
residential breaking and entering,crime_related,FALSE,FALSE
Japanese national police register,crime_related,FALSE,FALSE
Citizen registration of The Hague,crime_related,FALSE,FALSE
Street view images from Baidu Map,crime_related,FALSE,FALSE
a mapping and navigation company),crime_related,FALSE,FALSE
"p < .01
- Nightclubs: OR = 1.084",statistical,FALSE,FALSE
Cybercafés: OR = 1.070 (juvenile),statistical,FALSE,FALSE
such as intersections and bridges,other,FALSE,FALSE
designed for statistical purposes,other,FALSE,FALSE
with an average size of 1.62 km^2,other,FALSE,FALSE
with an average area of 1.62 km 2,other,FALSE,FALSE
difficulty in defining boundaries,other,FALSE,FALSE
which is related to MAUP. However,other,FALSE,FALSE
not spatial unit sizes or scales),other,FALSE,FALSE
Lower Super Output Areas (LSOAs),geographic,FALSE,FALSE
less than 2 square miles (rural),quantitative,FALSE,FALSE
survival package (Therneau 2020),methods,FALSE,FALSE
BRP (Basis Registratie Personen),crime_related,FALSE,FALSE
P = .94 for a parsimonious model,statistical,FALSE,FALSE
McFadden's LRI: 0.26 for Model 1,statistical,FALSE,FALSE
"p < .001
- Distance: b = -0.417",statistical,FALSE,FALSE
no specific odds ratios provided,statistical,FALSE,FALSE
design conducive to local travel,other,FALSE,FALSE
4952 residents per neighborhood,quantitative,FALSE,FALSE
Interviews with 50 drug dealers,crime_related,FALSE,FALSE
UK police force (West Midlands),crime_related,FALSE,FALSE
Australian Bureau of Statistics,crime_related,FALSE,FALSE
Chicago Police Department (CPD),crime_related,FALSE,FALSE
and socioeconomic heterogeneity,statistical,FALSE,FALSE
such as Bernasco et al. (2013).,other,FALSE,FALSE
such as spatial interdependence,other,FALSE,FALSE
as suggested by McFadden (1978),other,FALSE,FALSE
No alternative units discussed.,other,FALSE,FALSE
revealed preference data for 1,geographic,FALSE,FALSE
Statistical Local Areas (SLAs),geographic,FALSE,FALSE
"353
- Commercial robberies: 1",quantitative,FALSE,FALSE
952 residents per neighborhood,quantitative,FALSE,FALSE
R software package (Team 2004),methods,FALSE,FALSE
Claritas marketing information,crime_related,FALSE,FALSE
number of registered vehicles),crime_related,FALSE,FALSE
Police databases/crime records,crime_related,FALSE,FALSE
Baidu Street View (BSV) images,crime_related,FALSE,FALSE
"p < .01
- Schools: OR = 1.235",statistical,FALSE,FALSE
exact odds ratio not specified,statistical,FALSE,FALSE
such as plant pots and benches,statistical,FALSE,FALSE
January 2000 to September 2012,other,FALSE,FALSE
such as block groups or blocks,other,FALSE,FALSE
"Netherlands - ""For this study",geographic,FALSE,FALSE
"United Kingdom - ""To this end",geographic,FALSE,FALSE
1971 * 1.62 km² = 3195.02 km²,quantitative,FALSE,FALSE
theft from a shop/shoplifting,crime_related,FALSE,FALSE
publicly available GIS layers,crime_related,FALSE,FALSE
Pseudo R-squared value > 0.20,statistical,FALSE,FALSE
"p < 0.01
- Trees: OR = 0.990",statistical,FALSE,FALSE
Distance: e β = 0.73 (adults),statistical,FALSE,FALSE
no specific OR value provided,statistical,FALSE,FALSE
avoiding ecological fallacies,other,FALSE,FALSE
using proxy measures instead.,other,FALSE,FALSE
The sheer size of the dataset,other,FALSE,FALSE
January 2007 to December 2012,other,FALSE,FALSE
"2019
- Crime data: 2017-2018",other,FALSE,FALSE
Four-digit postal code areas,geographic,FALSE,FALSE
four-digit postal code areas,geographic,FALSE,FALSE
"977
- Personal robberies: 4",quantitative,FALSE,FALSE
not a discrete choice model),methods,FALSE,FALSE
theft of a car/motor/bicycle,crime_related,FALSE,FALSE
car or other (motor) vehicle,crime_related,FALSE,FALSE
Police database of The Hague,crime_related,FALSE,FALSE
Police records of burglaries,crime_related,FALSE,FALSE
Police department of ZG city,crime_related,FALSE,FALSE
but specific CI not provided,statistical,FALSE,FALSE
further justify this choice.,other,FALSE,FALSE
Theory and previous research,other,FALSE,FALSE
Theory and data availability,other,FALSE,FALSE
2 (1. Brisbane crime records,other,FALSE,FALSE
Block groups and grid cells,geographic,FALSE,FALSE
103 meters (average length),quantitative,FALSE,FALSE
042.36km² (median 1.962km²),quantitative,FALSE,FALSE
1 km 2 (1 square kilometer),quantitative,FALSE,FALSE
extra-familial sex offenses,crime_related,FALSE,FALSE
extra-familial sex offences,crime_related,FALSE,FALSE
theft from the person (TFP),crime_related,FALSE,FALSE
socioeconomic heterogeneity,crime_related,FALSE,FALSE
Birmingham (United Kingdom),crime_related,FALSE,FALSE
McFadden's pseudo-R-squared,statistical,FALSE,FALSE
Surveillability: B = -0.735,statistical,FALSE,FALSE
which supports this choice.,other,FALSE,FALSE
765 LSOAs in Greater London,other,FALSE,FALSE
No MAUP discussion present.,other,FALSE,FALSE
different types of offenses,other,FALSE,FALSE
2.74 km-sq. (average size),quantitative,FALSE,FALSE
999 (for weekly variation),quantitative,FALSE,FALSE
1971 * 1.62 = 3195.02 km^2,quantitative,FALSE,FALSE
Residential burglaries: 17,quantitative,FALSE,FALSE
GIS (part of ReCAP system),methods,FALSE,FALSE
violent offences (assaults,crime_related,FALSE,FALSE
and theft from the person),crime_related,FALSE,FALSE
Thames Valley Police (TVP),crime_related,FALSE,FALSE
State Crime Records Bureau,crime_related,FALSE,FALSE
or likelihood ratio tests),statistical,FALSE,FALSE
Administrative convenience,other,FALSE,FALSE
Statistical Area 2 (SA2s),geographic,FALSE,FALSE
999 (for daily variation),quantitative,FALSE,FALSE
Spatial Competition Model,methods,FALSE,FALSE
Chicago Police Department,crime_related,FALSE,FALSE
Queensland Police Service,crime_related,FALSE,FALSE
Police department records,crime_related,FALSE,FALSE
Police information system,crime_related,FALSE,FALSE
Database with demographic,crime_related,FALSE,FALSE
Western Australian Police,crime_related,FALSE,FALSE
or chi-square statistics),statistical,FALSE,FALSE
"391
- BIC for Model 2: 1",statistical,FALSE,FALSE
Any activity node: OR = 5,statistical,FALSE,FALSE
2013 (Land Registry data),other,FALSE,FALSE
1996 to 1998 (crime data),other,FALSE,FALSE
"2016
- Census data: 2010",other,FALSE,FALSE
January 2012 to June 2016,other,FALSE,FALSE
Statistical Area 2 (SA2),geographic,FALSE,FALSE
669 residents per suburb,quantitative,FALSE,FALSE
Theft from vehicle (TFV),crime_related,FALSE,FALSE
non-residential burglary,crime_related,FALSE,FALSE
Real estate registration,crime_related,FALSE,FALSE
and Brisbane (Australia),crime_related,FALSE,FALSE
2011 Belgian Census data,crime_related,FALSE,FALSE
Google location services,crime_related,FALSE,FALSE
OR = 1.092 (young adult),statistical,FALSE,FALSE
OR = 1.051 (young adult),statistical,FALSE,FALSE
OR = 0.212 (young adult),statistical,FALSE,FALSE
educational institutions,statistical,FALSE,FALSE
personal care businesses,statistical,FALSE,FALSE
OR = 1.101 (young adult),statistical,FALSE,FALSE
reduces aggregation bias,other,FALSE,FALSE
04/01/2004 to 03/31/2014,other,FALSE,FALSE
April 2008 to March 2012,other,FALSE,FALSE
August 2010 to July 2017,other,FALSE,FALSE
Street view images: 2016,other,FALSE,FALSE
on the approximately 18,geographic,FALSE,FALSE
"Netherlands - ""In total",geographic,FALSE,FALSE
grid cells (200 × 200m),geographic,FALSE,FALSE
170 meters x 191 meters,quantitative,FALSE,FALSE
57.85 square kilometers,quantitative,FALSE,FALSE
58.85 square kilometers,quantitative,FALSE,FALSE
860 records involving 7,quantitative,FALSE,FALSE
Conditional Logit Model,methods,FALSE,FALSE
Multinomial logit model,methods,FALSE,FALSE
Conditional logit model,methods,FALSE,FALSE
property crimes (thefts,crime_related,FALSE,FALSE
selling of stolen goods,crime_related,FALSE,FALSE
theft of/from a bicycle,crime_related,FALSE,FALSE
Haaglanden police force,crime_related,FALSE,FALSE
Tampa Police Department,crime_related,FALSE,FALSE
and invite local travel,other,FALSE,FALSE
such as the house level,other,FALSE,FALSE
such as street segments,other,FALSE,FALSE
unoccupied rental rooms,other,FALSE,FALSE
0.65 square kilometres,quantitative,FALSE,FALSE
0.65 square kilometers,quantitative,FALSE,FALSE
0.79 square kilometers,quantitative,FALSE,FALSE
range: 0.84 to 2.2 km²,quantitative,FALSE,FALSE
1.62 square kilometers,quantitative,FALSE,FALSE
public disorder crimes,crime_related,FALSE,FALSE
Belgian Federal Police,crime_related,FALSE,FALSE
The Hague Police Force,crime_related,FALSE,FALSE
Swing The Hague system,crime_related,FALSE,FALSE
Chicago Public Schools,crime_related,FALSE,FALSE
Point of interest data,crime_related,FALSE,FALSE
Statistics Netherlands,crime_related,FALSE,FALSE
Pseudo R-squared = .31,statistical,FALSE,FALSE
.26 for baseline model,statistical,FALSE,FALSE
Birmingham (OR = 1.90),statistical,FALSE,FALSE
Birmingham (OR = 1.12),statistical,FALSE,FALSE
Birmingham (OR = 1.76),statistical,FALSE,FALSE
OR = 1.90 (Birmingham),statistical,FALSE,FALSE
OR = 1.12 (Birmingham),statistical,FALSE,FALSE
OR = 1.76 (Birmingham),statistical,FALSE,FALSE
2006-2012 (crime data),other,FALSE,FALSE
household registration,other,FALSE,FALSE
Leidschendam-Voorburg,geographic,FALSE,FALSE
it uses neighborhoods,methods,FALSE,FALSE
public order offences,crime_related,FALSE,FALSE
Theft from the person,crime_related,FALSE,FALSE
Belgian Land Registry,crime_related,FALSE,FALSE
Police arrest records,crime_related,FALSE,FALSE
Census data from 2010,crime_related,FALSE,FALSE
chi-square statistics,statistical,FALSE,FALSE
Example: 95% CI: [.56,statistical,FALSE,FALSE
spatial heterogeneity,other,FALSE,FALSE
and data availability,other,FALSE,FALSE
including census data,other,FALSE,FALSE
April 2009 - May 2010,other,FALSE,FALSE
Third quarter of 1997,other,FALSE,FALSE
and on the nearly 25,geographic,FALSE,FALSE
R (R Core Team 2013),methods,FALSE,FALSE
R with RSGHB package,methods,FALSE,FALSE
Residential burglary,crime_related,FALSE,FALSE
residential burglary,crime_related,FALSE,FALSE
Multiple crime types,crime_related,FALSE,FALSE
Ordnance Survey (OS),crime_related,FALSE,FALSE
Prob > chi2 = 0.1743,statistical,FALSE,FALSE
McFadden's R-squared,statistical,FALSE,FALSE
95% CI: [lower bound,statistical,FALSE,FALSE
ethnic heterogeneity,statistical,FALSE,FALSE
but similar pattern.,statistical,FALSE,FALSE
such as income level,other,FALSE,FALSE
"""For these analyses",geographic,FALSE,FALSE
census block groups,geographic,FALSE,FALSE
more than 3000 km 2,quantitative,FALSE,FALSE
000 in rural areas),quantitative,FALSE,FALSE
Stata/MP version 11,methods,FALSE,FALSE
Stata/MP version 15,methods,FALSE,FALSE
theft from vehicles,crime_related,FALSE,FALSE
weapons trafficking,crime_related,FALSE,FALSE
ZG City census data,crime_related,FALSE,FALSE
OASIS online survey,crime_related,FALSE,FALSE
including footpaths,statistical,FALSE,FALSE
or regular segment),statistical,FALSE,FALSE
and detected crimes,other,FALSE,FALSE
or social networks.,other,FALSE,FALSE
Collect small-scale,other,FALSE,FALSE
census block group,geographic,FALSE,FALSE
600 square meters),quantitative,FALSE,FALSE
124 street robbers,quantitative,FALSE,FALSE
Super Output Areas,methods,FALSE,FALSE
commercial robbery,crime_related,FALSE,FALSE
theft from vehicle,crime_related,FALSE,FALSE
Commercial robbery,crime_related,FALSE,FALSE
U.K. Land Registry,crime_related,FALSE,FALSE
U.S. Census Bureau,crime_related,FALSE,FALSE
New Zealand Police,crime_related,FALSE,FALSE
OR = 1.075 (adult),statistical,FALSE,FALSE
OR = 0.227 (adult),statistical,FALSE,FALSE
spatial spill-over,other,FALSE,FALSE
memory constraints,other,FALSE,FALSE
Use larger samples,other,FALSE,FALSE
Small Areas (SAs),geographic,FALSE,FALSE
postal code areas,geographic,FALSE,FALSE
Postal code areas,geographic,FALSE,FALSE
140 m Â 140 m (19,quantitative,FALSE,FALSE
0.14 square miles,quantitative,FALSE,FALSE
Conditional Logit,methods,TRUE,TRUE
Mixed Logit Model,methods,FALSE,FALSE
Single crime type,crime_related,FALSE,FALSE
schools/colleges),crime_related,FALSE,FALSE
Australian census,crime_related,FALSE,FALSE
Mobile phone data,crime_related,FALSE,FALSE
Hispanic majority,statistical,FALSE,FALSE
decrease by 44.4%,statistical,FALSE,FALSE
previous research,other,FALSE,FALSE
Data availability,other,FALSE,FALSE
Previous research,other,FALSE,FALSE
1997 - October 31,other,FALSE,FALSE
the Netherlands.,geographic,FALSE,FALSE
Northern Ireland,geographic,FALSE,FALSE
500 m grid cells,geographic,FALSE,FALSE
1.2 km² (median),quantitative,FALSE,FALSE
000 residents (1,quantitative,FALSE,FALSE
Stata (StataCorp,methods,FALSE,FALSE
personal robbery,crime_related,FALSE,FALSE
criminal threats,crime_related,FALSE,FALSE
drug trafficking,crime_related,FALSE,FALSE
2011 U.K. census,crime_related,FALSE,FALSE
UK Land Registry,crime_related,FALSE,FALSE
U.S. Census data,crime_related,FALSE,FALSE
pseudo R-squared,statistical,FALSE,FALSE
0.19 for Model 2,statistical,FALSE,FALSE
Bars: OR = 1.065,statistical,FALSE,FALSE
aggregation bias,other,FALSE,FALSE
and small hotels,other,FALSE,FALSE
Street segments,geographic,FALSE,FALSE
500 m on a side,quantitative,FALSE,FALSE
R version 3.0.2,methods,FALSE,FALSE
Ordnance Survey,crime_related,FALSE,FALSE
1.000 (Model 2),statistical,FALSE,FALSE
subway stations,statistical,FALSE,FALSE
871 burglaries),other,FALSE,FALSE
resulting in 44,other,FALSE,FALSE
street segments,other,FALSE,FALSE
2014 - May 30th,other,FALSE,FALSE
sports stadiums,other,FALSE,FALSE
United Kingdom,geographic,FALSE,FALSE
Baltimore City,geographic,FALSE,FALSE
Street segment,geographic,FALSE,FALSE
Neighbourhoods,geographic,FALSE,FALSE
0.063km² to 12,quantitative,FALSE,FALSE
"421
Total: 38",quantitative,FALSE,FALSE
1287 residents,quantitative,FALSE,FALSE
Street robbery,crime_related,FALSE,FALSE
street robbery,crime_related,FALSE,FALSE
any-crime-type,crime_related,FALSE,FALSE
US 2000 Census,crime_related,FALSE,FALSE
Study of Peers,crime_related,FALSE,FALSE
2011 UK Census,crime_related,FALSE,FALSE
2001 UK census,crime_related,FALSE,FALSE
US Census data,crime_related,FALSE,FALSE
Daodaotong Map,crime_related,FALSE,FALSE
Maximum = 5.69,statistical,FALSE,FALSE
marriage halls,statistical,FALSE,FALSE
χ 2 (4) = 17.8,statistical,FALSE,FALSE
mobility flows,statistical,FALSE,FALSE
street corners,other,FALSE,FALSE
single parcels,other,FALSE,FALSE
to December 31,other,FALSE,FALSE
In future work,other,FALSE,FALSE
000 robberies,geographic,FALSE,FALSE
United States,geographic,FALSE,FALSE
Neighborhoods,geographic,FALSE,FALSE
census blocks,geographic,FALSE,FALSE
neighborhoods,geographic,FALSE,FALSE
118 residents,quantitative,FALSE,FALSE
000 residents,quantitative,FALSE,FALSE
pickpocketing,crime_related,FALSE,FALSE
environmental,crime_related,TRUE,TRUE
LISA database,crime_related,FALSE,FALSE
hazard ratios,statistical,FALSE,FALSE
or Cohen's d),statistical,FALSE,FALSE
Adults = 1.63,statistical,FALSE,FALSE
semi-detached,statistical,FALSE,FALSE
street blocks,other,FALSE,FALSE
November 2017,other,FALSE,FALSE
2004 and 2005,other,FALSE,FALSE
High Wycombe,geographic,FALSE,FALSE
Beaconsfield,geographic,FALSE,FALSE
census tract,geographic,FALSE,FALSE
block groups,geographic,TRUE,TRUE
Census units,geographic,FALSE,FALSE
GeoDa 1.14.0,methods,FALSE,FALSE
ArcGIS V10.3,methods,FALSE,FALSE
drug dealing,crime_related,FALSE,FALSE
sex offences,crime_related,FALSE,FALSE
2003 to 2009,other,FALSE,FALSE
second-order,other,FALSE,FALSE
Netherlands,geographic,FALSE,FALSE
New Zealand,geographic,FALSE,FALSE
Sendai City,geographic,FALSE,FALSE
Bournemouth,geographic,FALSE,FALSE
communities,geographic,TRUE,TRUE
Communities,geographic,TRUE,TRUE
3197.26 km²,quantitative,FALSE,FALSE
Mixed Logit,methods,FALSE,FALSE
ICTCE 5.5.0,methods,FALSE,FALSE
Stata 10 SE,methods,FALSE,FALSE
ArcGIS 10.6,methods,FALSE,FALSE
other theft,crime_related,FALSE,FALSE
U.S. Census,crime_related,FALSE,FALSE
census data,crime_related,TRUE,TRUE
Police data,crime_related,FALSE,FALSE
Census data,crime_related,TRUE,TRUE
e b = 1.003,statistical,FALSE,FALSE
e b = 1.184,statistical,FALSE,FALSE
e b = 1.261,statistical,FALSE,FALSE
e b = 1.010,statistical,FALSE,FALSE
e b = 0.659,statistical,FALSE,FALSE
e b = 1.027,statistical,FALSE,FALSE
e b = 0.996,statistical,FALSE,FALSE
e b = 0.866,statistical,FALSE,FALSE
e b = 1.178,statistical,FALSE,FALSE
restaurants,statistical,FALSE,FALSE
odds ratios,statistical,FALSE,FALSE
health-care,statistical,FALSE,FALSE
August 6-11,other,FALSE,FALSE
Birmingham,geographic,FALSE,FALSE
Manchester,geographic,FALSE,FALSE
Zoetermeer,geographic,FALSE,FALSE
Grid cells,geographic,FALSE,FALSE
127.68 km²,quantitative,FALSE,FALSE
420.32 km²,quantitative,FALSE,FALSE
400 sq. km,quantitative,FALSE,FALSE
Stata 14.0,methods,FALSE,FALSE
Stata 13.0,methods,FALSE,FALSE
robberies),crime_related,FALSE,FALSE
burglaries,crime_related,FALSE,FALSE
Tamil Nadu,crime_related,FALSE,FALSE
BRP system,crime_related,FALSE,FALSE
OR = 0.636,statistical,FALSE,FALSE
OR = 0.673,statistical,FALSE,FALSE
OR = 1.027,statistical,FALSE,FALSE
OR = 0.772,statistical,FALSE,FALSE
OR = 1.008,statistical,FALSE,FALSE
OR = 1.015,statistical,FALSE,FALSE
OR = 1.011,statistical,FALSE,FALSE
workplaces,other,FALSE,FALSE
Area level,other,FALSE,FALSE
Australia,geographic,FALSE,FALSE
The Hague,geographic,FALSE,FALSE
Amsterdam,geographic,FALSE,FALSE
community,geographic,TRUE,TRUE
shootings,crime_related,FALSE,FALSE
homicides,crime_related,FALSE,FALSE
Snatching,crime_related,FALSE,FALSE
vandalism,crime_related,FALSE,FALSE
Baidu API,crime_related,FALSE,FALSE
LISA data,crime_related,FALSE,FALSE
p = 0.013,statistical,FALSE,FALSE
p = 0.915,statistical,FALSE,FALSE
OR = 1.02,statistical,FALSE,FALSE
OR = 1.24,statistical,FALSE,FALSE
OR = 1.01,statistical,FALSE,FALSE
OR = 0.69,statistical,FALSE,FALSE
OR = 0.64,statistical,FALSE,FALSE
OR = 0.67,statistical,FALSE,FALSE
OR = 0.62,statistical,FALSE,FALSE
OR = 1.25,statistical,FALSE,FALSE
OR = 1.46,statistical,FALSE,FALSE
Table 3).,statistical,FALSE,FALSE
bus stops,statistical,FALSE,FALSE
1996-1998,other,FALSE,FALSE
1969-1989,other,FALSE,FALSE
January 1,other,FALSE,FALSE
1996-2001,other,FALSE,FALSE
1996-2004,other,FALSE,FALSE
2005-2014,other,FALSE,FALSE
2009-2018,other,FALSE,FALSE
2012-2016,other,FALSE,FALSE
2006-2009,other,FALSE,FALSE
2013-2016,other,FALSE,FALSE
2004-2005,other,FALSE,FALSE
2002-2007,other,FALSE,FALSE
Richmond,geographic,TRUE,TRUE
Brisbane,geographic,FALSE,FALSE
Rijswijk,geographic,FALSE,FALSE
200x200m,quantitative,FALSE,FALSE
0.958km²,quantitative,FALSE,FALSE
1.62 km²,quantitative,FALSE,FALSE
1.68 km²,quantitative,FALSE,FALSE
0.68 km²,quantitative,FALSE,FALSE
0.66 km²,quantitative,FALSE,FALSE
2.96 km²,quantitative,FALSE,FALSE
6.76 km²,quantitative,FALSE,FALSE
150 km^2,quantitative,FALSE,FALSE
around 7,quantitative,FALSE,FALSE
Stata 14,methods,FALSE,FALSE
Graffiti,crime_related,FALSE,FALSE
burglary,crime_related,FALSE,FALSE
bombings,crime_related,FALSE,FALSE
Burglary,crime_related,FALSE,FALSE
forgery),crime_related,FALSE,FALSE
violence,crime_related,FALSE,FALSE
property,crime_related,TRUE,TRUE
Claritas,crime_related,FALSE,FALSE
POI data,crime_related,FALSE,FALSE
p < .001,statistical,FALSE,FALSE
siblings,statistical,FALSE,FALSE
p < 0.05,statistical,FALSE,FALSE
p < 0.01,statistical,FALSE,FALSE
recorded,other,TRUE,TRUE
June 1st,other,FALSE,FALSE
Belgium,geographic,FALSE,FALSE
Chicago,geographic,TRUE,TRUE
Belfast,geographic,FALSE,FALSE
ZG City,geographic,FALSE,FALSE
Chennai,geographic,FALSE,FALSE
ZG city,geographic,FALSE,FALSE
000 km²,quantitative,FALSE,FALSE
156 km²,quantitative,FALSE,FALSE
assault,crime_related,FALSE,FALSE
robbery,crime_related,FALSE,FALSE
Robbery,crime_related,FALSE,FALSE
Mugging,crime_related,FALSE,FALSE
traffic,crime_related,FALSE,FALSE
weapons,crime_related,FALSE,FALSE
schools,crime_related,FALSE,FALSE
Δdf = 2,statistical,FALSE,FALSE
or BIC),statistical,FALSE,FALSE
p < .01,statistical,FALSE,FALSE
second-,statistical,FALSE,FALSE
Marlow,geographic,FALSE,FALSE
London,geographic,TRUE,TRUE
Suburb,geographic,FALSE,FALSE
270km²,quantitative,FALSE,FALSE
social,crime_related,FALSE,FALSE
bridge,statistical,FALSE,FALSE
Theory,other,TRUE,TRUE
July 1,other,TRUE,TRUE
litter,other,FALSE,FALSE
Japan,geographic,FALSE,FALSE
China,geographic,FALSE,FALSE
India,geographic,FALSE,FALSE
Ghent,geographic,FALSE,FALSE
Poole,geographic,FALSE,FALSE
Tampa,geographic,FALSE,FALSE
Delft,geographic,FALSE,FALSE
Perth,geographic,FALSE,FALSE
house,geographic,TRUE,TRUE
wards,geographic,FALSE,FALSE
000-4,quantitative,FALSE,FALSE
000-3,quantitative,FALSE,FALSE
Stata,methods,FALSE,FALSE
STATA,methods,FALSE,FALSE
2005),methods,FALSE,FALSE
theft,crime_related,FALSE,FALSE
Theft,crime_related,FALSE,FALSE
drugs,crime_related,FALSE,FALSE
other,crime_related,TRUE,TRUE
parks,statistical,FALSE,FALSE
845.3,statistical,FALSE,FALSE
banks,statistical,FALSE,FALSE
urban,other,TRUE,TRUE
LSOAs,other,FALSE,FALSE
sizes,other,FALSE,FALSE
York,geographic,TRUE,TRUE
4558,quantitative,FALSE,FALSE
2517,quantitative,TRUE,TRUE
2153,quantitative,FALSE,FALSE
1616,quantitative,FALSE,FALSE
1973,quantitative,TRUE,TRUE
1971,quantitative,FALSE,FALSE
2643,quantitative,FALSE,FALSE
1636,quantitative,FALSE,FALSE
4006,quantitative,FALSE,FALSE
1174,quantitative,FALSE,FALSE
3436,quantitative,FALSE,FALSE
1262,quantitative,FALSE,FALSE
7860,quantitative,FALSE,FALSE
1573,quantitative,FALSE,FALSE
3860,quantitative,FALSE,FALSE
1540,quantitative,FALSE,FALSE
2844,quantitative,FALSE,FALSE
5956,quantitative,FALSE,FALSE
7700,quantitative,FALSE,FALSE
4900,quantitative,FALSE,FALSE
ATMs,statistical,FALSE,FALSE
1997,other,TRUE,TRUE
2001,other,TRUE,TRUE
2005,other,FALSE,FALSE
2011,other,FALSE,FALSE
2013,other,FALSE,FALSE
2016,other,FALSE,FALSE
2017,other,FALSE,FALSE
2002,other,FALSE,FALSE
503,quantitative,FALSE,FALSE
589,quantitative,FALSE,FALSE
300,quantitative,FALSE,FALSE
233,quantitative,FALSE,FALSE
262,quantitative,FALSE,FALSE
594,quantitative,FALSE,FALSE
134,quantitative,FALSE,FALSE
286,quantitative,FALSE,FALSE
895,quantitative,FALSE,FALSE
890,quantitative,FALSE,FALSE
198,quantitative,FALSE,FALSE
765,quantitative,FALSE,FALSE
653,quantitative,FALSE,FALSE
687,quantitative,FALSE,FALSE
844,quantitative,FALSE,FALSE
193,quantitative,FALSE,FALSE
334,quantitative,FALSE,FALSE
652,quantitative,FALSE,FALSE
304,quantitative,FALSE,FALSE
201,quantitative,FALSE,FALSE
821,quantitative,FALSE,FALSE
305,quantitative,FALSE,FALSE
142,quantitative,TRUE,TRUE
000,quantitative,FALSE,FALSE
984,quantitative,FALSE,FALSE
291,quantitative,FALSE,FALSE
158,quantitative,FALSE,FALSE
650,quantitative,FALSE,FALSE
155,quantitative,TRUE,TRUE
655,quantitative,FALSE,FALSE
938,quantitative,FALSE,FALSE
369,quantitative,FALSE,FALSE
459,quantitative,FALSE,FALSE
637,quantitative,FALSE,FALSE
165,quantitative,FALSE,FALSE
150,quantitative,FALSE,FALSE
721,quantitative,FALSE,FALSE
299,quantitative,TRUE,TRUE
393,quantitative,FALSE,FALSE
105,quantitative,TRUE,TRUE
337,quantitative,FALSE,FALSE
548,quantitative,FALSE,FALSE
078,quantitative,FALSE,FALSE
679,quantitative,FALSE,FALSE
182,quantitative,FALSE,FALSE
972,quantitative,FALSE,FALSE
120,quantitative,FALSE,FALSE
124,quantitative,FALSE,FALSE
358,quantitative,TRUE,TRUE
088,quantitative,FALSE,FALSE
140,quantitative,FALSE,FALSE
639,quantitative,FALSE,FALSE
283,quantitative,FALSE,FALSE
420,quantitative,FALSE,FALSE
179,quantitative,FALSE,FALSE
871,quantitative,FALSE,FALSE
276,quantitative,FALSE,FALSE
761,quantitative,FALSE,FALSE
524,quantitative,FALSE,FALSE
500,quantitative,FALSE,FALSE
957,quantitative,FALSE,FALSE
195,quantitative,FALSE,FALSE
675,quantitative,FALSE,FALSE
900,quantitative,FALSE,FALSE
Yes,methods,FALSE,FALSE
UK),crime_related,FALSE,FALSE
AIC,statistical,FALSE,FALSE
BIC,statistical,TRUE,TRUE
.61,statistical,FALSE,FALSE
332,other,FALSE,FALSE
874,other,FALSE,FALSE
