term,category,color
"1. Home in SA2
2. Home at 0-200 m
3. Home at 200-500 m
4. Home at 500 m-1 km
5. Home at 1-2 km
6. Home at 2-5 km
7. Family homes in SA2
8. Family homes at 0-200 m
9. Family homes at 200-500 m
10. Family homes at 500 m-1 km
11. Family homes at 1-2 km
12. Family homes at 2-5 km
13. School in SA2
14. School at 0-200 m
15. School at 200-500 m
16. School at 500 m-1 km
17. School at 1-2 km
18. School at 2-5 km
19. Work in SA2
20. Work at 0-200 m
21. Work at 200-500 m
22. Work at 500 m-1 km
23. Work at 1-2 km
24. Work at 2-5 km
25. Prior offences in SA2
26. Prior offences at 0-200 m
27. Prior offences at 200-500 m
28. Prior offences at 500 m-1 km
29. Prior offences at 1-2 km
30. Prior offences at 2-5 km
31. Prior victim/witness in SA2
32. Prior victim/witness at 0-200 m
33. Prior victim/witness at 200-500 m
34. Prior victim/witness at 500 m-1 km
35. Prior victim/witness at 1-2 km
36. Prior victim/witness at 2-5 km
37. Prior incidents in SA2
38. Prior incidents at 0-200 m
39. Prior incidents at 200-500 m
40. Prior incidents at 500 m-1 km
41. Prior incidents at 1-2 km
42. Prior incidents at 2-5 km
43. Other location in SA2
44. Other location at 0-200 m
45. Other location at 200-500 m
46. Other location at 500 m-1 km
47. Other location at 1-2 km
48. Other location at 2-5 km
49. Number of dwellings (residential burglary)
50. Total number of business units (non-residential burglary)
51. Number of business units in industry categories (commercial robbery)
52. Number of business units in commercial or public industries (personal robbery)
53. Number of business units in commercial or public industries (sex offences)",statistical,plum
"Distance from residence: Odds decrease by a factor of 0.6 for every kilometer.
- Presence of schools: Odds increase by a factor of 1.29 to 2.09 for each additional school.
- Presence of a tube station: Odds more than double if an area contains a tube station.
- Retail establishments: Odds increase by a factor of 1.28 for every additional 250 m^2 of retail space.
- Proximity to the Thames River: Odds are up to five times higher if the area is on the same side of the river as the offender's residence.
- Deprivation: Odds increase by a factor of 1.27 to 1.63 for every 10-unit increase in deprivation.
- Population churn: Odds increase by a factor of 1.20 for every 10-unit increase in churn rate.
- Ethnic diversity: Odds increase by a factor of 1.19 for every 10-unit increase in ethnic heterogeneity on one of the days.
- Recent activity: Odds increase by a factor of 1.14 for every additional incident in the previous 24 hours.",statistical,plum
"1. Previous crime location on same weekday
2. Previous crime location on different weekday
3. Previous crime location on same weekend day
4. Previous crime location on different weekend day
5. Previous crime location on different week part
6. Previous crime location with a zero-hour difference
7. Previous crime location with a one-to two-hour difference
8. Previous crime location with a three-to five-hour difference
9. Previous crime location with a greater than six-hour difference
10. Previous crime of the same type
11. Previous crime of a different type
12. Offender's current or former residence
13. Distance from current residential area to target area alternatives
14. Proportion of residents with a non-Western background
15. Proportion of single-person households
16. Population density
17. Number of employees
18. Presence of facilities in each postal code",statistical,plum
"1. Presence of bars and clubs
2. Presence of restaurants and fast-food outlets
3. Presence of barber shops and beauty salons
4. Presence of liquor stores
5. Presence of grocery stores
6. Presence of general merchandise stores
7. Presence of gas stations
8. Presence of laundromats
9. Presence of pawnshops and cash services
10. Presence of drug-related incidents
11. Presence of prostitution-related incidents
12. Presence of gambling-related incidents
13. Block located on a main street
14. Presence of an El station
15. Presence of private and public high schools
16. Total number of residents in the census block
17. Racial and ethnic composition of the population
18. Dummy variable for racial/ethnic match between offender and block population
19. Euclidean distance from offender's home to crime location
20. Negative value of the log of distance",statistical,plum
"1. Time spent in location (5-16 hours)
2. Time spent in a location 1st order contiguous to location
3. Time spent in a location 2nd order contiguous to location
4. Time spent in a location 3rd order contiguous to location
5. Time spent in a location 4th order contiguous to location
6. Time spent in a location 5th order contiguous to location
7. Prior crime in location
8. Prior crime in a location 1st order contiguous to location
9. Prior crime in a location 2nd order contiguous to location
10. Prior crime in a location 3rd order contiguous to location
11. Prior crime in a location 4th order contiguous to location
12. Prior crime in a location 5th order contiguous to location
13. Presence of at least one catering business in location
14. Presence of at least one retail business in location
15. Presence of at least one school in location",statistical,plum
"1. Previously_chosen
2. Distance_to_prior_offense
3. Previously_chosen_within_2_days
4. Previously_chosen_within_3_to_7_days
5. Previously_chosen_within_8_to_30_days
6. Previously_chosen_within_31_to_183_days
7. Previously_chosen_within_184_to_730_days
8. Previously_chosen_within_731_to_1096_days
9. Number_of_prior_offenses
10. Same_type_of_crime
11. Different_type_of_crime
12. Current_residence_short_term
13. Current_residence_long_term
14. Former_residence_short_term
15. Former_residence_long_term
16. Distance_to_current_residence
17. Population_density
18. Proportion_of_single_person_households
19. Proportion_of_non_Western_residents
20. Number_of_retail_stores
21. Number_of_hotels_restaurants_and_bars
22. Number_of_schools
23. Number_of_culture_health_care_and_sports_facilities
24. Number_of_people_working",statistical,plum
"Residential density: Odds ratio = 0.9 (10% decrease for every additional 1000 residences per square kilometer)
- Prior burglary activity: Odds ratio = 19 (19 times more likely to target a residence in a previously burglarized neighborhood)
- Detached residences: Odds ratio = 1.35 (35% greater likelihood compared to terraced residences)
- Single-unit buildings: Odds ratio = 1.42 (42% higher likelihood compared to multi-unit buildings)
- Renter-occupied residences: Odds ratio = 2.01 (101% greater likelihood compared to owner-occupied residences)
- Distance from offender's home: Odds ratio = 0.45 (55% decrease for every kilometer further away)
- Interaction effects:
  - Distance and neighborhood median income: Odds ratio ranges from 0.37 to 0.64 and from 0.92 to 1.27",statistical,plum
"Odds ratio for targeting an LSOA previously burgled within the past two days: 16.6
- Odds ratio for targeting an LSOA previously burgled 3-6 days ago: 5.8
- Odds ratio for targeting an LSOA previously burgled 7-30 days ago: 4.3
- Odds ratio for targeting an LSOA previously burgled 1-6 months ago: 2.2
- Odds ratio for targeting an LSOA previously burgled 6-24 months ago: 2.0
- Odds ratio for targeting an LSOA in the same MSOA where a prior burglary occurred within the past two days: 3.6
- Odds ratio for targeting an LSOA in the same MSOA where a prior burglary occurred 3-6 days ago: 2.3
- Odds ratio for distance from the burglar's home: 0.58 (decrease by 42% per kilometer)
- Odds ratio for distance from the city center: 1.10 (increase by 10% per kilometer)",statistical,plum
"1. Current residential area of any family member
2. Former residential area of any family member
3. Current residential area of parents
4. Former residential area of parents
5. Current residential area of siblings
6. Former residential area of siblings
7. Current residential area of children
8. Former residential area of children
9. Previous crime location
10. Current residential area of offender
11. Former residential area of offender
12. Distance to current residential area of offender
13. Population density
14. Proportion of single-person households
15. Proportion of residents with a non-Western background
16. Number of retail stores
17. Number of hotels restaurants bars
18. Number of schools
19. Number of culture",statistical,plum
"Distance from offender's residence: Odds ratio = 0.70 (30% decrease per 1 km increase)
- Number of residential units: Odds ratio = 1.05 (5% increase per 100-unit increase)
- Proportion of single-family dwellings: Odds ratio = 1.06 (6% increase per 10% increase)
- Number of past residential burglaries: Odds ratio = 1.16 (16% increase per additional burglary)
- Past residential burglary rate: Odds ratio = 1.79 (79% increase per 1 per 100 residential units increase)
- Standard partial regression coefficients:
  - Distance from offender's residence: -2.02
  - Number of past residential burglaries: 0.23
  - Number of residential units: 0.22
  - Proportion of single-family dwellings: 0.20",statistical,plum
"Home node for sex offences: OR 235
- Home node for residential burglary: OR 53.97
- Home node for non-residential burglary: OR 28.66
- Home node for commercial robbery: OR 19.43
- Victim/witness node for non-residential burglary: OR 1.22
- Crime opportunity for residential burglary: OR increases by 7% for every 100 households
- Crime opportunity for non-residential burglary: OR increases by 12% for every 100 businesses
- Crime opportunity for commercial robbery: OR increases by 14% for every 100 businesses
- Crime opportunity for personal robbery: OR increases by 13% for every 100 businesses
- Crime opportunity for sex offences: OR increases by 10% for every 100 households",statistical,plum
"5.79 (former)
- Odds ratio for proximity to current residence: .74 (26% reduction per kilometer)
- Odds ratio for proximity to former residence: .87 (9% reduction per kilometer)
- Odds ratio for current residence lived in for more than 2 years: 10.33
- Odds ratio for current residence lived in for less than 2 years: 6.01
- Odds ratio for former residence lived in for more than 2 years until recently: 6.57
- Odds ratio for former residence lived in for a short period until recently: 2.96
- Odds ratio for former residence lived in for more than 2 years but left long ago: 3.76
- Odds ratio for former residence lived in for less than 2 years and left long ago: 2.52",statistical,plum
"leading to a reduced sample size.
- Use of police arrest data may over-represent co-offending groups.
- Potential incompleteness of data if some offenders in a group were not arrested.
- Geographical limitation to the greater The Hague region.
- Limited measurement of awareness space to home and crime locations.
- Use of a four-digit postal code area as a potentially large spatial unit.
- Issues with spatial interdependence if smaller units are used.
- Modifiable areal unit problem affecting spatial unit choice.
- Alternative definitions and measurements of shared awareness space could affect results.",other,lightcoral
"Future research should explore repeated victimization by examining if burglars return to the same residences they previously targeted.
- Investigate short-distance spatial spillover mechanisms to analyze how the attributes of one residence affect nearby residences.
- Consider both residence-level and neighborhood-level attributes in future research for a multi-scale approach.
- Inform effective prevention strategies by considering how spatial units and scales can impact crime prevention and policy.
- Further research into optimal spatial units and scales for understanding offender spatial decision-making.",other,lightcoral
"1. Number of windows from neighbouring residential units with a direct view of the front ground floor
2. Distance between the property and the building on the other side of the street
3. Visibility of the front door from the street
4. Whether the property was at the end of a row of properties
5. Number of boundaries the property shared with public areas
6. Whether the private space of the property could be sealed off with physical barriers
7. Whether the property has a burglar alarm
8. Whether the property was setback from the street
9. Age of the building
10. Whether the property had amenities",statistical,plum
"1. Distance from offender's residence
2. Population size
3. Affluence
4. Total floor area of retail businesses
5. Distance to the nearest highway ramp
6. Mean value of residential property
7. Population density
8. Population size
9. Population percentage of 15-25-year-old residents
10. Population percentage of foreign-born residents
11. Population percentage of single residents
12. Whether the area was a current residence
13. Whether the area was a former residence
14. Duration of residence in current area
15. Duration of residence in former area
16. Recency of residence in former area",statistical,plum
"Percentage of Black residents: e^b = 1.003 (3% increase in odds for a 10% increase)
- Concentrated disadvantage: e^b = 1.184
- Residential stability: e^b = 1.261
- Ethnic heterogeneity: e^b = 1.010
- Distance from home: e^b = 0.659
- Distance squared: e^b = 1.027
- Difference in Black population: e^b = 0.996 (4% decrease in odds for a 10% difference)
- Difference in concentrated disadvantage: e^b = 0.866
- Difference in residential stability: e^b = 1.178 (18% increase in odds for a 10% difference)
- Interactions between home and target racial/ethnic composition: significant and positive",statistical,plum
"Increase geographic granularity by using smaller spatial units like street segments or individual properties.
- Consider temporal variations in crime opportunities.
- Extend the scope of variables in models of crime location choice.
- Use smaller spatial units like census blocks for robust results.
- Replicate studies with different datasets and jurisdictions.
- Conduct initial tests to compare sampling strategies.
- Use importance sampling for idiosyncratic variables and skewed distributions.
- Investigate the effect of decreasing the proportion of importance sampled alternatives.",other,lightcoral
"1. Number of barber shops and beauty salons
2. Number of liquor stores
3. Number of drug-related incidents
4. Number of prostitution-related incidents
5. Number of gambling-related incidents
6. Presence of main streets
7. Presence of El station
8. Presence of high school
9. Racial and ethnic composition of the block
10. Racial and ethnic background of the offenders
11. Total population of the block
12. Distance from offender's home to potential robbery location (logged)
13. Spatially lagged variables for adjacent blocks (including business types and illegal activities)",statistical,plum
"which is a finer scale than previously used large urban areas or census tracts.
- The selection of census blocks was influenced by their small size and detailed data availability.
- The study excluded blocks with no land and robberies committed outside Chicago city boundaries.
- A limitation of the data was the inability to track offenders across multiple robberies.
- The assumption that robbers have detailed knowledge of all census blocks is a strong one.
- The study did not have access to information on prior crimes or past residential addresses of offenders.",other,lightcoral
"Area where the offender lives: 11.6 times more likely
- Current area of residence with long-term experience: 15.3 times more likely
- Current area of residence with short-term experience: 9.5 times more likely
- Former residential areas: 8.3 times more likely
- Former areas with long-term residence: 10.3 times more likely
- Former areas with short-term residence: 6.9 times more likely
- Former areas left recently: 13.0 times more likely
- Former areas left less recently: 6.7 times more likely
- Areas of long and recent residence: 17.0 times more likely",statistical,plum
"The study area was limited to the ""built-up areas"" of three towns with a 1-km buffer.
- Data was restricted to residential burglaries recorded and cleared by the police.
- Geocoding limitations existed for some locations.
- Offenses outside the study area or committed by individuals living outside the area were excluded.
- No systematic social observation data was collected for social disorganization.
- Findings may only apply to offenders who were caught and recorded by the police.
- Replication with other forms of data is needed for external validity.",other,lightcoral
The authors discuss the Modifiable Areal Unit Problem (MAUP) by justifying their choice of street segments as the unit of analysis. They argue that this scale better captures the spatial logic of offender decision-making and allows for more precise measurement of constructs like guardianship and awareness spaces. They also acknowledge that using smaller spatial units helps to avoid aggregation bias and captures local variations that would be lost at larger scales. The discussion implies an awareness of scale effects and spatial autocorrelation issues,other,lightcoral
"Residential density: 10% decrease in odds for every additional 1000 residences per square kilometer
- Prior burglary activity: 19 times greater odds of selecting a residence in a neighborhood where they committed a burglary in the past 6 months
- Detached residences: 35% greater odds of being burglarized compared to terraced residences
- Renter-occupied residences: 101% greater odds of being selected compared to owner-occupied residences
- Distance: 55% decrease in odds for every kilometer a residence is further away from the offender's home",statistical,plum
"Odds ratios (ORs) for activity nodes: 
  - Home node + sex offence: OR = 235
  - Victim/witness node + non-residential burglary: OR = 1.22
- Percentage changes in odds for crime opportunity variables:
  - Residential burglary: +7% for every 100 additional households
  - Non-residential burglary: +12% for every 100 additional businesses
  - Commercial robbery: +14% for every 100 additional businesses
  - Personal robbery: +13% for every 100 additional businesses
  - Sex offences: +10% for every 100 additional households or businesses",statistical,plum
"1. W ij - Swan River barrier
2. F ij - Major roads barrier
3. T ij - Train network connector
4. D ij - Distance between suburbs
5. A i D ij - Distance for adult offenders
6. J i D ij - Distance for juvenile offenders
7. V j - Victim suburb weekly income
8. S j - Socio-Economic Index for Areas (SEIFA) value
9. M j - Victim suburb 5-year residential mobility rates
10. R j - Victim suburb percentage of rental properties
11. E j - Victim suburb ethnic heterogeneity
12. H j - Total number of residential units in the victim suburb",statistical,plum
"1. Whether the offender lives in the area
2. Whether the offender ever has lived in the area before
3. Whether the offender has lived in the area longer or shorter than 2 years
4. Whether the offender has moved out of the area shorter or longer than 2 years ago
5. The distance between the area and the offender's current area of residence
6. The shortest distance between the area and the nearest former area of residence
7. Population size
8. Percentage of single-person households
9. Poverty level
10. Level of urbanization",statistical,plum
"Distance from home: OR = 4.33
- Proportion of houses built after 2000: OR = 1.83
- Low-rent communities: OR = 0.75
- Medium-rent communities: OR = 0.70
- High-rent communities: OR = 0.50
- Communities with more high-rise buildings: OR = 0.38
- Communities with more households: OR = 2.11
- Crossing a river: OR = 0.57 (43% reduction)
- Crossing a major road with access control: OR = 0.82 (18% reduction)
- Crossing a major road without access control: OR = 0.55 (45% reduction)
- Crossing multiple rivers: χ 2 (1) = 29.38",statistical,plum
"Data availability: The study used block groups to ensure availability of contextual data not available at the block level.
- Administrative boundary constraints: The study normalized 2010 tract boundaries into 2000 boundaries due to changes in administrative boundaries over time.
- Objective-driven choice: The choice of block groups was influenced by the study's objective to emphasize geographic context.
- Consistency with recent scholarship: The use of block groups is consistent with recent studies in the field.",other,lightcoral
"e β = 0.54 (juveniles)
- Presence of schools: No specific coefficient value provided
- Proximity to city center: No specific coefficient value provided
- Presence of train station: No specific coefficient value provided
- Connectivity: Odds increased by a factor of about two for adult offenders
- Population turnover: Odds increased by a factor of 1.20 for every 10% increase
- Social heterogeneity: Odds almost double for every 10% increase
- Number of registered vehicles: Small but significant effect",statistical,plum
"1. Residential area of the offender
2. Residential area of family members
3. Number of bars/restaurants/hotels
4. Collective efficacy
5. Former residential area of the offender
6. Distance between the offender's residential area and the crime location
7. Previous crime locations
8. Other postal code area characteristics (shops and schools)
9. Neighborhood disorder
10. Population density
11. Proportion of single-person households
12. Proportion of residents with a non-western background",statistical,plum
"Data availability: The choice of spatial units was influenced by the availability of detailed socio-economic data from Statistics Netherlands.
- Administrative boundary constraints: The study adhered to existing administrative divisions of Dutch neighbourhoods.
- Spatial accuracy: The use of neighbourhoods was influenced by the need for lower spatial accuracy compared to smaller units like street segments.
- Practical constraints: The study considered the homogeneity and size of neighbourhoods",other,lightcoral
"Odds Ratio (OR) for committing a crime on the same weekend day: 6.38
- OR for committing a crime on a different weekend day: 2.93
- OR for committing a crime on the same weekday: 4.26
- OR for committing a crime on a different weekday: 3.82
- OR for committing a crime on a different part of the week: 3.02
- OR for committing a crime on the same weekend day with a zero-hour difference: 25.77
- OR for committing a crime on the same weekend day with a greater than six-hour difference: 3.22",statistical,plum
The authors mention computational constraints related to the size of the data and the estimation methods. Maximum simulated likelihood estimation is not feasible for large choice sets due to issues with Halton sequences. The use of hierarchical Bayes estimation is a workaround for these constraints. The technique typically used to solve estimation problems cannot be used in the mixed logit case due to the IIA property. These constraints influenced the choice of model and estimation method.,other,lightcoral
"1. Residential area of the offender
2. First-order spatial lag from residential area
3. Second-order spatial lag from residential area
4. Third-order spatial lag from residential area
5. Presence of any activity node in a neighbourhood
6. First-order spatial lag from any activity node
7. Second-order spatial lag from any activity node
8. Third-order spatial lag from any activity node
9. Visiting frequency of activity nodes
10. Residential population density
11. Employee density",statistical,plum
"Previously chosen: Odds ratio = 7.17
- Distance to prior crime location: Odds ratio = 0.69
- Time intervals:
  - Within 2 days: Odds ratio = 59.94
  - 2-3 years: Odds ratio = 3.43
- Frequency of prior crimes:
  - Two crimes: Odds ratio = 1.62
  - Three or four crimes: Odds ratio = 2.25
  - Five to eight crimes: Odds ratio = 2.95
  - Nine or more crimes: Odds ratio = 8.63
- Type of prior crime:
  - Same type: Odds ratio = 7.25
  - Different type: Odds ratio = 3.07",statistical,plum
"Apply the approach to other European and non-European cities to examine transferability.
- Extend the model to study complex questions like group burglaries and repeat offending.
- Study developmental patterns and changes in decision criteria over time.
- Consider characteristics of adjacent neighborhoods.
- Extend the model to spatial-temporal choice problems.
- Apply the approach to other types of offenses.
- Use the approach in geographic profiling.",other,lightcoral
"Data availability issues: Limited to detected residential burglaries.
- Administrative boundary constraints: Use of Statistical Local Areas (SLAs).
- Assumptions about offending trips: Originating from home locations.
- Limitations in neighborhood characteristics: Use of secondary data sources and proxies.
- Estimation challenges: Mixed logit model limitations due to IIA property.
- Unaddressed assumptions: Several assumptions remain uninvestigated.",other,lightcoral
"Future studies should test findings in other areas to ensure applicability across different countries and cities.
- Examine the effect of past crime data on other types of crimes.
- Integrate past crime data into geographical profiling to improve accuracy.
- Improve methodologies for measuring road structures and integrating crime attractors into analysis.
- Explore application of findings to other types of crimes and geographical profiling methods.",other,lightcoral
"to better capture offender decision-making.
- Novel measures of offender awareness could be further developed by using other anchor points like place of work or other locations.
- Extending established betweenness measures to consider temporal variations in traffic flows and public transportation systems could provide additional insights.
- Explaining variation in individual taste preferences across offenders is a challenge for future research.",other,lightcoral
"Conduct future studies in larger geographical areas to increase generalizability.
- Provide a more direct test of the impact of different activity nodes on crime location choice.
- Consider paths between activity nodes in addition to the nodes themselves.
- Analyze different crime types separately to account for varying influences of residential areas.
- Conduct offender-based research to gather direct information on routine activities.",other,lightcoral
"Overrepresentation and underrepresentation of certain educational qualification groups due to school selection.
- High attrition rate due to difficulties in contacting students who left their original schools.
- Incomplete police data due to unreported crimes and unapprehended offenders.
- Limited availability of reliable crime data due to the discontinuation of the HKS system in 2013.
- Measurement period did not include summer months",other,lightcoral
"Number of people on the street: 1.114
- Percent fence: Positive and significant (no specific value provided)
- Percent plant: Positive and significant (no specific value provided)
- Percent wall: Positive but non-significant (no specific value provided)
- Percent grass: Negative and significant (no specific value provided)
- Percent sidewalk: Negative and significant (no specific value provided)
- Proximity effect: 1.297 (Model 1)",statistical,plum
"Increase in odds by 11.4% for every 1000 more people.
- Percent fence: Positive and statistically significant (exact odds ratio not provided).
- Percent plant: Positive and statistically significant (exact odds ratio not provided).
- Percent grass: Negative effect (exact odds ratio not provided).
- Percent sidewalk: Negative effect (exact odds ratio not provided).
- Proximity effect: Odds ratio = 1.297 (Model 1) and 1.295 (Model 2)",statistical,plum
"Coffeeshops: Odds ratio = 1.185 (18.5% increase in likelihood of being chosen for soliciting customers)
- Activity-level measures: Odds ratios above unity (positive association with likelihood of being chosen for soliciting customers)
- Accessibility measures: Odds ratios above unity (positive association with likelihood of being chosen for soliciting customers)
- Police presence and social control: No specific odds ratios provided",statistical,plum
"1. Racial_and_ethnic_dissimilarity
2. Gang_territorial_dissimilarity
3. Drug_dealers_and_customers
4. Prostitutes_and_customers
5. High_school_students
6. Retail_employment
7. Collective_efficacy
8. Log_distance
9. Resident_tract_population
10. Juvenile_distance_interaction
11. Adult_distance_interaction
12. African_American_offender_interaction
13. Non_Hispanic_white_offender_interaction
14. Hispanic_offender_interaction",statistical,plum
"such as affluence levels and residential segregation information.
- The use of SAs was influenced by the lack of ecological meaning in areal unit boundaries and the potential inaccuracy in representing local perceptions.
- The study notes that smaller units like street blocks would be more appropriate but were limited by data availability.
- The choice of larger areal units like SAs was also influenced by statistical considerations",other,lightcoral
The study used four-digit postal code areas as the spatial unit of analysis due to their inverse relationship with urbanization levels and their size being a useful indication of areas people are familiar with. The choice was influenced by the need to balance between spatial detail and the complexity of modeling spatial interdependence. The modifiable areal unit problem was acknowledged as a consideration in choosing the spatial unit.,other,lightcoral
"Time constraint: Observing each street segment took an average of 15 minutes.
- Resource limitation: Comprehensive observation of all street segments for a week was beyond their resources.
- Temporal disparity: Partial overlap between observation and interview periods may have introduced temporal disparities.
- Sample size limitation: Limited number of observations led to tentative conclusions and lack of statistical significance.",other,lightcoral
"Use of predefined ""statistical districts"" as neighborhoods may not align with actual spatial patterns.
- Neighborhood and residence data were not contemporaneous with burglary data.
- Census data lack relevant variables for burglary target selection.
- Scarcity of large-scale residence-level data and difficulty in measuring situational cues.
- Assumptions about burglary trip origins and offender information may not be accurate.",other,lightcoral
"1. Home_location
2. Previous_home_location
3. Previous_crime_location
4. Shared_home_location
5. Shared_previous_home_location
6. Shared_previous_crime_location
7. Total_residents
8. Non_Western_ethnic_background
9. Single_person_households
10. Population_density
11. Retail_stores
12. Hotels
13. Restaurants
14. Bars
15. Schools
16. Cultural_facilities
17. Health_care_institutions
18. Sport_and_leisure_facilities",statistical,plum
"Use of postal codes as spatial units due to their alignment with streets and adjacent properties.
- Limited availability of attributes for postal codes.
- Reliance on publicly available data from Statistics Netherlands.
- Study area defined by the Greater The Hague Area with specific inclusion criteria for postal code areas.
- Low burglary clearance rate and potential bias in cleared cases affecting data representativeness.",other,lightcoral
"1. Propinquity (distance from home)
2. Routine activity nodes (presence of schools)
3. Accessibility via tube stations
4. Retail establishments
5. Proximity to the city center
6. Presence of the Thames River
7. Deprivation (Index of Multiple Deprivation)
8. Ethnic heterogeneity (index of qualitative variation)
9. Population churn rates
10. Population density
11. Contagion (number of offenses in the previous 24 hours)",statistical,plum
"Use smaller spatial units like street blocks for more accurate analysis of social disorganisation.
- Replicate the study in other cities and with different terrorist groups to ensure transferability.
- Further disaggregate data for more detailed analysis.
- Consider alternative models like mixed logit or latent class models.
- Incorporate temporal variations into the analysis to better understand target selection patterns.",other,lightcoral
"Schools: Not significant
- Markets: Not significant
- Bars: Not significant
- Subway stations: Increases odds by 57.0%
- Cinemas: Increases odds by 15.4%
- Hospitals: Increases odds by 13.5%
- Basic stores: Less influential
- Restaurants: Less influential
- Bus stops: Less influential
- Proportion of non-locals: Increases odds by 19.8%
- Distance: Strong positive effect
- Mobility flows: Significant positive effect",statistical,plum
"1. Malls and supermarkets
2. Grocers
3. Terminal markets
4. Bars and clubs
5. Cybercafés
6. Sports stadiums
7. High schools
8. ATMs and banks
9. Car parks
10. Bus stops
11. Transportation hubs
12. Subway stations
13. Density of road network
14. Distance of journey to crime
15. Proportion of migrants
16. Proportion of youngsters
17. Socioeconomic heterogeneity
18. Ambient population
19. Surveillance cameras",statistical,plum
"each additional 100 households increases odds by 1.06 times.
- Presence of activity node within 5 km of SA2 increases odds by over 20 times.
- Sex offenses: Odds are particularly high (~1000x) when activity node is present in SA2.
- Odds remain significant (ORs 16.1 to 21.5) even at distances of 2-5 km from activity nodes.
- Commercial robbery: Smaller odds in close proximity to activity nodes compared to other crimes.",statistical,plum
"Geographical scope limited to the central urban area due to availability of street view images.
- Administrative boundary constraints: use of communities as the smallest administrative unit for census and survey data.
- Data availability issue: exclusion of communities without street view images.
- Potential limitations in considering other neighborhood structural conditions like social cohesion and ecological networks.",other,lightcoral
"Area where the offender lives: 11.6
- Distance: 0.91
- Current residence duration >2 years: 15.3
- Current residence duration <2 years: 9.5
- Former residence: 8.3
- Former residence duration >2 years: 10.3
- Former residence duration <2 years: 6.9
- Recency of former residence <2 years ago: 13.0
- Recency of former residence >2 years ago: 6.7
- Combined effect of long and recent former residence: 17.0",statistical,plum
""" the odds of a street segment being selected increases on average by 2.51.
- Vehicular betweenness: Segments with greater levels of vehicular traffic were less likely to be chosen (no specific OR provided).
- Residential mobility and socioeconomic heterogeneity: Positively associated with a location being selected for burglary.
- Affluence: Negatively associated with a location being selected for burglary.",statistical,plum
"1. Distance_to_home_base
2. Physical_barrier_river
3. Physical_barrier_major_road_with_access_control
4. Physical_barrier_major_road_without_access_control
5. Social_barrier_local_resident_majority
6. Social_barrier_nonlocal_resident_majority
7. Social_barrier_mixed_community
8. Proportion_of_houses_built_after_2000
9. Average_rent_price
10. Number_of_high-rise_buildings
11. Number_of_households",statistical,plum
"Distance: OR = 4.33
- Proportion of houses built after 2000: OR = 1.83
- Low-rent communities: OR = 0.75
- Medium-rent communities: OR = 0.70
- High-rent communities: OR = 0.50
- High-rise buildings: OR = 0.38
- Communities with more households: OR = 2.11
- Crossing a river: OR = 0.57
- Crossing a major road with access control: OR = 0.82
- Crossing a major road without access control: OR = 0.55",statistical,plum
"1. Malls and supermarkets
2. Grocers
3. Wholesale markets
4. Bars and clubs
5. Sports stadiums
6. High schools
7. ATMs and banks
8. Carparks
9. Bus stops
10. Transportation hubs
11. Subway stations
12. Density of road network
13. Proportion of migrants
14. Proportion of youngsters
15. Socioeconomic heterogeneity
16. Daily human mobility
17. Detection rate
18. Distance of journey to crime",statistical,plum
"Presence of a fast-food restaurant: Odds ratio = 1.256 (25.6% increase)
- Presence of an El station: Odds ratio = 3.43
- Presence of a high school: Odds ratio = 1.78
- African-American robbers targeting African-American majority blocks: Odds ratio = 1.98
- Hispanic robbers targeting Hispanic majority blocks: Odds ratio = 3.82
- Hispanic robbers targeting mixed population blocks: Odds ratio = 2.25",statistical,plum
"Inability to measure residential real estate value consistently across all regions.
- Reliance on cleared offense data.
- Assumption that crime trips originate from an offender's residence.
- Limitations in building a consolidated model due to the lowest common denominator of available data.
- Inability to include an indicator of ethnic heterogeneity equivalent to that in the original study.",other,lightcoral
"1. Time Interval Between Two Robberies
2. Distance of Journey to Prior Robbery
3. Not Arrested in the Act of Prior Robbery
4. Transportation Hubs
5. Subway Stations
6. Bus Stations
7. Bars and Clubs
8. Cybercafés
9. Malls and Supermarkets
10. High Schools
11. Surveillance Cameras
12. Daily Human Mobility
13. Socioeconomic Heterogeneity
14. Distance of Journey to Subsequent Robbery",statistical,plum
"Small sample size (N = 71 offences committed by 30 offenders)
- Non-experimental research design with potential selection bias
- Limited to specific police regions in the Netherlands (The Hague and Noord-Holland)
- Bias related to police's ability to solve crimes within activity spaces
- Uncertainty in recall accuracy from respondents' memories
- Privacy concerns restricting data sharing",other,lightcoral
"1. Distance_to_home_base
2. Relative_mobility_flow
3. Number_of_primary_schools
4. Number_of_middle_schools
5. Number_of_hospitals
6. Number_of_basic_stores
7. Number_of_markets
8. Number_of_supermarkets
9. Number_of_restaurants
10. Number_of_cinemas
11. Number_of_bars
12. Number_of_banks
13. Number_of_subway_stations
14. Number_of_bus_stops
15. Proportion_of_nonlocal_residents",statistical,plum
"Data limitations include incomplete records of activity locations for each offender.
- Not all family members' addresses or employment/education records were available.
- Reliance on reported crimes and incidents means unreported activities are not included.
- Lack of association between certain activity nodes and crime types may be due to missing data.
- Study focused on solved cases",other,lightcoral
"The authors mention that using very small spatial units (like micro-places) in spatial choice models is complex due to issues like the need for ""sampling from alternatives"" and estimating ""multiple-level spillover effects."" This suggests computational constraints related to data processing and model estimation. The use of smaller spatial units is described as ""fraught with complex issues",other,lightcoral
"Current residence: 36.72
- Former residence: 8.63
- Recent former residence: 10.63
- Ancient former residence: 7.49
- Duration of residence:
  - Current residence > 2 years: 41.93
  - Current residence < 2 years: 19.53
  - Former residence > 2 years: 11.66
  - Former residence < 2 years: 5.79
- Proximity:
  - Distance from current home: .74
  - Distance from former home: .87",statistical,plum
"Computational constraints related to edge effects in graph theory metrics required preprocessing and the use of a temporary buffer.
- Data cleaning was necessary to manage complexity and computational feasibility.
- Conversion of networks into a suitable form for graph theory analyses posed processing challenges.
- Maximum simulated likelihood (MSL) was limited by large choice-sets",other,lightcoral
"1. H f H s (High reliability and high relevance)
2. H f L s (High reliability and low relevance)
3. L f H s (Low reliability and high relevance)
4. L f L s (Low reliability and low relevance)
5. Distance within SA2
6. Distance 0-200m
7. Distance 200-500m
8. Distance 500m-1km
9. Distance 1-2km
10. Distance 2-5km
11. Opportunity variable (number of households or businesses)",statistical,plum
The authors chose neighborhoods as their spatial unit size or type because it aligns with the availability of data from ZG City's Public Security Department and allows for the analysis of crime patterns and environmental influences at a local level. The average area of 1.62 square kilometers per neighborhood suggests a focus on detailed spatial analysis within these defined areas.,other,lightcoral
"1. Same SA2
2. Node within 0-200 m
3. Node within 200-500 m
4. Node within 500 m-1 km
5. Node within 1-2 km
6. Node within 2-5 km
7. Number of households (residential burglary)
8. Number of business units (non-residential burglary)
9. Number of targeted business units (commercial robbery)
10. Number of commercial/public business units (personal robbery and sex offenses)",statistical,plum
"Data availability: Limited by the unavailability of certain data such as real estate values.
- Administrative boundary constraints: Difficulty in defining a single city centre point in Japan.
- Aggregation requirements: Use of 500m grid cells due to equal size for unbiased comparison.
- Generalizability: Results are specific to Sendai City and may not apply to other areas.",other,lightcoral
"Percentage of single-family dwellings: 1.13
- Ethnic heterogeneity: 1.15
- Proximity to burglar's home: 1.67
- Proximity to city centre: Negative (exact value not specified)
- Number of residential units: 1.35
- Ethnic heterogeneity for non-natives: 1.20
- Ethnic heterogeneity for natives: 1.10
- Proximity to home for minors: 2.22
- Proximity to home for adults: 1.63",statistical,plum
"especially including more serious offenders with longer offence histories.
- Utilize online survey instruments to capture a wider range of activity nodes and time-specific data.
- Consider using smartphone applications or GPS-tracking data to more comprehensively measure activity spaces.
- Assess the distinction between planned and opportunistic crimes in future analyses.",other,lightcoral
"Limited to cleared robberies due to availability of offender addresses.
- Exclusion of robberies committed by non-residents of Chicago.
- Exclusion of robberies on expressways and college campuses due to different law enforcement jurisdictions.
- Lack of information on business opening and closing hours.
- Use of time as a proxy for physical presence and business hours.",other,lightcoral
"Ambient population: Odds ratio = 0.915 (negative effect)
- Surveillance cameras: Odds ratio = 0.961 (negative effect)
- Density of road network: Odds ratio = 0.589 (negative effect)
- Subway stations: Odds ratio = 1.050 (positive effect)
- Malls and supermarkets: Increase odds by 17.6%
- Bus stops: Increase odds by 9.7%
- Proportion of migrants: Increase odds by 9.0%",statistical,plum
"Area where one offender lives at the time of the offense: 11.7
- Area where two or three offenders live at the time of the offense: 44.05
- Area where one offender has previously lived: 3.01
- Area where multiple offenders have previously lived: 8.41
- Area where one offender has previously offended: 4.8
- Area where multiple offenders have previously offended: 15.08",statistical,plum
"potentially excluding local network dealers.
- Study area selection based on practicality rather than representativeness.
- Street segments used as spatial units were too coarse and not stable over time.
- Reliance on self-report data may introduce biases or inaccuracies.
- Focus on downtown Amsterdam may not generalize to other areas or drug dealing environments.",other,lightcoral
"Same weekend day: OR = 6.38
- Different weekend day: OR = 2.93
- Same weekday: OR = 4.26
- Different weekday: OR = 3.82
- Different part of the week: OR = 3.02
- Same hour of the day: OR = 9.38
- Three-to five-hour difference: OR = 3.67
- Same weekend day with zero-hour difference: OR = 25.77
- Same weekend day with greater than six-hour difference: OR = 3.22",statistical,plum
"Improve data accessibility for empirical crime research in China.
- Explore different spatial units or scales of analysis beyond communities.
- Address the methodological issue of offenses being nested within offenders.
- Incorporate data from un-arrested robbers to reduce bias.
- Conduct comparative studies across different Chinese cities for broader validation.",other,lightcoral
"Model 1: 60% of variation in burglary rates explained by proximity to burglars (SWEBER measure)
- Model 2: Significant shared variance between proximity to burglars and proximity to CBD
- Model 3: 84% of variation in burglary rates explained by all variables
- Standardized effect of proximity to burglars' homes is larger than any other variable in Model 3",statistical,plum
The authors discuss the Modifiable Areal Unit Problem (MAUP) by justifying their choice of census tracts as the spatial unit of analysis due to data availability and computational constraints. They note that smaller units would reduce heterogeneity but require a smaller sample size. They also mention that effects are robust across different geographic levels,other,lightcoral
"Bars: 5.2% increase in group crime rate per additional bar
- Transit stations: 2.0% increase in group crime rate per additional transit station
- Pedestrian-oriented street density: 2.8% increase in group crime rate per one-unit increase
- Pedestrian-oriented street density (consistent across models): 2% increase in group crime rate per one-unit increase",statistical,plum
"specific coefficients not provided
- Accessibility:
  - Main roads: Not specified
  - El station: 3.43 times more likely
- High school presence: 1.78 times more likely
- Racial and ethnic preferences:
  - African-American robbers: 1.98 times more likely for African-American majority
  - Hispanic robbers: 3.82 times more likely for Hispanic majority",statistical,plum
"1. Ethnic heterogeneity
2. Percentage of single-family dwellings
3. Proximity to the offender's home
4. Number of residential units
5. Affluence (average value of residential real estate)
6. Residential mobility
7. Proximity to the city centre
8. Interaction term for minor vs. adult burglars
9. Interaction term for native vs. non-native burglars",statistical,plum
"rather than proxy measures.
- Use unobtrusive and automatically collected georeferenced measures of human presence through technologies like smartphones and social media.
- Conduct sensitivity analyses to assess the impact of temporal bandwidth on outcomes.
- Explore the effects of different spatial unit sizes or boundaries on crime pattern analysis.",other,lightcoral
"but mentioned as being significantly higher than for other categories.
- ORs for opportunity variables:
  - Residential burglary: 1.06 (95% CI: 1.05-1.06)
  - Non-residential burglary: 1.11 (95% CI: 1.10-1.11)
  - Commercial robbery: 1.11 (95% CI: 1.10-1.12)
  - Personal robbery: 1.11 (95% CI: 1.10-1.11)
  - Sex offenses: 1.08 (95% CI: 1.07-1.09)",statistical,plum
The authors chose census block groups as their spatial unit of analysis to minimize within-neighborhood heterogeneity and to include neighborhood contextual data not available at smaller scales. This choice is justified by the focus on broader geographic context and is consistent with previous research that has used similar units for similar analyses.,other,lightcoral
"which is not representative of the entire Netherlands.
- Does not account for variations in family relationships and dynamics.
- Indirect measurement of awareness spaces based on register data.
- Does not directly measure awareness spaces or account for other activity nodes.
- Generic model does not differentiate between different types of crimes.",other,lightcoral
The paper discusses the Modifiable Areal Unit Problem (MAUP) by noting that larger spatial areas are more heterogeneous and may obscure local variations. The authors use smaller spatial units (output areas/neighbourhoods) to minimize aggregation bias. They also discuss how different spatial unit sizes in different studies may lead to different results,other,lightcoral
"The study uses small spatial units (average of 18 residential units and 40 residents) to analyze crime location choices.
- Justification includes the need for detailed spatial resolutions and alignment with contemporary geographic criminology research.
- Theoretical justification: understanding smaller units helps in understanding larger phenomena",other,lightcoral
"which restricts generalizability.
- The use of census block groups as the unit of analysis may not fully capture convergence spaces.
- Incomplete geocoding of arrests due to missing or problematic location information affects data accuracy.
- Reliance on official records means unreported crimes and unarrested co-offenders are not accounted for.",other,lightcoral
"0.54 for juveniles per km.
- Connectivity via major roads: Odds ratio of about 2 for adult offenders.
- Population turnover: Odds ratio of 1.20 for every 10% increase.
- Social heterogeneity: Odds ratio of approximately 2 for every 10% increase.
- Number of registered vehicles: Small but significant effect (no specific odds ratio provided).",statistical,plum
The authors discuss the Modifiable Areal Unit Problem (MAUP) by highlighting the importance of using smaller spatial units to capture heterogeneity in variables. They contrast their use of larger units (SA2s) with smaller units (census blocks) and note that simple random sampling may perform poorly with larger units due to feature concentration,other,lightcoral
"bespoke data to shed new light on crime phenomena.
- Use virtual GSV walk-throughs to mimic the journey-to-crime route.
- Explore ways to include isolated properties in the analysis.
- Investigate how behavior varies by time of day.
- Consider alternative neighborhood boundaries to explore optimal unit sizes or different scales of analysis.",other,lightcoral
The authors discuss the Modifiable Areal Unit Problem (MAUP) by acknowledging the dependency of micro-level predictors on macro-level environments and the potential for aggregation bias. They address these issues by using a case-control design grouped by neighborhood and conducting robustness checks with alternative neighborhood boundaries.,other,lightcoral
"co-offending groups) to improve robustness.
- Improve measurement of theoretical concepts like awareness space by using more direct methods.
- Collect data directly from offenders to enhance understanding of spatial knowledge.
- Verify the reliability of residential histories in official systems by comparing them with offender accounts.",other,lightcoral
"Density of road network: Odds ratio = 0.589
- Daily human mobility: Odds ratio = 0.915
- Surveillance cameras: Odds ratio = 0.961
- Malls and supermarkets: Odds ratio = 1.176 (17.6% increase)
- Bus stops: Odds ratio = 1.097 (9.7% increase)
- Logged distance of journey to crime: Strong negative effect (no specific odds ratio provided)",statistical,plum
"leading to large datasets (up to 100 million rows) that exceed standard computing equipment capabilities.
- Memory constraints: High-performance computing environments may only offer temporary solutions due to the rapid growth of data.
- Processing challenges: Sampling from alternatives is used to reduce dataset size and processing time",other,lightcoral
"Consider using smaller spatial units or different scales of analysis to better capture social organization processes.
- Analyze different types of offenders separately to account for potential differences in behavior.
- Use complementary analyses like stated preference analyses to support findings and explore alternative decision rules.",other,lightcoral
"Memory constraints: Sample sizes were chosen to maximize computer memory resources.
- Processing time constraints: Two-hour blocks were chosen over one-hour blocks for efficiency in presenting results and statistical power.
- Computational feasibility concerns: Including lagged effects would have doubled the number of model estimates",other,lightcoral
"Area where one offender lives: 11.7 times higher odds
- Area where two or three offenders live: 44.05 times higher odds
- Previous home location: 3.01 times higher odds
- Previous crime location: 4.8 times higher odds
- Shared previous home location: 8.41 times higher odds
- Shared previous crime location: 15.08 times higher odds",statistical,plum
which involves comparing neighborhood characteristics. This choice is consistent with previous research and allows for analysis using data from the Australian Bureau of Statistics. The use of SLAs is practical for capturing neighborhood characteristics and is grounded in theoretical models of offender behavior and spatial preferences.,other,lightcoral
"Data availability issues: The dataset did not include all activity nodes for all offenders.
- Administrative boundary constraints: The use of SA2s as spatial units was likely influenced by administrative boundaries defined by the New Zealand Census.
- Selection bias: The study's reliance on solved cases may introduce selection bias",other,lightcoral
"for more precise measurements.
- Consider spatial interaction and environmental influences on spatial unit choice.
- Incorporate multiple spatial effects and consider various characteristics of neighboring units in future models.
- Improve models like the spatial competition model by including more dimensions of spatial influence.",other,lightcoral
"no specific odds ratio provided
- Retail establishments: Odds ratio = 1.28 for every additional 250 m^2
- Thames River: Odds ratio = up to 5 times higher
- Deprivation: Odds ratio = 1.27 to 1.63 for every 10-unit increase
- Population churn: Odds ratio = 1.20 for every 10-unit increase
- Ethnic diversity: Significant on one day",statistical,plum
"1. Distance_to_home_base
2. Time_of_burglary
3. Date_of_burglary
4. Offender_home_address
5. Population_turnover
6. Ethnic_diversity
7. House_price
8. Bus_station_location
9. Train_station_location
10. Distance_to_city_center
11. Number_of_households
12. Average_house_price
13. Ethnic_diversity
14. Population_turnover",statistical,plum
"1. Binary indicator of neighborhood concentrated disadvantage
2. Normalized mobility flow between origin and destination neighborhoods
3. Level of physical disorder in destination neighborhood
4. Euclidean distance between origin and destination neighborhoods
5. Interaction terms between neighborhood concentrated disadvantage",statistical,plum
"Apply the behavioral rule to more study regions to broaden criminological knowledge.
- Expand the behavioral rule to include more nuanced factors such as street network characteristics and public transport networks.
- Use more complex statistical models like the mixed logit to improve precision in spatial preference estimates.",other,lightcoral
"Data availability issues: Limited data on burglars living outside The Hague.
- Administrative boundary constraints: Analysis is spatially truncated at The Hague city boundaries.
- Aggregation requirements: Data aggregated at the neighborhood level.
- Statistical disclosure controls: Use of police records for offender data.",other,lightcoral
"The study uses four-digit postal code areas as spatial units due to their suitability for crime location choice research and minimal travel restrictions.
- The selection was influenced by data availability from the BRP and administrative boundaries around The Hague.
- The study area is limited to the greater The Hague area",other,lightcoral
"1. Concentrated Disadvantage Index
2. Residential Stability Index
3. Single-Parent Households
4. Racial/Ethnic Heterogeneity (Herfindahl Index)
5. Percent Occupied Units
6. Percentage of Black Residents
7. Percentage of Latino Residents
8. Distance to Target Neighborhood
9. Distance Squared to Target Neighborhood",statistical,plum
"Odds ratio for areas where the offender lives or has lived: 22.52
- Odds ratio for current home area: 36.72
- Odds ratio for former home area: 8.63
- Odds ratio for recent former residence: 10.63
- Odds ratio for ancient former residence: 7.49
- Odds ratio for areas lived in for more than 2 years: 41.93 (current)",statistical,plum
which allows for a detailed analysis of spatial patterns. The smaller size of LSOAs makes explanatory variables more representative of the population and characteristics of each area. The authors also considered potential issues with spillover effects and included a measure of population density as a control variable.,other,lightcoral
"on public space directly outside the unit
11. Whether the property had a garage
12. Size of the property in square metres
13. External condition of the property
14. Distance between the property and the nearest main road
15. Distance between the property and the nearest street corner
16. Number of escape routes",statistical,plum
The authors discuss the Modifiable Areal Unit Problem (MAUP) by highlighting that using fine-grained spatial units such as individual houses addresses the issue and reduces aggregation bias. They emphasize the preference for smaller spatial units over larger ones to minimize aggregation bias and spatial heterogeneity,other,lightcoral
"Log likelihood: Mentioned as part of the model estimation process.
- Student's t test: Used to test for significance of feature coefficients.
- Mean selection site percentile score: Custom metric used to evaluate model performance.
- Paired t test: Used to compare the relative effectiveness of different models.",statistical,plum
"The choice of census tracts as the spatial unit of analysis was influenced by the availability of the ""collective efficacy"" measure and computational constraints. Using smaller units like block groups or blocks could provide more detailed insights but was not feasible due to data and computational limitations.",other,lightcoral
"excluding non-arrested burglars.
- Exclusion of cases with unknown Hukou status.
- Exclusion of burglaries committed by offenders living outside of ZG city or where geocoding was not possible.
- Temporal mismatch between census data (2010) and burglary data (2012-2016).
- Lack of direct measures of wealth",other,lightcoral
acknowledging that the four-digit postal code area used could be considered large. They mention that smaller units could be used but note that this increases spatial interdependence issues. The discussion references Ouimet (2000) and highlights potential aggregation bias and spatial autocorrelation issues.,other,lightcoral
and total number of areas in a study region. They also selected regions with varying target densities to assess the consistency of relationships across different environmental settings. This was done to ensure comparability and to examine how differences in target density affect burglar target selection.,other,lightcoral
"to align with offenders' decision-making processes and reduce aggregation bias.
- Prefer smaller spatial units over larger ones for more accurate environmental measurement.
- Explore available house-level data to improve or challenge current findings.
- Consider multiple levels of spatial aggregation",other,lightcoral
"to increase detail.
- Address the modifiable areal unit problem by considering the impact of different spatial aggregations on study results.
- Study larger areas to increase the generalizability of findings.
- Conduct offender-based research to understand daily spatial routines and crime locations.",other,lightcoral
"1. Median income
2. Residential density
3. Proportion non-Belgian residents
4. Proportion rental units
5. Prior burglary in neighborhood
6. Building construction type
7. Number of occupants
8. Number of residences inside the building
9. Rental status
10. Distance from the offender's home",statistical,plum
"Construction type (semi-detached vs. terraced): Odds ratio = 0.72 (28% decrease)
- Presence of a garage: Odds ratio = 0.80 (20% decrease)
- Central heating/air-conditioning system: Odds ratio = 0.68 (32% decrease)
- Distance from offender's home: Odds ratio = 0.79 (21% decrease per kilometer)",statistical,plum
The authors chose block groups as their spatial unit because they are the smallest unit available where meaningful sociodemographic data are available. This decision is based on practical considerations related to data availability and the relevance of sociodemographic factors in their study.,other,lightcoral
"Log-distance effect: Odds ratios of 0.36 and 0.35
- Repeat offending hypothesis: Odds ratios of 12.72 and 10.72
- Presence of facilities:
  - Churches: Odds ratio of 1.18
  - Marriage halls: Odds ratio of 1.13
  - Parks: Odds ratio of 1.17
  - Educational institutions: Positive effect",statistical,plum
"1. Betweenness network centrality
2. Presence of bars
3. Presence of night shops
4. Presence of nightclubs
5. Presence of restaurants
6. Presence of schools
7. Presence of residential units
8. Presence of trees
9. Street segment surface size
10. Type of street segment (intersection",statistical,plum
"Odds ratio for previously chosen areas: 7.17
- Odds ratio for distance to prior crime location: 0.69
- Odds ratios for recency:
  - Within 2 days: 59.94
  - 3-7 days: Not specified
  - 8-30 days: Not specified
  - 31-183 days: Not specified
  - 184-730 days: Not specified
  - 731-1",statistical,plum
The authors suggest adapting the SWEBER measure to use alternative distance functions and consider urban landscape features. They also note the limitation of spatial truncation at city boundaries and suggest considering broader spatial units to account for burglars living outside the city.,other,lightcoral
The authors chose communities as their spatial unit size because they have a relatively homogeneous population and their average size is similar to those used in other crime location choice studies. This choice allows for a detailed analysis of crime patterns and barriers at a local level,other,lightcoral
"305 unique neighbourhoods in the Netherlands and then analyzing the data at different spatial scales.
- The key findings were that the percentage of offences committed within activity spaces increased from 39.4% at the neighbourhood level to 84.5% when including third-order spatial lags.",other,lightcoral
"1. Auto-oriented street density
2. Pedestrian-oriented street density
3. Number of bars
4. Number of schools
5. Number of transit stations
6. Number of shopping centers
7. Racial/Ethnic Heterogeneity
8. Population Turnover
9. Poverty
10. Population density
11. Solo crime rate",statistical,plum
The authors suggest future research should consider other neighborhood structural conditions like social cohesion and collective efficacy. They also imply that exploring different spatial units or scales could provide deeper insights into how spatial knowledge affects criminal behavior,other,lightcoral
to model preference variability more effectively. They highlight the limitations of using larger spatial units like neighborhoods due to internal heterogeneity and suggest that smaller study areas could provide more nuanced insights into offender preferences and social disorganization.,other,lightcoral
The authors chose output areas (neighbourhoods) as their spatial unit because they are the smallest units for which the necessary variables are available. This choice is justified by the need to capture local variations within larger areas and aligns with social disorganisation theory,other,lightcoral
"Future investigations should prioritize suspects familiar with the crime location and its environs.
- Consideration of criminal opportunity is crucial in predicting crime locations.
- Longer-term and more frequent data collection on activity spaces could improve predictive accuracy.",other,lightcoral
"Distance: OR = 0.79 (21% decrease in odds for every kilometer further away)
- Construction type: Semi-detached vs. Terraced: OR = 0.72 (28% decrease in odds)
- Presence of garage: OR = 0.80 (20% decrease in odds)
- Central heating/air-conditioning: OR = 0.68 (32% decrease in odds)",statistical,plum
"Percentage of single-family dwellings: Odds ratio = 1.13 for every 10% increase
- Ethnic heterogeneity: Odds ratio = 1.15 for every 10% increase
- Proximity to burglar's home: Odds ratio = 1.67 for every kilometre closer
- Number of residential units: Odds ratio = 1.35 for every 1",statistical,plum
"not statistically significant.
- Racial and ethnic preferences:
  - African-American offenders: Odds ratio of 1.38 for African-American majority tracts.
  - Hispanic offenders: Odds ratio of 1.24 for Hispanic majority tracts.
  - Non-Hispanic white offenders: Not all significant",statistical,plum
"using the Moran's I statistic to test for spatial dependence.
- They address potential spatial dependence issues by showing that residuals do not display significant autocorrelation after controlling for spatial variables.
- The paper mentions spatial truncation at city boundaries",other,lightcoral
"Use smaller spatial units like census blocks or even smaller units for more detailed analysis.
- Incorporate more nuanced understanding of spatial awareness and knowledge in models.
- Conduct offender-based research to gather detailed spatial information from offenders themselves.",other,lightcoral
particularly for analyzing streetscape features and their influence on street theft crime. The stability of urban features and consistent vegetation in the sub-tropical region support this choice. The use of a discrete spatial choice model also aligns with community-level analysis.,other,lightcoral
they also acknowledge the computational and theoretical challenges associated with smaller units. The paper does not propose specific alternative spatial units or scales of analysis but emphasizes the need for more precise measures to map awareness spaces and criminal opportunity.,other,lightcoral
"Distance: 0.58
- Distance to city center: 1.10
- Prior burglary in same LSOA:
  - 0-2 days ago: 16.6
  - 3-6 days ago: 5.8
  - 7-30 days ago: 4.3
  - 1-6 months ago: 2.2
  - 6-24 months ago: 2.0
- Prior burglary in same MSOA:
  - 0-2 days ago: 3.6
  - 3-6 days ago: 2.3",statistical,plum
"Adults (OR = 0.673)
- Concentrated disadvantage: Adults (OR = 1.24)
- Residential stability: Adults (OR = 0.772)
- Percentage of occupied units: Adults (OR = 1.01)
- Percentage of Black residents: Juveniles (OR = 1.008)
- Racial/ethnic heterogeneity: Juveniles (OR = 1.015)",statistical,plum
which is an alternative to the street segment level they chose. They justify their choice of street segment level by arguing it better captures the spatial logic of offender decision-making and allows for the observation of local variations that would be lost at larger scales.,other,lightcoral
"1. Concentrated disadvantage
2. Residential stability
3. Racial/ethnic heterogeneity
4. Percent occupied housing units
5. Gini coefficient
6. Percent Black residents
7. Percent Latino residents
8. Euclidean distance from home to target neighborhood
9. Distance squared",statistical,plum
"supported by previous research. The use of ""statistical districts"" as neighborhoods is based on administrative divisions and is consistent with previous studies. The neighborhood size is small enough to capture local variations but large enough to be meaningful for analysis.",other,lightcoral
"third-order) on the percentage of offences committed within offenders' activity spaces.
- The analysis involved comparing the results across these different spatial scales.
- The methodological approach involved geocoding the longitude-latitude information to one of the 13",other,lightcoral
minimizing assumptions about omitted variable bias and keeping neighborhood-level characteristics constant. A fixed effects analysis is used to control for invariant property-level characteristics. This design choice is practical for ensuring the validity of their findings,other,lightcoral
"Consider using smaller spatial units like six-digit postal code areas for more detailed analysis.
- Address the issue of spatial interdependence when using smaller units by employing models that account for it.
- Explore alternative definitions for shared awareness space",other,lightcoral
The authors justify the use of neighborhoods as the spatial unit by referencing the long-standing tradition in criminology of studying neighborhood features related to attractiveness and opportunity. They also explain that burglars follow a hierarchical decision process,other,lightcoral
they later suggest that even these units may be too coarse and propose using smaller units like 10 × 10 m grids or addresses in future research. The rationale is based on the need for detailed spatial resolution and practical considerations for observational analysis.,other,lightcoral
"which may not reflect all burglaries due to low clearance rates.
- Excludes incidents with unknown or incorrect addresses and those outside city boundaries.
- Removes incidents with mixed adult and juvenile co-offenders.
- Uses block groups due to data availability",other,lightcoral
with the LCL model taking a couple of hours and the ML model taking several days. The authors suggest that sampling from alternatives could help overcome the computational issues with the ML model. No specific memory constraints or processing challenges are mentioned.,other,lightcoral
The authors discuss the Modifiable Areal Unit Problem (MAUP) by acknowledging the risk of aggregation bias and choosing to use smaller spatial units like census blocks to minimize this issue. They also consider scale effects by zooming in to the level of census blocks,other,lightcoral
"Restaurants and fast-food outlets: Odds ratios ranging from 1.15 to 1.37
- Liquor stores: Odds ratios between 1.04 and 1.54
- High schools: Strong temporal variation in location preference
- Other variables: Detailed coefficients are in Appendix Tables A1 and A2",statistical,plum
"Low detection rate of residential burglaries (7%) could bias results.
- Exclusion of burglaries committed outside the city of The Hague due to lack of data on neighborhood characteristics.
- Restriction to single-offender burglaries.
- Reliance on police records",other,lightcoral
The authors justify their choice of spatial unit size by explaining the need to isolate property-level effects from neighborhood-level effects. They use a case-control design to compare burglarized properties with non-burglarized ones within the same neighborhoods,other,lightcoral
"096 days: 3.43
- Odds ratios for frequency:
  - Two prior crimes: 1.62
  - Three or four prior crimes: 2.25
  - Five to eight prior crimes: 2.95
  - Nine or more prior crimes: 8.63
- Odds ratios for crime type:
  - Same type: 7.25
  - Different type: 3.07",statistical,plum
likely due to practical considerations such as using existing administrative boundaries for data analysis and to examine local crime patterns. Theoretical justifications or references to previous research for this choice are not explicitly mentioned in the paper.,other,lightcoral
"which are a significant portion of potential targets.
- Data availability issues included the removal of plots due to multiple dwellings and coding errors.
- The study area was constrained to houses only due to the limitations of the Belgian Land Registry data.",other,lightcoral
"Future studies could measure other activity nodes visited by offenders and their usual visit times.
- Offender interviews could provide more detailed information on routines and spatiotemporal preferences.
- Direct measures of time-varying target attractiveness",other,lightcoral
The authors justify their choice of street segments as the spatial unit of analysis by referencing previous research that advocates for this scale in studying crime and disorder. They also highlight that street segments align with human observational limitations,other,lightcoral
"Distance from home location: e  = 0.61 (p<.001)
- Presence of a river: e  = 0.72 (p=.25)
- Presence of a major road: factor of 1.77 (p<.001)
- Presence of a military base or police station: e  = 13.78 (p<.001)
- Distance from city centre: not significant",statistical,plum
"a practical advantage but also a limitation.
- Significant variation in census unit size and population could affect analysis.
- 275 census units were excluded due to limited mobile phone network coverage.
- Privacy concerns led to the use of aggregated data",other,lightcoral
The authors justify their choice of spatial unit size by emphasizing that burglars target individual residences rather than entire neighborhoods. They argue that the appropriate level of aggregation for studying burglary target choice is at the residence level,other,lightcoral
"Incorporate temporal variation in crime and population mobility to better test opportunity theories.
- Explore differences between co-offending and single offending.
- Study other types of crimes to see how population mobility affects their spatial behavior.",other,lightcoral
"1. Idiosyncratic farness
2. Idiosyncratic betweenness
3. Pedestrian (overall) betweenness
4. Local betweenness
5. Nonlocal betweenness
6. Residential mobility
7. Socioeconomic heterogeneity
8. Affluence
9. Number of dwellings
10. Ethnic heterogeneity",statistical,plum
"1. Bars_and_clubs
2. Cybercafés
3. Schools
4. Transportation_hubs
5. Wholesale_markets
6. Distance_of_journey_to_crime
7. Proportion_of_migrants
8. Proportion_of_young_adults
9. Malls_and_supermarkets
10. Bus_stops
11. Subway_stations
12. Car_parks",statistical,plum
"1. Number_of_residential_properties
2. Distance
3. Proximity_effect_for_juveniles
4. Proximity_effect_for_adults
5. Percentage_of_non_native_residents
6. Percentage_of_residents_aged_15_to_25
7. Average_value_of_properties
8. Spatial_competition_factor",statistical,plum
"but they were too large (mean area 2.25km^2) and could lead to incorrect estimations of variable effects.
- Street blocks: The authors considered using street blocks as they are more appropriate for examining social disorganisation and other factors. However",other,lightcoral
"and physical disorder
6. Population size of destination community
7. Presence of post-2000 newer buildings
8. Presence of high-rise buildings
9. Number of subway stations
10. Number of bus stops
11. Presence of parks
12. Number of entertainment venues",statistical,plum
"non-significant effect
- Racial and ethnic preferences:
  - African-American offenders: 1.38 times for African-American majority tracts
  - Hispanic offenders: 1.24 times for Hispanic majority tracts
  - Non-Hispanic white offenders: not all significant",statistical,plum
"Limited sample size affecting statistical significance
- Homogeneous sample limiting generalizability
- Potential inaccuracies in official residential histories
- Reliance on government systems for data
- Conservative estimates due to data unreliability",other,lightcoral
The authors suggest future research should explore methodological improvements to handle small spatial units and assess spillover effects using hierarchical nesting structures. They also imply a need to understand conditions that violate spatial consistency,other,lightcoral
"Explore alternative thresholds for distinguishing recency and duration in residential history.
- Consider more nuanced or dynamic spatial units to reflect continuous growth and decline of spatial knowledge.
- Use larger samples and more diverse data (e.g.",other,lightcoral
The paper discusses the Modifiable Areal Unit Problem (MAUP) by highlighting the importance of using small spatial units to avoid aggregation bias and ecological fallacy. The authors mention that smaller units are more affected by their spatial environment,other,lightcoral
"Mixed logit model estimates higher coefficients for proximity variables compared to conditional logit.
- Affluence is statistically significant in mixed logit but not in conditional logit.
- Residential mobility shows different effects in the two models",statistical,plum
allowing for practical data collection from police records and municipal statistics. The discrete spatial choice approach is theoretically justified by its ability to integrate previous findings and model individual differences in location choice criteria,other,lightcoral
"1.06 times increase for every 100 households.
- Presence of an activity node within 5 km: Over 20-fold increase in likelihood.
- Sex offenses: High odds (~ 1000x) in SA2s with an activity node.
- Distances 2-5 km from activity nodes: ORs 16.1 to 21.5.",statistical,plum
The authors faced a computational barrier due to the large number of rows (almost 37 million) that would be generated if all SA2s were included for each offender. This led to the use of stratified importance sampling to reduce the number of alternatives,other,lightcoral
and are familiar to residents. This choice is justified by the theoretical premise that offenders are more likely to commit crimes in familiar areas and by the practical consideration of data availability. Although these areas might be considered large,other,lightcoral
"excluding specific objects where graffiti was written.
- Some street segments were not observed and were excluded from the analysis.
- Graffiti along railway tracks or on trains was not observed.
- The study was conducted in a specific urban context",other,lightcoral
"which could limit the spatial units to those within this administrative boundary.
- Data aggregation requirements: The use of neighborhood units as spatial units might be due to data aggregation requirements or the way data is collected and processed.",other,lightcoral
"Proximity to the home neighbourhood: 1.49 (significant)
- Physical accessibility: significant
- Home neighbourhood: significant
- Affluence: not significant
- Social disorganisation: not significant
- Proximity to the city centre: not significant",statistical,plum
"Future research should explore whether the findings apply to non-arrested burglars to ensure generalizability.
- There is a need for more contemporaneous data collection to align census data with crime data.
- Incorporating direct measures of wealth",other,lightcoral
"1. Average_value_of_residential_properties
2. Percentage_of_owner-occupied_properties
3. Mean_income_per_resident
4. Percentage_of_single-family_properties
5. Ethnic_heterogeneity
6. Residential_mobility
7. Number_of_properties_in_neighbourhood",statistical,plum
"1. Number of people on the street
2. Percent fence
3. Percent wall
4. Percent windows
5. Percent grass
6. Percent sidewalk
7. Percent plants
8. Proximity effect (distance from offender's residence to crime location)
9. Crime attractors (e.g.",statistical,plum
"Odds Ratio (OR) for current residential areas of any family member: 1.88
- Odds Ratio (OR) for former residential areas of any family member: 1.37
- Statistically significant difference between current and former residential areas (χ 2 (1) = 30.8",statistical,plum
"Limited to Perth metropolitan area
- Exclusion of suburbs outside Perth metropolitan area
- Dataset did not allow unique identification of offenders
- Predefined set of 291 residential suburbs
- Complexity in selecting appropriate spatial scale",other,lightcoral
Future research should use more artificially constructed and uniform areas to minimize limitations in spatial analysis. The selection of spatial scale is complex and may require smaller units than neighborhoods to capture variations in crime rates.,other,lightcoral
The authors justify the use of street segments as spatial units by referencing recent research advocating for small spatial units of analysis. They define street segments operationally as the two sides of a street between intersections or a square,other,lightcoral
and are well-known to regular visitors. This choice balances practical considerations of data availability and theoretical relevance to activity spaces and crime location choice with reduced concerns for spatial accuracy compared to smaller units.,other,lightcoral
"Increase in odds by 29.5% for every 1 km decrease in distance from home.
- Crime attractors and generators:
  - Schools: Increase in odds by 2.1% for each additional school.
  - Bus stops: Increase in odds by 1.6% for each additional bus stop.",statistical,plum
"indicating reliance on administrative boundaries.
- The dataset was limited by the availability of accurate home locations and the need to exclude cases outside the study area.
- The study was constrained by the unavailability of certain data",other,lightcoral
The study was limited by the complexity of using small spatial units like micro-places due to estimation problems and the need for multiple-level spillover effects. The choice of UK Census Lower Level Super Output Areas (LSOAs) was a compromise,other,lightcoral
"which may not be direct measures.
- Method for filling in missing data introduced imprecision.
- Overestimation of frequency for certain activity locations.
- Emphasis on general patterns over specific effect sizes due to these limitations.",other,lightcoral
"1. Distance_to_home
2. Presence_of_schools
3. Distance_to_city_center
4. Presence_of_train_station
5. Connectivity_via_major_roads
6. Population_turnover
7. Social_heterogeneity
8. Number_of_car_parks
9. Number_of_registered_vehicles",statistical,plum
"VA.
- Aggregation requirement: Alternatives were aggregated into 2517 regular grids due to difficulty in representing individual house locations.
- Data availability issues: Features derived from census data and calculated distance values",other,lightcoral
The inability of the Google Car to capture isolated properties leads to a biased sample because these properties cannot be coded. This is a limitation in data collection rather than a computational constraint like memory or processing time.,other,lightcoral
"which is a common administrative boundary in urban planning and research.
- Static nature of SVIs: SVIs are collected instantly and cannot capture dynamic changes in on-street populations or small objects like broken windows and graffiti.",other,lightcoral
"Root Likelihood (RLH) statistic for Mixed Logit (ML) models: 7.3 to 28.4 (× 10 -4 )
- Root Likelihood (RLH) statistic for Conditional Logit (CL) models: 4.0 to 7.4 (× 10 -4 )
- Root Likelihood (RLH) statistic for null model: 1.9 × 10 -4",statistical,plum
"Time interval between robberies:
  - 0-2 days: Odds ratio = 18.10
  - 3-7 days: Odds ratio = 12.79
  - 8-30 days: Odds ratio = 6.05
  - 1-6 months: Odds ratio = 6.02
- Not being arrested in the act of prior robbery: Odds ratio = 8.35",statistical,plum
indicating the multiplicative effect of a one-unit increase of the independent variable on the odds of choosing a target area. Specific numerical values for these odds ratios are not provided in the text but are referenced in tables (e.g.,statistical,plum
"implying that smaller units were not computationally feasible for their study. The mention of ""intractability of the estimation problem"" suggests that computational limitations were a significant factor in choosing the spatial unit size.",other,lightcoral
and balances the risks of ignoring spatial spill-over and spatial heterogeneity. This choice allows for the examination of meso-level spatial choices and includes attributes from surrounding areas to address potential spill-over issues.,other,lightcoral
and the use of spatially contiguous bands up to the 6th order was influenced by theoretical justifications related to spatial exploration and preferential return. The radius of gyration was used to describe individual mobility patterns,other,lightcoral
given their design for minimal travel restrictions and relation to urbanization levels. This choice is also consistent with previous studies in the field and aligns with the focus on personal geographic experience of offenders. However,other,lightcoral
"Non-native burglars are indifferent.
- Model D: Percentage 15-25 years old and average property value positively affect attractiveness (coefficients not specified).
- Model E: Spatial competition factor = 0.99 (negative odds ratio).",statistical,plum
noting that the four-digit postal code area could be considered large and that smaller units like six-digit postal code areas could introduce issues of spatial interdependence. They acknowledge the MAUP but do not discuss it in detail,other,lightcoral
"Larger spatial areas were considered but not used because they tend to be more heterogeneous and would not capture local variations between sub-areas.
- Smaller units (~0.03km^2) were used in other studies like Frith et al. (2017)",other,lightcoral
"Time Intervals Between Two Robberies: Odds ratios greater than 1 (specific values not provided)
- Not Being Arrested in the Act of Prior Robbery: Odds ratio = 8.35
- Distance of Journey to Subsequent Robbery: Odds ratio = 0.13",statistical,plum
The authors chose four-digit postal code areas as their spatial unit because they are well-suited for crime location choice research due to minimal travel restrictions and familiarity. These areas have an average population of 7,other,lightcoral
"1. Distance from the offender's home
2. Distance from the city centre
3. Ethnic heterogeneity
4. Socioeconomic heterogeneity
5. Residential Churn
6. Affluence
7. Previous offence locations
8. Number of potential targets",statistical,plum
The authors justify the use of the house as the spatial unit of analysis by arguing that it is the smallest and most relevant unit for studying burglary target selection. This choice addresses the modifiable areal unit problem,other,lightcoral
"OR = 78.7%-82.2% increase for Dis-residing burglars
- Newer buildings: OR > 2.4 for both groups
- High-rise buildings: OR = 0.177 for Dis-residing burglars
- Subway stations: OR = 20% increase for Non-Dis-residing burglars",statistical,plum
"Restaurants and fast-food outlets: Odds ratios range from 1.15 to 1.37.
- Liquor stores: Odds ratios range from 1.04 to 1.54.
- High schools: Statistically significant positive effects during school hours (6 a.m. to 4 p.m.)",statistical,plum
likely due to data availability and the need to analyze crime patterns at a local level. This choice is implied by the use of community-level data and the mixed logit model for estimating individual decision-making processes.,other,lightcoral
"as only areas with available community survey data were included.
- The use of larger spatial units like postal codes was a deliberate choice to avoid computational and theoretical challenges associated with smaller units.",other,lightcoral
The authors chose Lower Super Output Areas (LSOAs) as their unit of analysis because they are interested in offender decision making at the area level. The use of LSOAs is justified by the availability of data across all 4,other,lightcoral
"such as travel paths.
- Use continuous GPS-tracking to obtain detailed information on activity nodes and travel routes.
- Focus on improving the completeness and quality of data on awareness spaces and offense locations.",other,lightcoral
which are important for understanding graffiti placement. The use of polygons instead of lines to represent street segments is justified by the need to accurately capture the spatial complexities of older European cities.,other,lightcoral
the inter-centroid spacing should be smaller than the minimum distance between key locations. The grid resolution was set to 170 meters north-south and 191 meters east-west to balance detail and computational complexity.,other,lightcoral
"169.993
- Odds ratios (OR) and p-values for predictor variables
- Use of Poisson model implementation equivalent to conditional logit model
- Generalized variance inflation factors (GVIFs) to assess multicollinearity",statistical,plum
The authors considered using micro-places like face blocks or street segments as alternative spatial units but rejected them due to complex estimation problems and spillover effects. They also compared their chosen unit,other,lightcoral
Smaller spatial units of analysis were considered but not used due to computational and theoretical challenges such as large datasets and spatial spillover. Previous studies using similar or larger areas were referenced,other,lightcoral
"1. Log_distance
2. Prior_offending_locations
3. Churches
4. Educational_institutions
5. Marriage_halls
6. Personal_care_businesses
7. Parks
8. Restaurants
9. Business_offices
10. Ward_area
11. Ward_population",statistical,plum
"Limited to arrested offenders due to unavailability of addresses for non-arrested offenders.
- Use of a single randomly selected robber for robberies involving multiple offenders.
- Data derived from various sources",other,lightcoral
and addresses. These units were considered because they are smaller and can provide more detailed insights into crime patterns. The authors chose postal code areas due to their small size and lack of physical barriers,other,lightcoral
"confirming that alternative selections produced the same pattern of results.
- A sensitivity test was performed by excluding prolific residential burglars (those who committed more than 10 offenses) from the analysis",other,lightcoral
No alternative units discussed. The paper mentions considering different grid resolutions based on the nature of features used but does not specify other alternative units or scales that were considered but not used.,other,lightcoral
and the choice of grid size and inter-centroid spacing suggests a balance between detail and computational feasibility. No explicit computational constraints like memory limitations or processing time are mentioned.,other,lightcoral
The authors chose to aggregate spatial alternatives into 2517 regular grids due to the practical difficulty of representing every individual house in a city like Richmond. They also used block groups as sub-regions,other,lightcoral
"Exclusion of crimes committed by offenders living outside the study area due to the need to enumerate all possible choices within the study region.
- Use of Lower Super Output Areas (LSOAs) as the unit of analysis",other,lightcoral
as well as adopting a unit of analysis that includes tangible characteristics of the ongoing situation. These alternatives were suggested for future research due to the limitations found with using street segments.,other,lightcoral
"Distance from home: 5.32 times more likely for each log-kilometer closer
- Small businesses:
  - Barber shops and beauty salons: 1.18
  - Liquor stores: 1.38
- Illegal market activities: Significantly positive",statistical,plum
"Proximity to home neighbourhood: 1.49 (multiplicative effect on probability)
- Physical accessibility: significant effect (no specific value provided)
- Proximity: significant effect (no specific value provided)",statistical,plum
which is relevant for studying crime location choices. They justify this choice by noting that SA2s are comparable to units used in other similar studies. The selection was based on balancing theoretical relevance,other,lightcoral
and individual properties. These were considered in the context of their ecological validity and comparability to neighborhoods. The authors chose NZ Census Statistical Area 2 (SA2) as their final unit of analysis,other,lightcoral
The authors discuss the Modifiable Areal Unit Problem (MAUP) by acknowledging the complexity of selecting a spatial scale for burglary analysis. They note that crime rates can vary significantly across small areas,other,lightcoral
"Future research should consider a multiple-scale analysis by aggregating data to different sizes and shapes beyond ward boundaries.
- There is a need for a systematic analysis of how findings depend on the shapes",other,lightcoral
it does not explicitly address the Modifiable Areal Unit Problem (MAUP) or ecological fallacy. The choice of spatial units and aggregation methods implies some consideration of scale effects and aggregation bias,other,lightcoral
"to increase generalizability.
- Gather more comprehensive information on individual activity spaces to better explain crime location choices.
- Develop methods to capture additional aspects of awareness spaces",other,lightcoral
"1. Built_surface_area
2. Presence_of_garage
3. Central_heating_and/or_air-conditioning_system
4. Distance_from_offender's_home
5. Construction_type
6. Number_of_floors
7. Presence_of_rooftop_living_floor",statistical,plum
and follow physical features like roads and rivers. This choice was practical due to the absence of sociodemographic variables in the analysis. Although smaller units like street blocks are theoretically ideal,other,lightcoral
No computational constraints mentioned. The paper discusses the choice of spatial unit in terms of urbanization and geographic coverage but does not explicitly mention computational limitations or constraints.,other,lightcoral
The authors suggest that future studies could consider expanding the spatial unit of analysis to include areas beyond city boundaries to capture burglaries committed by residents outside the city. Additionally,other,lightcoral
"Difficulty in accessing official police data in China.
- Exclusion of robberies due to robbers living outside the study area or having unknown residences.
- Study only includes data from arrested robbers",other,lightcoral
A six-digit postal code area was considered as an alternative unit of analysis. This unit is roughly the size of a football field and contains 18 residential properties and 40 residents on average. However,other,lightcoral
"Pseudo R-squared for Model 1: 0.264
- Pseudo R-squared for Model 2: 0.285
- Pseudo R-squared for Model 3: 0.283
- Pseudo R-squared for Model 4: 0.289
- Significance level with 95% confidence intervals",statistical,plum
"1. Percentage of home ownership
2. Average real estate values
3. Ethnic heterogeneity
4. Residential mobility
5. Proximity to homes of burglars (SWEBER)
6. Proximity to the central business district",statistical,plum
"which was deemed computationally unfeasible.
- Software limitations: The need to balance computational resources with the complexity of the analysis led to prioritizing temporal over spatial complexity.",other,lightcoral
the researchers aggregated data from smaller administrative or statistical spatial units to create larger spatial units for analysis. The original smaller administrative unit is not explicitly mentioned,methods,lightgreen
"Residential burglary: 95% CI: 1.05-1.06
- Non-residential burglary: 95% CI: 1.10-1.11
- Commercial robbery: 95% CI: 1.10-1.12
- Personal robbery: 95% CI: 1.10-1.11
- Sex offenses: 95% CI: 1.07-1.09",statistical,plum
which makes them suitable for studying familiarity and movement. They also reference common practice in crime location choice studies and acknowledge the practical considerations of using smaller units,other,lightcoral
"Data availability: Communities with less than 50% coverage of Street View Images (SVIs) were excluded.
- Administrative boundary constraints: The study used communities as the spatial unit of analysis",other,lightcoral
"such as requiring all offenders to be familiar with an area.
- Collect data closer to the source through interviews with offenders and their co-offenders.
- Study larger areas to generalize findings.",other,lightcoral
"1. Presence of retail and entertainment businesses
2. Accessibility of the location
3. General activity level
4. Number of people who can interfere
5. Level of territoriality
6. Physical disorder",statistical,plum
influenced by their social homogeneity and manageable population size. The use of LSOAs and Middle Layer Super Output Areas (MSOAs) was also constrained by their design to optimize social homogeneity.,other,lightcoral
"Environmental Protection Agency (EPA) for street connectivity measures
- Baltimore City Police Department for arrest information (2013-16)
- Baltimore City Open Data Portal for activity nodes (bars",crime_related,orange
"leading off the street segment
17. Presence of a business in the immediate surrounding area open during daylight hours
18. Mixed land-use in the immediate surrounding area
19. House type (terraced",statistical,plum
ensuring that the model could converge without problematic multicollinearity. This was necessary because including all possible SA2s would have exceeded the capacity of available computing equipment.,other,lightcoral
"The study used four-digit postal code areas as the spatial unit of analysis due to their familiarity to residents and visitors.
- The size of these postal codes is inversely related to urbanization",other,lightcoral
and they explicitly reference MAUP as a problem where analytical results depend on how space is partitioned. They also discuss spatial autocorrelation and the interdependence of spatial alternatives,other,lightcoral
"especially in urban villages or near wholesale markets.
- Validate the representativeness of the data in future studies.
- Verify the effect of sports stadiums on native robbers in future studies.",other,lightcoral
"78.7%-82.2% for Dis-residing burglars
- Newer buildings: OR > 2.4 for both groups
- High-rise buildings: OR = 0.177 for Dis-residing burglars
- Subway stations: 20% increase for Non-Dis burglars",statistical,plum
"000 residents.
- Racial and ethnic dissimilarity: Odds ratio of 0.42 (58% reduction).
- Gang territorial dissimilarity: Odds ratio of 0.50 (50% reduction).
- Collective efficacy: Small effect",statistical,plum
The authors chose communities (juweihui or cunweihui) as their unit of analysis because they are the smallest administrative units for which population census and major survey data are collected,other,lightcoral
"such as workplaces or previous residences.
- Linking data with OpenStreetMap could provide more detailed spatial data for analysis at different scales.
- Replicating findings in other contexts",other,lightcoral
"Neighbourhood routinely visited at same time of day as crime event: OR = 2589.71 (p < 0.001)
- Neighbourhood routinely visited at different time of day as crime event: OR = 1209.00 (p = 0.324)",statistical,plum
The authors chose neighborhoods as their spatial unit of analysis because they are the smallest statistical units for which detailed socio-economic data is available from Statistics Netherlands,other,lightcoral
"Data availability issues: Exclusion of records due to residence outside the study area or unknown residence.
- Confidentiality requirements: Use of 'pinyin' codes instead of actual place names",other,lightcoral
""" specifically mentioning ""very large datasets and spatial spillover."" This suggests that they were aware of potential computational constraints related to data size and processing complexity",other,lightcoral
"1. Number_of_households
2. Proportion_of_single-family_dwellings
3. Residential_mobility
4. Proximity_to_offender_residence
5. Proximity_to_city_center
6. Residential_real_estate_value",statistical,plum
The authors discuss the Modifiable Areal Unit Problem (MAUP) by acknowledging the importance of detailed spatial scales in their analysis. They use street segments as their unit of analysis,other,lightcoral
"2001)
- Police force of Haaglanden (greater The Hague area)
- Real estate tax administration of the municipality of The Hague
- Real estate tax registration
- Police information system",crime_related,orange
"1. Distance from offender's residence
2. Number of past residential burglaries
3. Number of residential units
4. Proportion of single-family dwellings
5. Past residential burglary rate",statistical,plum
"which may have limitations in detail and accuracy.
- Correlation between attribute values: Potential correlation between census data and distance calculations could affect model accuracy.",other,lightcoral
to balance the risks of ignoring spatial spill-over mechanisms and spatial heterogeneity. They address spatial spill-over by including attributes of surrounding areas within distance bands,other,lightcoral
"Model 1 = 0.298
- Akaike's information criterion (AIC): Significant decrease from Model 1 to Model 2
- Bayesian information criterion (BIC): Significant decrease from Model 1 to Model 2",statistical,plum
such as increased spatial interdependence. Theoretical justifications include the design of these areas for minimal travel restrictions and awareness of the modifiable areal unit problem.,other,lightcoral
as they have been used in other studies to demonstrate variability in crime levels and might offer a more detailed perspective on offender preferences compared to larger units like SLAs.,other,lightcoral
"ML = 4.45
- Consistent Akaike Information Criterion (CAIC): Smallest values for the three-class model
- Bayesian Information Criterion (BIC): Smallest values for the three-class model",statistical,plum
allowing for the examination of physical barriers and connectors. The selection is also influenced by practical considerations such as data availability and relevance to the study area.,other,lightcoral
"Data availability: The study uses output areas (neighbourhoods) as the smallest units for which data is available.
- Geo-political boundary: The study is restricted to the city of York",other,lightcoral
"which relates to scale effects and potential aggregation bias.
- The use of spatially weighted measures like SWEBER aims to mitigate aggregation bias by incorporating spatial dynamics.",other,lightcoral
such as using existing administrative boundaries and the need for consistent distance calculations using neighborhood centroids. Theoretical justifications are not explicitly discussed,other,lightcoral
indicating a consideration of scale effects and aggregation bias. They also propose using units that include tangible characteristics of ongoing situations to avoid ecological fallacy.,other,lightcoral
The authors chose a grid cell size of 200x200m based on practical considerations such as data resolution and analysis requirements. The spatial resolution was chosen by the researcher,other,lightcoral
"which were not captured.
- Limitation to daylight hours due to Google Street View data availability.
- Selection of neighborhoods based on data availability from a community survey",other,lightcoral
"1. Neighbourhood routinely visited at same time of day as crime event
2. Neighbourhood routinely visited at different time of day as crime event
3. Neighbourhood routinely visited",statistical,plum
"limiting data to only those offenses with complete location information.
- Lack of consideration of ethnic heterogeneity due to little variation in ethnicity across the study area.",other,lightcoral
"as the data may not be representative of all offenders.
- Reporting and clearance rate biases: The study may be influenced by biases related to reporting rates and clearance rates.",other,lightcoral
potentially involving different spatial units or scales. They also recommend conducting formal crime impact assessments to better understand crime patterns and prevention strategies,other,lightcoral
allowing for finer-grained analysis of crime location choices. This choice is justified by previous research indicating that crime concentrations are often localized to small areas,other,lightcoral
"000 participants.
- Participants' memory limitations restrict data collection to a few days.
- Sparseness of data due to the ratio of crimes to grid cells affects model accuracy.",other,lightcoral
which contains on average 18 residential units and 40 residents. This unit was not used due to increased spatial interdependence between observations requiring more complex models.,other,lightcoral
"2.77 for adult offenders
- Ethnic composition: Odds ratio of 0.92 for native Dutch burglars for a 10% increase in non-native population
- Spatial competition: Odds ratio below 1",statistical,plum
"1. Mean housing repayment
2. Proportion of single-family dwellings
3. Residential mobility
4. Proximity to city center
5. Number of households
6. Proximity to offender's home",statistical,plum
The authors chose the 201 wards of Chennai City as their spatial unit of analysis because they are similar in size to neighborhoods or census tracts used in other studies. However,other,lightcoral
but they do not explicitly propose alternative spatial units or scales of analysis. They use block groups as the smallest unit for defining neighborhoods due to data availability.,other,lightcoral
"1.295 (Model 2)
- Crime attractors and generators: Positive and significant (no specific values provided)
- Percent migrants: 1.006
- Percent low-rent houses: 1.001 (Model 1)",statistical,plum
enhancing ecological validity. They acknowledge the theoretical preference for smaller units but note practical challenges. LSOAs are defined by proximity and social homogeneity,other,lightcoral
"transit)
- Google Map search capabilities for geocoding shopping centers
- American Community Survey conducted by the U.S. Census Bureau for macro-level contextual covariates",crime_related,orange
"Computational limitations due to large dataset size required sampling.
- Data did not capture all pre-offense activity locations.
- Proxies were used for offenders' knowledge",other,lightcoral
No (the researchers used NZ Census Statistical Area 2 (SA2) as the primary spatial unit for analysis without aggregating data from smaller administrative or statistical units),methods,lightgreen
"limiting the number of neighborhoods to 86.
- Concerns about administrative boundary constraints addressed through robustness checks with alternative neighborhood boundaries.",other,lightcoral
specifically by analyzing first-order and second-order adjacent blocks. This involved extending the universal logit model to include attributes of second-order adjacent blocks,other,lightcoral
making them theoretically justified as cohesive social and demographic entities. The choice is also comparable to previous studies in terms of geographic and population sizes,other,lightcoral
"The study conducted a sensitivity analysis by varying the spatial unit sizes or scales.
- They examined the impact of including different orders of spatial lags (first-order",other,lightcoral
Yes. The researchers aggregated data from block groups (the original smaller administrative unit) to 2517 regular grids (the final larger administrative unit) for analysis.,methods,lightgreen
"Idiosyncratic farness: -0.31 (for every 10 minutes from home)
- Idiosyncratic betweenness: 2.51 (for every 10% increase)
- Residential mobility: Statistically significant",statistical,plum
as contemporary research suggests that crime is better studied at finer resolutions like streets or parcels. The choice was likely due to data availability and practicality,other,lightcoral
"The study used Small Areas (SAs) as the spatial unit because sociodemographic variables were not included.
- The geographical boundary data for SAs was obtained from NISRA",other,lightcoral
the researchers aggregated data from smaller administrative units (six-digit postal code areas) to create larger spatial units (four-digit postal code areas) for analysis.,methods,lightgreen
"limiting temporal and spatial scope.
- Administrative boundary constraints due to grid circumscribing city limits.
- Grid resolution determined by inter-centroid spacing",other,lightcoral
but note a lack of systematic analysis on how findings depend on spatial unit sizes and shapes. This indicates an awareness of potential aggregation bias and scale effects,other,lightcoral
particularly in low population density areas where a longer distance range might be more appropriate. They also highlight the importance of balancing theoretical relevance,other,lightcoral
"which includes both primary detections and crimes taken into consideration (TIC).
- Requirement for geographical coordinates for both offense and offender home locations",other,lightcoral
justifying it by their similarity in size to other studies and their homogeneity. They also mention that using census units avoids the need to estimate spillover effects,other,lightcoral
No (the researchers used four-digit postal code areas as the spatial unit of analysis without aggregating data from smaller administrative or statistical spatial units),methods,lightgreen
similar to those used in previous studies. This choice is justified by practical considerations and theoretical alignment with awareness spaces in crime pattern theory.,other,lightcoral
to better capture the dynamic nature of the environment. They also recommend adopting a unit of analysis that includes tangible characteristics of the ongoing situation,other,lightcoral
The authors suggest that future research should account for both the characteristics of the broader social environment and the availability of targets in a neighborhood,other,lightcoral
and it minimizes aggregation bias. The availability of detailed spatial crime data and recommendations from contemporary studies also support this choice. Additionally,other,lightcoral
The authors chose four-digit postal code areas as their spatial unit of analysis because they are a useful and plausible indication of areas people are familiar with,other,lightcoral
"which was beyond the capabilities of the software and hardware used.
- Processing challenges: The software and hardware were insufficient to handle the full dataset",other,lightcoral
the researchers aggregated data from smaller administrative units (six-digit postal code areas) to larger spatial units (four-digit postal code areas) for analysis.,methods,lightgreen
which aligns with the scale of analysis for residential burglary. This choice is justified by the need to define a relevant choice set for burglars' decision-making,other,lightcoral
Alternative units considered but not used include census blocks and street blocks. These were rejected because using them would require estimating spillover effects,other,lightcoral
"and social hangouts to improve predictions of crime locations.
- Use space-time budget studies to gather more comprehensive data on individuals' activity patterns.",other,lightcoral
"Odds ratio for neighborhoods visited at the same time of day as the crime event: 2589.71
- Odds ratio for neighborhoods visited at different times of day: 1209.00",statistical,plum
and it was computationally feasible. They also referenced empirical literature indicating that effects are robust across different geographic levels of aggregation,other,lightcoral
"but this was rejected due to methodological concerns such as the modifiable areal unit problem and aggregation bias.
- Postal code areas: Similar to neighborhoods",other,lightcoral
Block groups or blocks were considered as alternative units but were not used due to practical limitations such as data availability and computational constraints.,other,lightcoral
Not mentioned (the paper does not report any model fit statistics or goodness-of-fit measures due to the small sample size and descriptive nature of the analysis),statistical,plum
"OR = 1.6% increase for Dis-residing burglars
- Parks: OR = 0.05 for Dis-residing burglars
- Entertainment venues: OR = 4% increase for Non-Dis-residing burglars",statistical,plum
which is a standard spatial unit used in the UK for census data. The justification is implied by the suitability of LSOAs for analyzing spatial patterns of crime,other,lightcoral
The authors chose census block groups as their spatial unit of analysis because it is the smallest geographic area available in the EPA's Smart Location Database,other,lightcoral
"this study uses the latent class (and mixed and conditional logit) to examine the offence location choices of serious acquisitive crime offenders in York (UK).""",geographic,yellow
The authors justify their choice of spatial unit size by ensuring it is fine enough to capture the variance of spatial features. For areally aggregated features,other,lightcoral
ensuring consistency and comparability. Census units are approximately equally sized and relatively homogeneous in terms of population composition. Additionally,other,lightcoral
and neighborhoods identified by postcodes. These were not selected because the authors chose SA2s for their balance between spatial spill-over and heterogeneity,other,lightcoral
The authors chose neighbourhoods as their spatial unit size because more than three-quarters of the locations were reported at least at the neighbourhood level,other,lightcoral
the researchers aggregated data from smaller administrative units to census block groups. The original smaller administrative unit is not explicitly mentioned,methods,lightgreen
"negative association (no specific value provided)
- Ethnic heterogeneity: Not statistically significant
- Number of dwellings: Not statistically significant",statistical,plum
"000 residents
- Racial and ethnic dissimilarity: .42 (decrease by 58%)
- Gang territorial dissimilarity: .50 (decrease by 50%)
- Collective efficacy: small",statistical,plum
Not mentioned (the paper does not provide specific numerical coefficient values for the independent variables in the statistical model within the text itself),statistical,plum
"1. u30 (proximity measure)
2. u66 (density measurement)
3. /13
4. /18
5. /19
6. /38
7. /46
8. /52
9. /53
10. /58
11. /62
12. Spatial hierarchy term",statistical,plum
and they can capture local variations in crime rates and environmental characteristics. The high geocoding success rate and the inclusion of all census blocks,other,lightcoral
indicating a limitation due to data availability and computational feasibility rather than specific computational constraints like memory or processing time.,other,lightcoral
The authors chose census blocks as their spatial unit of analysis because they are a fine-grained unit that allows for detailed analysis of spatial patterns,other,lightcoral
Computational constraints: The estimation of the multinomial logit model was computationally intensive due to the large number of potential alternatives (23,other,lightcoral
which are key issues in MAUP. The paper emphasizes the need to match the unit of analysis with the theoretical level of study to prevent ecological fallacy.,other,lightcoral
The authors faced computational constraints related to the number of spatial units (SA2s) they could include in their analysis. To manage these constraints,other,lightcoral
No sensitivity analysis performed. The study primarily uses census tracts and suggests future work could explore smaller units like block groups or blocks,other,lightcoral
Yes. The researchers aggregated data from smaller administrative units (U.K. census output areas) to larger spatial units (street segments) for analysis.,methods,lightgreen
Yes. The researchers aggregated data from smaller administrative units (census blocks) to larger administrative units (census block groups) for analysis.,methods,lightgreen
Yes. The researchers aggregated data from smaller administrative units (census blocks) to create larger spatial units (census block groups) for analysis.,methods,lightgreen
"Propinquity: Odds ratio = 0.6 for every kilometer
- Schools: Odds ratio = 1.29 to 2.09 for each additional school
- Tube station: Significant predictor",statistical,plum
"Low detection rate of residential burglaries (7%) which could bias results if related to location choice criteria.
- Focus only on target area selection",other,lightcoral
or processing challenges that influenced their spatial unit selection. While there are discussions about data quality and the potential for smaller units,other,lightcoral
"positive relationship (no specific coefficient value provided)
- Number of transit stations: 2.0%
- Pedestrian-oriented street density: 2.8% (Model 3)",statistical,plum
"0.37]
- Repeat offending hypothesis: 95% CI: [not explicitly provided]
- Crime generators and attractors hypothesis: 95% CI: [not explicitly provided]",statistical,plum
"Distance from burglar's home: OR = 0.325 and 0.326 for Non-Dis-residing burglars
- Population increase: OR = 98.6%-100.9% for Non-Dis-residing burglars",statistical,plum
"Subway stations: OR = 57.0%
- Cinemas: OR = 15.4%
- Hospitals: OR = 13.5%
- Proportion of non-locals: OR = 19.8%
- Distance: Strong positive effect",statistical,plum
prohibited the estimation of the more flexible mixed logit model due to computational constraints. The models were estimated using Stata/MP version 15.,other,lightcoral
which approximates neighborhoods and is relatively homogenous in size. This discussion addresses concerns related to scale effects and aggregation bias,other,lightcoral
"Use smaller spatial units than census block groups to better capture convergence spaces.
- Replicate findings across different types of locales (rural",other,lightcoral
"potentially introducing bias by omitting un-arrested robbers.
- Potential problem of offenses being nested within offenders not explicitly addressed.",other,lightcoral
they chose not to use these due to data limitations and the need to relax the effects of independence of irrelevant alternatives (IIA) in their model.,other,lightcoral
No sensitivity analysis performed (the study did not conduct a sensitivity analysis by comparing results across different spatial unit sizes or scales,other,lightcoral
No (the paper does not mention aggregating data from smaller administrative or statistical spatial units to create larger spatial units for analysis),methods,lightgreen
"Model: Conditional Logit Model
- Fit Statistics: Odds ratios and 95% confidence intervals
- Performance Metrics: Bootstrapping for robust estimates",statistical,plum
"the odds of it being selected decreases on average by 0.31.
- Idiosyncratic betweenness: For every 10 percent increase in ""idiosyncratic betweenness",statistical,plum
The authors chose four-digit postal code areas as their spatial unit of analysis because these areas are designed to have minimal travel restrictions,other,lightcoral
"and nesting structures of spatial units.
- Future studies could focus on the effects of different anchor points within an offender's awareness space",other,lightcoral
"Distance: Odds ratio of 0.21 (nearly 80% reduction) for an increase in log distance.
- Population size: 17% increase in odds for every additional 1",statistical,plum
"but even this was not sufficient for standard desktop computers.
- The dataset and buffer memory requirements exceeded typical desktop capabilities",other,lightcoral
"First wave data collection: October 2008 to May 2009
- Second wave data collection: November 2010 to June 2011
- Crime data collection: Up to 2012",other,lightcoral
The authors chose SA2s as their spatial unit because they are comparable to neighborhoods and have been used in other crime location choice studies,other,lightcoral
which could imply a computational constraint related to data collection and processing. No other explicit computational constraints were mentioned.,other,lightcoral
"necessitating a sampling approach to reduce the computational burden.
- Solution: A sampling procedure was used to select a subset of alternatives",other,lightcoral
which are components of the MAUP. This approach is seen as providing a more accurate measurement of the environment relevant to offenders' actions.,other,lightcoral
using census units avoids the need to estimate spillover effects and allows for the aggregation of crime generators at the same spatial resolution,other,lightcoral
"which might not be representative of rural areas or other geographical contexts.
- The choice of postal codes was influenced by data availability",other,lightcoral
The authors discuss the Modifiable Areal Unit Problem (MAUP) by acknowledging that areal unit boundaries are arbitrary and lack ecological meaning,other,lightcoral
"OR = 0.227 (adult)
- Wholesale markets: Effect present but no variation by age
- Migrants' proportion: Effect consistent with wholesale markets",statistical,plum
The authors justify their choice of using Statistical Local Areas (SLAs) as the spatial unit by referencing the discrete spatial choice framework,other,lightcoral
"leading to the use of hierarchical Bayes (HB).
- Computational limitations were addressed by using HB and managing Halton draws for convergence.",other,lightcoral
Not mentioned (the paper does not provide specific future recommendations or suggestions regarding spatial unit size or spatial unit of analysis),other,lightcoral
Estimating the conditional logit model was computationally infeasible due to the large number of decision-maker-by-alternative combinations (327,other,lightcoral
No computational constraints mentioned. The paper discusses the choice of spatial unit analysis and the challenges associated with smaller units,other,lightcoral
"Arrest data: 2012 to 2016
- POI data: 2014
- Traffic road network vector map data: 2014
- Bus stop data: 2015
- Mobile phone data: May 12-18",other,lightcoral
which may not capture local crime dynamics as effectively as smaller units. They suggest that their data could be aggregated to different scales,other,lightcoral
Not mentioned (the paper does not explicitly propose future suggestions or improvements regarding spatial unit size or spatial unit of analysis),other,lightcoral
No (the researchers did not aggregate data from smaller administrative or statistical spatial units to create larger spatial units for analysis,methods,lightgreen
"Current residential area of any family member: OR = 1.88
- Former residential area of any family member: OR = 1.37
- Specific ORs for parents",statistical,plum
postal code areas are practical for analysis due to their existing administrative boundaries and availability of demographic and economic data.,other,lightcoral
"excluding those committed outside city boundaries.
- Potential incompleteness of police data on number of offenders involved in each burglary.",other,lightcoral
Not specified (the paper provides information on the number and size of neighborhoods but does not specify the total area of the study region),quantitative,lightblue
"Pseudo-R-squared for Model 1 (residential areas only): 0.304
- Pseudo-R-squared for Model 2 (all activity nodes): 0.479
- AIC for Model 2: 1",statistical,plum
The authors justify the use of postal code areas as their spatial unit because these areas approximate the familiar environment of individuals,other,lightcoral
as dealers' decisions are influenced by very specific locations measured in meters. They suggest future research should use even smaller units,other,lightcoral
and average coefficients with standard deviations for ML. It discusses the significance and direction of effects for variables like distance,statistical,plum
using SA2s helps manage the computational burden associated with large datasets by limiting the number of alternatives to a manageable size.,other,lightcoral
The authors mention that including all possible choices outside of the study region would require more data than were available for analysis,other,lightcoral
likely related to data handling and model complexity. The decision to use LSOAs as the spatial unit of analysis is presented as a compromise,other,lightcoral
but the authors chose block groups for their study to minimize within-neighborhood heterogeneity and ensure availability of contextual data.,other,lightcoral
No sensitivity analysis performed (the paper does not explicitly conduct a sensitivity analysis using different spatial unit sizes or scales,other,lightcoral
"Distance from home to target: e = 0.61
- Presence of a major road: e = 1.77
- Presence of a military base or police station: e = 13.78",statistical,plum
even with high-performance computing. This forced them to use the less flexible but computationally less demanding conditional logit model.,other,lightcoral
suburban) were considered as alternative spatial units or scales but not used due to data limitations and the focus on census block groups.,other,lightcoral
Not mentioned (the paper does not provide specific model fit statistics or goodness-of-fit measures for the discrete spatial choice model),statistical,plum
"Consider more activity nodes and social disorganization types in future studies.
- Include additional attributes of offenders such as age",other,lightcoral
"Log-distance: .21 (reduction of nearly 80%)
- Home tract: .67 (reduction by 33%)
- Population size: 17% increase for every additional 1",statistical,plum
The authors chose four-digit postal code areas as their spatial unit because these areas are designed to have minimal travel restrictions,other,lightcoral
No MAUP discussion present (the paper implies consideration for scale effects but does not explicitly discuss MAUP or ecological fallacy),other,lightcoral
"Pseudo R-squared for main model: 0.25
- Pseudo R-squared for violence model: 0.30
- Pseudo R-squared for property offenses model: 0.25",statistical,plum
Not mentioned (the paper does not provide specific numerical coefficient values for the independent variables in the statistical models),statistical,plum
"OR ranges between 0.299 and 0.300 for Dis-residing burglars
- Population size: OR = 98.6%-100.9% increase for Non-Dis-residing burglars",statistical,plum
suggesting alignment with existing data collection practices. The involvement of ReCAP likely influenced the choice of spatial unit size,other,lightcoral
making them suitable for analyzing crime location choices and assessing spillover effects using hierarchical spatial nesting structures.,other,lightcoral
making them a suitable approximation for areas of familiarity. This choice aligns with the theoretical framework of crime pattern theory,other,lightcoral
"which may not capture all burglaries.
- Administrative boundary constraints due to reliance on data from the municipality of The Hague.",other,lightcoral
"which revealed the same pattern of results as the main analysis.
- Sensitivity tests were conducted to examine the choice of radii used",other,lightcoral
"which could influence spatial unit characteristics.
- They recommend optimizing surveillance camera placement to maximize their effects",other,lightcoral
Not mentioned (the paper does not provide specific numerical coefficient values for each independent variable in the statistical model),statistical,plum
"standard partial regression coefficient = 0.18
- Proportion of foreigners: Not significant
- Proportion of newcomers: Not significant",statistical,plum
"Proximity for adult offenders = 2.77.
- Model C: Ethnic composition for native Dutch burglars decreases likelihood by a factor of 0.92",statistical,plum
providing necessary data on street connectivity. This choice is consistent with prior research on co-offending and neighborhood context,other,lightcoral
which supports the use of neighborhoods as a relevant spatial unit for analysis. The study uses data from 89 neighborhoods in The Hague,other,lightcoral
No (the study uses data at the house level within the province of East Flanders without aggregating from smaller administrative units),methods,lightgreen
indicating high spatial accuracy. This choice is also practical as it aligns with existing administrative divisions in the Netherlands,other,lightcoral
"Small sample size (50 dealers) limited statistical inference.
- Recruitment method biased towards mobile dealers selling to strangers",other,lightcoral
Computational constraint: Estimating the multinomial logit model on the full dataset would require processing 325 million combinations,other,lightcoral
The authors chose census units as their spatial unit of analysis because they are similar in size to those used in comparable studies,other,lightcoral
"which might not cover all motivations for graffiti writers.
- Certain variables were excluded due to inter-rater reliability issues.",other,lightcoral
The authors discuss the Modifiable Areal Unit Problem (MAUP) by acknowledging the limitations of using large spatial units like wards,other,lightcoral
Not mentioned (the paper does not propose future suggestions or improvements regarding spatial unit size or spatial unit of analysis),other,lightcoral
"Bayesian Information Criterion (BIC) for model selection and comparison
- Wilcoxon signed rank test for comparing model performance",statistical,plum
The authors chose the UK Census Lower Level Super Output Area (LSOA) as their spatial unit of analysis because it provides a smaller,other,lightcoral
The authors justify the use of four-digit postal code areas as the spatial unit of analysis due to their average size and population,other,lightcoral
The authors suggest future research should explore how urban environment configurations affect collective action and social cohesion,other,lightcoral
"OR = 1.47 (Brisbane)
- Proximity effect for juveniles vs. adults: Larger for juveniles under the legal driving age than for adults",statistical,plum
"Number of residential properties: Odds ratio of 1.14 for a 10-unit increase
- Proximity: Odds ratio of 3.91 for juvenile offenders",statistical,plum
"Initial data collection for suspects: 2017
- Survey data collection: May to August 2019
- Crime data collection period: 2018-2019",other,lightcoral
"The authors chose ""Small Areas"" (SAs) as their spatial unit because they are the smallest areal unit available in Northern Ireland",other,lightcoral
"could be considered.
- Systematic observations could help determine variations in target attractiveness for specific crime types.",other,lightcoral
105 recorded3 and solved4 SAC in York committed by 687 offenders living in York between April 2008 and March 2012 were collected.,geographic,yellow
Not mentioned (the paper does not provide specific numerical coefficient values or parameter estimates for independent variables),statistical,plum
The authors chose the street segment as their spatial unit size because it aligns with contemporary theory and research questions,other,lightcoral
"which may introduce regional constraints.
- Detection bias may be present due to reliance on police data for arrested offenders.",other,lightcoral
"exceeding the capabilities of most contemporary computer workstations.
- Memory constraint: Computer memory was strictly limited",other,lightcoral
The authors used approximations based on neighbourhood centroids to calculate distances due to computational feasibility concerns,other,lightcoral
and that determining adequate resolution depends on the nature of features used. For aggregated data like demographic information,other,lightcoral
"and graffiti as signs of physical disorder.
- Narrow down the alternative set for each offender based on their daily activities.",other,lightcoral
No (the researchers used communities as the spatial unit of analysis without aggregating data from smaller administrative units),methods,lightgreen
AIC and BIC are used as model fit statistics. The smallest AIC and BIC values are observed for the integrated main effects model,statistical,plum
The authors chose 500 m grid cells as their spatial unit size because these data are available from the Japanese national census,other,lightcoral
The authors chose neighborhoods as their spatial unit size because it aligns with existing administrative divisions in The Hague,other,lightcoral
"which may limit the availability or detail of the data.
- Administrative boundary constraints: The study is confined to ZG City",other,lightcoral
necessitating the use of a bootstrapping procedure and reducing the sample size for the universal logit model from 6000 to 4000.,other,lightcoral
which mitigates spatial autocorrelation issues. Although they do not explicitly mention the Modifiable Areal Unit Problem (MAUP),other,lightcoral
Not mentioned (the paper does not provide specific model fit statistics or goodness-of-fit measures for the statistical models),statistical,plum
"business offices (no specific coefficients provided)
- Non-significant facilities: temples (no specific coefficients provided)",statistical,plum
Not mentioned (the paper does not report confidence intervals due to the small sample size and focus on descriptive statistics),statistical,plum
The large number of spatial alternatives for crime analysis makes data preparation and computation time prohibitively expensive,other,lightcoral
No (the paper does not mention aggregating data from smaller administrative units to create larger spatial units for analysis),methods,lightgreen
larger units like SAs help mitigate issues like independence of irrelevant alternatives (IIA) in conditional logit estimation.,other,lightcoral
The authors suggest considering more artificially constructed and uniform areas as an alternative to the current spatial scale,other,lightcoral
No (the paper does not mention aggregating data from smaller administrative units to create larger spatial units for analysis,methods,lightgreen
Not mentioned (the paper does not provide specific numerical coefficient values or odds ratios for the independent variables),statistical,plum
The authors chose census blocks as their spatial unit size because they are smaller than traditional units like census tracts,other,lightcoral
"limiting generalizability to other crimes or locations.
- Data restricted to residential crimes in the third quarter of 1997",other,lightcoral
The study used the 201 wards of Chennai City as spatial units due to data availability and administrative boundaries. However,other,lightcoral
No sensitivity analysis performed (the sensitivity analysis conducted was related to the weighting of items within constructs,other,lightcoral
"Match the unit of analysis to the theory being tested to avoid ecological fallacies.
- Use smaller spatial units of analysis",other,lightcoral
Not mentioned (the paper does not explicitly provide confidence intervals for the model coefficients or parameter estimates),statistical,plum
"1. Distance_to_highway
2. Family_density_per_unit_area
3. Personal_care_expenditure_per_household
4. Distance_to_hospital",statistical,plum
"Explore whether past residences remain part of an offender's daily routines.
- Include additional locations such as schools",other,lightcoral
Not mentioned (the paper does not explicitly report confidence intervals for the model coefficients or parameter estimates),statistical,plum
Not mentioned (the paper mentions the inclusion of 95% confidence intervals but does not provide specific numerical ranges),statistical,plum
"Use of smaller spatial units (LSOAs) may lead to spillover effects.
- Reliance on 2001 U.K. Census data for some variables",other,lightcoral
No computational constraints mentioned. The choice of spatial units was influenced by the complexity and scope of the study,other,lightcoral
No (the researchers used census tracts as the unit of analysis without aggregating data from smaller administrative units),methods,lightgreen
Not mentioned (the paper does not provide explicit confidence intervals for the model coefficients or parameter estimates),statistical,plum
Not mentioned (the paper does not provide specific confidence intervals for the model coefficients or parameter estimates),statistical,plum
"dealers not deterred by these factors
- Selling drugs: Dealers tend to sell in areas with high potential customer density",statistical,plum
and is methodologically justified to preserve local variations. They also note that people navigate along the road network,other,lightcoral
The authors chose the community as the spatial unit of analysis because it is relevant to urban planning and crime studies,other,lightcoral
The authors suggest that the resolution of the grid used should be fine enough to capture the variance of spatial features,other,lightcoral
"Surveillability: B = -0.735
- Ease of escape: B = 0.477
- Accessibility: B = 0.380
- Wealth: Not mentioned (no effect)",statistical,plum
and the relatively small size of census block groups in Baltimore makes them suitable for analyzing neighborhood context.,other,lightcoral
"Crime data: 2017-2018
- Mobility flow data: October 2019
- Point of interest data: 2016
- Socio-demographic data: 2010",other,lightcoral
indicating an awareness of aggregation bias. They also highlight the variation in surface size within and between suburbs,other,lightcoral
Not mentioned (the paper does not provide a specific number of spatial units included in the final statistical analysis),quantitative,lightblue
No (the paper does not mention aggregating data from smaller administrative or statistical spatial units to larger units,methods,lightgreen
"which might affect the analysis in urban versus rural areas.
- The study area was limited to three urban municipalities",other,lightcoral
improving data collection and analysis methods to address the low detection rate could enhance the validity of findings.,other,lightcoral
Not mentioned (the paper does not provide the exact number of spatial units included in the final statistical analysis),quantitative,lightblue
Not mentioned (the paper does not explicitly report confidence intervals for model coefficients or parameter estimates),statistical,plum
The authors chose their specific spatial unit size or type based on equivalence in size of the known burglar population,other,lightcoral
"Root likelihood statistic for conditional logit model: 0.028
- Root likelihood statistic for mixed logit model: 0.151",statistical,plum
"no specific odds ratio provided
- Contagion: Odds ratio = 1.14 for every additional incident in the previous 24 hours",statistical,plum
Not mentioned (the paper does not provide explicit confidence intervals for model coefficients or parameter estimates),statistical,plum
Not mentioned (the paper does not provide specific confidence intervals for model coefficients or parameter estimates),statistical,plum
The authors mentioned that they used the Poisson model implementation because it is computationally easier to estimate,other,lightcoral
"The authors mention that using smaller spatial units of analysis would yield ""computational and theoretical challenges",other,lightcoral
they discuss how larger units affect the independence of irrelevant alternatives (IIA) in conditional logit estimation,other,lightcoral
"which relates to spatial autocorrelation issues. Although they do not explicitly mention ""MAUP"" or ""ecological fallacy",other,lightcoral
Not mentioned (the paper does not discuss future suggestions related to spatial unit size or spatial unit of analysis),other,lightcoral
"Netherlands: Neighborhoods
- United Kingdom: Super Output Areas (medium layer)
- Australia: Statistical Local Areas",geographic,yellow
"affecting spatial analysis precision.
- Aggregation requirements due to demographic data at census block group level",other,lightcoral
"and socioeconomic status.
- Explore reasons for differences in odds ratios between epidemiology and crime geography.",other,lightcoral
"Future research should consider dynamic changes in on-street population.
- Include small objects like broken windows",other,lightcoral
we utilize the discrete choice framework to assess which criteria motivate the location decisions of street robbers.,geographic,yellow
No (the data was analyzed directly at the neighbourhood level without aggregation from smaller administrative units),methods,lightgreen
The authors chose the census tract as their spatial unit of analysis because it was consistent with previous studies,other,lightcoral
The authors mentioned that the nested logit model was computationally prohibitive due to the large dataset size (138,other,lightcoral
Not mentioned (the paper does not provide a specific total number of individual crime incidents or events analyzed),quantitative,lightblue
"OR = 0.377 (native)
- Distance of journey to crime: Significant negative influence (no specific OR value provided)",statistical,plum
Not mentioned (the paper does not provide specific confidence interval values or ranges for the model coefficients),statistical,plum
allowing for unbiased comparison due to equal size. This choice is also theoretically justified by Ratcliffe (2003),other,lightcoral
with a standard deviation of 2.85 km^2. The choice aligns with common practices in criminology and spatial analysis,other,lightcoral
which limited their ability to use smaller spatial units without drastically reducing the sample size. Additionally,other,lightcoral
"in addition to the house level.
- Apply nested logit models to account for multiple levels of spatial aggregation.",other,lightcoral
Odds ratios (ORs) for activity nodes with high reliability and high relevance: Not explicitly provided in the text,statistical,plum
which can lead to aggregation bias. They also mention that smaller units are more appropriate for certain analyses,other,lightcoral
A sensitivity analysis was conducted to test the impact of different random selections of offenders on the results,other,lightcoral
Not mentioned (the paper does not provide confidence intervals for the model coefficients or parameter estimates),statistical,plum
"Adults (OR = 1.008)
- Group offenders vs. solo offenders: Various odds ratios provided for different comparisons",statistical,plum
which may not accurately reflect local crime patterns. The data on population is only available at the ward level,other,lightcoral
limiting finer-scale analysis. A multiple-scale analysis was not feasible due to the study's design and strategy.,other,lightcoral
Computational constraints: The models require estimation across three dimensions (crimes × locations × variables),other,lightcoral
Blocks were mentioned as an alternative unit used in other research for assessing criminogenic nodes or hot spots,other,lightcoral
which could involve exploring different scales of analysis or optimal unit sizes that reflect social homogeneity.,other,lightcoral
Systematic Social Observation (SSO) conducted by a team of 212 observers in Ghent's city center in November 2017,crime_related,orange
"1. Distance_to_home_base
2. Presence_of_major_road
3. Presence_of_military_base
4. Presence_of_police_station",statistical,plum
The authors briefly discuss the Modifiable Areal Unit Problem (MAUP) in relation to their spatial unit selection,other,lightcoral
"positive relationship (no specific coefficient value provided)
- Rate of solo crime: Statistically significant",statistical,plum
The authors chose Statistical Area 2 (SA2) as their spatial unit because it is consistent with previous studies,other,lightcoral
"which limits the spatial unit selection.
- Offence type grouping: Different offence types are grouped together",other,lightcoral
the choice of street segments as the spatial unit of analysis was influenced by human observational limitations,other,lightcoral
they address spatial autocorrelation by discussing spatial spillover effects and spatial agglomeration effects.,other,lightcoral
to yield improved insights because more within-tract heterogeneity and within-tract distances are incorporated.,other,lightcoral
"u 30: Negative coefficient (exact value not provided)
- u 66: Positive coefficient (exact value not provided)",statistical,plum
Not mentioned (the paper does not provide specific numerical coefficient values for each independent variable),statistical,plum
"OR = 1.022 for native robbers (p > 0.05)
- Proportion of migrants: OR = 1.043 for migrant robbers (p < 0.001)",statistical,plum
"assuming demographic stability over a decade.
- Lack of data on police activity and arrests during the riots.",other,lightcoral
Not mentioned (the exact number of SA2s included in the final analysis is not explicitly stated in the paper),quantitative,lightblue
No (the researchers used data at the block group level without aggregating it to larger administrative units),methods,lightgreen
Not mentioned (the paper does not provide confidence intervals for model coefficients or parameter estimates),statistical,plum
they are comparable to or larger than those used in previous studies without yielding contradictory findings.,other,lightcoral
The authors faced computational constraints due to the resource-intensive nature of the discrete choice model,other,lightcoral
The study conducted sensitivity analysis by testing spatial spillover effects across different spatial scales,other,lightcoral
No (the paper does not explicitly mention aggregating data from smaller administrative units to larger ones),methods,lightgreen
Not mentioned (the paper does not explicitly report any specific model fit statistics such as log-likelihood,statistical,plum
"Proximity (negative log distance) has a positive effect.
- Model B: Proximity for juvenile offenders = 3.91",statistical,plum
The authors justify the use of postal code areas as the spatial unit by noting their average population size,other,lightcoral
but they do not provide detailed descriptions of specific computational limitations or software constraints.,other,lightcoral
indicating these were alternative units considered in the broader context of crime location choice research.,other,lightcoral
indicating that smaller units were considered but not selected due to practical and theoretical limitations.,other,lightcoral
Not mentioned (the paper does not explicitly report traditional model fit statistics such as log-likelihood,statistical,plum
"positive association (no specific value provided)
- Socioeconomic heterogeneity: Statistically significant",statistical,plum
"and matching the unit of analysis to the theory.
- Practical considerations: heterogeneity of larger units",other,lightcoral
No computational constraints mentioned. The paper does not explicitly mention any computational limitations,other,lightcoral
but does not explicitly mention computational limitations like memory constraints or processing challenges.,other,lightcoral
Activities and Neighborhoods (SPAN) - self-report questionnaires and personal space-time budget interviews,crime_related,orange
"465
- Pseudo-R-squared for high accuracy subset: 0.512
- Pseudo-R-squared for low accuracy subset: 0.442",statistical,plum
"OR > 80% increase for Dis-residing burglars
- Bus stops: OR = 1.2% increase for Non-Dis-residing burglars",statistical,plum
"OR = 1.016 for native robbers (p > 0.05)
- Transportation hubs: OR = 1.052 for migrant robbers (p < 0.01)",statistical,plum
The authors chose the Statistical Area 2 (SA2) as their spatial unit because it approximates neighborhoods,other,lightcoral
but they note that a multiple-scale analysis would require additional research questions and a new design.,other,lightcoral
"with only up to five prior addresses obtainable.
- Bias due to missing information on past home addresses",other,lightcoral
Not mentioned (the paper does not provide a comprehensive list of independent variables in the main text),quantitative,lightblue
indicating increased likelihood of location choice for crime. Specific numerical values are not provided.,statistical,plum
"which may not perfectly capture neighborhood dynamics.
- Excludes block groups with missing Census data.",other,lightcoral
"which may not be representative of all offenders.
- Variation within offense types could affect results.",other,lightcoral
parcels. Reason for rejection: The study's scope and design did not accommodate a multiple-scale analysis,other,lightcoral
Not specified (the paper provides average area per community but not the total area of the study region),quantitative,lightblue
No (the study uses data at the neighborhood level without aggregating from smaller administrative units),methods,lightgreen
Police data from the Metropolitan Police Service for riot-related incidents in London during August 2011,crime_related,orange
- Index of Multiple Deprivation (IMD) 2010 from the U.K. Department for Communities and Local Government,crime_related,orange
Not mentioned (the paper does not explicitly report specific model fit statistics such as log-likelihood,statistical,plum
"positive relationship (no specific coefficient value provided)
- Spatial lag: Statistically significant",statistical,plum
they acknowledge that smaller units could be used but would introduce issues of spatial interdependence.,other,lightcoral
"adding to the computational burden.
- A sampling strategy was used to reduce the number of alternatives",other,lightcoral
The authors discuss the Modifiable Areal Unit Problem (MAUP) in relation to their spatial unit selection,other,lightcoral
but it does consider spatial scales through the use of radius of gyration and spatial contiguity bands).,other,lightcoral
No (the data was analyzed at the community level without aggregation from smaller administrative units),methods,lightgreen
"OR = 1.018 for native robbers (p > 0.05)
- Subway stations: OR = 1.038 for migrant robbers (p < 0.000)",statistical,plum
which suggests that smaller units can better capture the effects of heterogeneity on offender behavior.,other,lightcoral
ensuring data availability and consistency. These communities have relatively high resident homogeneity,other,lightcoral
"which may not capture differences in behavior.
- Crime reporting bias: The data is limited to reported",other,lightcoral
The authors suggest that smaller spatial units of analysis might be more appropriate for future studies,other,lightcoral
a selection of 150 dwellings that were burglarised during daylight hours in 2009 is made from geocoded,geographic,yellow
Not specified (the paper provides a range of population sizes per SA2 but does not specify an average),quantitative,lightblue
"OR = 1.018 for native robbers (p > 0.05)
- Sports stadiums: OR = 0.816 for migrant robbers (p < 0.01)",statistical,plum
and practical considerations for spatial analysis using GIS. This choice aligns with previous research,other,lightcoral
data was aggregated from smaller administrative units to Statistical Local Areas (SLAs) for analysis.,methods,lightgreen
Not mentioned (the paper does not explicitly provide confidence intervals for the model coefficients),statistical,plum
"not on why or how offender groups form.
- Data limited to detected burglaries by The Hague residents",other,lightcoral
Not specified (the paper does not provide the average population size per community or spatial unit),quantitative,lightblue
Not mentioned (the paper does not provide specific model fit statistics or goodness-of-fit measures),statistical,plum
"negative relationship (no specific coefficient value provided)
- Poverty: Statistically significant",statistical,plum
"1.6% increase for Dis burglars
- Entertainment venues: 4% higher odds for Non-Dis-residing burglars",statistical,plum
likely due to data availability and practicality. The average size of these communities is 1.62 km^2,other,lightcoral
"focusing on areas with high graffiti incidence.
- Data collection was restricted to street segments",other,lightcoral
The authors mention that the grid resolution must be fine enough to capture spatial feature variance,other,lightcoral
Alternative units discussed include using smaller spatial units such as 10 × 10 m grids or addresses,other,lightcoral
Not mentioned (the paper does not specify the software or programming tools used for data analysis),methods,lightgreen
Not mentioned (the paper does not specify any software or programming tools used for data analysis),methods,lightgreen
"standard partial regression coefficient = 0.22
- Proportion of single-family dwellings: e β = 1.06",statistical,plum
"standard partial regression coefficient = 0.20
- Number of past residential burglaries: e β = 1.16",statistical,plum
Not mentioned (the paper does not provide explicit confidence intervals for the model coefficients),statistical,plum
Not mentioned (the paper does not provide specific confidence intervals for the model coefficients),statistical,plum
"p < .001)
- Current residential areas of children have larger ORs compared to parents and siblings",statistical,plum
making neighborhoods a suitable unit for analyzing attributes relevant to burglary location choice.,other,lightcoral
and noted that a significant portion of robberies occurred outside the offender's home census tract,other,lightcoral
suggests a balance between capturing local variations and avoiding excessive computational demands.,other,lightcoral
Not mentioned (the paper does not provide a specific number of crime incidents or events analyzed),quantitative,lightblue
Not mentioned (the paper does not provide a specific count of the number of independent variables),quantitative,lightblue
aligning with the goal of understanding crime location choice at an individual level. Additionally,other,lightcoral
Smaller microunits (as suggested by advances in crime pattern theory) and different locales (rural,other,lightcoral
their approach suggests an awareness of related issues such as scale effects and aggregation bias.,other,lightcoral
Not mentioned (the paper does not provide specific numerical values for the confidence intervals),statistical,plum
limited agreement and restrictions on disclosing crime and mobile phone data sources and details.,other,lightcoral
No (the paper does not mention aggregating data from smaller administrative units to larger ones,methods,lightgreen
Not mentioned (the paper does not explicitly report confidence intervals for model coefficients),statistical,plum
"but specific CI not provided
- Proximity effect: Odds ratio 1.297 (Model 1) and 1.295 (Model 2)",statistical,plum
Idiosyncratic farness: For every 10 minutes a street segment is from an offender's home location,statistical,plum
"it was the lowest level of aggregation for which the ""collective efficacy"" measure was available",other,lightcoral
"Solved cases data: 2007-2015
- Past crime data: 2004-2006
- Neighborhood characteristics: 2010",other,lightcoral
Not mentioned (the study does not specify any particular city or cities within the Netherlands),geographic,yellow
"influenced by size and urbanization level.
- Lack of data on other activity nodes like schools",other,lightcoral
indicating concerns about computational feasibility and processing power or memory limitations.,other,lightcoral
The authors mention that most previous studies have used the area level as the unit of analysis,other,lightcoral
Community-level socio-demographic characteristics from the 2010 sixth national census of China,crime_related,orange
Not mentioned (the paper does not provide specific model fit statistics such as log-likelihood,statistical,plum
"AIC (Akaike Information Criterion)
- BIC (Bayesian Information Criterion)
- Pseudo R-squared",statistical,plum
Not mentioned (the paper does not provide explicit model fit statistics such as log-likelihood,statistical,plum
"2.25 times more likely for mixed population
  - White robbers: More likely for White majority",statistical,plum
Not mentioned (the paper mentions that confidence intervals are included in the results tables,statistical,plum
"with mixed logit indicating low turnover rates are more attractive.
- No explicit odds ratios",statistical,plum
the authors consider the potential for spatial spillover effects when analyzing at this scale.,other,lightcoral
"similar to comparable studies.
- The use of census units avoided estimating spillover effects",other,lightcoral
Not specified (the paper provides the city's total area but not the specific study area size),quantitative,lightblue
which approximates neighborhoods. The original smaller administrative units are not specified,methods,lightgreen
Residential burglary: Presence of activity node in same SA2 increases odds by over 1000 times,statistical,plum
Not mentioned (the paper does not provide specific numerical values for confidence intervals),statistical,plum
"or detached)
20. Collective efficacy (derived from social trust and informal social control)",statistical,plum
indicating a computational constraint related to processing time or feasibility. Additionally,other,lightcoral
the authors chose census blocks for their analysis to capture fine-grained spatial decisions.,other,lightcoral
the inter-centroid spacing should be smaller than the minimum distance between key locations.,other,lightcoral
Strengthen crime prevention and control by deploying security facilities in wholesale markets,other,lightcoral
Existing dataset previously used for a social network analysis of PIRA's active core members,crime_related,orange
Commercial databases (mobile phone data from a major mobile phone service provider in China),crime_related,orange
"Pseudo-R²: 0.30 to 0.31
- Wald chi-square tests for testing differences between odds ratios",statistical,plum
"standard partial regression coefficient = 0.23
- Past residential burglary rate: e β = 1.79",statistical,plum
more ecologically valid spatial units that can better account for heterogeneity in variables,other,lightcoral
"064 combinations.
- Memory constraints: The data required 1.67 gigabytes of computer memory",other,lightcoral
Not mentioned (the paper does not specify the exact time period when the data was collected),other,lightcoral
No MAUP discussion present. While the paper discusses spatial unit selection and aggregation,other,lightcoral
Future research should utilize more precise measures of human presence and activity patterns,other,lightcoral
"Pyramid Scene Parsing Network (PSPNet)
- Statistical models: Discrete spatial choice model",methods,lightgreen
"but specific CI not provided
- Percent sidewalk: Statistically significant negative impact",statistical,plum
"increase by 16.1% for every 1 standard deviation
- Street segment surface size: OR = 1.007",statistical,plum
their available hardware and software were insufficient to analyze all cases simultaneously,other,lightcoral
"Pseudo R-squared values: 0.35 to 0.42
- Variation Inflation Factors (VIFs): Median = 1.56",statistical,plum
"standard partial regression coefficient = -2.02
- Number of residential units: e β = 1.05",statistical,plum
"but specific CI not provided
- Crime attractors and generators: Statistically significant",statistical,plum
who found that physical boundaries do not form barriers to residential burglars' movement.,other,lightcoral
they acknowledge that this choice may not provide the most detailed or representative data,other,lightcoral
as they highlight the importance of the road network layout in influencing crime patterns.,other,lightcoral
The authors suggest that future research could benefit from using a more granular approach,other,lightcoral
"but less interpretable.
- Accuracy measure P: Values provided for different models (e.g.",statistical,plum
"positive association (no specific value provided)
- Affluence: Statistically significant",statistical,plum
"2.34 (restricted sample)
- Odds ratio for river barrier: Not explicitly provided in text",statistical,plum
which they believed was small enough for relevant attributes to be seen or heard. However,other,lightcoral
which may have influenced the grid cell size choice for accurate prediction and analysis.,other,lightcoral
finding generally consistent results for 'local' distances ranging from 2.5 to 15 minutes,other,lightcoral
they used existing neighbourhood boundaries as defined by the municipality of The Hague),methods,lightgreen
"but specific CI not provided
- Percent grass: Statistically significant negative impact",statistical,plum
Geographical limitation: Data was specific to Northern and Central Virginia and Richmond,other,lightcoral
a grid resolution finer than the aggregation area is unnecessary. For proximity measures,other,lightcoral
Not mentioned (the paper does not specify the software or tools used for data analysis),methods,lightgreen
necessitating the use of importance sampling techniques to reduce computational burden.,other,lightcoral
it was not used due to increased issues of spatial interdependence between observations,other,lightcoral
The authors discuss the selection of spatial units in relation to theoretical relevance,other,lightcoral
"Prob > chi2 < 0.001
- Likelihood ratio test between Models 1 and 2: LR chi2(1) = 1.85",statistical,plum
Model fit measure: Rank number of the grid cell where the crime was actually committed,statistical,plum
"11.66 (former)
- Odds ratio for areas lived in for less than 2 years: 19.53 (current)",statistical,plum
and more accurately measures the environment in which offenders operate. Theoretically,other,lightcoral
which aligns with the concept of awareness space in crime pattern theory. Additionally,other,lightcoral
The authors chose suburbs as their spatial unit because they are akin to neighborhoods,other,lightcoral
"which are smaller than some areas used in previous studies.
- Reliance on police data",other,lightcoral
but the final larger administrative unit used for analysis is the census block group.,methods,lightgreen
"OR = (not significant for juvenile)
- Young adults proportion: OR = 0.976 (juvenile)",statistical,plum
"exact odds ratio not specified
  - Restaurants and business offices: Positive effect",statistical,plum
allowing for direct sensory perception of activities within the segment. Additionally,other,lightcoral
suggesting awareness of MAUP but not seeing it as a significant issue in their study.,other,lightcoral
they used the existing 201 wards of Chennai City as their spatial units of analysis),methods,lightgreen
"Model 2 = 0.237
- Likelihood ratio test: Chi-square = 172.43 (7 degrees of freedom)",statistical,plum
"Brisbane (OR = 1.21)
- Proportion of Single-Family Dwellings: The Hague (OR = 1.19)",statistical,plum
"OR = 1.21 (Brisbane)
- Proportion of single-family dwellings: OR = 1.19 (The Hague)",statistical,plum
"and sports/leisure facilities
20. Number of people working in each postal code area",statistical,plum
Street segments and street corners were considered as alternative units but not used,other,lightcoral
Not mentioned (the paper does not provide a numbered list of independent variables),quantitative,lightblue
Not mentioned (the paper does not provide specific effect sizes such as odds ratios,statistical,plum
The paper provides estimated coefficients and standard errors for LCL and CL models,statistical,plum
but does not provide specific numerical effect sizes like odds ratios or Cohen's d.,statistical,plum
"over 80% increase for Dis burglars
- Bus stops: 1.2% increase for Non-Dis burglars",statistical,plum
a finer resolution than the aggregation area is unnecessary. For proximity measures,other,lightcoral
aligning with existing frameworks used by local police departments and researchers.,other,lightcoral
ensuring consistency in measuring distances to all potential target neighbourhoods.,other,lightcoral
postal code areas were considered but rejected for the same methodological reasons.,other,lightcoral
but the current study used larger units (0.44km^2) compared to those smaller units.,other,lightcoral
and using smaller units would require additional research questions and strategies.,other,lightcoral
but does not conduct a comparison across different spatial scales within the paper.,other,lightcoral
Not mentioned (the paper uses spatially lagged negative binomial regression models,methods,lightgreen
"averaged over all crimes.
- McFadden's R2: Correlated with the accuracy measure P",statistical,plum
but the use of administrative boundaries is a common practice in spatial analysis.,other,lightcoral
indicating a practical consideration for using existing administrative boundaries.,other,lightcoral
The computational constraints mentioned include the time it took to run the models,other,lightcoral
which are the smallest administrative units for census and survey data collection,methods,lightgreen
but the final larger administrative unit used for analysis is the community level,methods,lightgreen
"OR = (not significant for adult)
- Transportation hubs: OR = 1.035 (young adult)",statistical,plum
Residential burglary: Over 1000 times more likely in an SA2 with an activity node,statistical,plum
they used a stratified importance sampling approach to reduce the number of units,other,lightcoral
the paper discusses issues related to spatial unit selection and aggregation bias,other,lightcoral
could strengthen the evidence base and explore different spatial units or scales.,other,lightcoral
654 offenders from the greater The Hague region in The Netherlands were studied.,geographic,yellow
"p < .001
- Percentage of Black residents for juvenile solo offenders: b = -0.01",statistical,plum
"but specific CI not provided
- Percent windows: Non-significant negative impact",statistical,plum
Neighborhoods: Previous studies used neighborhoods as a spatial unit of analysis,other,lightcoral
to minimize variations in surface size and better capture crime rate variations.,other,lightcoral
"although the terms ""MAUP"" and ""ecological fallacy"" are not explicitly mentioned.",other,lightcoral
The authors discuss the choice of census units as their spatial unit of analysis,other,lightcoral
Not mentioned (no information on confidence intervals is included in the paper),statistical,plum
"leading to conservative estimates.
- Use of postal code areas as spatial units",other,lightcoral
and computational processing. They chose Statistical Area 2 (SA2) as their unit,other,lightcoral
suggesting a consideration of scale effects and spatial autocorrelation issues.,other,lightcoral
Not mentioned (the paper does not specify the software used for data analysis),methods,lightgreen
Not mentioned (the study does not specify a particular crime type or category),crime_related,orange
"p < .001
- Racial/ethnic heterogeneity for juvenile solo offenders: b = 0.011",statistical,plum
although it has limitations in estimating predicted probabilities of burglary.,other,lightcoral
The authors chose the Lower Super Output Area (LSOA) as their unit of analysis,other,lightcoral
opting for block groups to minimize heterogeneity and ensure data availability,other,lightcoral
Not specified (the paper does not provide the total area of the study region),quantitative,lightblue
Not mentioned (confidence intervals are not explicitly reported in the paper),statistical,plum
"no specific OR value provided
- Mobility flows: Significant increase in odds",statistical,plum
"exact odds ratio not specified
  - Personal care businesses: Positive effect",statistical,plum
allowing for the integration of environmental factors relevant at this scale.,other,lightcoral
"leading to a biased sample.
- Preference of burglars for isolated properties",other,lightcoral
"suburban) to assess generalizability.
- Collect qualitative data (interviews",other,lightcoral
as they could better fit theoretical models of crime location choice. However,other,lightcoral
Model A: Number of residential properties increases odds by a factor of 1.14,statistical,plum
Not mentioned (no confidence intervals are explicitly reported in the paper),statistical,plum
allows for better capture of spatial logic and measurement of key constructs,other,lightcoral
indicating a practical consideration for consistency with existing research.,other,lightcoral
which allows for more detailed measurement compared to larger units. However,other,lightcoral
No MAUP discussion present. The authors discuss their choice of spatial unit,other,lightcoral
The authors suggest encouraging mixed land use to attract pedestrian traffic,other,lightcoral
data is analyzed at the level of 89 residential neighbourhoods as they are),methods,lightgreen
- 2001 U.K. Census data for population churn rates and ethnic heterogeneity,crime_related,orange
they note that street segments can capture the complexities of urban spaces,other,lightcoral
Not mentioned (the paper does not specify a type of discrete choice model),methods,lightgreen
No (the analysis was conducted at the level of output areas/neighbourhoods,methods,lightgreen
"Moran's I statistic = non-significant
- Model 3: Explained variance = 84%",statistical,plum
"Bayesian Information Criterion (BIC)
- Akaike Information Criterion (AIC)",statistical,plum
"Pseudo-R-squared: 0.27
- Wald Chi-Squared difference test: χ 2 (1) = 0.01",statistical,plum
"OR = 1.13 (Brisbane)
- Number of residential units: OR = 1.34 (The Hague)",statistical,plum
"p = .000
- Local burglars targeting local majority communities: OR = 4.53",statistical,plum
321 residences nested in 193 neighborhoods for each of the 679 burglaries),other,lightcoral
but they did test for spillover effects using spatially lagged variables).,other,lightcoral
Administrative records (census data on population sizes and census units),crime_related,orange
"p < .001
- Concentrated disadvantage for adult solo offenders: b = 0.225",statistical,plum
"OR = 1.051 (adult)
- Distance of journey to crime: OR = 0.194 (juvenile)",statistical,plum
with most attributes having statistically significant odds ratios above 1,statistical,plum
"OR = 1.092 (young adult)
- Transportation hubs: OR = 1.035 (young adult)",statistical,plum
"OR = 1.098 (adult)
- Distance of journey to crime: OR = 0.194 (juvenile)",statistical,plum
Data is limited to a specific time period (2000-2012) and location (Tampa,other,lightcoral
"850).
- The model required access to all choice-specific characteristics",other,lightcoral
which are smaller than traditional units like census tracts. Additionally,other,lightcoral
Not mentioned (the study is conducted at a national level in New Zealand,geographic,yellow
"but specific CI not provided
- Percent plant: Statistically significant",statistical,plum
considering the variability in community sizes and population densities.,other,lightcoral
such as relaxing the effects of independence of irrelevant alternatives.,other,lightcoral
Confidentiality requirements: The data used in the study is confidential,other,lightcoral
Alternative units considered but not used include 200 m×200 m grid cells,other,lightcoral
which aligns with the theoretical focus on detailed spatial resolutions.,other,lightcoral
finding that population size effects spill over beyond the single block.,other,lightcoral
"the researchers aggregated data to the ""Statistical Area 2"" (SA2) level",methods,lightgreen
but SA2s are used as the final larger administrative unit for analysis.,methods,lightgreen
Department for Transport National Public Transport Access Node database,crime_related,orange
- Population registration data from BRP (nationwide information system),crime_related,orange
allowing for meaningful analysis of crime patterns and activity spaces.,other,lightcoral
The choice of census units was influenced by their size and homogeneity,other,lightcoral
"Conditional Logit (CL)
- Mixed Logit (ML)
- Latent Class Logit (LCL)",methods,lightgreen
Police records from the Dutch National Police (HKS information system),crime_related,orange
Police suspect information system used by the The Hague Police Service,crime_related,orange
"Model 1: Explained variance = 60%
- Model 2: Explained variance = 73%",statistical,plum
"2% (Model 4)
- Racial/Ethnic Heterogeneity: Statistically significant",statistical,plum
"Brisbane (OR = 1.47)
- Proximity to City Center: Brisbane (OR = 1.06)",statistical,plum
which is necessary for theoretical consistency and practical analysis.,other,lightcoral
"which may not be generalizable.
- The focus was primarily on exposure",other,lightcoral
Not mentioned (the study area is described as the entire Netherlands,geographic,yellow
statistical publications of the municipality of The Hague (DSO 2001),crime_related,orange
Point of Interest (POI) data from a navigation data company in China,crime_related,orange
Police information system used by the Greater The Hague Police Force,crime_related,orange
"716.1
- Less frequently visited activity node neighborhoods: OR = 2",statistical,plum
"253.6
- Very frequently visited activity node neighborhoods: OR = 7",statistical,plum
"OR = 1.075 (adult)
- Young adults proportion: OR = 0.976 (juvenile)",statistical,plum
which is a methodological improvement related to spatial boundaries.,other,lightcoral
Recorded crime data from police services in The Hague (Netherlands),crime_related,orange
"Brisbane (OR = 1.13)
- Number of Households: The Hague (OR = 1.34)",statistical,plum
"OR = 1.022 (native)
- Proportion of migrants: OR = 1.043 (migrant)",statistical,plum
Distance from home to crime location: Odds ratio of 0.73 for adults,statistical,plum
952 residents. This choice is justified by practical considerations,other,lightcoral
necessitating the use of high-performance computing infrastructure.,other,lightcoral
indicating an awareness of scale effects and potential MAUP issues.,other,lightcoral
particularly in places different from offenders' residential areas.,other,lightcoral
Police database (Dutch police regions The Hague and North-Holland),crime_related,orange
"Number of bars: 5.2%
- Percent poverty: Statistically significant",statistical,plum
with an average area of 0.65 square kilometers and approximately 4,other,lightcoral
physical attributes collected using GSV images from 2008 and 2009),other,lightcoral
Police information system of the greater The Hague Police Service,crime_related,orange
"p < .01
- Percentage of Black residents for juveniles: b = 0.008",statistical,plum
"000 increase
- Ethnic heterogeneity by group: Non-natives = 1.20",statistical,plum
"716.1
- Odds ratio for less frequently visited activity nodes: 2",statistical,plum
"253.6
- Odds ratio for very frequently visited activity nodes: 7",statistical,plum
"and third-order neighborhoods
- Chi-square tests: χ 2 (3) = 9.53",statistical,plum
The authors chose residential neighborhoods as their spatial unit,other,lightcoral
to postal code areas and micro-scale places used in other studies,other,lightcoral
Street segments were mentioned as an alternative unit of analysis,other,lightcoral
which implies consideration of scale effects and aggregation bias,other,lightcoral
it might be advisable to use smaller units of spatial aggregation,other,lightcoral
Not mentioned (no specific city names are included in the study),geographic,yellow
Not mentioned (no specific city names are included in the paper),geographic,yellow
it uses 500 m grid cells as the basic spatial unit for analysis),methods,lightgreen
Police databases (crime records from ZG City police authorities),crime_related,orange
and economic information on postal code areas in the Netherlands,crime_related,orange
"p < .001
- Racial/ethnic heterogeneity for juveniles: b = 0.015",statistical,plum
"OR = 1.016 (native)
- Transportation hubs: OR = 1.052 (migrant)",statistical,plum
Wards: The authors considered using wards as an alternative unit,other,lightcoral
observational information) to understand co-offending processes.,other,lightcoral
but no specific measurement like area or dimension is provided),quantitative,lightblue
Multinomial Logit Model (also referred to as Conditional Logit),methods,lightgreen
which are the smallest units for which variables were available,methods,lightgreen
"p < .001
- Difference in concentrated disadvantage: b = -0.144",statistical,plum
Not mentioned (the paper does not provide specific effect sizes,statistical,plum
The authors chose neighborhood units as their spatial unit size,other,lightcoral
which is comparable to neighborhoods and used in other studies.,other,lightcoral
- Conflict and Politics in Northern Ireland web service (CAIN),crime_related,orange
"McFadden pseudo-R 2: 0.178
- Likelihood-ratio test: p < 0.001",statistical,plum
"p < .01
- Street network centrality (betweenness): OR = 1.161",statistical,plum
positive relationship (no specific coefficient value provided),statistical,plum
"p < .001
- Residence-to-crime distance for adults: b = -0.395",statistical,plum
"p < .001
- Racial/ethnic heterogeneity for adults: b = 0.0085",statistical,plum
"0.35 (Model 2)
- Repeat offending hypothesis: 12.72 (Model 1)",statistical,plum
"increase by 0.7% for every 10 m^2
- Intersections: OR = 0.473",statistical,plum
"845.3
- Statistically significant positive effects for first-",statistical,plum
which involves selecting a specific house to commit the crime.,other,lightcoral
Inability of Google Street View to capture isolated properties,other,lightcoral
but they do not explicitly address MAUP or ecological fallacy.,other,lightcoral
Statistical publication of the municipality of The Hague (DSO,crime_related,orange
Pseudo R-squared values for both models are greater than 0.25,statistical,plum
Wholesale markets: OR = 1.147 for migrant robbers (p < 0.001),statistical,plum
"hospitals)
11. Percent migrants
12. Percent low-rent houses",statistical,plum
and computational processing considerations. The size of SA2s,other,lightcoral
but no detailed discussion of spatial autocorrelation issues.,other,lightcoral
they used street segments as their spatial unit of analysis),methods,lightgreen
No (the researchers used communities as the unit of analysis,methods,lightgreen
Distance: OR = 0.325 and 0.326 for Non-Dis-residing burglars,statistical,plum
"p < .001
- Distance for juvenile group offenders: b = -0.44",statistical,plum
"OR = 1.018 (native)
- Sports stadiums: OR = 0.816 (migrant)",statistical,plum
"OR = 1.018 (native)
- Subway stations: OR = 1.038 (migrant)",statistical,plum
The study uses census blocks as the spatial unit of analysis,other,lightcoral
without aggregating data from smaller units to larger ones),methods,lightgreen
with 1971 communities being the spatial units for analysis.,methods,lightgreen
Commercial databases (crime generators data from Daodaotong,crime_related,orange
Pseudo R-squared: .32 for models with time-specific effects,statistical,plum
"p < .001
- Distance for juvenile solo offenders: b = -0.47",statistical,plum
or standardized coefficients for the independent variables),statistical,plum
"Natives = 1.10
- Proximity to home by group: Minors = 2.22",statistical,plum
""" indicating that these units pose computational challenges",other,lightcoral
but these are not explicitly discussed in relation to MAUP.,other,lightcoral
The authors discuss spatial autocorrelation and its control,other,lightcoral
referring readers to another study for further exploration.,other,lightcoral
The authors suggest using smaller spatial units of analysis,other,lightcoral
"""The study area in these analyses is the city of York (UK)",geographic,yellow
New Zealand Police National Intelligence Application (NIA),crime_related,orange
New Zealand Statistics Census and Business Demography data,crime_related,orange
"or mixed population
- Spatial spillover effects: Positive",statistical,plum
Future research should consider using finer spatial scales,other,lightcoral
and computational processing when selecting spatial units.,other,lightcoral
- Northern Ireland Statistics and Research Agency (NISRA),crime_related,orange
- LISA data (Landelijk Informatiesysteem Arbeidsplaatsen),crime_related,orange
Police information system of the The Hague Police Service,crime_related,orange
"Pseudo R²: 0.15
- Likelihood ratio test statistic: 8.714",statistical,plum
"p < .001
- Difference in residential stability: b = .164",statistical,plum
"p < .001
- Distance for adult group offenders: b = -0.37",statistical,plum
available in supplementary materials Tables S3.1 and S4.1,statistical,plum
making them suitable for studying crime location choices.,other,lightcoral
Limited availability of past addresses for some offenders,other,lightcoral
with 3860 burglaries committed in one of 2643 communities,other,lightcoral
which is another MAUP issue. To address these limitations,other,lightcoral
they suggest using more uniform areas in future research.,other,lightcoral
they used census blocks as the primary unit of analysis),methods,lightgreen
- Open Street Map data for underground station locations,crime_related,orange
Akaike Information Criterion (AIC) value for Model 2: 28,statistical,plum
"p < .001
- Distance for adult solo offenders: b = -0.40",statistical,plum
"increase by 3.4% for every 10 units
- Trees: OR = 0.990",statistical,plum
"decrease by 54.5%
- Regular street segments: OR = 0.556",statistical,plum
The authors chose communities as their spatial unit size,other,lightcoral
which are expected to be well known to regular visitors.,other,lightcoral
but no specific computational limitations were detailed.,other,lightcoral
indicating strong explanatory power and good model fit.,statistical,plum
"p < .001
- Difference in Black population: b = -0.0038",statistical,plum
"decrease by 1%
- Street network centrality: OR = 1.161",statistical,plum
or other traditional effect size measures are provided.,statistical,plum
The study was limited by the lack of data on apartments,other,lightcoral
which would require more complex models to account for.,other,lightcoral
Alternative units discussed: six-digit postal code area,other,lightcoral
Not specified (the study covers the entire Netherlands,quantitative,lightblue
Claritas (now part of marketing research firm Nielsen),crime_related,orange
UK Department for Transport data (number of car parks),crime_related,orange
National Commercial Robbery Registration System (LORS),crime_related,orange
"Model 2 = 17446.9
- Pseudo R-squared: Model 1 = 0.228",statistical,plum
Proximity to an offender's home: OR = 1.67 (The Hague),statistical,plum
which are defined by their residential characteristics,other,lightcoral
and are familiar to individuals who live or visit them,other,lightcoral
which might require adjusting spatial units or scales.,other,lightcoral
such as different age groups or incarcerated offenders,other,lightcoral
- U.K. Department of Education data for school counts,crime_related,orange
Police information system of The Hague Police Service,crime_related,orange
Likelihood ratio test for Model 1: LR chi2(8) = 57.71,statistical,plum
with the full model having a pseudo R-squared of .35.,statistical,plum
Residence-to-crime distance for juveniles: b = -0.452,statistical,plum
"p < .001
- Distance squared for juveniles: b = 0.026",statistical,plum
upper bound] as reported in Appendix Tables A1 and A2,statistical,plum
Odds ratio for train line presence: 2.08 (full model),statistical,plum
High fieldwork costs limit sample size to less than 1,other,lightcoral
with run times reduced to 5-18% of the original time.,other,lightcoral
"Crime data: 2012-2016
- Mobile phone data: May 12-18",other,lightcoral
they note that even street segments may be too coarse,other,lightcoral
statistical districts (referred to as neighborhoods),geographic,yellow
Office of National Statistics (ONS) (United Kingdom),crime_related,orange
Mobile phone mobility big data from China Unicom Inc,crime_related,orange
- Census-like statistics from Statistics Netherlands,crime_related,orange
nonsignificant negative effects outside these hours.,statistical,plum
"OR = 1.051 (adult)
- Schools: OR = 1.162 (juvenile)",statistical,plum
Alternative units discussed include streets segments,other,lightcoral
without aggregating smaller units into larger ones),methods,lightgreen
criminal incident reporting mainframe system (RAMS),crime_related,orange
- Valuation Office Agency floor space data for 2004,crime_related,orange
Online survey (Time-specific Activity Space survey),crime_related,orange
"p < .001
- Percentage of occupied units: b = 0.011",statistical,plum
"10.72 (Model 2)
- Significant facilities: churches",statistical,plum
Residence-to-crime distance: Juveniles (OR = 0.636),statistical,plum
The authors chose communities as their spatial unit,other,lightcoral
are internally homogeneous with a dominant function,other,lightcoral
which emphasizes spatial awareness and familiarity.,other,lightcoral
2 (Dutch police regions The Hague and North-Holland,other,lightcoral
and the online survey conducted by the researchers),other,lightcoral
indicating awareness of scale effects. Additionally,other,lightcoral
The authors suggest using smaller units of analysis,other,lightcoral
Total study area size: 142 * 2.96 km² = 420.32 km²,quantitative,lightblue
and Statistical Local Areas directly for analysis),methods,lightgreen
Municipal Agency for Urban Development (The Hague),crime_related,orange
New Zealand Census Unit 'Statistical Area 2' (SA2),crime_related,orange
LISA (Landelijk Informatiesysteem Arbeidsplaatsen),crime_related,orange
Census-like statistics from Statistics Netherlands,crime_related,orange
"p < .01
- Street segment surface size: OR = 1.007",statistical,plum
"p < .001
- Distance squared for adults: b = 0.027",statistical,plum
upper bound] as listed in Table A1 in the Appendix,statistical,plum
"1.138]
- Percent fence: Statistically significant",statistical,plum
"increase by 23.5%
- Residential units: OR = 1.034",statistical,plum
Number of people on the street: Odds ratio = 1.114,statistical,plum
more homogeneous unit compared to previous studies,other,lightcoral
first selecting an area and then a specific object,other,lightcoral
these units are relatively large and heterogeneous,other,lightcoral
these are not framed as computational constraints.,other,lightcoral
Alternative units considered but not used: streets,other,lightcoral
The authors discuss the selection of spatial units,other,lightcoral
although effects diminished for greater distances.,other,lightcoral
Multinomial Logit Model and Universal Logit Model,methods,lightgreen
NZ Statistics Census and Business Demography data,crime_related,orange
Statistics NZ Census and Business Demography data,crime_related,orange
Australian Bureau of Statistics (ABS) 2006 Census,crime_related,orange
Pseudo R-squared values ranging from 0.27 to 0.36,statistical,plum
"0.23 for Model 3
- P-value: 0.000 for all models",statistical,plum
but does not provide specific values in the text),statistical,plum
but mentioned as significantly reduced likelihood,statistical,plum
The study was limited to the city center of Ghent,other,lightcoral
Focus on breaking and entering crimes in Richmond,other,lightcoral
Alternative units discussed include census blocks,other,lightcoral
specifically using Statistical Area 2 (SA2) units,other,lightcoral
Florida between January 2000 and September 2012.,geographic,yellow
LISA dataset (commercial geo-referenced dataset),crime_related,orange
"p < .001
- Concentrated disadvantage: b = 0.215",statistical,plum
and inverse relationship with urbanization level,other,lightcoral
Data availability and administrative convenience,other,lightcoral
to make the estimation computationally feasible.,other,lightcoral
Consider using smaller spatial units of analysis,other,lightcoral
Pseudo R-squared values ranging from .30 to .35,statistical,plum
"p < .001
- Concentrated disadvantage: b = .169",statistical,plum
they are aligned with data collection practices,other,lightcoral
number of targets (households) within each area,other,lightcoral
The study is limited to data from a single city,other,lightcoral
such as 10 × 10 m grids or individual addresses,other,lightcoral
could improve the accuracy of spatial analysis.,other,lightcoral
UK Census Lower Level Super Output Area (LSOA),geographic,yellow
Not specified (the unit size is a single house,quantitative,lightblue
Multinomial Logit with Spatial Hierarchy Model,methods,lightgreen
Systematic observations of 262 street segments,crime_related,orange
divided by the total number of 4558 grid cells,statistical,plum
"p < .01
- Regular street segments: OR = 0.556",statistical,plum
Distance from offender's residence: e β = 0.70,statistical,plum
Number of people on the street: 95% CI: [1.090,statistical,plum
which are the smallest areas for census counts,other,lightcoral
providing a practical precedent. Theoretically,other,lightcoral
000 residents and an average size of 2.96 km^2,other,lightcoral
Data not specifically sampled for co-offending,other,lightcoral
""" their discussion aligns with these concepts.",other,lightcoral
McFadden pseudo R-squared: approximately 0.34,statistical,plum
"Model 2 = -8705.44
- AIC: Model 1 = 17598.87",statistical,plum
"p < .001
- Residential stability: b = -0.232",statistical,plum
"p < .001
- Residential stability: b = -0.325",statistical,plum
Odds ratios (OR) are reported as effect sizes,statistical,plum
984 postal code areas) and decision-makers (1,other,lightcoral
timestamped data from The Hague Police Force,geographic,yellow
Output Areas (referred to as Neighbourhoods),geographic,yellow
2.18 km² (average surface area of each ward),quantitative,lightblue
Police databases/crime records from Brisbane,crime_related,orange
McFadden's Pseudo R-squared: Model 2 = 0.301,statistical,plum
"increase by 10.1%
- Night shops: OR = 1.302",statistical,plum
their smaller size compared to other studies,other,lightcoral
are inversely related to urbanization levels,other,lightcoral
and physical coherence of postal code areas.,other,lightcoral
they do not explicitly address scale effects,other,lightcoral
or spatial autocorrelation issues in detail.,other,lightcoral
"such as Wikström's definition of a ""setting.",other,lightcoral
"United States - ""We use data from the Tampa",geographic,yellow
Police databases (crimes detected in Dorset,crime_related,orange
Statistics Netherlands digital publications,crime_related,orange
Activities and Neighborhoods (SPAN) project,crime_related,orange
Municipal Public Security Bureau of ZG city,crime_related,orange
- Population registration data system (GBA),crime_related,orange
Nationwide Citizen Information System (GBA),crime_related,orange
Root Likelihood (RLH) statistic: LCL = 4.48,statistical,plum
they are likely detailed in tables 3 and 4.,statistical,plum
95% CI: Not explicitly provided in the text,statistical,plum
"increase by 30.2%
- Nightclubs: OR = 1.084",statistical,plum
"increase by 8.4%
- Restaurants: OR = 1.058",statistical,plum
1 (Richmond City Records Management Center),other,lightcoral
U.K. census Lower Super Output Area (LSOA),geographic,yellow
approximately the size of a football field,quantitative,lightblue
201 wards * 2.18 km² per ward = 438.18 km²,quantitative,lightblue
Ordnance Survey MasterMap data (main roads,crime_related,orange
- Community survey from the Study of Peers,crime_related,orange
"p < .001
- Ethnic heterogeneity: b = .010",statistical,plum
potentially limiting detail and precision.,other,lightcoral
necessitating the use of cross-validation.,other,lightcoral
resulting in a matrix over 10 million rows,other,lightcoral
and for consistency with previous studies.,other,lightcoral
Mobile phone data collected on December 28,other,lightcoral
Use fine-grained spatial units of analysis,other,lightcoral
such as facility opening and closing hours,other,lightcoral
000 offenders involved in these robberies,geographic,yellow
but no specific city names are mentioned),geographic,yellow
ZG City Public Security Bureau crime data,crime_related,orange
Dutch Suspect Identification System (HKS),crime_related,orange
and children are not provided in the text,statistical,plum
OR = 0.377 for native robbers (p < 0.001),statistical,plum
have minimal physical travel restrictions,other,lightcoral
"United States - ""Using data on nearly 13",geographic,yellow
000 census blocks in the city of Chicago,geographic,yellow
but no specific city names are provided),geographic,yellow
Total area = 142 * 2.96 km² = 420.32 km²,quantitative,lightblue
but no specific total area is mentioned),quantitative,lightblue
Official municipality data registrations,crime_related,orange
UK Census data (Lower Super Output Areas,crime_related,orange
McFadden's ρ 2 = 0.29 (restricted model),statistical,plum
"p < .01
- Residential units: OR = 1.034",statistical,plum
Proximity to Home: The Hague (OR = 1.67),statistical,plum
Odds ratios are reported as effect sizes,statistical,plum
making it a relevant scale for analysis.,other,lightcoral
SA2s are justified as they offer smaller,other,lightcoral
with potential multicollinearity issues.,other,lightcoral
indicating an awareness of scale effects,other,lightcoral
such as census blocks or street segments,other,lightcoral
1971 * 1.62 = 3195.02 square kilometers,quantitative,lightblue
Street theft crime (including snatching,crime_related,orange
Community survey conducted in The Hague,crime_related,orange
Richmond City Records Management Center,crime_related,orange
Regional Crime Analysis Program (ReCAP),crime_related,orange
ZG City Public Security Bureau in China,crime_related,orange
Percentage of Black residents: b = .003,statistical,plum
Wholesale markets: OR = 1.147 (migrant),statistical,plum
"increase by 5.8%
- Schools: OR = 1.235",statistical,plum
Data availability and previous research,other,lightcoral
potentially missing outdoor activities.,other,lightcoral
No computational constraints mentioned.,other,lightcoral
which added complexity to the analysis.,other,lightcoral
2016 (excluding February 2015 and 2016),other,lightcoral
such as neighborhoods or municipalities,other,lightcoral
with no specific city names mentioned),geographic,yellow
Deep learning algorithms: Faster R-CNN,methods,lightgreen
National Bureau of Statistics of China,crime_related,orange
RITU electronic map navigation company,crime_related,orange
no specific coefficient value provided,statistical,plum
"p < .001
- Distance squared: b = .027",statistical,plum
"OR = 0.48
- Ease of escape: B = 0.477",statistical,plum
"054
- Non-residential burglaries: 10",quantitative,lightblue
"315
- Extra-familial sex offenses: 4",quantitative,lightblue
NVivo (for qualitative data analysis),methods,lightgreen
R or Stata (for statistical analysis),methods,lightgreen
- Ordnance Survey of Northern Ireland,crime_related,orange
Australian Bureau of Statistics (ABS),crime_related,orange
Moran's I statistic = non-significant,statistical,plum
but mentioned as included in Table 3.,statistical,plum
"OR = 1.61
- Accessibility: B = 0.380",statistical,plum
it aligns with the nature of burglary,other,lightcoral
are inversely related to urbanization,other,lightcoral
which might have its own limitations.,other,lightcoral
Limited to the greater The Hague area,other,lightcoral
2008-2009 (crime event data from 2009,other,lightcoral
such as different cities or countries,other,lightcoral
less than half a square mile (urban),quantitative,lightblue
953 residents per census block group,quantitative,lightblue
Drug offenses (illicit drug dealing),crime_related,orange
- The Irish Times newspaper archives,crime_related,orange
ZG City's Public Security Department,crime_related,orange
Greater Chennai Corporation database,crime_related,orange
indicating it provides the best fit.,statistical,plum
"p < .01
- Intersections: OR = 0.473",statistical,plum
"schools)
10. Crime generators (e.g.",statistical,plum
with an average length of 103 meters,other,lightcoral
such as 10 × 10 m grids or addresses,other,lightcoral
Include a broader range of offenders,other,lightcoral
communities (juweihui or cunweihui),geographic,yellow
Sampson and colleagues' survey data,crime_related,orange
ZG Municipal Public Security Bureau,crime_related,orange
Census data (sixth census of China),crime_related,orange
P = .95 for a comprehensive model).,statistical,plum
Log-distance effect: 0.36 (Model 1),statistical,plum
Odds ratio for any activity node: 5,statistical,plum
provides a suitable population base,other,lightcoral
which may not represent all crimes.,other,lightcoral
possibly smaller than neighborhoods,other,lightcoral
2000 (land use and population data),other,lightcoral
January 2000 through September 2012,other,lightcoral
2. Australian Bureau of Statistics),other,lightcoral
and spatial autocorrelation issues.,other,lightcoral
No MAUP discussion present. However,other,lightcoral
such as six-digit postal code areas,other,lightcoral
NZ Census Statistical Area 2 (SA2),geographic,yellow
680 m² (approximately 140 × 140 m),quantitative,lightblue
1.2 km² (median land area of SA2s),quantitative,lightblue
2.11 (4950 residents / 2350 units),quantitative,lightblue
theft (of an object) from a person,crime_related,orange
Google Maps and Google Street View,crime_related,orange
2010 Japanese national census data,crime_related,orange
Population registration data (BRP),crime_related,orange
- National database of demographic,crime_related,orange
Log-likelihood: Model 1 = -8788.43,statistical,plum
McFadden's ρ 2 = 0.27 (full model),statistical,plum
"p < .01
- Night shops: OR = 1.302",statistical,plum
"p < .01
- Restaurants: OR = 1.058",statistical,plum
specific coefficients not provided,statistical,plum
Log-distance effect: 95% CI: [0.34,statistical,plum
regardless of residential function,other,lightcoral
with a median land area of 1.2km^2,other,lightcoral
"Florida).
- Relies on arrest data",other,lightcoral
Limited to arrested offenders only,other,lightcoral
to better capture location choices,other,lightcoral
No sensitivity analysis performed.,other,lightcoral
"which covers approximately 270km""",geographic,yellow
more than 1200 crime observations,quantitative,lightblue
ArcGIS or QGIS (for GIS analysis),methods,lightgreen
residential breaking and entering,crime_related,orange
Japanese national police register,crime_related,orange
Citizen registration of The Hague,crime_related,orange
Street view images from Baidu Map,crime_related,orange
a mapping and navigation company),crime_related,orange
"p < .01
- Nightclubs: OR = 1.084",statistical,plum
Cybercafés: OR = 1.070 (juvenile),statistical,plum
such as intersections and bridges,other,lightcoral
designed for statistical purposes,other,lightcoral
with an average size of 1.62 km^2,other,lightcoral
with an average area of 1.62 km 2,other,lightcoral
difficulty in defining boundaries,other,lightcoral
which is related to MAUP. However,other,lightcoral
not spatial unit sizes or scales),other,lightcoral
Lower Super Output Areas (LSOAs),geographic,yellow
less than 2 square miles (rural),quantitative,lightblue
survival package (Therneau 2020),methods,lightgreen
BRP (Basis Registratie Personen),crime_related,orange
P = .94 for a parsimonious model,statistical,plum
McFadden's LRI: 0.26 for Model 1,statistical,plum
"p < .001
- Distance: b = -0.417",statistical,plum
no specific odds ratios provided,statistical,plum
design conducive to local travel,other,lightcoral
4952 residents per neighborhood,quantitative,lightblue
Interviews with 50 drug dealers,crime_related,orange
UK police force (West Midlands),crime_related,orange
Australian Bureau of Statistics,crime_related,orange
Chicago Police Department (CPD),crime_related,orange
and socioeconomic heterogeneity,statistical,plum
such as Bernasco et al. (2013).,other,lightcoral
such as spatial interdependence,other,lightcoral
as suggested by McFadden (1978),other,lightcoral
No alternative units discussed.,other,lightcoral
revealed preference data for 1,geographic,yellow
Statistical Local Areas (SLAs),geographic,yellow
"353
- Commercial robberies: 1",quantitative,lightblue
952 residents per neighborhood,quantitative,lightblue
R software package (Team 2004),methods,lightgreen
Claritas marketing information,crime_related,orange
number of registered vehicles),crime_related,orange
Police databases/crime records,crime_related,orange
Baidu Street View (BSV) images,crime_related,orange
"p < .01
- Schools: OR = 1.235",statistical,plum
exact odds ratio not specified,statistical,plum
such as plant pots and benches,statistical,plum
January 2000 to September 2012,other,lightcoral
such as block groups or blocks,other,lightcoral
"Netherlands - ""For this study",geographic,yellow
"United Kingdom - ""To this end",geographic,yellow
1971 * 1.62 km² = 3195.02 km²,quantitative,lightblue
theft from a shop/shoplifting,crime_related,orange
publicly available GIS layers,crime_related,orange
Pseudo R-squared value > 0.20,statistical,plum
"p < 0.01
- Trees: OR = 0.990",statistical,plum
Distance: e β = 0.73 (adults),statistical,plum
no specific OR value provided,statistical,plum
avoiding ecological fallacies,other,lightcoral
using proxy measures instead.,other,lightcoral
The sheer size of the dataset,other,lightcoral
January 2007 to December 2012,other,lightcoral
"2019
- Crime data: 2017-2018",other,lightcoral
Four-digit postal code areas,geographic,yellow
four-digit postal code areas,geographic,yellow
"977
- Personal robberies: 4",quantitative,lightblue
not a discrete choice model),methods,lightgreen
theft of a car/motor/bicycle,crime_related,orange
car or other (motor) vehicle,crime_related,orange
Police database of The Hague,crime_related,orange
Police records of burglaries,crime_related,orange
Police department of ZG city,crime_related,orange
but specific CI not provided,statistical,plum
further justify this choice.,other,lightcoral
Theory and previous research,other,lightcoral
Theory and data availability,other,lightcoral
2 (1. Brisbane crime records,other,lightcoral
Block groups and grid cells,geographic,yellow
103 meters (average length),quantitative,lightblue
042.36km² (median 1.962km²),quantitative,lightblue
1 km 2 (1 square kilometer),quantitative,lightblue
extra-familial sex offenses,crime_related,orange
extra-familial sex offences,crime_related,orange
theft from the person (TFP),crime_related,orange
socioeconomic heterogeneity,crime_related,orange
Birmingham (United Kingdom),crime_related,orange
McFadden's pseudo-R-squared,statistical,plum
Surveillability: B = -0.735,statistical,plum
which supports this choice.,other,lightcoral
765 LSOAs in Greater London,other,lightcoral
No MAUP discussion present.,other,lightcoral
different types of offenses,other,lightcoral
2.74 km-sq. (average size),quantitative,lightblue
999 (for weekly variation),quantitative,lightblue
1971 * 1.62 = 3195.02 km^2,quantitative,lightblue
Residential burglaries: 17,quantitative,lightblue
GIS (part of ReCAP system),methods,lightgreen
violent offences (assaults,crime_related,orange
and theft from the person),crime_related,orange
Thames Valley Police (TVP),crime_related,orange
State Crime Records Bureau,crime_related,orange
or likelihood ratio tests),statistical,plum
Administrative convenience,other,lightcoral
Statistical Area 2 (SA2s),geographic,yellow
999 (for daily variation),quantitative,lightblue
Spatial Competition Model,methods,lightgreen
Chicago Police Department,crime_related,orange
Queensland Police Service,crime_related,orange
Police department records,crime_related,orange
Police information system,crime_related,orange
Database with demographic,crime_related,orange
Western Australian Police,crime_related,orange
or chi-square statistics),statistical,plum
"391
- BIC for Model 2: 1",statistical,plum
Any activity node: OR = 5,statistical,plum
2013 (Land Registry data),other,lightcoral
1996 to 1998 (crime data),other,lightcoral
"2016
- Census data: 2010",other,lightcoral
January 2012 to June 2016,other,lightcoral
Statistical Area 2 (SA2),geographic,yellow
669 residents per suburb,quantitative,lightblue
Theft from vehicle (TFV),crime_related,orange
non-residential burglary,crime_related,orange
Real estate registration,crime_related,orange
and Brisbane (Australia),crime_related,orange
2011 Belgian Census data,crime_related,orange
Google location services,crime_related,orange
OR = 1.092 (young adult),statistical,plum
OR = 1.051 (young adult),statistical,plum
OR = 0.212 (young adult),statistical,plum
educational institutions,statistical,plum
personal care businesses,statistical,plum
OR = 1.101 (young adult),statistical,plum
reduces aggregation bias,other,lightcoral
04/01/2004 to 03/31/2014,other,lightcoral
April 2008 to March 2012,other,lightcoral
August 2010 to July 2017,other,lightcoral
Street view images: 2016,other,lightcoral
on the approximately 18,geographic,yellow
"Netherlands - ""In total",geographic,yellow
grid cells (200 × 200m),geographic,yellow
170 meters x 191 meters,quantitative,lightblue
57.85 square kilometers,quantitative,lightblue
58.85 square kilometers,quantitative,lightblue
860 records involving 7,quantitative,lightblue
Conditional Logit Model,methods,lightgreen
Multinomial logit model,methods,lightgreen
Conditional logit model,methods,lightgreen
property crimes (thefts,crime_related,orange
selling of stolen goods,crime_related,orange
theft of/from a bicycle,crime_related,orange
Haaglanden police force,crime_related,orange
Tampa Police Department,crime_related,orange
and invite local travel,other,lightcoral
such as the house level,other,lightcoral
such as street segments,other,lightcoral
unoccupied rental rooms,other,lightcoral
0.65 square kilometres,quantitative,lightblue
0.65 square kilometers,quantitative,lightblue
0.79 square kilometers,quantitative,lightblue
range: 0.84 to 2.2 km²,quantitative,lightblue
1.62 square kilometers,quantitative,lightblue
public disorder crimes,crime_related,orange
Belgian Federal Police,crime_related,orange
The Hague Police Force,crime_related,orange
Swing The Hague system,crime_related,orange
Chicago Public Schools,crime_related,orange
Point of interest data,crime_related,orange
Statistics Netherlands,crime_related,orange
Pseudo R-squared = .31,statistical,plum
.26 for baseline model,statistical,plum
Birmingham (OR = 1.90),statistical,plum
Birmingham (OR = 1.12),statistical,plum
Birmingham (OR = 1.76),statistical,plum
OR = 1.90 (Birmingham),statistical,plum
OR = 1.12 (Birmingham),statistical,plum
OR = 1.76 (Birmingham),statistical,plum
2006-2012 (crime data),other,lightcoral
household registration,other,lightcoral
Leidschendam-Voorburg,geographic,yellow
it uses neighborhoods,methods,lightgreen
public order offences,crime_related,orange
Theft from the person,crime_related,orange
Belgian Land Registry,crime_related,orange
Police arrest records,crime_related,orange
Census data from 2010,crime_related,orange
chi-square statistics,statistical,plum
Example: 95% CI: [.56,statistical,plum
spatial heterogeneity,other,lightcoral
and data availability,other,lightcoral
including census data,other,lightcoral
April 2009 - May 2010,other,lightcoral
Third quarter of 1997,other,lightcoral
and on the nearly 25,geographic,yellow
R (R Core Team 2013),methods,lightgreen
R with RSGHB package,methods,lightgreen
Residential burglary,crime_related,orange
residential burglary,crime_related,orange
Multiple crime types,crime_related,orange
Ordnance Survey (OS),crime_related,orange
Prob > chi2 = 0.1743,statistical,plum
McFadden's R-squared,statistical,plum
95% CI: [lower bound,statistical,plum
ethnic heterogeneity,statistical,plum
but similar pattern.,statistical,plum
such as income level,other,lightcoral
"""For these analyses",geographic,yellow
census block groups,geographic,yellow
more than 3000 km 2,quantitative,lightblue
000 in rural areas),quantitative,lightblue
Stata/MP version 11,methods,lightgreen
Stata/MP version 15,methods,lightgreen
theft from vehicles,crime_related,orange
weapons trafficking,crime_related,orange
ZG City census data,crime_related,orange
OASIS online survey,crime_related,orange
including footpaths,statistical,plum
or regular segment),statistical,plum
and detected crimes,other,lightcoral
or social networks.,other,lightcoral
Collect small-scale,other,lightcoral
census block group,geographic,yellow
600 square meters),quantitative,lightblue
124 street robbers,quantitative,lightblue
Super Output Areas,methods,lightgreen
commercial robbery,crime_related,orange
theft from vehicle,crime_related,orange
Commercial robbery,crime_related,orange
U.K. Land Registry,crime_related,orange
U.S. Census Bureau,crime_related,orange
New Zealand Police,crime_related,orange
OR = 1.075 (adult),statistical,plum
OR = 0.227 (adult),statistical,plum
spatial spill-over,other,lightcoral
memory constraints,other,lightcoral
Use larger samples,other,lightcoral
Small Areas (SAs),geographic,yellow
postal code areas,geographic,yellow
Postal code areas,geographic,yellow
140 m Â 140 m (19,quantitative,lightblue
0.14 square miles,quantitative,lightblue
Conditional Logit,methods,lightgreen
Mixed Logit Model,methods,lightgreen
Single crime type,crime_related,orange
schools/colleges),crime_related,orange
Australian census,crime_related,orange
Mobile phone data,crime_related,orange
Hispanic majority,statistical,plum
decrease by 44.4%,statistical,plum
previous research,other,lightcoral
Data availability,other,lightcoral
Previous research,other,lightcoral
1997 - October 31,other,lightcoral
the Netherlands.,geographic,yellow
Northern Ireland,geographic,yellow
500 m grid cells,geographic,yellow
1.2 km² (median),quantitative,lightblue
000 residents (1,quantitative,lightblue
Stata (StataCorp,methods,lightgreen
personal robbery,crime_related,orange
criminal threats,crime_related,orange
drug trafficking,crime_related,orange
2011 U.K. census,crime_related,orange
UK Land Registry,crime_related,orange
U.S. Census data,crime_related,orange
pseudo R-squared,statistical,plum
0.19 for Model 2,statistical,plum
Bars: OR = 1.065,statistical,plum
aggregation bias,other,lightcoral
and small hotels,other,lightcoral
Street segments,geographic,yellow
500 m on a side,quantitative,lightblue
R version 3.0.2,methods,lightgreen
Ordnance Survey,crime_related,orange
1.000 (Model 2),statistical,plum
subway stations,statistical,plum
871 burglaries),other,lightcoral
resulting in 44,other,lightcoral
street segments,other,lightcoral
2014 - May 30th,other,lightcoral
sports stadiums,other,lightcoral
United Kingdom,geographic,yellow
Baltimore City,geographic,yellow
Street segment,geographic,yellow
Neighbourhoods,geographic,yellow
0.063km² to 12,quantitative,lightblue
"421
Total: 38",quantitative,lightblue
1287 residents,quantitative,lightblue
Street robbery,crime_related,orange
street robbery,crime_related,orange
any-crime-type,crime_related,orange
US 2000 Census,crime_related,orange
Study of Peers,crime_related,orange
2011 UK Census,crime_related,orange
2001 UK census,crime_related,orange
US Census data,crime_related,orange
Daodaotong Map,crime_related,orange
Maximum = 5.69,statistical,plum
marriage halls,statistical,plum
χ 2 (4) = 17.8,statistical,plum
mobility flows,statistical,plum
street corners,other,lightcoral
single parcels,other,lightcoral
to December 31,other,lightcoral
In future work,other,lightcoral
000 robberies,geographic,yellow
United States,geographic,yellow
Neighborhoods,geographic,yellow
census blocks,geographic,yellow
neighborhoods,geographic,yellow
118 residents,quantitative,lightblue
000 residents,quantitative,lightblue
pickpocketing,crime_related,orange
environmental,crime_related,orange
LISA database,crime_related,orange
hazard ratios,statistical,plum
or Cohen's d),statistical,plum
Adults = 1.63,statistical,plum
semi-detached,statistical,plum
street blocks,other,lightcoral
November 2017,other,lightcoral
2004 and 2005,other,lightcoral
High Wycombe,geographic,yellow
Beaconsfield,geographic,yellow
census tract,geographic,yellow
block groups,geographic,yellow
Census units,geographic,yellow
GeoDa 1.14.0,methods,lightgreen
ArcGIS V10.3,methods,lightgreen
drug dealing,crime_related,orange
sex offences,crime_related,orange
2003 to 2009,other,lightcoral
second-order,other,lightcoral
Netherlands,geographic,yellow
New Zealand,geographic,yellow
Sendai City,geographic,yellow
Bournemouth,geographic,yellow
communities,geographic,yellow
Communities,geographic,yellow
3197.26 km²,quantitative,lightblue
Mixed Logit,methods,lightgreen
ICTCE 5.5.0,methods,lightgreen
Stata 10 SE,methods,lightgreen
ArcGIS 10.6,methods,lightgreen
other theft,crime_related,orange
U.S. Census,crime_related,orange
census data,crime_related,orange
Police data,crime_related,orange
Census data,crime_related,orange
e b = 1.003,statistical,plum
e b = 1.184,statistical,plum
e b = 1.261,statistical,plum
e b = 1.010,statistical,plum
e b = 0.659,statistical,plum
e b = 1.027,statistical,plum
e b = 0.996,statistical,plum
e b = 0.866,statistical,plum
e b = 1.178,statistical,plum
restaurants,statistical,plum
odds ratios,statistical,plum
health-care,statistical,plum
August 6-11,other,lightcoral
Birmingham,geographic,yellow
Manchester,geographic,yellow
Zoetermeer,geographic,yellow
Grid cells,geographic,yellow
127.68 km²,quantitative,lightblue
420.32 km²,quantitative,lightblue
400 sq. km,quantitative,lightblue
Stata 14.0,methods,lightgreen
Stata 13.0,methods,lightgreen
robberies),crime_related,orange
burglaries,crime_related,orange
Tamil Nadu,crime_related,orange
BRP system,crime_related,orange
OR = 0.636,statistical,plum
OR = 0.673,statistical,plum
OR = 1.027,statistical,plum
OR = 0.772,statistical,plum
OR = 1.008,statistical,plum
OR = 1.015,statistical,plum
OR = 1.011,statistical,plum
workplaces,other,lightcoral
Area level,other,lightcoral
Australia,geographic,yellow
The Hague,geographic,yellow
Amsterdam,geographic,yellow
community,geographic,yellow
shootings,crime_related,orange
homicides,crime_related,orange
Snatching,crime_related,orange
vandalism,crime_related,orange
Baidu API,crime_related,orange
LISA data,crime_related,orange
p = 0.013,statistical,plum
p = 0.915,statistical,plum
OR = 1.02,statistical,plum
OR = 1.24,statistical,plum
OR = 1.01,statistical,plum
OR = 0.69,statistical,plum
OR = 0.64,statistical,plum
OR = 0.67,statistical,plum
OR = 0.62,statistical,plum
OR = 1.25,statistical,plum
OR = 1.46,statistical,plum
Table 3).,statistical,plum
bus stops,statistical,plum
1996-1998,other,lightcoral
1969-1989,other,lightcoral
January 1,other,lightcoral
1996-2001,other,lightcoral
1996-2004,other,lightcoral
2005-2014,other,lightcoral
2009-2018,other,lightcoral
2012-2016,other,lightcoral
2006-2009,other,lightcoral
2013-2016,other,lightcoral
2004-2005,other,lightcoral
2002-2007,other,lightcoral
Richmond,geographic,yellow
Brisbane,geographic,yellow
Rijswijk,geographic,yellow
200x200m,quantitative,lightblue
0.958km²,quantitative,lightblue
1.62 km²,quantitative,lightblue
1.68 km²,quantitative,lightblue
0.68 km²,quantitative,lightblue
0.66 km²,quantitative,lightblue
2.96 km²,quantitative,lightblue
6.76 km²,quantitative,lightblue
150 km^2,quantitative,lightblue
around 7,quantitative,lightblue
Stata 14,methods,lightgreen
Graffiti,crime_related,orange
burglary,crime_related,orange
bombings,crime_related,orange
Burglary,crime_related,orange
forgery),crime_related,orange
violence,crime_related,orange
property,crime_related,orange
Claritas,crime_related,orange
POI data,crime_related,orange
p < .001,statistical,plum
siblings,statistical,plum
p < 0.05,statistical,plum
p < 0.01,statistical,plum
recorded,other,lightcoral
June 1st,other,lightcoral
Belgium,geographic,yellow
Chicago,geographic,yellow
Belfast,geographic,yellow
ZG City,geographic,yellow
Chennai,geographic,yellow
ZG city,geographic,yellow
000 km²,quantitative,lightblue
156 km²,quantitative,lightblue
assault,crime_related,orange
robbery,crime_related,orange
Robbery,crime_related,orange
Mugging,crime_related,orange
traffic,crime_related,orange
weapons,crime_related,orange
schools,crime_related,orange
Δdf = 2,statistical,plum
or BIC),statistical,plum
p < .01,statistical,plum
second-,statistical,plum
Marlow,geographic,yellow
London,geographic,yellow
Suburb,geographic,yellow
270km²,quantitative,lightblue
social,crime_related,orange
bridge,statistical,plum
Theory,other,lightcoral
July 1,other,lightcoral
litter,other,lightcoral
Japan,geographic,yellow
China,geographic,yellow
India,geographic,yellow
Ghent,geographic,yellow
Poole,geographic,yellow
Tampa,geographic,yellow
Delft,geographic,yellow
Perth,geographic,yellow
house,geographic,yellow
wards,geographic,yellow
000-4,quantitative,lightblue
000-3,quantitative,lightblue
Stata,methods,lightgreen
STATA,methods,lightgreen
2005),methods,lightgreen
theft,crime_related,orange
Theft,crime_related,orange
drugs,crime_related,orange
other,crime_related,orange
parks,statistical,plum
845.3,statistical,plum
banks,statistical,plum
urban,other,lightcoral
LSOAs,other,lightcoral
sizes,other,lightcoral
York,geographic,yellow
4558,quantitative,lightblue
2517,quantitative,lightblue
2153,quantitative,lightblue
1616,quantitative,lightblue
1973,quantitative,lightblue
1971,quantitative,lightblue
2643,quantitative,lightblue
1636,quantitative,lightblue
4006,quantitative,lightblue
1174,quantitative,lightblue
3436,quantitative,lightblue
1262,quantitative,lightblue
7860,quantitative,lightblue
1573,quantitative,lightblue
3860,quantitative,lightblue
1540,quantitative,lightblue
2844,quantitative,lightblue
5956,quantitative,lightblue
7700,quantitative,lightblue
4900,quantitative,lightblue
ATMs,statistical,plum
1997,other,lightcoral
2001,other,lightcoral
2005,other,lightcoral
2011,other,lightcoral
2013,other,lightcoral
2016,other,lightcoral
2017,other,lightcoral
2002,other,lightcoral
503,quantitative,lightblue
589,quantitative,lightblue
300,quantitative,lightblue
233,quantitative,lightblue
262,quantitative,lightblue
594,quantitative,lightblue
134,quantitative,lightblue
286,quantitative,lightblue
895,quantitative,lightblue
890,quantitative,lightblue
198,quantitative,lightblue
765,quantitative,lightblue
653,quantitative,lightblue
687,quantitative,lightblue
844,quantitative,lightblue
193,quantitative,lightblue
334,quantitative,lightblue
652,quantitative,lightblue
304,quantitative,lightblue
201,quantitative,lightblue
821,quantitative,lightblue
305,quantitative,lightblue
142,quantitative,lightblue
000,quantitative,lightblue
984,quantitative,lightblue
291,quantitative,lightblue
158,quantitative,lightblue
650,quantitative,lightblue
155,quantitative,lightblue
655,quantitative,lightblue
938,quantitative,lightblue
369,quantitative,lightblue
459,quantitative,lightblue
637,quantitative,lightblue
165,quantitative,lightblue
150,quantitative,lightblue
721,quantitative,lightblue
299,quantitative,lightblue
393,quantitative,lightblue
105,quantitative,lightblue
337,quantitative,lightblue
548,quantitative,lightblue
078,quantitative,lightblue
679,quantitative,lightblue
182,quantitative,lightblue
972,quantitative,lightblue
120,quantitative,lightblue
124,quantitative,lightblue
358,quantitative,lightblue
088,quantitative,lightblue
140,quantitative,lightblue
639,quantitative,lightblue
283,quantitative,lightblue
420,quantitative,lightblue
179,quantitative,lightblue
871,quantitative,lightblue
276,quantitative,lightblue
761,quantitative,lightblue
524,quantitative,lightblue
500,quantitative,lightblue
957,quantitative,lightblue
195,quantitative,lightblue
675,quantitative,lightblue
900,quantitative,lightblue
Yes,methods,lightgreen
UK),crime_related,orange
AIC,statistical,plum
BIC,statistical,plum
.61,statistical,plum
332,other,lightcoral
874,other,lightcoral
